<?xml version="1.0" encoding="utf-8"?>
<doc>
 <title>
  A. B. Imeson
 </title>
 <original_abstract>
  A.B. Imeson (1875 – 28 February 1944) was an English stage and film actor.
 </original_abstract>
 <spacy_abstract>
  {PERSON[A.B. Imeson]} ({DATE[1875 –]} 28 {DATE[February 1944]}) was an {LANGUAGE[English]} stage and film actor.
 </spacy_abstract>
 <original_body>
  His first role was playing Satan in the silent film The Picture of Dorian Gray (1916).

Disraeli (1916)
Ave Maria (1918)
The Breed of the Treshams (1920)
The Harbour Lights (1923)
Out to Win (1923)
The Monkey's Paw (1923)
Bonnie Prince Charlie (1923)
The Virgin Queen (1923)
I Will Repay (1923)
The White Shadow (1923)
What the Butler Saw (1924)
The Notorious Mrs. Carrick (1924)
Second to None (1927)
False Colours (1927) dramatic short film, with Ursula Jeans, directed by Miles Mander in the sound-on-film Phonofilm process
Spangles (1928)
The Burgomaster of Stilemonde (1929)
After the Verdict (1929)
The National Portrait Gallery in London, United Kingdom, holds a portrait of Imeson by Alexander Bassano.
A. B. Imeson at IMDb
 </original_body>
 <spacy_body>
  His {ORDINAL[first]} role was playing Satan in the silent film {WORK_OF_ART[The Picture of Dorian Gray]} (1916).

Disraeli (1916)
{PERSON[Ave Maria]} ({DATE[1918]})
{WORK_OF_ART[The Breed of the Treshams]} ({DATE[1920]})
{ORG[The Harbour Lights]} ({DATE[1923]})
Out to Win ({DATE[1923]})
{WORK_OF_ART[The Monkey's Paw]} ({DATE[1923]})
{PERSON[Bonnie Prince Charlie]} (1923)
The Virgin Queen (1923)
I {PERSON[Will Repay]} ({DATE[1923]})
{WORK_OF_ART[The White Shadow (1923]})
What {ORG[the Butler Saw]} (1924)
The Notorious Mrs. {PERSON[Carrick]} ({DATE[1924]})
{ORDINAL[Second]} to None ({DATE[1927]})
False Colours ({DATE[1927]}) dramatic short film, with {PERSON[Ursula Jeans]}, directed by {PERSON[Miles Mander]} in the sound-on-film {LOC[Phonofilm]} process
Spangles ({DATE[1928]})
{WORK_OF_ART[The Burgomaster of Stilemonde]} ({DATE[1929]})
After the Verdict ({DATE[1929]})
{ORG[The National Portrait Gallery]} in {GPE[London]}, {GPE[United Kingdom]}, holds a portrait of {PERSON[Imeson]} by {PERSON[Alexander Bassano]}.
{PERSON[A. B. Imeson]} at IMDb
 </spacy_body>
</doc>