<?xml version="1.0" encoding="utf-8"?>
<doc>
 <title>
  A. Harding Steerman
 </title>
 <original_abstract>
  A. Harding Steerman (21 November 1863 – 1947) was an English actor. He is sometimes credited as Harding Steerman.
He was born Alfred Harding Treeby Stalman in St Pancras, London and died in Plymouth, Devon.
 </original_abstract>
 <spacy_abstract>
  {PERSON[A. Harding Steerman]} ({DATE[21 November 1863 – 1947]}) was an {LANGUAGE[English]} actor. He is sometimes credited as {PERSON[Harding Steerman]}.
He was born {PERSON[Alfred Harding]} {PERSON[Treeby Stalman]} in {GPE[St Pancras]}, {GPE[London]} and died in {GPE[Plymouth]}, {GPE[Devon]}.
 </spacy_abstract>
 <original_body>
  Iron Justice (1915)
A Bid for Fortune (1917)
The Elusive Pimpernel (1919)
The Manchester Man (1920)
Mr. Gilfil's Love Story (1920)
Bleak House (1920)
Beyond the Dreams of Avarice (1920)
Love at the Wheel (1921)
The God in the Garden (1921)
The Corner Man (1921)
The Old Curiosity Shop (1921)
The Lilac Sunbonnet (1922)
The Scourge (1922)
Diana of the Crossways (1922)
A Romance of Old Baghdad (1922)
The Three Students (1923)
Love, Life and Laughter (1923)
Lights of London (1923)
Motherland (1927)
Other People's Sins (1931)
A. Harding Steerman at IMDb
 </original_body>
 <spacy_body>
  Iron Justice ({DATE[1915]})
A Bid for Fortune ({DATE[1917]})
{ORG[The Elusive Pimpernel]} ({DATE[1919]})
{WORK_OF_ART[The Manchester Man]} ({DATE[1920]})
Mr. {PERSON[Gilfil]}'s {ORG[Love Story]} ({DATE[1920]})
{ORG[Bleak House]} ({DATE[1920]})
Beyond the Dreams of Avarice ({DATE[1920]})
Love at the Wheel ({DATE[1921]})
The God in the {LOC[Garden]} ({DATE[1921]})
The Corner Man ({DATE[1921]})
{WORK_OF_ART[The Old Curiosity Shop]} ({DATE[1921]})
{WORK_OF_ART[The Lilac Sunbonnet]} ({DATE[1922]})
The {ORG[Scourge]} ({DATE[1922]})
{PERSON[Diana]} of the Crossways ({DATE[1922]})
{WORK_OF_ART[A Romance of Old Baghdad]} ({DATE[1922]})
{WORK_OF_ART[The Three Students (]}1923)
Love, Life and Laughter (1923)
Lights of {GPE[London]} ({DATE[1923]})
Motherland ({DATE[1927]})
Other People's Sins ({DATE[1931]})
{PERSON[A. Harding Steerman]} at IMDb
 </spacy_body>
</doc>