<?xml version="1.0" encoding="utf-8"?>
<doc>
 <title>
  A. J. Bakunas
 </title>
 <original_abstract>
  Albert John Bakunas, Jr, a.k.a. A.J. Bakunas (October 23, 1950 – September 22, 1978) was a stunt performer who died doubling for George Kennedy in a fall from the Kincaid Towers in Lexington, Kentucky, for the film Steel (1979).
Born in Fort Lee, New Jersey, Bakunas quit his job as a gym teacher at Tenafly (N.J.) High School in 1974 and set out to break into the film industry.  He did his first stuntwork for the 1975 film Dog Day Afternoon.  Bakunas became known for expertly performing falls from great heights.In 1978, Bakunas set a world record with a 70.1 metres (230 ft) fall from a helicopter for the film Hooper, which was broken that same year by Dar Robinson's 87.2 metres (286 ft) fall for a non-movie-related publicity stunt.Bakunas, determined to retake the record, returned to Lexington to perform a 96 metres (315 ft) jump from the 22nd floor of a construction site, where he had previously successfully fallen nine stories. On September 21, 1978, as his father and a crowd of about 1,000 watched, Bakunas performed the fall, reaching an estimated speed of 115 miles per hour (185 km/h).  However, the airbag split on impact, and Bakunas died of his injuries the next day.
 </original_abstract>
 <spacy_abstract>
  {PERSON[Albert John Bakunas]}, {PERSON[Jr]}, a.k.a. {PERSON[A.J. Bakunas]} ({DATE[October 23, 1950 –]} {DATE[September 22, 1978]}) was a stunt performer who died doubling for {PERSON[George Kennedy]} in a fall from {FAC[the Kincaid Towers]} in {GPE[Lexington]}, {GPE[Kentucky]}, for {ORG[the film Steel (1979]}).
Born in {GPE[Fort Lee]}, {GPE[New Jersey]}, {PERSON[Bakunas]} quit his job as a gym teacher at {GPE[Tenafly]} (N.J.) High School in {DATE[1974]} and set out to break into the film industry.  He did his {ORDINAL[first]} stuntwork for the {DATE[1975]} film {EVENT[Dog Day Afternoon]}.  {PERSON[Bakunas]} became known for expertly performing falls from great heights.In {DATE[1978]}, {ORG[Bakunas]} set a world record with a {QUANTITY[70.1 metres]} ({QUANTITY[230 ft]}) fall from a helicopter for the film {PERSON[Hooper]}, which was broken that {DATE[same year]} by {PERSON[Dar Robinson's]} {QUANTITY[87.2 metres]} ({QUANTITY[286 ft]}) fall for a non-movie-related publicity stunt.{ORG[Bakunas]}, determined to retake the record, returned to {GPE[Lexington]} to perform {QUANTITY[a 96 metres]} ({QUANTITY[315 ft]}) jump from the {ORDINAL[22nd]} floor of a construction site, where he had previously successfully fallen {CARDINAL[nine]} stories. On {DATE[September 21, 1978]}, as his father and a crowd of {CARDINAL[about 1,000]} watched, {PERSON[Bakunas]} performed the fall, reaching an estimated speed of {QUANTITY[115 miles per hour]} ({QUANTITY[185 km]}/h).  However, the airbag split on impact, and {PERSON[Bakunas]} died of his injuries {DATE[the next day]}.
 </spacy_abstract>
 <original_body>
  Lexington Leader, September 21, 1978
A. J. Bakunas at IMDb
A. J. Bakunas at Find a Grave
 </original_body>
 <spacy_body>
  {GPE[Lexington]} Leader, {DATE[September 21, 1978]}
{PERSON[A. J. Bakunas]} at IMDb
{PERSON[A. J. Bakunas]} at Find a Grave
 </spacy_body>
</doc>