<?xml version="1.0" encoding="utf-8"?>
<doc>
 <title>
  A. R. Whatmore
 </title>
 <original_abstract>
  A. R. Whatmore (30 May 1889 – 15 October 1960) was a British actor, playwright and producer of plays.
 </original_abstract>
 <spacy_abstract>
  {PERSON[A. R. Whatmore]} ({DATE[30 May 1889]} – {DATE[15 October 1960]}) was a {NORP[British]} actor, playwright and producer of plays.
 </spacy_abstract>
 <original_body>
  Arthur Reginald Whatmore was born on 30 May 1889 at Much Marcle in Herefordshire, the son of Charles Arthur Whatmore and his wife Emma (née Stone). He received his education at Wyggeston Grammar School, Leicester, and worked for three years as a bank clerk after that.
His first appearance on stage was as Lord Monkhurst in Milestones (Bennett/Knoblock) at the Kennington Theatre, London in 1913. He played under Vedrenne and Eadie management for two tours of Milestones and the first tour of The Man Who Stayed at Home.  He also toured with Lewis Waller in The Three Musketeers, Monsieur Beaucaire etc. During the War he served in France, 1915 – 1919.
After leaving the army Whatmore spent some time in producing for Amateur Operatic Societies. Following a visit to the Hull Operatic Society in December 1923 he recognised the city's potential for repertory and the following year founded the Hull Repertory Theatre. He booked the Lecture Hall (Part of the Assembly Rooms in Kingston Square), from the proprietors, Morton's Limited. He opened on 13 September 1924 for a four-week season of modern plays, having gathered a core of professional actors supplemented by local amateurs. The rooms soon became known as the Little Theatre. He produced eighty-one plays there over the next 6 years. In 1929 the theatre was rebuilt under his supervision and reopened in September. The following January, there was a serious fire and it had to close. After significant repairs, it reopened two months later.
Returning to London in July 1930 he produced The Macropulos Secret at the Arts Theatre. He was director of the Embassy Theatre in Swiss Cottage, London, in  partnership with Alec L Rea, from September 1930 to March 1932. At the Embassy he produced over thirty plays, including The Liar, The Witch, Precious Bane (the play), Daddy's Gone A-Hunting (the play), Britannia of Billingsgate (the play) and Romeo and Juliet.During the rest of the 1930s he directed or acted in numerous plays in the West End, including a production of his own play Mother Knows Best (1039). He appeared in the film Eliza Comes to Stay (1936) and in the TV films
The White Chateau (1938),
Charley's Aunt (1938) and
Rake's Progress (1939).
In 1940 Whatmore did a season at His Majesty's Theatre in Aberdeen, where he directed "A. R. Whatmore's London Players" in a set of eight plays.
Then in 1942 he became director of the Dundee Repertory Theatre.
After the war he wrote several more plays, namely She Wanted a Cream Front Door (1946), Rehearsal 1030 (1949), The Sun and I (1949) and Count Your Blessings (1950).
From 1951 to 1953 he was the director of the Ipswich Repertory Theatre.
In the 1950s, the name The Whatmore Players was revived, with Dennis Ramsden as producer. It ran successfully until the late 1960s, one of the said players being Mollie Sugden.He married Hilda Mary Loverock in 1918. They had one child, a son, born in 1929. Hilda died in 1945 and Arthur remarried, to Barbara Mary Fowle in 1951.
He died on 15 October 1960 at Bletchley.

A. R. Whatmore at IMDb
 </original_body>
 <spacy_body>
  {ORG[Arthur Reginald Whatmore]} was born on {DATE[30 May 1889]} at {ORG[Much Marcle]} in {GPE[Herefordshire]}, the son of {PERSON[Charles Arthur Whatmore]} and his wife {PERSON[Emma]} (née Stone). He received his education at {ORG[Wyggeston Grammar School]}, {PERSON[Leicester]}, and worked for {DATE[three years]} as a bank clerk after that.
His {ORDINAL[first]} appearance on stage was as Lord Monkhurst in {PERSON[Milestones]} (Bennett/Knoblock) at {FAC[the Kennington Theatre]}, {GPE[London]} in {DATE[1913]}. He played under {ORG[Vedrenne and]} Eadie management for {CARDINAL[two]} tours of {PERSON[Milestones]} and the {ORDINAL[first]} tour of {WORK_OF_ART[The Man Who Stayed at Home]}.  He also toured with {PERSON[Lewis Waller]} in {WORK_OF_ART[The Three Musketeers]}, {PERSON[Monsieur Beaucaire]} etc. During the War he served in {GPE[France]}, {DATE[1915]} – {DATE[1919]}.
After leaving the army {ORG[Whatmore]} spent some time in producing for {ORG[Amateur Operatic Societies]}. Following a visit to {ORG[the Hull Operatic Society]} in {DATE[December 1923]} he recognised the city's potential for repertory and {DATE[the following year]} founded {FAC[the Hull Repertory Theatre]}. He booked {FAC[the Lecture Hall]} (Part of {ORG[the Assembly Rooms]} in {FAC[Kingston Square]}), from the proprietors, {PERSON[Morton]}'s Limited. He opened on {CARDINAL[13]} September 1924 for a {DATE[four-week season]} of modern plays, having gathered a core of professional actors supplemented by local amateurs. The rooms soon became known as {FAC[the Little Theatre]}. He produced {DATE[eighty-one]} plays there over {DATE[the next 6 years]}. In {DATE[1929]} the theatre was rebuilt under his supervision and reopened in {DATE[September]}. The following {DATE[January]}, there was a serious fire and it had to close. After significant repairs, it reopened {DATE[two months later]}.
Returning to {GPE[London]} in {DATE[July 1930]} he produced The Macropulos Secret at {FAC[the Arts Theatre]}. He was director of {FAC[the Embassy Theatre]} in {GPE[Swiss Cottage]}, {GPE[London]}, in  partnership with {PERSON[Alec L Rea]}, from {DATE[September 1930 to March 1932]}. At the {ORG[Embassy]} he produced over thirty plays, including {WORK_OF_ART[The Liar, The Witch]}, {PERSON[Precious Bane]} (the play), Daddy's Gone A-Hunting (the play), {ORG[Britannia of Billingsgate]} (the play) and {PERSON[Romeo]} and {PERSON[Juliet]}.During the rest of the 1930s he directed or acted in numerous plays in the West End, including a production of his own play Mother Knows Best ({DATE[1039]}). He appeared in the film {PERSON[Eliza Comes to Stay]} ({DATE[1936]}) and in the TV films
{WORK_OF_ART[The White Chateau]} ({DATE[1938]}),
{PERSON[Charley]}'s Aunt (1938) and
Rake's Progress (1939).
In {DATE[1940]} {ORG[Whatmore]} did a season at His Majesty's Theatre in {GPE[Aberdeen]}, where he directed "{PERSON[A. R. Whatmore's]} {ORG[London Players]}" in a set of {CARDINAL[eight]} plays.
Then in {DATE[1942]} he became director of {ORG[the Dundee Repertory Theatre]}.
After the war he wrote several more plays, namely {ORG[She Wanted a Cream Front Door]} ({DATE[1946]}), {PERSON[Rehearsal 1030]} ({DATE[1949]}), The Sun and I ({DATE[1949]}) and Count Your Blessings ({DATE[1950]}).
From {DATE[1951 to 1953]} he was the director of {ORG[the Ipswich Repertory Theatre]}.
In {DATE[the 1950s]}, the name {WORK_OF_ART[The Whatmore Players]} was revived, with {PERSON[Dennis Ramsden]} as producer. It ran successfully until {DATE[the late 1960s]}, {CARDINAL[one]} of the said players being {PERSON[Mollie Sugden]}.He married {PERSON[Hilda Mary Loverock]} in {DATE[1918]}. They had {CARDINAL[one]} child, a son, born in {DATE[1929]}. {ORG[Hilda]} died in {DATE[1945]} and {PERSON[Arthur]} remarried, to {PERSON[Barbara Mary Fowle]} in {DATE[1951]}.
He died on {DATE[15 October 1960]} at {ORG[Bletchley]}.

{PERSON[A. R. Whatmore]} at IMDb
 </spacy_body>
</doc>