<?xml version="1.0" encoding="utf-8"?>
<doc>
 <title>
  Aaron Takahashi
 </title>
 <original_abstract>
  Aaron Takahashi is an American actor. He is best known for his roles as the "male nurse" Lee in the film Yes Man (2008), one of the fake groomsmen in The Wedding Ringer (2015), as Troy in the film Welcome to the Jungle (2013), and his various roles on the talk show Conan on TBS, with Conan O'Brien.
Takahashi has appeared in over 50 national commercials since 2004.
 </original_abstract>
 <spacy_abstract>
  {PERSON[Aaron Takahashi]} is an {NORP[American]} actor. He is best known for his roles as the "male nurse" {PERSON[Lee]} in the film Yes Man ({DATE[2008]}), {CARDINAL[one]} of the fake groomsmen in The Wedding Ringer ({DATE[2015]}), as {GPE[Troy]} in the film Welcome to the Jungle (2013), and his various roles on the talk show {PERSON[Conan]} on TBS, with {PERSON[Conan O'Brien]}.
{PERSON[Takahashi]} has appeared in over {CARDINAL[50]} national commercials since {DATE[2004]}.
 </spacy_abstract>
 <original_body>
  Takahashi graduated from North Torrance High School.Takahashi worked at Meiji supermarket while attending the University of Southern California (USC). He graduated with a degree in English and an emphasis on creative writing. After graduation, he became the manager of the store. After the store closed, Takahashi pursued acting full time.
Takahashi has appeared as the character "Takashi" in Justin Lin's directorial debut, Better Luck Tomorrow (2002). He also appeared in the film Memoirs of a Geisha (2005) as a Rickshaw Runner, and in Lane Nishikawa's film Only the Brave (2006) as one of the 442 2nd Squad soldiers. Takahashi has additionally appeared as the male nurse character "Lee" in Peyton Reed's Yes Man opposite Jim Carrey. In 2013, Takahashi appeared as "Troy" in Rob Meltzer's Welcome to the Jungle (2013) opposite Jean-Claude Van Damme. In 2015, Takahashi appeared as Endo/Rambis (named after the coach Kurt Rambis), one of Josh Gad's character's "fake groomsmen" in Jeremy Garelick's The Wedding Ringer, starring Kevin Hart and Josh Gad.
In addition to Better Luck Tomorrow, Takahashi has appeared in independent films such as Kiyong Kim's Ku Klux Korena (2007) (as Jin), Teruhisa Yoshida's Robert Hearts Miss Ing (2008), Tom Huang's Why Am I Doing This? (2009)(as Sung), James Huang's Starting From Scratch (2013) (as Jim), Peter O'Melia's The Grounds (2014) (as Applicant #4), and as Aaron, a fictionalized version of himself, in Awesome Asian Bad Guys (2013-2014), directed by Patrick Epino and Stephen Dypiangco.
Takahashi has also appeared in various short films such as Mike Nojun Park's Re: Your Balls (2009) (as Matt), James Huang's Represent (2010) (as Aaron), and Roman Cortez's My Best Friend Bigfoot Ep.1 &amp; 2. (2010) (as Scott).
Takahashi has appeared in a number of TV series, including Asia Street Comedy (2004-2005) (various characters), Reno 911! (as a Thai Delivery Man and a Storeowner), The Bill Engvall Show (2009) (as a Driver), Whacked (as a Korean Shopkeeper), Traffic Light (as a Nerdy Dad), Mr. Sunshine (as Jerry), ACME Saturday Night (as various characters), Community (as the Math Club Leader in the episode "A Fistful of Paintballs" Dir. Joe Russo), The Mentalist (as Tai Nguyen), Ben and Kate (as Shawn), Sullivan &amp; Son (as Dr. Park), The Big Bang Theory (as a scientist), The Millers (as Kevin), Conan (as various characters), Drunk History (as a guest) and Dog Park (as Neal).
Takahashi currently has recurring roles in both the Yahoo! Screen original series Sin City Saints (as social media guru Henry), and the USA Network series Mr. Robot (as Allsafe Security employee Lloyd).
Takahashi has appeared in over 50 national ad campaigns for brands such as Snapple, the NFL, Esurance, McDonald's, and Amp'd Mobile (where he plays a worker that raps the song "U and Dat" (featuring T-Pain and Kandi Girl) out loud in a bathroom before another employee notice him). Takahashi also provides the voice of "Paul Tard" in the videogame Slumber Party Slaughterhouse: The Game (2008).
Takahashi has also appeared on stage in Paul Kikuchi's Slice, at the Fremont Theater in Pasadena.He has been trained at East West Players, where he currently teaches the annual "On-Camera Commercial and Audition Class." He has also been a writer and performing member of the ACME Comedy Theater, and is also currently a workshop instructor and core performing member of the improv group Cold Tofu.He was an honoree at East West Players 2019 Night Market for "advancing the visibility of Asian Americans nationally" through his work.
Aaron Takahashi at IMDb
Actor Aaron Takahashi's Greatest Hits
Angry Reader of the Week: Aaron Takahashi


== References ==
 </original_body>
 <spacy_body>
  {ORG[Takahashi]} graduated from {ORG[North Torrance High School]}.{PERSON[Takahashi]} worked at {ORG[Meiji]} supermarket while attending {ORG[the University of Southern California]} (USC). He graduated with a degree in {LANGUAGE[English]} and an emphasis on creative writing. After graduation, he became the manager of the store. After the store closed, {PERSON[Takahashi]} pursued acting full time.
{ORG[Takahashi]} has appeared as the character "{WORK_OF_ART[Takashi]}" in {PERSON[Justin Lin's]} directorial debut, {ORG[Better Luck Tomorrow]} (2002). He also appeared in the film {WORK_OF_ART[Memoirs of a Geisha]} ({DATE[2005]}) as a Rickshaw Runner, and in {GPE[Lane Nishikawa's]} film {WORK_OF_ART[Only the Brave (2006]}) as {CARDINAL[one]} of the {CARDINAL[442]} 2nd Squad soldiers. {ORG[Takahashi]} has additionally appeared as the male nurse character "{PERSON[Lee]}" in {ORG[Peyton Reed's]} Yes Man opposite {PERSON[Jim Carrey]}. In {DATE[2013]}, {ORG[Takahashi]} appeared as "{PERSON[Troy]}" in {PERSON[Rob Meltzer's]} Welcome to the {PERSON[Jungle]} ({DATE[2013]}) opposite {NORP[Jean]}-Claude Van Damme. In {DATE[2015]}, {ORG[Takahashi]} appeared as {ORG[Endo/Rambis]} (named after the coach {PERSON[Kurt Rambis]}), one of {PERSON[Josh Gad's]} character's "fake groomsmen" in {PERSON[Jeremy Garelick's]} {WORK_OF_ART[The Wedding Ringer]}, starring {PERSON[Kevin Hart]} and {PERSON[Josh Gad]}.
In addition to {ORG[Better Luck]} {DATE[Tomorrow]}, {ORG[Takahashi]} has appeared in independent films such as {PERSON[Kiyong Kim's]} {ORG[Ku Klux Korena]} ({DATE[2007]}) (as {PERSON[Jin]}), {ORG[Teruhisa Yoshida's]} {PERSON[Robert Hearts]} Miss {PERSON[Ing]} ({DATE[2008]}), {PERSON[Tom Huang's]} {WORK_OF_ART[Why Am I Doing This]}? ({CARDINAL[2009)(as]} {PERSON[Sung]}), {PERSON[James Huang's]} {WORK_OF_ART[Starting From Scratch]} ({DATE[2013]}) (as {PERSON[Jim]}), {PERSON[Peter O'Melia's]} The Grounds ({DATE[2014]}) (as Applicant #4), and as {PERSON[Aaron]}, a fictionalized version of himself, in {NORP[Awesome Asian]} Bad Guys ({DATE[2013-2014]}), directed by {PERSON[Patrick Epino]} and {PERSON[Stephen Dypiangco]}.
{ORG[Takahashi]} has also appeared in various short films such as {PERSON[Mike Nojun Park's]} Re: Your Balls ({DATE[2009]}) (as {PERSON[Matt]}), {PERSON[James Huang's]} Represent ({DATE[2010]}) (as {PERSON[Aaron]}), and {ORG[Roman Cortez's]} My Best Friend Bigfoot Ep.1 &amp; 2. ({DATE[2010]}) (as {PERSON[Scott]}).
{ORG[Takahashi]} has appeared in a number of TV series, including {FAC[Asia Street Comedy]} ({DATE[2004-2005]}) (various characters), {PERSON[Reno 911]}! (as a {NORP[Thai]} Delivery Man and a {PERSON[Storeowner]}), {WORK_OF_ART[The Bill Engvall Show]} ({DATE[2009]}) (as a Driver), Whacked (as a {NORP[Korean]} Shopkeeper), {PRODUCT[Traffic Light]} (as a Nerdy Dad), Mr. {PERSON[Sunshine]} (as {PERSON[Jerry]}), ACME {DATE[Saturday]} {TIME[Night]} (as various characters), Community (as the Math Club Leader in the episode "{WORK_OF_ART[A Fistful of Paintballs]}" Dir. {PERSON[Joe Russo]}), The {NORP[Mentalist]} (as {PERSON[Tai Nguyen]}), {PERSON[Ben]} and {PERSON[Kate]} (as {PERSON[Shawn]}), {ORG[Sullivan &amp; Son]} (as Dr. {PERSON[Park]}), The Big Bang Theory (as a scientist), The {ORG[Millers]} (as {PERSON[Kevin]}), {PERSON[Conan]} (as various characters), {PERSON[Drunk History]} (as a guest) and {PERSON[Dog Park]} (as {PERSON[Neal]}).
{ORG[Takahashi]} currently has recurring roles in both the {ORG[Yahoo]}! Screen original series {ORG[Sin City Saints]} (as social media guru {PERSON[Henry]}), and the {EVENT[USA Network]} series Mr. {PERSON[Robot]} (as {ORG[Allsafe Security]} employee {PERSON[Lloyd]}).
{ORG[Takahashi]} has appeared in {CARDINAL[over 50]} national ad campaigns for brands such as {PERSON[Snapple]}, the {ORG[NFL]}, {ORG[Esurance]}, {ORG[McDonald's]}, and Amp'd {PERSON[Mobile]} (where he plays a worker that raps the song "{WORK_OF_ART[U and Dat]}" (featuring T-Pain and {PERSON[Kandi Girl]}) out loud in a bathroom before another employee notice him). {PERSON[Takahashi]} also provides the voice of "{WORK_OF_ART[Paul Tard]}" in the videogame {ORG[Slumber Party]} Slaughterhouse: The Game (2008).
{ORG[Takahashi]} has also appeared on stage in {PERSON[Paul Kikuchi's]} Slice, at {ORG[the Fremont Theater]} in {GPE[Pasadena]}.He has been trained at {LOC[East West Players]}, where he currently teaches the {DATE[annual]} "On-Camera Commercial and Audition Class." He has also been a writer and performing member of {ORG[the ACME Comedy Theater]}, and is also currently a workshop instructor and core performing member of the improv group {PERSON[Cold Tofu]}.He was an honoree at {LOC[East West Players]} {DATE[2019]} Night Market for "advancing the visibility of {NORP[Asian Americans]} nationally" through his work.
{PERSON[Aaron Takahashi]} at IMDb
Actor {PERSON[Aaron Takahashi's]} {PERSON[Greatest Hits]}
{PERSON[Angry Reader]} of {DATE[the Week]}: {PERSON[Aaron Takahashi]}


== References ==
 </spacy_body>
</doc>