<?xml version="1.0" encoding="utf-8"?>
<doc>
 <title>
  Aaron Schwartz (American actor)
 </title>
 <original_abstract>
  Aaron Schwartz (born January 4, 1981) is an American actor, known for playing the lead role of Gerald Garner in the 1995 comedy film Heavyweights, and for the role of Dave Karp in the 1992 Walt Disney film The Mighty Ducks. In addition to his two film roles, Schwartz played Clem Lanell in eight episodes of The Adventures of Pete &amp; Pete, and appeared in one episode of The Cosby Show. He had a recurring role as doorman Vanya on The CW's teen drama series Gossip Girl and its spin-off web series Chasing Dorota.Schwartz is Jewish.
 </original_abstract>
 <spacy_abstract>
  {PERSON[Aaron Schwartz]} (born {DATE[January 4, 1981]}) is an {NORP[American]} actor, known for playing the lead role of {PERSON[Gerald Garner]} in the {DATE[1995]} comedy film {WORK_OF_ART[Heavyweights]}, and for the role of {PERSON[Dave Karp]} in the {DATE[1992]} {FAC[Walt Disney]} film {WORK_OF_ART[The Mighty Ducks]}. In addition to his {CARDINAL[two]} film roles, {PERSON[Schwartz]} played {PERSON[Clem Lanell]} in {CARDINAL[eight]} episodes of {WORK_OF_ART[The Adventures of Pete &amp; Pete]}, and appeared in {CARDINAL[one]} episode of {WORK_OF_ART[The Cosby Show]}. He had a recurring role as doorman {PERSON[Vanya]} on The {ORG[CW]}'s teen drama series {WORK_OF_ART[Gossip Girl]} and its spin-off web series {WORK_OF_ART[Chasing Dorota]}.{PERSON[Schwartz]} is {NORP[Jewish]}.
 </spacy_abstract>
 <original_body>
  Schwartz, together with the rest of the young cast of The Mighty Ducks, was nominated for the Outstanding Young Ensemble Cast in a Motion Picture award at the 14th Youth in Film Awards (1991–1992).
List of Gossip Girl characters#Guest stars
Aaron Schwartz at IMDb
 </original_body>
 <spacy_body>
  {PERSON[Schwartz]}, together with the rest of the young cast of {ORG[The Mighty Ducks]}, was nominated for {ORG[the Outstanding Young Ensemble Cast]} in a Motion Picture award at the {ORDINAL[14th]} Youth in {EVENT[Film Awards]} ({CARDINAL[1991–1992]}).
List of {PERSON[Gossip Girl characters#Guest]} stars
{PERSON[Aaron Schwartz]} at IMDb
 </spacy_body>
</doc>