<?xml version="1.0" encoding="utf-8"?>
<doc>
 <title>
  Abbe Lane
 </title>
 <original_abstract>
  Abbe Lane (born Abigail Francine Lassman; December 14, 1932) is an American singer and actress. Lane was known in the 1950s and 1960s for her revealing outfits and sultry style of performing. She was the fourth wife of Latin bandleader and musician Xavier Cugat.
 </original_abstract>
 <spacy_abstract>
  {PERSON[Abbe Lane]} (born {PERSON[Abigail Francine Lassman]}; {DATE[December 14, 1932]}) is an {NORP[American]} singer and actress. {PERSON[Lane]} was known in {DATE[the 1950s and]} 1960s for her revealing outfits and sultry style of performing. She was the {ORDINAL[fourth]} wife of {NORP[Latin]} bandleader and musician {PERSON[Xavier Cugat]}.
 </spacy_abstract>
 <original_body>
  Born to a Jewish family in Brooklyn, New York, Lane began her career at the age of four as a child actress on Vitaphone and radio. She began singing and dancing on Broadway. On Broadway she portrayed Bobo in Oh Captain! (1958).Early in her career, Lane was billed as "Abbe Marshall". Using that name, she appeared in the Broadway shows Barefoot Boy with Cheek (1947) and As the Girls Go (1948).
Because of her work in Europe, Lane was known as an actress before she became recognized for her singing and dancing. She had a television program in Europe and made 21 films there early in her career.In 1952 Lane married bandleader Xavier Cugat, who was 32 years her senior. During the 1950s and early 60s she worked as a nightclub singer and was described in a 1963 magazine article as "the swingingest sexpot in show business." Cugat's influence was seen in her music, which favored Latin and rumba styles. In 1958 she starred opposite Tony Randall in the Broadway musical Oh, Captain! but her recording contract prevented her from appearing on the original cast album of the show. Eileen Rodgers performed her songs for the cast LP; Lane later recorded her songs on a solo album. Lane made several recordings for RCA Victor and Mercury. She worked with Tito Puente on the album Be Mine Tonight released in 1958. She appeared on talk shows with Cugat until 1963. In 1964, Lane and Cugat divorced. They had no children together during their marriage. That same year Lane married Perry Leff.Lane attracted attention for her suggestive comments, such as "'Jayne Mansfield may turn boys into men, but I take them from there." She said she was considered "too sexy in Italy". Her costume for an appearance on the Jackie Gleason Show was considered too revealing and she was instructed to wear something else. She was a guest on the television shows of Red Skelton, Dean Martin and Jack Benny.In the later 1960s Lane starred in several Italian films. She performed on television variety programs such as The Ed Sullivan Show, The Steve Allen Show, The Jack Paar Program, The Mike Douglas Show, The Hollywood Palace, The Joey Bishop Show, The Merv Griffin Show and The Tonight Show starring Johnny Carson from the 1950s into the 1970s. She played guest roles in Naked City, The Man From U.N.C.L.E., The Flying Nun, F Troop, The Brady Bunch, Hart to Hart, and Vega$. Her last movie appearance was in Twilight Zone: The Movie (1983) in the minor role of an airline stewardess.
In 1992, Lane wrote the semi-autobiographical novel But Where Is Love? which described the painful memories of a teenage girl married to an older man.Lane received a star on the Hollywood Walk of Fame at 6381 Hollywood Boulevard for her contribution to television.
Be Mine Tonight, with Tito Puente and His Orchestra (RCA Victor, 1957)
The Lady in Red, with Sid Ramin's Orchestra (RCA Victor, 1958)
Where There's a Man, with Sid Ramin and His Orchestra (RCA Victor, 1959)
Abbe Lane with Xavier Cugat and His Orchestra (Mercury, 1961)
The Many Sides of Abbe Lane (Mercury, 1964)
Rainbows (Butterfly Records, 1980)
Compilation: Pan, Amor Y .... (RCA, 1981)With Xavier Cugat and His Orchestra

Dance Time with Xavier Cugat (RCA Victor, 1953)
Cha Cha Cha (Philips, 1955)
Lane, Abbe (1992). But Where Is Love?: A Novel. Warner Books. ISBN 978-0446515986.
Abbe Lane at AllMusic
Abbe Lane discography at Discogs 
Abbe Lane at IMDb
 </original_body>
 <spacy_body>
  Born to a {NORP[Jewish]} family in {GPE[Brooklyn]}, {GPE[New York]}, {ORG[Lane]} began her career at {DATE[the age of four]} as a child actress on {WORK_OF_ART[Vitaphone]} and radio. She began singing and dancing on {FAC[Broadway]}. On {FAC[Broadway]} she portrayed {PERSON[Bobo]} in Oh Captain! ({CARDINAL[1958).Early]} in her career, {ORG[Lane]} was billed as "{PERSON[Abbe Marshall]}". Using that name, she appeared in the {FAC[Broadway]} shows {GPE[Barefoot Boy]} with Cheek ({DATE[1947]}) and As {PERSON[the Girls Go]} (1948).
Because of her work in {LOC[Europe]}, {ORG[Lane]} was known as an actress before she became recognized for her singing and dancing. She had a television program in {LOC[Europe]} and made {CARDINAL[21]} films there early in her career.In {DATE[1952]} {ORG[Lane]} married bandleader {PERSON[Xavier Cugat]}, who was {DATE[32 years]} her senior. During {DATE[the 1950s]} and {DATE[early 60s]} she worked as a nightclub singer and was described in a {DATE[1963]} magazine article as "the swingingest sexpot in show business." {ORG[Cugat]}'s influence was seen in her music, which favored {LANGUAGE[Latin]} and rumba styles. In {DATE[1958]} she starred opposite {PERSON[Tony Randall]} in the {FAC[Broadway]} musical Oh, Captain! but her recording contract prevented her from appearing on the original cast album of the show. {PERSON[Eileen Rodgers]} performed her songs for the cast LP; Lane later recorded her songs on a solo album. {ORG[Lane]} made several recordings for {ORG[RCA Victor]} and {ORG[Mercury]}. She worked with {PERSON[Tito Puente]} on the album {PERSON[Be Mine Tonight]} released in {DATE[1958]}. She appeared on talk shows with {ORG[Cugat]} until {DATE[1963]}. In {DATE[1964]}, {ORG[Lane]} and {ORG[Cugat]} divorced. They had no children together during their marriage. {DATE[That same year]} Lane married {PERSON[Perry Leff]}.Lane attracted attention for her suggestive comments, such as "'{PERSON[Jayne Mansfield]} may turn boys into men, but I take them from there." She said she was considered "too sexy in {GPE[Italy]}". Her costume for an appearance on the {PERSON[Jackie Gleason Show]} was considered too revealing and she was instructed to wear something else. She was a guest on the television shows of {ORG[Red Skelton]}, {PERSON[Dean Martin]} and {PERSON[Jack Benny]}.In {DATE[the later 1960s]} {ORG[Lane]} starred in several {NORP[Italian]} films. She performed on television variety programs such as {PERSON[The Ed Sullivan Show]}, {PERSON[The Steve Allen Show]}, {WORK_OF_ART[The Jack Paar Program]}, {WORK_OF_ART[The Mike Douglas Show]}, {FAC[The Hollywood Palace]}, {WORK_OF_ART[The Joey Bishop Show]}, {FAC[The Merv Griffin Show]} and {WORK_OF_ART[The Tonight Show starring Johnny Carson]} from {DATE[the 1950s]} into {DATE[the 1970s]}. She played guest roles in {GPE[Naked City]}, The Man From U.N.C.L.E., {ORG[The Flying Nun, F Troop]}, The {PERSON[Brady Bunch]}, {ORG[Hart to Hart]}, and Vega$. Her last movie appearance was in {WORK_OF_ART[Twilight Zone:]} The Movie (1983) in the minor role of an airline stewardess.
In {DATE[1992]}, {ORG[Lane]} wrote the semi-autobiographical novel But {WORK_OF_ART[Where Is Love]}? which described the painful memories of a teenage girl married to an older man.{ORG[Lane]} received a star on {ORG[the Hollywood Walk of Fame]} at {DATE[6381]} {FAC[Hollywood Boulevard]} for her contribution to television.
{PERSON[Be Mine Tonight]}, with {PERSON[Tito Puente]} and His Orchestra ({ORG[RCA Victor]}, {DATE[1957]})
{WORK_OF_ART[The Lady in Red]}, with {PERSON[Sid Ramin's]} Orchestra ({ORG[RCA Victor]}, {DATE[1958]})
Where There's a Man, with {PERSON[Sid Ramin]} and {PERSON[His Orchestra]} (RCA Victor, {DATE[1959]})
Abbe Lane with {ORG[Xavier Cugat]} and His Orchestra ({ORG[Mercury]}, {DATE[1961]})
{WORK_OF_ART[The Many Sides of Abbe Lane]} ({ORG[Mercury]}, {DATE[1964]})
Rainbows ({ORG[Butterfly Records]}, {DATE[1980]})
Compilation: Pan, Amor Y .... ({ORG[RCA]}, 1981)With {ORG[Xavier Cugat]} and His Orchestra

Dance Time with {ORG[Xavier Cugat]} ({ORG[RCA Victor]}, {DATE[1953]})
Cha Cha Cha (Philips, {DATE[1955]})
Lane, {PERSON[Abbe]} ({DATE[1992]}). But Where Is {WORK_OF_ART[Love]}?: A {WORK_OF_ART[Novel]}. {ORG[Warner Books]}. ISBN {CARDINAL[978-0446515986]}.
{PRODUCT[Abbe Lane]} at AllMusic
Abbe Lane discography at {FAC[Discogs 
Abbe Lane]} at IMDb
 </spacy_body>
</doc>