<?xml version="1.0" encoding="utf-8"?>
<doc>
 <title>
  Abbie Mitchell
 </title>
 <original_abstract>
  Abriea "Abbie" Mitchell Cook (25 September 1884 – 16 March 1960), also billed as Abbey Mitchell, was an American soprano opera singer. She performed the role of Clara in the premiere production of George Gershwin's Porgy and Bess in 1935, and was also the first to record "Summertime" from that musical.
 </original_abstract>
 <spacy_abstract>
  Abriea "{PERSON[Abbie" Mitchell Cook]} ({DATE[25 September 1884]} – {DATE[16 March 1960]}), also billed as {PERSON[Abbey Mitchell]}, was an {NORP[American]} soprano opera singer. She performed the role of {PERSON[Clara]} in the premiere production of {PERSON[George Gershwin's]} {WORK_OF_ART[Porgy]} and {PERSON[Bess]} in {DATE[1935]}, and was also the {ORDINAL[first]} to record "{WORK_OF_ART[Summertime]}" from that musical.
 </spacy_abstract>
 <original_body>
  African American musical theater
Rose McClendon
Evelyn Ellis
McGinty, Doris Evans, '"As Large As She Can Make It": The Role of Black Women Activists in Music, 1880–1945' in Locke, Ralph P., and Cyrilla Barr, editors, Cultivating Music in America: Women Patrons and Activists since 1860 (Berkeley: University of California Press, 1997) (Footnote 33)
Peterson, Bernard, Profiles of African American Stage Performers and Theatre People, 1816-1960 (Greenwood Press, 2000) p.187
Paula Marie Seniors,  "Beyond Lift Every Voice and Sing": The Culture Of Uplift, Identity, and Culture in Black Musical Theater, 2009
Songs of Yesterday (1922), at Silent Era (with photo of Mitchell)
Abbie Mitchell at IMDb
1922 passport photo of Abbie Mitchell,(courtesy of the puzzlemaster, flickr.com)
another passport photo, with Elmer Certain
 </original_body>
 <spacy_body>
  {NORP[African American]} musical theater
{PERSON[Rose McClendon]}
{PERSON[Evelyn Ellis]}
McGinty, {PERSON[Doris Evans]}, '"{WORK_OF_ART[As Large As She Can Make It]}"{WORK_OF_ART[: The Role of Black Women Activists in Music]}, 1880–1945' in {PERSON[Locke]}, {PERSON[Ralph P.]}, and {PERSON[Cyrilla Barr]}, editors, {ORG[Cultivating Music]} in America: Women Patrons and Activists since {DATE[1860]} ({ORG[Berkeley: University of California Press]}, {DATE[1997]}) (Footnote {CARDINAL[33]})
{PERSON[Peterson]}, {PERSON[Bernard]}, Profiles of {NORP[African American]} Stage Performers and {PERSON[Theatre People]}, {DATE[1816-1960]} ({ORG[Greenwood Press]}, {DATE[2000]}) p.187
{PERSON[Paula Marie Seniors]},  "{WORK_OF_ART[Beyond Lift Every Voice and Sing]}": {GPE[The Culture Of Uplift]}, Identity, and Culture in {ORG[Black Musical Theater]}, {DATE[2009]}
Songs of {DATE[Yesterday]} ({DATE[1922]}), at {ORG[Silent Era]} (with photo of {PERSON[Mitchell]})
{PERSON[Abbie Mitchell]} at IMDb
{DATE[1922]} passport photo of {PERSON[Abbie]} Mitchell,(courtesy of the puzzlemaster, flickr.com)
another passport photo, with {PERSON[Elmer Certain]}
 </spacy_body>
</doc>