<?xml version="1.0" encoding="utf-8"?>
<doc>
 <title>
  Abby Mavers
 </title>
 <original_abstract>
  Abby Imogen Mavers (born 20 April 1990) is an English actress. She played Dynasty Barry in the BBC One school-based drama series, Waterloo Road, from 2013 until 2014.
 </original_abstract>
 <spacy_abstract>
  {PERSON[Abby Imogen Mavers]} (born {DATE[20 April 1990]}) is an {LANGUAGE[English]} actress. She played Dynasty Barry in the {ORG[BBC One]} school-based drama series, {FAC[Waterloo Road]}, from {DATE[2013]} until {DATE[2014]}.
 </spacy_abstract>
 <original_body>
  She is the daughter of actor Gary Mavers, and the niece of musician Lee Mavers, frontman of The La's. Mavers was in a relationship with her Waterloo Road co-star Tommy Knight for several years.
Abby Mavers at IMDb
 </original_body>
 <spacy_body>
  She is the daughter of actor {PERSON[Gary Mavers]}, and the niece of musician {PERSON[Lee Mavers]}, frontman of {WORK_OF_ART[The La's]}. Mavers was in a relationship with her {FAC[Waterloo Road]} co-star {PERSON[Tommy Knight]} for {DATE[several years]}.
{PERSON[Abby Mavers]} at IMDb
 </spacy_body>
</doc>