<?xml version="1.0" encoding="utf-8"?>
<doc>
 <title>
  Abel Jacquin
 </title>
 <original_abstract>
  Abel Jacquin (1893–1968) was a French actor who appeared in more than thirty films between 1930 and 1956. Jacquin co-directed the 1933 comedy film Les deux 'Monsieur' de Madame. He was also noted for his narration of the 1933 documentary Land Without Bread.
 </original_abstract>
 <spacy_abstract>
  {PERSON[Abel Jacquin]} (1893–1968) was a {NORP[French]} actor who appeared in {CARDINAL[more than thirty]} films {DATE[between 1930 and 1956]}. {PERSON[Jacquin co-]}directed the {DATE[1933]} comedy film {PERSON[Les deux ']}Monsieur' de Madame. He was also noted for his narration of the {DATE[1933]} documentary {WORK_OF_ART[Land Without Bread]}.
 </spacy_abstract>
 <original_body>
  Anne-Marie (1936)
Southern Mail (1937)
Arsene Lupin, Detective (1937)
White Cargo (1937)
Princess Tarakanova (1938)
Gibraltar (1938)
Ultimatum (1938)
Man to Men (1948)
Woman Without a Past (1948)
At the Grand Balcony (1949)
The Unfrocked One (1954)
Aitken, Ian (ed). The Concise Routledge Encyclopedia of the Documentary Film. Routledge, 2013.
Jung, Uli &amp; Schatzberg, Walter. Beyond Caligari: The Films of Robert Wiene. Berghahn Books, 1999.
Abel Jacquin at IMDb
 </original_body>
 <spacy_body>
  {PERSON[Anne-Marie]} ({DATE[1936]})
Southern Mail ({DATE[1937]})
{PERSON[Arsene Lupin]}, Detective ({DATE[1937]})
White Cargo ({DATE[1937]})
Princess {PERSON[Tarakanova]} ({DATE[1938]})
Gibraltar ({DATE[1938]})
Ultimatum ({DATE[1938]})
Man to Men ({DATE[1948]})
Woman Without a Past ({DATE[1948]})
At {FAC[the Grand Balcony]} ({DATE[1949]})
{WORK_OF_ART[The Unfrocked One]} ({DATE[1954]})
Aitken, Ian (ed). The Concise Routledge Encyclopedia of the Documentary Film. {ORG[Routledge]}, {DATE[2013]}.
Jung, {ORG[Uli &amp; Schatzberg]}, {GPE[Walter]}. Beyond Caligari: {WORK_OF_ART[The Films of Robert Wiene]}. {PERSON[Berghahn Books]}, {DATE[1999]}.
{PERSON[Abel Jacquin]} at IMDb
 </spacy_body>
</doc>