<?xml version="1.0" encoding="utf-8"?>
<doc>
 <title>
  Ad-Rock
 </title>
 <original_abstract>
  Adam Keefe Horovitz (born October 31, 1966), popularly known as Ad-Rock, is an American rapper, guitarist and actor. He was a member of the hip hop group Beastie Boys.  While the Beastie Boys were active, Horovitz performed with a side project, BS 2000.  After the Beastie Boys broke up in 2012 (following the death of Adam Yauch), Horovitz has participated in a number of Beastie Boys-related projects, worked as a remixer, producer, and guest musician for other artists, and has acted in a number of films.
 </original_abstract>
 <spacy_abstract>
  {PERSON[Adam Keefe Horovitz]} (born {DATE[October 31, 1966]}), popularly known as Ad-Rock, is an {NORP[American]} rapper, guitarist and actor. He was a member of the hip hop group {ORG[Beastie Boys]}.  While the {ORG[Beastie Boys]} were active, {PERSON[Horovitz]} performed with a side project, BS 2000.  After {ORG[the Beastie Boys]} broke up in {DATE[2012]} (following the death of {PERSON[Adam Yauch]}), {PERSON[Horovitz]} has participated in a number of {ORG[Beastie Boys]}-related projects, worked as a remixer, producer, and guest musician for other artists, and has acted in a number of films.
 </spacy_abstract>
 <original_body>
  Horovitz was born and raised on Park Avenue, Manhattan, New York, the son of Doris (née Keefe) and playwright Israel Horovitz. His sister is film producer Rachael Horovitz. His father is Jewish, whereas his mother, who was of Irish descent, was Roman Catholic. He had a secular upbringing.
Horovitz began his music career with a stint in the punk rock band The Young and the Useless, who would often perform with Beastie Boys. In 1982, Beastie Boys guitarist John Berry quit and Horovitz replaced him. He was only 16 at the time. After Horovitz joined the band, Beastie Boys changed their sound, evolving from a hardcore punk band to a more hip-hop oriented group.  The band was signed to Def Jam, and released their debut album Licensed to Ill in 1986.  The album was a huge commercial success, and spawned six hit singles. Seven albums followed, and by 2010 Beastie Boys had sold 22 million records in the United States alone, and 40 million worldwide. In 2012, Beastie Boys were inducted into the Rock and Roll Hall of Fame.
In addition to his work with Beastie Boys, Horovitz also remixes numerous tracks for other artists under the alias 41 Small Stars. He plays bass in The Tender Moments, the backing band of New York-based cabaret performer Bridget Everett.Horovitz has acted in several motion pictures and television shows.  Some of his roles include Tim 'Chino' Doolan in Lost Angels (1989), Sam in Roadside Prophets (1992), Repulski in Godspeed (2007), Fletcher in While We're Young (2014), and Nick in Golden Exits (2017).
In 2020, he was featured in the documentary Have a Good Trip.
In the late 1980s, Horovitz was in a relationship with American actress Molly Ringwald. They met on the set of The Pick-up Artist.Horovitz was married to actress Ione Skye from 1992 to 1995. They separated in 1995 and divorced in 1999. 
Since 1996 he has been involved with riot grrrl artist Kathleen Hanna; they married in 2006. Horovitz is featured prominently in The Punk Singer, a 2013 documentary film about Hanna's life and career; he even shot a scene himself to show Hanna's distressed reaction to the medication she was taking to treat Lyme disease.Horovitz began to wear a medical alert bracelet following the tonic–clonic seizure he experienced in 2003.In November 2018, Horovitz purchased a house in South Pasadena, California.
with Beastie BoysLicensed to Ill (1986)
Paul's Boutique (1989)
Check Your Head (1992)
Ill Communication (1994)
Hello Nasty (1998)
To the 5 Boroughs (2004)
The Mix-Up (2007)
Hot Sauce Committee Part Two (2011)with BS 2000BS 2000 (1997)
Simply Mortified (2000)
Lost Angels (1989) as Tim 'Chino' Doolan
A Kiss Before Dying (1991) as Jay Faraday
Roadside Prophets (1992) as Sam
Who's the Man? (1993) as Bryant (cameo)
Godspeed (2007) as Repulski
While We're Young (2014) as Fletcher
Golden Exits (2017) as Nick
Bad Reputation (2018) as Himself
Beastie Boys Story (2020) as Himself
Ad-Rock discography at Discogs 
Ad-Rock at IMDb
Ad-Rock on Twitter
 </original_body>
 <spacy_body>
  {ORG[Horovitz]} was born and raised on {FAC[Park Avenue]}, {GPE[Manhattan]}, {GPE[New York]}, the son of {PERSON[Doris]} ({PERSON[née Keefe]}) and playwright {PERSON[Israel Horovitz]}. His sister is film producer {PERSON[Rachael Horovitz]}. His father is {NORP[Jewish]}, whereas his mother, who was of {NORP[Irish]} descent, was {NORP[Roman Catholic]}. He had a secular upbringing.
{PERSON[Horovitz]} began his music career with a stint in the punk rock band The Young and the Useless, who would often perform with {PERSON[Beastie Boys]}. In {DATE[1982]}, {PERSON[Beastie Boys]} guitarist {PERSON[John Berry]} quit and {ORG[Horovitz]} replaced him. He was {CARDINAL[only 16]} at the time. After {PERSON[Horovitz]} joined the band, {PERSON[Beastie Boys]} changed their sound, evolving from a hardcore punk band to a more hip-hop oriented group.  The band was signed to {PERSON[Def Jam]}, and released their debut album Licensed to {PERSON[Ill]} in {DATE[1986]}.  The album was a huge commercial success, and spawned {CARDINAL[six]} hit singles. {CARDINAL[Seven]} albums followed, and by {DATE[2010]} {ORG[Beastie Boys]} had sold {CARDINAL[22 million]} records in {GPE[the United States]} alone, and {CARDINAL[40 million]} worldwide. In {DATE[2012]}, {PERSON[Beastie Boys]} were inducted into {ORG[the Rock and Roll Hall of Fame]}.
In addition to his work with {PERSON[Beastie Boys]}, {PERSON[Horovitz]} also remixes numerous tracks for other artists under the alias {CARDINAL[41]} Small Stars. He plays bass in {ORG[The Tender Moments]}, the backing band of {GPE[New York]}-based cabaret performer {PERSON[Bridget Everett]}.{PERSON[Horovitz]} has acted in several motion pictures and television shows.  Some of his roles include {PERSON[Tim]} '{PERSON[Chino]}' Doolan in {WORK_OF_ART[Lost Angels]} ({DATE[1989]}), {PERSON[Sam]} in {WORK_OF_ART[Roadside Prophets]} ({DATE[1992]}), {PERSON[Repulski in Godspeed]} ({DATE[2007]}), {PERSON[Fletcher]} in While We're Young ({DATE[2014]}), and {ORG[Nick in Golden Exits]} ({DATE[2017]}).
In {DATE[2020]}, he was featured in the documentary Have {WORK_OF_ART[a Good Trip]}.
In {DATE[the late 1980s]}, {PERSON[Horovitz]} was in a relationship with {NORP[American]} actress {PERSON[Molly Ringwald]}. They met on the set of {ORG[The Pick-up Artist]}.{PERSON[Horovitz]} was married to actress {PERSON[Ione Skye]} from {DATE[1992 to 1995]}. They separated in {DATE[1995]} and divorced in {DATE[1999]}. 
Since {DATE[1996]} he has been involved with riot grrrl artist {PERSON[Kathleen Hanna]}; they married in {DATE[2006]}. {ORG[Horovitz]} is featured prominently in {WORK_OF_ART[The Punk Singer]}, a {DATE[2013]} documentary film about {ORG[Hanna]}'s life and career; he even shot a scene himself to show {ORG[Hanna]}'s distressed reaction to the medication she was taking to treat Lyme disease.{ORG[Horovitz]} began to wear a medical alert bracelet following the tonic–clonic seizure he experienced in 2003.In {DATE[November 2018]}, {ORG[Horovitz]} purchased a house in {GPE[South Pasadena]}, {GPE[California]}.
with {PERSON[Beastie BoysLicensed]} to {PERSON[Ill]} ({DATE[1986]})
Paul's Boutique ({DATE[1989]})
Check Your Head ({DATE[1992]})
Ill Communication ({DATE[1994]})
{ORG[Hello Nasty]} ({DATE[1998]})
To the {CARDINAL[5]} Boroughs ({DATE[2004]})
The Mix-Up ({DATE[2007]})
Hot Sauce Committee Part {CARDINAL[Two]} (2011)with BS 2000BS 2000 ({DATE[1997]})
Simply Mortified ({DATE[2000]})
Lost Angels ({DATE[1989]}) as {PERSON[Tim]} '{PERSON[Chino]}' Doolan
{WORK_OF_ART[A Kiss]} Before Dying ({DATE[1991]}) as {PERSON[Jay Faraday]}
Roadside Prophets ({DATE[1992]}) as {PERSON[Sam
]}Who's the Man? ({DATE[1993]}) as {PERSON[Bryant]} (cameo)
Godspeed ({DATE[2007]}) as {PERSON[Repulski
]}While We're {PERSON[Young]} (2014) as {PERSON[Fletcher
Golden]} Exits ({DATE[2017]}) as {ORG[Nick
Bad Reputation]} ({DATE[2018]}) as Himself
{PERSON[Beastie Boys Story]} ({DATE[2020]}) as Himself
Ad-Rock discography at {NORP[Discogs]} 
Ad-Rock at IMDb
Ad-Rock on Twitter
 </spacy_body>
</doc>