<?xml version="1.0" encoding="utf-8"?>
<doc>
 <title>
  Ada Nicodemou
 </title>
 <original_abstract>
  Ada Nicodemou (Greek: Άντα Νικοδήμου) (born 14 May 1977) is an Australian actress of Greek Cypriot descent . She began her acting career in 1994 in TV serial Heartbreak High as Katherine Ioannou. She also starred in Police Rescue and Breakers. 
In 2000, Nicodemou joined the cast in the soap opera Home and Away as Leah Patterson, which gives her the distinction of being the third longest actor in a Australian TV soap opera, coincidently behind fellow Home and Away cast members Ray Meagher and Lynne McGranger
She hosted reality series Please Marry My Boy in 2012.
 </original_abstract>
 <spacy_abstract>
  {PERSON[Ada Nicodemou]} ({NORP[Greek]}: {PERSON[Άντα Νικοδήμου]}) (born {DATE[14 May 1977]}) is an {NORP[Australian]} actress of {NORP[Greek]} {NORP[Cypriot]} descent . She began her acting career in {DATE[1994]} in TV serial Heartbreak High as {PERSON[Katherine Ioannou]}. She also starred in {ORG[Police Rescue and Breakers]}. 
In {DATE[2000]}, {ORG[Nicodemou]} joined the cast in the soap opera Home and Away as {PERSON[Leah Patterson]}, which gives her the distinction of being the {ORDINAL[third]} longest actor in a {NORP[Australian]} TV soap opera, coincidently behind fellow Home and Away cast members {PERSON[Ray Meagher]} and {PERSON[Lynne McGranger]}
She hosted reality series Please Marry My Boy in {DATE[2012]}.
 </spacy_abstract>
 <original_body>
  Nicodemou was born on 14 May 1977 in Carlton, New South Wales. Nicodemou's parents were both migrants, who met in Australia. Her Greek Cypriot family come from Limassol. Nicodemou grew up in Minto along with her younger brother. Nicodemou attended The Grange Public School, and the Johnny Young Talent School, where she learned to sing, dance and act.
Nicodemou began her acting career in 1994 when she was cast as Katerina Ioannou in ABC1's Heartbreak High. Nicodemou was 16 when she successfully auditioned for the role. She was originally contracted to play the part for 12 weeks, but this was later extended.Nicodemou also had starring roles on Police Rescue, and Network Ten's Breakers. In 1999, she played Dujour in the science fiction film The Matrix. The following year, she appeared in an episode of children's series BeastMaster.Nicodemou has played the role of Leah Patterson (nee Poulos) in the television soap opera Home and Away since 22 March 2000. Nicodemou originally auditioned for the role of Sarah Thompson in 1992, but Laura Vasquez was cast. She was later approached by the show's producers about the role of Leah. She was not asked to audition and was offered a six-month contract, which was soon extended. As of 2019, Nicodemou is one of the show's longest serving actors.In 2005, Nicodemou competed on and won the 3rd season of Dancing with the Stars with partner Aric Yegudkin. From 2012, Nicodemou hosted Channel Seven's reality series Please Marry My Boy. She made a guest appearance in an episode of Drop Dead Weird in 2018.In February 2021, it was announced Nicodemou is a contestant on Seven's Dancing with the Stars: All Stars and will compete with her original partner Aric Yegudkin.
Nicodemou married Chrys Xipolitas in 2007. They separated in 2010, but reconciled the following month. On 22 August 2012, Nicodemou gave birth to the couple's first child, a son. In March 2014, it was announced that the couple were expecting their second child. On 7 August, Nicodemou revealed that their second son had been stillborn.Nicodemou and Xipolitas separated in late 2015. Nicodemou has been in a relationship with businessman Adam Rigby since 2016.Since 2005 Nicodemou has been an ambassador of the PixiFoto Foundation that raises funds for a Childhood Blindness Prevention program in Africa. She is also an ambassador for Save our Sons, a charity supporting Duchenne muscular dystrophy and the National Breast Cancer Foundation. She is also a supporter of the Starlight Children's Foundation and Make-A-Wish Foundation Australia.
Ada Nicodemou at IMDb
Ada Nicodemou at the Official Home and Away website
 </original_body>
 <spacy_body>
  {ORG[Nicodemou]} was born on {DATE[14 May 1977]} in {GPE[Carlton]}, {GPE[New South Wales]}. {ORG[Nicodemou]}'s parents were both migrants, who met in {GPE[Australia]}. Her {ORG[Greek Cypriot]} family come from {GPE[Limassol]}. Nicodemou grew up in {GPE[Minto]} along with her younger brother. {ORG[Nicodemou]} attended {ORG[The Grange Public School]}, and {ORG[the Johnny Young Talent School]}, where she learned to sing, dance and act.
Nicodemou began her acting career in {DATE[1994]} when she was cast as {PERSON[Katerina Ioannou]} in ABC1's {NORP[Heartbreak]} High. {ORG[Nicodemou]} was {CARDINAL[16]} when she successfully auditioned for the role. She was originally contracted to play the part for {DATE[12 weeks]}, but this was later extended.{ORG[Nicodemou]} also had starring roles on {ORG[Police Rescue]}, and {PRODUCT[Network Ten's]} Breakers. In {DATE[1999]}, she played {PERSON[Dujour]} in the science fiction film {WORK_OF_ART[The Matrix]}. {DATE[The following year]}, she appeared in an episode of children's series BeastMaster.{ORG[Nicodemou]} has played the role of {PERSON[Leah Patterson]} (nee {ORG[Poulos]}) in the television soap opera Home and Away since {DATE[22 March 2000]}. {ORG[Nicodemou]} originally auditioned for the role of {PERSON[Sarah Thompson]} in {DATE[1992]}, but {PERSON[Laura Vasquez]} was cast. She was later approached by the show's producers about the role of {PERSON[Leah]}. She was not asked to audition and was offered a {DATE[six-month]} contract, which was soon extended. As of {DATE[2019]}, {ORG[Nicodemou]} is one of the show's longest serving actors.In {DATE[2005]}, {ORG[Nicodemou]} competed on and won {DATE[the 3rd season]} of Dancing with the {PRODUCT[Stars]} with partner {PERSON[Aric Yegudkin]}. From {DATE[2012]}, {ORG[Nicodemou]} hosted {ORG[Channel Seven's]} reality series Please Marry My Boy. She made a guest appearance in an episode of Drop Dead Weird in 2018.In {DATE[February 2021]}, it was announced {ORG[Nicodemou]} is a contestant on {DATE[Seven]}'s Dancing with the Stars: All Stars and will compete with her original partner {PERSON[Aric Yegudkin]}.
{ORG[Nicodemou]} married {PERSON[Chrys Xipolitas]} in {DATE[2007]}. They separated in {DATE[2010]}, but reconciled {DATE[the following month]}. On {DATE[22 August 2012]}, {ORG[Nicodemou]} gave birth to the couple's {ORDINAL[first]} child, a son. In {DATE[March 2014]}, it was announced that the couple were expecting their {ORDINAL[second]} child. On {DATE[7 August]}, {ORG[Nicodemou]} revealed that their {ORDINAL[second]} son had been stillborn.{ORG[Nicodemou]} and {ORG[Xipolitas]} separated in {DATE[late 2015]}. {ORG[Nicodemou]} has been in a relationship with businessman {PERSON[Adam Rigby]} since {CARDINAL[2016.Since]} {DATE[2005]} {ORG[Nicodemou]} has been an ambassador of {ORG[the PixiFoto Foundation]} that raises funds for {ORG[a Childhood Blindness Prevention]} program in {LOC[Africa]}. She is also an ambassador for Save our Sons, a charity supporting Duchenne muscular dystrophy and {ORG[the National Breast Cancer Foundation]}. She is also a supporter of {ORG[the Starlight Children's Foundation]} and {ORG[Make-A-Wish Foundation Australia]}.
{ORG[Ada Nicodemou]} at IMDb
{ORG[Ada Nicodemou]} at {FAC[the Official Home and Away]} website
 </spacy_body>
</doc>