<?xml version="1.0" encoding="utf-8"?>
<doc>
 <title>
  Adam Rodriguez
 </title>
 <original_abstract>
  Adam Michael Rodriguez (born April 2, 1975) is an American actor, screenwriter and director. He became known for his role as Eric Delko on CSI: Miami. He portrayed Task Force Agent Luke Alvez in Criminal Minds.
 </original_abstract>
 <spacy_abstract>
  {PERSON[Adam Michael Rodriguez]} (born {DATE[April 2, 1975]}) is an {NORP[American]} actor, screenwriter and director. He became known for his role as {PERSON[Eric Delko]} on CSI: {GPE[Miami]}. He portrayed {ORG[Task Force]} Agent {PERSON[Luke Alvez]} in {ORG[Criminal Minds]}.
 </spacy_abstract>
 <original_body>
  Rodriguez was born in Yonkers, New York, the son of Janet, an airline ticket agent, and Ramon Rodriguez, an executive with the United States Hispanic Chamber of Commerce.His father is of half Puerto Rican and half Cuban descent, and his mother is of Puerto Rican ancestry.He attended Clarkstown High School North in New City, New York, graduating in 1993. Rodriguez initially hoped to be a professional baseball player, but after a high school injury, he turned his attention to acting and performed in a children's theater in New York. 
Before full-time acting, he was a stockbroker.
Rodriguez has appeared in commercials, including one for Coca-Cola. His first film appearance was as an extra in The X-Files. He later appeared on Brooklyn South, Law &amp; Order, Felicity, Roswell, and NYPD Blue.
He appeared in a number of music videos, including Jennifer Lopez's 1999 video "If You Had My Love"; Busta Rhymes' "Respect My Conglomerate"; Lionel Richie's "I Call It Love"; Melanie Fiona's "It Kills Me"; 50 Cent's "Many Men"; and Wisin &amp; Yandel's "No Dejemos Que Se Apague". He was a participant in the pro-Barack Obama video "Yes We Can".
He starred in 18 episodes of Roswell (Season 3)
He was part of the original cast of CSI: Miami, which premiered in 2002. He  later directed and wrote the episode "Hunting Ground" (season 9, episode 16). He left the main cast five episodes into season 8 and was credited as a recurring cast member for eight episodes. He returned to the main cast in season 9 and remained on the show until it ended with season 10 in 2012.
Rodriguez starred in the 2009 Tyler Perry movie I Can Do Bad All By Myself as Sandino. He co-starred in a smaller film, Love and Debate. He played Bobby, Hilda's love interest, in season 4 of Ugly Betty. 
He appeared in Let the Game Begin (2010), Magic Mike (2012) and “Magic Mike XXL (2015)In 2015, he was cast in the recurring role of Dr. Chavez in the second season of Jane the Virgin.Rodriguez was on the cover of H mag on April 2012, photographed by Joey Shaw.
In 2016, Rodriguez was cast as Luke Alvez, an FBI Fugitive Task Force Agent who joins the Behavioral Analysis Unit in season 12 of Criminal Minds, replacing Shemar Moore.
Rodriguez splits his time between New York City and Los Angeles, and he has a third residence in Puerto Rico.Rodriguez married model Grace Gail in 2016. They have three children, including son Bridgemont Bernard Rodriguez who was born on March 16, 2020.
Adam Rodriguez profile, cbs.com; accessed March 17, 2016.
Adam Rodriguez at IMDb
 </original_body>
 <spacy_body>
  {ORG[Rodriguez]} was born in {GPE[Yonkers]}, {GPE[New York]}, the son of {PERSON[Janet]}, an airline ticket agent, and {PERSON[Ramon Rodriguez]}, an executive with {ORG[the United States Hispanic Chamber of Commerce]}.His father is of {CARDINAL[half]} {PERSON[Puerto Rican]} and {CARDINAL[half]} {NORP[Cuban]} descent, and his mother is of {NORP[Puerto Rican]} ancestry.He attended {ORG[Clarkstown High School North]} in {GPE[New City]}, {GPE[New York]}, graduating in {DATE[1993]}. {ORG[Rodriguez]} initially hoped to be a professional baseball player, but after a high school injury, he turned his attention to acting and performed in a children's theater in {GPE[New York]}. 
Before full-time acting, he was a stockbroker.
{ORG[Rodriguez]} has appeared in commercials, including {CARDINAL[one]} for {ORG[Coca-Cola]}. His {ORDINAL[first]} film appearance was as an extra in {WORK_OF_ART[The X-Files]}. He later appeared on {EVENT[Brooklyn South]}, {ORG[Law &amp; Order]}, {ORG[Felicity]}, {ORG[Roswell]}, and {ORG[NYPD Blue]}.
He appeared in a number of music videos, including {PERSON[Jennifer Lopez's]} {DATE[1999]} video "{WORK_OF_ART[If You Had My Love]}"; {PERSON[Busta Rhymes']} "{WORK_OF_ART[Respect My Conglomerate]}"; {PERSON[Lionel Richie's]} "{WORK_OF_ART[I Call It Love]}"; {PERSON[Melanie Fiona's]} "{WORK_OF_ART[It Kills Me]}"; {MONEY[50 Cent]}'s "Many Men"; and {ORG[Wisin &amp; Yandel's]} "No Dejemos Que Se Apague". He was a participant in the pro-Barack Obama video "{WORK_OF_ART[Yes We Can]}".
He starred in {CARDINAL[18]} episodes of {ORG[Roswell]} ({DATE[Season 3]})
He was part of the original cast of {ORG[CSI]}: {GPE[Miami]}, which premiered in {DATE[2002]}. He  later directed and wrote the episode "{WORK_OF_ART[Hunting Ground]}" ({DATE[season 9]}, episode {CARDINAL[16]}). He left the main cast {CARDINAL[five]} episodes into {DATE[season 8]} and was credited as a recurring cast member for {CARDINAL[eight]} episodes. He returned to the main cast in {DATE[season 9]} and remained on the show until it ended with {DATE[season 10]} in {DATE[2012]}.
{ORG[Rodriguez]} starred in the {DATE[2009]} {ORG[Tyler Perry]} movie I Can Do Bad All By Myself as Sandino. He co-starred in a smaller film, {WORK_OF_ART[Love and Debate]}. He played {PERSON[Bobby]}, {ORG[Hilda]}'s love interest, in {DATE[season 4]} of {PERSON[Ugly Betty]}. 
He appeared in {WORK_OF_ART[Let the Game Begin]} ({DATE[2010]}), {PERSON[Magic Mike]} ({DATE[2012]}) and “Magic {PERSON[Mike XXL]} ({DATE[2015)In 2015]}, he was cast in the recurring role of Dr. {PERSON[Chavez]} in {DATE[the second season]} of {GPE[Jane the Virgin]}.{PERSON[Rodriguez]} was on the cover of H mag on {DATE[April 2012]}, photographed by {PERSON[Joey Shaw]}.
In {DATE[2016]}, {PERSON[Rodriguez]} was cast as {PERSON[Luke Alvez]}, an {ORG[FBI]} Fugitive Task Force Agent who joins {ORG[the Behavioral Analysis Unit]} in {DATE[season 12]} of {ORG[Criminal Minds]}, replacing {PERSON[Shemar Moore]}.
{PERSON[Rodriguez]} splits his time between {GPE[New York City]} and {GPE[Los Angeles]}, and he has a {ORDINAL[third]} residence in {GPE[Puerto Rico]}.{PERSON[Rodriguez]} married model {PERSON[Grace Gail]} in {DATE[2016]}. They have {CARDINAL[three]} children, including son {PERSON[Bridgemont Bernard Rodriguez]} who was born on {DATE[March 16, 2020]}.
{PERSON[Adam Rodriguez]} profile, cbs.com; accessed {DATE[March 17, 2016]}.
{PERSON[Adam Rodriguez]} at IMDb
 </spacy_body>
</doc>