<?xml version="1.0" encoding="utf-8"?>
<doc>
 <title>
  Adam Hollander
 </title>
 <original_abstract>
  Adam Hollander (October 14, 1964 – September 24, 1984) was an American film and television actor.
 </original_abstract>
 <spacy_abstract>
  {PERSON[Adam Hollander]} ({DATE[October 14, 1964 –]} {DATE[September 24, 1984]}) was an {NORP[American]} film and television actor.
 </spacy_abstract>
 <original_body>
  Hollander was born in Los Angeles, California. He had been best known for portraying Keith in the horror classic Halloween. Hollander's last film was The Sting II playing the delivery boy. Hollander appeared on 1 episode of the television series Welcome Back, Kotter playing the punk. Hollander's film debut was The City playing Kenny.
Hollander died on September 24, 1984. Hollander was riding a bicycle in Albuquerque, New Mexico and was hit by a car. He died later at the Rehabilitation Hospital of New Mexico. He was 19 years old.
Adam Hollander at IMDb
 </original_body>
 <spacy_body>
  Hollander was born in {GPE[Los Angeles]}, {GPE[California]}. He had been best known for portraying {PERSON[Keith]} in the horror classic {DATE[Halloween]}. Hollander's last film was {WORK_OF_ART[The Sting II]} playing the delivery boy. Hollander appeared on {CARDINAL[1]} episode of the television series {WORK_OF_ART[Welcome Back]}, {PERSON[Kotter]} playing the punk. {PERSON[Hollander]}'s film debut was {GPE[The City playing]} {ORG[Kenny]}.
Hollander died on {DATE[September 24, 1984]}. Hollander was riding a bicycle in {GPE[Albuquerque]}, {GPE[New Mexico]} and was hit by a car. He died later at {ORG[the Rehabilitation Hospital]} of {GPE[New Mexico]}. He was {DATE[19 years old]}.
{PERSON[Adam Hollander]} at IMDb
 </spacy_body>
</doc>