<?xml version="1.0" encoding="utf-8"?>
<doc>
 <title>
  Adam Roarke
 </title>
 <original_abstract>
  Adam Roarke (born Richard Jordan Gerler, August 8, 1937 – April 27, 1996) was an American actor and film director.
 </original_abstract>
 <spacy_abstract>
  {PERSON[Adam Roarke]} (born {PERSON[Richard Jordan Gerler]}, {DATE[August 8, 1937]} – {DATE[April 27, 1996]}) was an {NORP[American]} actor and film director.
 </spacy_abstract>
 <original_body>
  Roarke was born in Brooklyn, New York, where he was a street gang member during his youth. His father was a vaudeville comedian and his mother was a chorine, showgirl.Roarke began his acting career under the name Jordan Gerler and then Jordan Grant; however, when he signed on with Universal Studios in 1957, he was told that he needed to change the name, because the studios already had one Mr. Grant (Cary Grant) under contract.  Roarke appeared in a number of television series during the late 1950s and early 1960s, including the role of Communications Officer Garrison in the original Star Trek pilot. He appeared in a string of AIP biker pictures along with Peter Fonda, Jack Nicholson, and Bruce Dern in the late 1960s, beginning with Hells Angels on Wheels (1967), and culminating with The Losers (subsequently retitled Nam's Angels) in 1970.  In 1974, Roarke appeared in the financially successful car chase film Dirty Mary, Crazy Larry, with Fonda and Susan George, a role which showcased his range of acting skill.
His breakout role came in 1980 when he portrayed Raymond Bailey, a self-important leading man whose stunt double was played by Steve Railsback in The Stunt Man. Peter O'Toole befriended Roarke during filming, and the two became drinking pals. Unfortunately, Roarke was unable to keep up with O’Toole, and was hospitalized with delirium tremens before shooting was concluded. Word spread around Hollywood quickly, and Roarke had difficulty finding work as a result. However, an offer to work on a low-budget independent film brought him to Austin, Texas, in 1982. At the time, Texas had a burgeoning movie industry—billing itself as the "Third Coast"—but lacked any real opportunities for aspiring film actors to learn their craft from industry veterans. Recognizing this need, Roarke opened the "Film Actors Lab" in the Dallas Communications Complex at the Studios in Las Colinas. "Graduates" of his program include Darryl Cox, Benton Jennings, Lar Park Lincoln and Lou Diamond Phillips.
In 1989 Roarke married Carla DeLane and they had one child together. A child from Roarke's previous marriage, Jordan Gerler, was also an actor, appearing in Rolling Thunder in 1977. Roarke died in Euless, Texas, of an apparent heart attack.
Trespasses (1986)
Adam Roarke at IMDb
Adam Roarke at Memory Alpha (a Star Trek wiki)
 </original_body>
 <spacy_body>
  Roarke was born in {GPE[Brooklyn]}, {GPE[New York]}, where he was a street gang member during his youth. His father was a vaudeville comedian and his mother was a chorine, showgirl.Roarke began his acting career under the name {PERSON[Jordan Gerler]} and then {PERSON[Jordan Grant]}; however, when he signed on with {ORG[Universal Studios]} in {DATE[1957]}, he was told that he needed to change the name, because the studios already had {CARDINAL[one]} Mr. {PERSON[Grant]} ({PERSON[Cary Grant]}) under contract.  Roarke appeared in a number of television series during {DATE[the late 1950s]} and {DATE[early 1960s]}, including the role of Communications Officer {PERSON[Garrison]} in the original {WORK_OF_ART[Star Trek]} pilot. He appeared in a string of AIP biker pictures along with {PERSON[Peter Fonda]}, {PERSON[Jack Nicholson]}, and {PERSON[Bruce Dern]} in {DATE[the late 1960s]}, beginning with {ORG[Hells Angels on Wheels]} (1967), and culminating with The Losers (subsequently retitled {WORK_OF_ART[Nam's Angels]}) in {DATE[1970]}.  In {DATE[1974]}, Roarke appeared in the financially successful car chase film Dirty {PERSON[Mary]}, {PERSON[Crazy Larry]}, with {PERSON[Fonda]} and {PERSON[Susan George]}, a role which showcased his range of acting skill.
His breakout role came in {DATE[1980]} when he portrayed {PERSON[Raymond Bailey]}, a self-important leading man whose stunt double was played by {PERSON[Steve Railsback]} in {WORK_OF_ART[The Stunt Man]}. {PERSON[Peter O'Toole]} befriended Roarke during filming, and the {CARDINAL[two]} became drinking pals. Unfortunately, {PERSON[Roarke]} was unable to keep up with {PRODUCT[O’Toole]}, and was hospitalized with delirium tremens before shooting was concluded. Word spread around {GPE[Hollywood]} quickly, and {PERSON[Roarke]} had difficulty finding work as a result. However, an offer to work on a low-budget independent film brought him to {GPE[Austin]}, {GPE[Texas]}, in {DATE[1982]}. At the time, {GPE[Texas]} had a burgeoning movie industry—billing itself as the "{ORDINAL[Third]} Coast"—but lacked any real opportunities for aspiring film actors to learn their craft from industry veterans. Recognizing this need, Roarke opened {ORG[the "Film Actors Lab"]} in {ORG[the Dallas Communications Complex]} at the Studios in {GPE[Las Colinas]}. "{GPE[Graduates]}" of his program include {PERSON[Darryl Cox]}, {PERSON[Benton Jennings]}, {PERSON[Lar Park Lincoln]} and {PERSON[Lou Diamond Phillips]}.
In {DATE[1989]} Roarke married {PERSON[Carla DeLane]} and they had {CARDINAL[one]} child together. A child from {ORG[Roarke]}'s previous marriage, {PERSON[Jordan Gerler]}, was also an actor, appearing in {WORK_OF_ART[Rolling Thunder]} in {DATE[1977]}. Roarke died in {GPE[Euless]}, {GPE[Texas]}, of an apparent heart attack.
Trespasses ({DATE[1986]})
{PERSON[Adam Roarke]} at IMDb
{WORK_OF_ART[Adam Roarke at Memory Alpha]} (a {WORK_OF_ART[Star Trek]} wiki)
 </spacy_body>
</doc>