<?xml version="1.0" encoding="utf-8"?>
<doc>
 <title>
  Adam Kennedy (actor)
 </title>
 <original_abstract>
  Jack Kennedy (March 10, 1922 – October 16, 1997) was an American actor and screenwriter. He was known for playing Dion Patrick in the American western television series The Californians.
 </original_abstract>
 <spacy_abstract>
  {PERSON[Jack Kennedy]} ({DATE[March 10, 1922]} – {DATE[October 16, 1997]}) was an {NORP[American]} actor and screenwriter. He was known for playing {PERSON[Dion Patrick]} in the {NORP[American]} western television series The {NORP[Californians]}.
 </spacy_abstract>
 <original_body>
  Originally from Otterbein near Lafayette, Indiana, Kennedy graduated from DePauw University in Greencastle, Indiana. He studied acting under Sanford Meisner at the Neighborhood Playhouse in Manhattan.Kennedy's first acting role, though uncredited, was at the age of 33 as Yip Ryan, a United States Army pilot in the 1955 film, The Court-Martial of Billy Mitchell. The film also starred Gary Cooper as Billy Mitchell and Dayton Lummis as General Douglas MacArthur.
In 1956 and 1957, he appeared in three episodes of the religiously themed anthology series Crossroads - as Don in "God's Healing", as Ed Buckley in "Paratroop Padre", and as Art Jackson in the series finale, "Half Mile Down". During this time, Kennedy was cast as Benton in the episode "In a Small Motel" on the Chevron Hall of Stars and in "Outpost" on the H.J. Heinz Company's Studio 57.In 1957, he appeared in two syndicated series about the United States Navy: Men of Annapolis ("Mister Number Five") and The Silent Service ("The Spearfish Delivers"). That same year, he appeared in another anthology, CBS's Dick Powell's Zane Grey Theater, as Adam Dempster in the episode "A Man on the Run".
Cast in The Californians, Kennedy appeared in such episodes as "Skeleton in the Closet", "Pipeline", "The Foundling", "Second Trial", "The Inner Circle", "The Golden Bride", "Murietta", "Shanghai Queen", "Bridal Bouquet", and "Golden Grapes"; his final segment on the program aired on June 17, 1958. His co-stars were Sean McClory and Herbert Rudley.Between 1955 and 1958, Kennedy appeared in four different roles in the CBS anthology series Schlitz Playhouse of Stars - as Charlie in "The Careless Cadet", as George in "Always the Best Man", as Johnnie in "The Blue Hotel", and as Steve Elliot in "The Trouble with Ruth". He appeared, too, in 1959 with Mary Astor, Suzanne Pleshette, and Inger Stevens in the episode "Diary of a Nurse" of CBS's Playhouse 90.He appeared twice on the half-hour version of CBS's Gunsmoke - as Andy Travis in "Kite's Reward" (1955) and as Bert Wells in "Gentleman's Disagreement" (1960). In 1962, he appeared as Sam Hagen in the episode "Stopover in Paradise" of another CBS Western, Frontier Circus, starring Chill Wills. In 1965, he appeared as Brock Hayden in the NBC soap opera The Doctors. His final screen role was an uncredited part in the 1980 television movie, Act of Love, starring Ron Howard and Robert Foxworth, and directed by Jud Taylor.
After his acting career ended, Kennedy adapted a novel into a screenplay for Stanley Kramer's 1977 film, The Domino Principle, which stars Gene Hackman as a convict who becomes an assassin. Kennedy wrote nine other screenplays, including Raise the Titanic, The Dove, and Barlow's Kingdom. He penned 20 novels, including The Killing Season (1967), Maggie D. (1973), Just Like Humphrey Bogart (1978), The Fires of Summer (1987), and Somebody's Fool (1993). Kennedy's oil paintings and watercolors have been displayed in the United States and Europe. In 1952, he was hailed in Paris as that city's most influential American painter.Kennedy was married twice, first to model Barbara Lee, with whom he had two sons, Regan Kennedy, living in New York City at the time of his father's death, and Jack Kennedy, of Santa Barbara, California. He also had a daughter, Anne Kennedy Stromsted of Norway, with  actress Liv Stromsted. At his death, he was married to actress and radio host Susan Adams. According to his former agent, Kennedy died at the age of 75 of a heart attack at home in Kent, Connecticut, in western Connecticut.
The Court-Martial of Billy Mitchell (1955) - Yip Ryan (uncredited)
Gunsmoke, "Kite's Reward" (1955) - Andy Travis
Tension at Table Rock (1956) - Jethro (uncredited)
Men in War (1957) - Pvt. Maslow
Bailout at 43,000 (1957) - Lieutenant Ed Simmons
Until They Sail (1957) - Andy, Delia's Lover
The Tall Stranger (1957) - Red
Adam Kennedy at IMDb
 </original_body>
 <spacy_body>
  Originally from {PERSON[Otterbein]} near {GPE[Lafayette]}, {GPE[Indiana]}, {PERSON[Kennedy]} graduated from {ORG[DePauw University]} in {GPE[Greencastle]}, {GPE[Indiana]}. He studied acting under {PERSON[Sanford Meisner]} at {ORG[the Neighborhood Playhouse]} in {GPE[Manhattan]}.{PERSON[Kennedy]}'s {ORDINAL[first]} acting role, though uncredited, was at {DATE[the age of 33]} as {PERSON[Yip Ryan]}, a {ORG[United States Army]} pilot in the {DATE[1955]} film, {ORG[The Court-Martial]} of {PERSON[Billy Mitchell]}. The film also starred {PERSON[Gary Cooper]} as {PERSON[Billy Mitchell]} and {GPE[Dayton Lummis]} as General {PERSON[Douglas MacArthur]}.
In {DATE[1956]} and {DATE[1957]}, he appeared in {CARDINAL[three]} episodes of the religiously themed anthology series {PERSON[Crossroads]} - as {PERSON[Don]} in "{WORK_OF_ART[God's Healing]}", as {PERSON[Ed Buckley]} in "{WORK_OF_ART[Paratroop Padre]}", and as {PERSON[Art Jackson]} in the series finale, "{WORK_OF_ART[Half Mile Down]}". During this time, {PERSON[Kennedy]} was cast as {PERSON[Benton]} in the episode "{WORK_OF_ART[In a Small Motel]}" on {FAC[the Chevron Hall of Stars]} and in "{GPE[Outpost]}" on {ORG[the H.J. Heinz Company's]} Studio {DATE[57.In 1957]}, he appeared in {CARDINAL[two]} syndicated series about {ORG[the United States Navy]}: Men of {PERSON[Annapolis]} ("{WORK_OF_ART[Mister Number Five]}") and {ORG[The Silent Service]} ("{WORK_OF_ART[The Spearfish Delivers]}"). {DATE[That same year]}, he appeared in another anthology, {ORG[CBS]}'s {PERSON[Dick Powell]}'s {FAC[Zane Grey Theater]}, as {PERSON[Adam Dempster]} in the episode "{WORK_OF_ART[A Man on the Run]}".
Cast in The {NORP[Californians]}, {PERSON[Kennedy]} appeared in such episodes as "{GPE[Skeleton]} in the {EVENT[Closet]}", "{WORK_OF_ART[Pipeline]}", "{WORK_OF_ART[The Foundling]}", "{WORK_OF_ART[Second Trial]}", "{WORK_OF_ART[The Inner Circle]}", "{WORK_OF_ART[The Golden Bride]}", "{PERSON[Murietta]}", "{WORK_OF_ART[Shanghai Queen]}", "{WORK_OF_ART[Bridal Bouquet]}", and "{WORK_OF_ART[Golden Grapes]}"; his final segment on the program aired on {DATE[June 17, 1958]}. His co-stars were {PERSON[Sean McClory]} and {PERSON[Herbert Rudley]}.{DATE[Between 1955 and 1958]}, {PERSON[Kennedy]} appeared in {CARDINAL[four]} different roles in the {ORG[CBS]} anthology series {WORK_OF_ART[Schlitz Playhouse]} of Stars - as {PERSON[Charlie]} in "{WORK_OF_ART[The Careless Cadet]}", as {PERSON[George]} in "{WORK_OF_ART[Always the Best Man]}", as {WORK_OF_ART[Johnnie]} in {WORK_OF_ART["The Blue Hotel"]}, and as {PERSON[Steve Elliot]} in {WORK_OF_ART["The Trouble with Ruth"]}. He appeared, too, in {DATE[1959]} with {PERSON[Mary Astor]}, {PERSON[Suzanne Pleshette]}, and {PERSON[Inger Stevens]} in the episode "{WORK_OF_ART[Diary of a Nurse]}" of {ORG[CBS]}'s {ORG[Playhouse]} {CARDINAL[90.He]} appeared twice on {TIME[the half-hour]} version of {ORG[CBS]}'s Gunsmoke - as {PERSON[Andy Travis]} in "{WORK_OF_ART[Kite's Reward]}" ({DATE[1955]}) and as {PERSON[Bert Wells]} in "{WORK_OF_ART[Gentleman's Disagreement]}" ({DATE[1960]}). In {DATE[1962]}, he appeared as {PERSON[Sam Hagen]} in the episode "{WORK_OF_ART[Stopover in Paradise]}" of another {ORG[CBS Western]}, {ORG[Frontier Circus]}, starring {ORG[Chill Wills]}. In {DATE[1965]}, he appeared as {LOC[Brock Hayden]} in the {ORG[NBC]} soap opera The Doctors. His final screen role was an uncredited part in the {DATE[1980]} television movie, {WORK_OF_ART[Act of Love]}, starring {PERSON[Ron Howard]} and {PERSON[Robert Foxworth]}, and directed by {PERSON[Jud Taylor]}.
After his acting career ended, {PERSON[Kennedy]} adapted a novel into a screenplay for {PERSON[Stanley Kramer's]} {DATE[1977]} film, {WORK_OF_ART[The Domino Principle]}, which stars {PERSON[Gene Hackman]} as a convict who becomes an assassin. {PERSON[Kennedy]} wrote {CARDINAL[nine]} other screenplays, including {PERSON[Raise the Titanic]}, The {FAC[Dove]}, and {GPE[Barlow]}'s {GPE[Kingdom]}. He penned {CARDINAL[20]} novels, including {WORK_OF_ART[The Killing Season]} ({DATE[1967]}), {PERSON[Maggie D.]} ({DATE[1973]}), Just Like {PERSON[Humphrey Bogart]} ({DATE[1978]}), The Fires of {DATE[Summer]} ({DATE[1987]}), and {ORG[Somebody's Fool]} ({DATE[1993]}). {PERSON[Kennedy]}'s oil paintings and watercolors have been displayed in {GPE[the United States]} and {LOC[Europe]}. In {DATE[1952]}, he was hailed in {GPE[Paris]} as that city's most influential {NORP[American]} painter.{PERSON[Kennedy]} was married twice, {ORDINAL[first]} to model {PERSON[Barbara Lee]}, with whom he had {CARDINAL[two]} sons, {PERSON[Regan Kennedy]}, living in {GPE[New York City]} at the time of his father's death, and {PERSON[Jack Kennedy]}, of {GPE[Santa Barbara]}, {GPE[California]}. He also had a daughter, {PERSON[Anne Kennedy]} Stromsted of {GPE[Norway]}, with  actress {PERSON[Liv Stromsted]}. At his death, he was married to actress and radio host {PERSON[Susan Adams]}. According to his former agent, {PERSON[Kennedy]} died at {DATE[the age of 75]} of a heart attack at home in {GPE[Kent]}, {GPE[Connecticut]}, in western {GPE[Connecticut]}.
{ORG[The Court-Martial]} of {PERSON[Billy Mitchell]} ({DATE[1955]}) {PERSON[- Yip Ryan]} (uncredited)
Gunsmoke, "{WORK_OF_ART[Kite's Reward]}" ({DATE[1955]}) {PERSON[- Andy Travis]}
Tension at {GPE[Table Rock]} ({DATE[1956]}) - Jethro (uncredited)
Men in War ({DATE[1957]}) - Pvt. Maslow
Bailout at {CARDINAL[43,000]} ({DATE[1957]}) - Lieutenant {PERSON[Ed Simmons]}
Until They Sail ({DATE[1957]}) {PERSON[- Andy]}, {GPE[Delia]}'s Lover
The Tall Stranger ({DATE[1957]}) - Red
{PERSON[Adam Kennedy]} at IMDb
 </spacy_body>
</doc>