<?xml version="1.0" encoding="utf-8"?>
<doc>
 <title>
  Addie McPhail
 </title>
 <original_abstract>
  Addie McPhail (July 15, 1905 – April 14, 2003) was an American film actress. She appeared in more than 60 films between 1927 and 1941. She was the third and last wife of Roscoe "Fatty" Arbuckle. After she retired from acting, she served for 17 years as a volunteer nurse at the Motion Picture &amp; Television Country House and Hospital in Woodland Hills, California.
 </original_abstract>
 <spacy_abstract>
  {PERSON[Addie McPhail]} ({DATE[July 15, 1905]} – {DATE[April 14, 2003]}) was an {NORP[American]} film actress. She appeared in {CARDINAL[more than 60]} films {DATE[between 1927 and 1941]}. She was the {ORDINAL[third]} and last wife of {PERSON[Roscoe "Fatty" Arbuckle]}. After she retired from acting, she served for {DATE[17 years]} as a volunteer nurse at {ORG[the Motion Picture &amp; Television Country House and Hospital]} in {GPE[Woodland Hills]}, {GPE[California]}.
 </spacy_abstract>
 <original_body>
  Addie McPhail at IMDb
 </original_body>
 <spacy_body>
  {PERSON[Addie McPhail]} at IMDb
 </spacy_body>
</doc>