<?xml version="1.0" encoding="utf-8"?>
<doc>
 <title>
  Adelaide Klein
 </title>
 <original_abstract>
  Adelaide Klein (July 8, 1900 – March 18, 1983) was an American actress who performed on radio, television, films, and the stage. She was best known for her dialects as a radio performer. Over the course of her thirty-year career, Klein performed in radio comedies and soap operas, appeared in eight shows on Broadway, four films, and on thirteen television series.
 </original_abstract>
 <spacy_abstract>
  {PERSON[Adelaide Klein]} ({DATE[July 8, 1900 – March 18, 1983]}) was an {NORP[American]} actress who performed on radio, television, films, and the stage. She was best known for her dialects as a radio performer. Over the course of her {DATE[thirty-year]} career, {PERSON[Klein]} performed in radio comedies and soap operas, appeared in {CARDINAL[eight]} shows on {FAC[Broadway]}, {CARDINAL[four]} films, and on {CARDINAL[thirteen]} television series.
 </spacy_abstract>
 <original_body>
  Klein was born in New York City on July 8, 1900. Her parents were Morris Klein and Sophia Klein. She had two siblings: an older brother, Matthew, and a younger sister, Irene. While she attended Julia Richman High School, she prepared for a career in business but also was exposed to drama. After graduation, she began working as a secretary.
Klein began her radio as a singer in the late 1920s. However, demand for her talents with dialect and as a character actress led her to acting full-time by 1933.Klein performed in a variety of radio programs, including portraying Hilda, the maid in We, The Abbotts,:349 Dragon Lady in Terry and the Pirates,:328 Agatha Meek in Meet Mr. Meek,:224 and a Russian countess in The House on Q Street. She also was heard in Sometime Before Morning. Klein mastered use of 12 dialects in radio performances.Klein performed in a USO production of Blithe Spirit during World War II. Broadway shows in which she appeared included Double Dummy (1936), Brooklyn, U.S.A. (1941), Uncle Harry (1942), Collector's Item (1952), The Immoralist (1954), Once Upon a Tailor (1955), Jane Eyre (1958), and Marathon '33 (1963). Her film credits included The Naked City (1948) and The Enforcer (1951). She was signed to play the role of Martha in director Otto Preminger's Where the Sidewalk Ends and scenes were shot in New York City, but the role was ultimately played by another actress.On television, Klein portrayed the landlady on the situation comedy Two Girls Named Smith (1951).:25 She also had roles on other TV shows, including The Boris Karloff Mystery Playhouse (1949), Studio One in Hollywood (1949), The Ford Theatre Hour (1950), and The Philco-Goodyear Television Playhouse (1950).
In the mid-1940s, Klein was active in the American Federation of Radio Artists (AFRA) and served as a delegate for New York at national conferences in 1943 and 1944. Klein was one of 56 delegates for New York at national conferences in 1943 and 1944, where she worked with others, including Donna Keath, Minerva Pious, Ann Shepherd, Selena Royle, and Hester Sondergaard.Along with Keath, Pious, Shepherd, Royle, Sondergaard, Klein was listed in the blacklisting publication, Red Channels: The Report of Communist Influence in Radio and Television in 1950. She continued to perform in theatre, but television roles dried up as a consequence of Klein being labelled a communist.
Klein married Louis S. Wettels in Manhattan in the late 1920s. She later married Norman Annenberg. Klein died of a brain tumor on March 18, 1983. She was 82 years old.
Double Dummy (November 11, 1936 – December 1936)
Brooklyn, U.S.A. (December 21, 1941 – February 7, 1942)
Uncle Harry (May 20, 1942 – May 9, 1943)
Collector’s Item (February 8, 1952 – February 9, 1952)
The Immoralist (February 8, 1954 – May 1, 1954)
Once Upon A Tailor (May 23, 1955 – May 28, 1955)
Jane Eyre (May 1, 1958 – June 14, 1958)
Marathon ‘33 (December 22, 1963 – February 1, 1964)


== References ==
 </original_body>
 <spacy_body>
  {PERSON[Klein]} was born in {GPE[New York City]} on {DATE[July 8, 1900]}. Her parents were {ORG[Morris Klein]} and {GPE[Sophia Klein]}. She had {CARDINAL[two]} siblings: an older brother, {PERSON[Matthew]}, and a younger sister, {PERSON[Irene]}. While she attended {PERSON[Julia Richman High School]}, she prepared for a career in business but also was exposed to drama. After graduation, she began working as a secretary.
{PERSON[Klein]} began her radio as a singer in {DATE[the late 1920s]}. However, demand for her talents with dialect and as a character actress led her to acting full-time by 1933.Klein performed in a variety of radio programs, including portraying {ORG[Hilda]}, the maid in We, The Abbotts,:349 {PERSON[Dragon Lady]} in {PERSON[Terry]} and the Pirates,:328 {PERSON[Agatha Meek]} in {FAC[Meet Mr.]} {PERSON[Meek,:224]} and a {NORP[Russian]} countess in {ORG[The House]} on {FAC[Q Street]}. She also was heard in {TIME[Sometime Before Morning]}. {PERSON[Klein]} mastered use of {CARDINAL[12]} dialects in radio performances.{PERSON[Klein]} performed in a {ORG[USO]} production of Blithe Spirit during {EVENT[World War II]}. Broadway shows in which she appeared included {PERSON[Double Dummy]} ({DATE[1936]}), {GPE[Brooklyn]}, {GPE[U.S.A.]} ({DATE[1941]}), {PERSON[Uncle Harry]} ({DATE[1942]}), Collector's Item ({DATE[1952]}), The Immoralist ({DATE[1954]}), Once Upon a Tailor ({DATE[1955]}), {PERSON[Jane Eyre]} ({DATE[1958]}), and {ORG[Marathon]} '33 ({DATE[1963]}). Her film credits included {GPE[The Naked City]} ({DATE[1948]}) and The Enforcer ({DATE[1951]}). She was signed to play the role of {PERSON[Martha]} in director {PERSON[Otto Preminger]}'s Where the Sidewalk Ends and scenes were shot in {GPE[New York City]}, but the role was ultimately played by another actress.On television, {PERSON[Klein]} portrayed the landlady on the situation comedy {CARDINAL[Two]} Girls {PERSON[Named Smith]} ({CARDINAL[1951).:25]} She also had roles on other TV shows, including {ORG[The Boris Karloff Mystery Playhouse]} ({DATE[1949]}), Studio {CARDINAL[One]} in {GPE[Hollywood]} ({DATE[1949]}), {LAW[The Ford Theatre Hour]} ({DATE[1950]}), and {ORG[The Philco-Goodyear Television Playhouse]} ({DATE[1950]}).
In {DATE[the mid-1940s]}, {PERSON[Klein]} was active in {ORG[the American Federation of Radio Artists]} (AFRA) and served as a delegate for {GPE[New York]} at national conferences in {DATE[1943]} and {DATE[1944]}. {PERSON[Klein]} was {CARDINAL[one]} of {CARDINAL[56]} delegates for {GPE[New York]} at national conferences in {DATE[1943]} and {DATE[1944]}, where she worked with others, including {PERSON[Donna Keath]}, {PERSON[Minerva Pious]}, {PERSON[Ann Shepherd]}, {PERSON[Selena Royle]}, and {PERSON[Hester Sondergaard]}.Along with {PERSON[Keath]}, {PERSON[Pious]}, {GPE[Shepherd]}, {ORG[Royle]}, {ORG[Sondergaard]}, {PERSON[Klein]} was listed in the blacklisting publication, Red Channels: The Report of Communist Influence in {ORG[Radio and Television]} in {DATE[1950]}. She continued to perform in theatre, but television roles dried up as a consequence of {PERSON[Klein]} being labelled a communist.
{PERSON[Klein]} married {PERSON[Louis S. Wettels]} in {GPE[Manhattan]} in {DATE[the late 1920s]}. She later married {PERSON[Norman Annenberg]}. {PERSON[Klein]} died of a brain tumor on {DATE[March 18, 1983]}. She was {DATE[82 years old]}.
{PERSON[Double Dummy]} ({DATE[November 11, 1936]} – {DATE[December 1936]})
{GPE[Brooklyn]}, {GPE[U.S.A.]} ({DATE[December 21, 1941]} – {DATE[February 7, 1942]})
{PERSON[Uncle Harry]} ({DATE[May 20, 1942]} – {DATE[May 9, 1943]})
Collector’s Item ({DATE[February 8, 1952]} – {DATE[February 9, 1952]})
The Immoralist ({DATE[February 8, 1954]} – {DATE[May 1, 1954]})
Once Upon {WORK_OF_ART[A Tailor]} ({DATE[May 23, 1955]} – {DATE[May 28, 1955]})
Jane Eyre ({DATE[May 1, 1958]} – {DATE[June 14, 1958]})
Marathon ‘{CARDINAL[33]} (December 22, 1963 – {DATE[February 1, 1964]})


== References ==
 </spacy_body>
</doc>