<?xml version="1.0" encoding="utf-8"?>
<doc>
 <title>
  Adele Jergens
 </title>
 <original_abstract>
  Adele Jergens (November 26, 1917 – November 22, 2002) was an American actress.
 </original_abstract>
 <spacy_abstract>
  {PERSON[Adele Jergens]} ({DATE[November 26, 1917 –]} {DATE[November 22, 2002]}) was an {NORP[American]} actress.
 </spacy_abstract>
 <original_body>
  Born in Brooklyn, New York, as Adele Louisa Jurgens (some sources say Jurgenson), she rose to prominence in the late 1930s when she was named "Miss World's Fairest" at the 1939 New York World's Fair. In the early 1940s, she briefly worked as a Rockette and was named the number-one showgirl in New York City.After a few years of working as a model and chorus girl, including being an understudy to Gypsy Rose Lee in the Broadway show Star and Garter in 1942, Jergens landed a movie contract with Columbia Pictures in 1944, with brunette Jergens becoming a blonde.At the beginning of her career, she had roles in movies in which she was usually cast as a blonde floozy or burlesque dancer, as in Down to Earth starring Rita Hayworth (1947) and  The Dark Past starring William Holden (1948).She played Marilyn Monroe's mother in Ladies of the Chorus (1948) despite being only nine years older than Monroe. She played an exotic dancer in Armored Car Robbery, and a criminal's girl in Try and Get Me (both 1950) and appeared in the movie Abbott and Costello Meet the Invisible Man (1951).She had a part in The Cobweb (1955), directed by Vincente Minnelli and starring Richard Widmark and Lauren Bacall. She worked in the 1950s radio show Stand By for Crime as Glamourpuss Carol Curtis with her real-life husband Glenn Langan as Chuck Morgan.
In 1949, while filming Treasure of Monte Cristo, a film noir set in San Francisco, she met and married co-star Glenn Langan. Jergens and Langan remained married until his death from lymphoma on January 26, 1991, at age 73. 
They had one child, a son named Tracy Langan, who eventually worked in Hollywood behind the scenes as a film technician. Tracy died of a brain tumor in 2001.
Adele Jergens-Langan, who retired from the screen in 1956, died on November 22, 2002, from pneumonia in her Camarillo, California, home. Her death came just four days before her 85th birthday.She was buried beside her husband and son at Oakwood Memorial Park Cemetery in Chatsworth, California, under the headstone marked Langan.

Adele Jergens at IMDb
Adele Jergens at the Internet Broadway Database 
Adele Jergens LA Times Obituaries
 </original_body>
 <spacy_body>
  Born in {GPE[Brooklyn]}, {GPE[New York]}, as {PERSON[Adele Louisa Jurgens]} (some sources say {PERSON[Jurgenson]}), she rose to prominence in {DATE[the late 1930s]} when she was named "{WORK_OF_ART[Miss World's Fairest]}" at the {DATE[1939]} {ORG[New York World's]} Fair. In {DATE[the early 1940s]}, she briefly worked as a {ORG[Rockette]} and was named the number-one showgirl in {GPE[New York City]}.After {DATE[a few years]} of working as a model and chorus girl, including being an understudy to {PERSON[Gypsy Rose Lee]} in the {FAC[Broadway]} show Star and Garter in {DATE[1942]}, {ORG[Jergens]} landed a movie contract with {ORG[Columbia Pictures]} in {DATE[1944]}, with brunette {PERSON[Jergens]} becoming a blonde.At the beginning of her career, she had roles in movies in which she was usually cast as a blonde floozy or burlesque dancer, as in {GPE[Down]} to {GPE[Earth]} starring {PERSON[Rita Hayworth]} ({DATE[1947]}) and  {WORK_OF_ART[The Dark Past]} starring {PERSON[William Holden]} (1948).She played {PERSON[Marilyn Monroe's]} mother in Ladies of the Chorus ({DATE[1948]}) despite being {DATE[only nine years]} older than {PERSON[Monroe]}. She played an exotic dancer in {PRODUCT[Armored Car Robbery]}, and a criminal's girl in {LOC[Try and Get Me]} (both {DATE[1950]}) and appeared in the movie {PERSON[Abbott]} and Costello Meet the Invisible Man (1951).She had a part in {WORK_OF_ART[The Cobweb]} (1955), directed by {PERSON[Vincente Minnelli]} and starring {PERSON[Richard Widmark]} and {PERSON[Lauren Bacall]}. She worked in the {DATE[1950s]} radio show Stand By for Crime as {PERSON[Glamourpuss Carol Curtis]} with her real-life husband {PERSON[Glenn Langan]} as {PERSON[Chuck Morgan]}.
In {DATE[1949]}, while filming {GPE[Treasure of Monte Cristo]}, a film noir set in {GPE[San Francisco]}, she met and married co-star {PERSON[Glenn Langan]}. {PERSON[Jergens]} and {PERSON[Langan]} remained married until his death from lymphoma on {DATE[January 26, 1991]}, at {DATE[age 73]}. 
They had {CARDINAL[one]} child, a son named {PERSON[Tracy Langan]}, who eventually worked in {GPE[Hollywood]} behind the scenes as a film technician. Tracy died of a brain tumor in {DATE[2001]}.
{PERSON[Adele Jergens-Langan]}, who retired from the screen in {DATE[1956]}, died on {DATE[November 22, 2002]}, from pneumonia in her {GPE[Camarillo]}, {GPE[California]}, home. Her death came {DATE[just four days]} before her {ORDINAL[85th]} birthday.She was buried beside her husband and son at {FAC[Oakwood Memorial Park Cemetery]} in {GPE[Chatsworth]}, {GPE[California]}, under the headstone marked {GPE[Langan]}.

{PERSON[Adele Jergens]} at IMDb
{PERSON[Adele Jergens]} at the Internet Broadway Database 
Adele Jergens LA Times Obituaries
 </spacy_body>
</doc>