<?xml version="1.0" encoding="utf-8"?>
<doc>
 <title>
  Adele Mara
 </title>
 <original_abstract>
  Adele Mara (born Adelaida Delgado; April 28, 1923 – May 7, 2010) was an American actress, singer, and dancer, who appeared in films during the 1940s and 1950s and on television in the 1950s and 1960s. During the 1940s, the blonde actress was also a popular pinup girl.
 </original_abstract>
 <spacy_abstract>
  {PERSON[Adele Mara]} (born {PERSON[Adelaida Delgado]}; {DATE[April 28, 1923]} – {DATE[May 7, 2010]}) was an {NORP[American]} actress, singer, and dancer, who appeared in films during {DATE[the 1940s and]} {DATE[1950s]} and on television in {DATE[the 1950s and]} {DATE[1960s]}. During {DATE[the 1940s]}, the blonde actress was also a popular pinup girl.
 </spacy_abstract>
 <original_body>
  Mara was born in Highland Park, Michigan, to Spanish parents.
Mara danced as part of bandleader Xavier Cugat's show as well on two episodes of Maverick entitled "Seed of Deception" and "The Spanish Dancer."
Under the professional name of Adele St. Mara, she won a contract with Columbia Pictures and gained experience in the studio's "B" features and comedy shorts. This was soon shortened to Adele Mara. One of Mara's early roles was as a receptionist in the Three Stooges film I Can Hardly Wait. Mara and Leslie Brooks played the sisters of Rita Hayworth's character in the Fred Astaire film You Were Never Lovelier. In Alias Boston Blackie (1942), she plays the leading female role, as the sister of an escaped and wrongfully accused convict.
When her Columbia contract lapsed, she moved to Republic Pictures, where she became a fixture in the studio's westerns and outdoor adventures. She appeared in The Vampire's Ghost, Wake of the Red Witch starring John Wayne, Angel in Exile (leading lady), Sands of Iwo Jima with John Wayne in which she was John Agar's love interest, California Passage (leading lady), and Don Siegel's Count the Hours (supporting role).
In 1955 Mara appeared as Sarita on the TV western Cheyenne in the episode "Border Showdown."
In 1958, Mara played Maria Costa in the Bat Masterson episode "Double Showdown". In 1961, Mara appeared as a nurse with Cesar Romero on CBS's The Red Skelton Show in a sketch titled "Deadeye and The Alamo". About this time, she guest-starred on the NBC Western series, The Tall Man, as well as three episodes of Maverick and episodes of Laramie and Tales of Wells Fargo. She also appeared in the Alfred Hitchcock Hour episode "House Guest" in 1962.
Mara was married to screenwriter/series creator/producer/novelist Roy Huggins and appeared as the leading lady in three episodes of his 1957 television series Maverick. They had three sons, Thomas in 1960, John in 1961, and James Patrick in 1963 and remained married until his death at age 87 in 2002. The marriage had spanned half a century.
Mara's brother, Luis Delgado (1925–1997) played small, often uncredited roles in films and TV, especially in the projects of his close friend James Garner, for whom Delgado also worked as a personal assistant.
Mara died of natural causes on May 7, 2010.
Adele Mara at IMDb
Adele Mara at AllMovie
Adele Mara at Find a Grave
Thursby, Keith (May 10, 2010). "Actress Adele Mara dies at 87". Los Angeles Times.
 </original_body>
 <spacy_body>
  {GPE[Mara]} was born in {GPE[Highland Park]}, {GPE[Michigan]}, to {NORP[Spanish]} parents.
{GPE[Mara]} danced as part of bandleader {ORG[Xavier Cugat's]} show as well on {CARDINAL[two]} episodes of {PERSON[Maverick]} entitled "{WORK_OF_ART[Seed of Deception]}" and "{WORK_OF_ART[The Spanish Dancer]}."
Under the professional name of {PERSON[Adele St. Mara]}, she won a contract with {ORG[Columbia Pictures]} and gained experience in the studio's "B" features and comedy shorts. This was soon shortened to {PERSON[Adele Mara]}. {CARDINAL[One]} of {GPE[Mara]}'s early roles was as a receptionist in {ORG[the Three Stooges film I Can Hardly Wait]}. {PERSON[Mara]} and {PERSON[Leslie Brooks]} played the sisters of {PERSON[Rita Hayworth's]} character in {ORG[the Fred Astaire]} film {WORK_OF_ART[You Were Never Lovelier]}. In {ORG[Alias Boston Blackie]} ({DATE[1942]}), she plays the leading female role, as the sister of an escaped and wrongfully accused convict.
When her {ORG[Columbia]} contract lapsed, she moved to {ORG[Republic Pictures]}, where she became a fixture in the studio's westerns and outdoor adventures. She appeared in {FAC[The Vampire's Ghost, Wake of the Red Witch]} starring {PERSON[John Wayne]}, {PERSON[Angel]} in Exile (leading lady), Sands of {GPE[Iwo Jima]} with {PERSON[John Wayne]} in which she was {PERSON[John Agar's]} love interest, {ORG[California Passage]} (leading lady), and {PERSON[Don Siegel's]} Count the Hours (supporting role).
In {DATE[1955]} {GPE[Mara]} appeared as {PERSON[Sarita]} on the TV western {GPE[Cheyenne]} in the episode "{WORK_OF_ART[Border Showdown]}."
In {DATE[1958]}, {GPE[Mara]} played {PERSON[Maria Costa]} in the {PERSON[Bat Masterson]} episode "{WORK_OF_ART[Double Showdown]}". In {DATE[1961]}, {GPE[Mara]} appeared as a nurse with Cesar {PERSON[Romero]} on {ORG[CBS]}'s {WORK_OF_ART[The Red Skelton Show]} in a sketch titled "{WORK_OF_ART[Deadeye and The Alamo]}". About this time, she guest-starred on the {ORG[NBC]} Western series, {WORK_OF_ART[The Tall Man]}, as well as {CARDINAL[three]} episodes of {GPE[Maverick]} and episodes of {ORG[Laramie]} and {PERSON[Tales]} of {ORG[Wells Fargo]}. She also appeared in {FAC[the Alfred Hitchcock Hour]} episode {WORK_OF_ART["House Guest"]} in {DATE[1962]}.
{GPE[Mara]} was married to screenwriter/series creator/producer/novelist {PERSON[Roy Huggins]} and appeared as the leading lady in {CARDINAL[three]} episodes of his {DATE[1957]} television series {PERSON[Maverick]}. They had {CARDINAL[three]} sons, {GPE[Thomas]} in {DATE[1960]}, {PERSON[John]} in {DATE[1961]}, and {PERSON[James Patrick]} in {DATE[1963]} and remained married until his death at {DATE[age 87 in 2002]}. The marriage had spanned {DATE[half a century]}.
{GPE[Mara]}'s brother, {PERSON[Luis Delgado]} ({CARDINAL[1925–1997]}) played small, often uncredited roles in films and TV, especially in the projects of his close friend {PERSON[James Garner]}, for whom {PERSON[Delgado]} also worked as a personal assistant.
{GPE[Mara]} died of natural causes on {DATE[May 7, 2010]}.
{PERSON[Adele Mara]} at IMDb
{PERSON[Adele Mara]} at {ORG[AllMovie]}
{PERSON[Adele Mara]} at Find a Grave
Thursby, {PERSON[Keith]} ({DATE[May 10, 2010]}). "{PERSON[Actress Adele Mara]} dies at {CARDINAL[87]}". {ORG[Los Angeles Times]}.
 </spacy_body>
</doc>