<?xml version="1.0" encoding="utf-8"?>
<doc>
 <title>
  Adele Silva
 </title>
 <original_abstract>
  Adele Silva (born 19 November 1980) is an English actress. She played the role of Kelly Windsor in the ITV soap opera Emmerdale on and off from 1993 to 2011. In 1989, she had a minor role in the final classic series Doctor Who story Survival, playing Squeak.
 </original_abstract>
 <spacy_abstract>
  {PERSON[Adele Silva]} (born {DATE[19 November 1980]}) is an {LANGUAGE[English]} actress. She played the role of {PERSON[Kelly Windsor]} in the {ORG[ITV]} soap opera Emmerdale on and off from {DATE[1993]} to 2011. In {DATE[1989]}, she had a minor role in the final classic series Doctor Who story Survival, playing {PRODUCT[Squeak]}.
 </spacy_abstract>
 <original_body>
  Silva was born in Norbury, London and was educated at the Sylvia Young Theatre School. Her first television appearance was as Squeak in part 3 of the 1989 Doctor Who story Survival, which was the final episode transmitted in the original series' 26-year run. She also appeared in Mr Majeika, The Bill and EastEnders.
Silva is most famous for playing the role of Kelly Windsor in the television soap opera Emmerdale, which she first played from 1993 to 2000 before returning to the soap in 2005. Her plotlines have been amongst the most daring in the soap opera, including a relationship with her stepbrother and running off with one of her school teachers.
During her period away from Emmerdale, Silva appeared on Is Harry on the Boat?, Mile High, The Courtroom, the independent film Jam and Lily Savage's Blankety Blank. Silva became established as a sex symbol and has appeared in men's magazines like Front, FHM and Maxim. Silva has also made appearances in the reality television shows Celebrity Fear Factor, The Salon, I'm Famous and Frightened! and Celebrity 5 Go Dating.
Silva left Emmerdale in late 2007 to pursue other roles, initially promising fans that she would return to play Kelly in late 2008, although it was reported in January 2008 that she would not be returning to the show "in the immediate future".
Silva appeared in the third series of Hell's Kitchen where she came second to Barry McGuigan. Silva had a lead role in the short film Karma Magnet alongside Gary Kemp, which was directed by Martin Kemp. Silva also appeared on Celebrity Weakest Link, which she won.
In September 2008, following her success in Hell's Kitchen, Silva released her own limited edition selection of wines as part of a new Internet reality show Mistress of the Vines, in association with wine merchants Stowell's. She also made a cameo in the cult horror film Doghouse starring Danny Dyer and Noel Clarke. Silva took part in a celebrity version of TV show Total Wipeout which aired on 26 December 2009. In 2011, Silva starred in the comedy/horror film Strippers vs Werewolves with Robert Englund and guest-starred in romcom How to Stop Being a Loser opposite Richard E. Grant. Silva appeared in an episode of The Real Hustle.
It was announced on 5 November 2010 that Silva would return to Emmerdale in early 2011.She appeared in the one-woman comedy play 51 Shades of Maggie, written by Leesa Harker, inspired by EL James' infamous erotic novels, in the 2013 Autumn UK tour.In July 2015, Silva appeared in the Channel 4 soap opera, Hollyoaks, for a guest stint as Angela Brown, who expressed an interest in adopting her relative, Peri Lomax's (Ruby O'Donnell), baby daughter Steph.
Silva was engaged to Oliver Farber and suffered three miscarriages. On 25 March 2015, Silva gave birth to her first child: a girl named Sienna Farber.
Adele Silva at IMDb
 </original_body>
 <spacy_body>
  Silva was born in {GPE[Norbury]}, {GPE[London]} and was educated at {ORG[the Sylvia Young Theatre School]}. Her {ORDINAL[first]} television appearance was as Squeak in part {CARDINAL[3]} of the {DATE[1989]} Doctor Who story Survival, which was the final episode transmitted in the original series' {DATE[26-year]} run. She also appeared in {PERSON[Mr Majeika]}, {PERSON[The Bill and EastEnders]}.
Silva is most famous for playing the role of {PERSON[Kelly Windsor]} in the television soap opera {ORG[Emmerdale]}, which she {ORDINAL[first]} played from {DATE[1993 to 2000]} before returning to the soap in {DATE[2005]}. Her plotlines have been amongst the most daring in the soap opera, including a relationship with her stepbrother and running off with {CARDINAL[one]} of her school teachers.
During her period away from Emmerdale, Silva appeared on Is {PERSON[Harry]} on the Boat?, {PERSON[Mile]} High, The Courtroom, the independent film {PERSON[Jam]} and {PERSON[Lily Savage's]} {ORG[Blankety Blank]}. Silva became established as a sex symbol and has appeared in men's magazines like {ORG[Front]}, {ORG[FHM]} and {PERSON[Maxim]}. Silva has also made appearances in the reality television shows {ORG[Celebrity Fear Factor]}, The Salon, I'm Famous and Frightened! and Celebrity 5 Go Dating.
Silva left {ORG[Emmerdale]} in late 2007 to pursue other roles, initially promising fans that she would return to play {PERSON[Kelly]} in {DATE[late 2008]}, although it was reported in {DATE[January 2008]} that she would not be returning to the show "in the immediate future".
Silva appeared in the {ORDINAL[third]} series of {ORG[Hell]}'s Kitchen where she came {ORDINAL[second]} to {PERSON[Barry McGuigan]}. Silva had a lead role in the short film {PERSON[Karma Magnet]} alongside {PERSON[Gary Kemp]}, which was directed by {PERSON[Martin Kemp]}. Silva also appeared on {ORG[Celebrity Weakest Link]}, which she won.
In {DATE[September 2008]}, following her success in {ORG[Hell]}'s Kitchen, {PERSON[Silva]} released her own limited edition selection of wines as part of a new Internet reality show Mistress of the Vines, in association with wine merchants {PERSON[Stowell]}'s. She also made a cameo in the cult horror film {ORG[Doghouse]} starring {PERSON[Danny Dyer]} and {PERSON[Noel Clarke]}. Silva took part in a celebrity version of TV show {ORG[Total Wipeout]} which aired on {DATE[26 December 2009]}. In {DATE[2011]}, Silva starred in the comedy/horror film {WORK_OF_ART[Strippers vs Werewolves]} with {PERSON[Robert Englund]} and guest-starred in romcom How to {PERSON[Stop Being]} a Loser opposite {PERSON[Richard E. Grant]}. Silva appeared in an episode of {WORK_OF_ART[The Real Hustle]}.
It was announced on {DATE[5 November 2010]} that Silva would return to {ORG[Emmerdale]} in early 2011.She appeared in the {CARDINAL[one]}-woman comedy play {CARDINAL[51]} Shades of Maggie, written by {PERSON[Leesa Harker]}, inspired by {ORG[EL James']} infamous erotic novels, in the {DATE[2013]} {EVENT[Autumn UK]} tour.In {DATE[July 2015]}, Silva appeared in the Channel 4 soap opera, {ORG[Hollyoaks]}, for a guest stint as {PERSON[Angela Brown]}, who expressed an interest in adopting her relative, {PERSON[Peri Lomax's]} ({PERSON[Ruby O'Donnell]}), baby daughter {PERSON[Steph]}.
Silva was engaged to {PERSON[Oliver Farber]} and suffered {CARDINAL[three]} miscarriages. On {DATE[25 March 2015]}, Silva gave birth to her {ORDINAL[first]} child: a girl named {PERSON[Sienna Farber]}.
{PERSON[Adele Silva]} at IMDb
 </spacy_body>
</doc>