<?xml version="1.0" encoding="utf-8"?>
<doc>
 <title>
  Adelaide Hawley Cumming
 </title>
 <original_abstract>
  Adelaide Hawley Cumming (born Dieta Adelaide Fish; March 6, 1905 – December 21, 1998) was an American vaudeville performer, radio host, television star and living trademark "Betty Crocker", and in later years, a teacher.
 </original_abstract>
 <spacy_abstract>
  {PERSON[Adelaide Hawley Cumming]} (born {PERSON[Dieta Adelaide Fish]}; {DATE[March 6, 1905 –]} {DATE[December 21, 1998]}) was an {NORP[American]} vaudeville performer, radio host, television star and living trademark "{PERSON[Betty Crocker]}", and in {DATE[later years]}, a teacher.
 </spacy_abstract>
 <original_body>
  Dieta Adelaide Fish was born in Scranton, Pennsylvania and grew up in Willet, New York. She studied piano and voice on a scholarship at Eastman School of Music at the University of Rochester and graduated with a Bachelor's degree in Music in 1926. She taught as assistant professor of voice at the Alabama College, State College for Women School of Music in Montevallo, Alabama for two and a half years. Her career as an entertainer began when she collaborated with two of her friends to form a vaudeville trio named "Red, Black and Gold", in which their hair was artificially colored to match the sobriquet.Widespread exposure came in the form of the Adelaide Hawley Program which she hosted From 1937 to 1950, first on NBC Radio, subsequently on CBS Radio. A daily news and talk radio show, it was broadcast nationwide, attracting an estimated 3 million listeners. She also hosted the TV show Fashions on Parade on DuMont from 1948 to 1949, and on ABC in 1949.
From 1949 to 1964, she played "Betty Crocker", as a living trademark for General Mills. Although she "had little experience of any kind with cooking," her experience in broadcasting was a key in her replacing the previous woman who portrayed Crocker. Billed as America's First Lady of Food., she became the most recognizable woman in America, second only to Eleanor Roosevelt.  With Cumming in the title role, the 30-minute Betty Crocker Show appeared on CBS from 1950 to 1952.  She then took the role for ABC in two shows, Betty Crocker Star Matinee and Bride and Groom.  As Crocker she appeared in the George Burns and Gracie Allen comedy series, which would segue into commercial with phrases such as "I don't know how to bake a cake, Gracie, but here is Betty Crocker to show us how." General Mills, looking for updated branding, dropped Cumming in 1964.
After being dropped by General Mills, Cumming resumed her educational career, entering New York University and acquiring a doctoral degree in speech education in 1967.Cumming was married twice.  Her initial marriage was to Mark Hawley, an announcer best remembered as the voice of Pathé Newsreels. The Hawleys were charter members of the American Federation of Radio Artists, now the American Federation of Television and Radio Artists. Her second marriage was to Naval Air Cmdr. Laurence Gordon Cumming, with whom she relocated to the Pacific Northwest.  There she taught English as a second language, and she maintained this role until December 18, 1998, giving her final class three days before her death. She died on December 21, 1998, at Harrison Hospital, Bremerton, Washington, aged 93.
Adelaide Hawley Cumming at IMDb
Notice of death of Adelaide Hawley Cumming, New York Times; accessed January 4, 2015.
Papers, 1922-1967. Schlesinger Library, Radcliffe Institute, Harvard University.
Video file: Women in the news. Vol. 1, no. 34, hosted by Adelaide Hawley,  at the Library of Congress National Screening Room [1]
 </original_body>
 <spacy_body>
  Dieta {PERSON[Adelaide Fish]} was born in {GPE[Scranton]}, {GPE[Pennsylvania]} and grew up in {GPE[Willet]}, {GPE[New York]}. She studied piano and voice on a scholarship at {ORG[Eastman School of Music]} at {ORG[the University of Rochester]} and graduated with a {ORG[Bachelor]}'s degree in {GPE[Music]} in {DATE[1926]}. She taught as assistant professor of voice at {ORG[the Alabama College]}, {ORG[State College for Women School of Music]} in {GPE[Montevallo]}, {GPE[Alabama]} for {DATE[two and a half years]}. Her career as an entertainer began when she collaborated with {CARDINAL[two]} of her friends to form a vaudeville trio named "{WORK_OF_ART[Red, Black and Gold]}", in which their hair was artificially colored to match the sobriquet.Widespread exposure came in the form of {ORG[the Adelaide Hawley Program]} which she hosted {DATE[From 1937 to 1950]}, {ORDINAL[first]} on {ORG[NBC Radio]}, subsequently on {ORG[CBS Radio]}. A {DATE[daily]} news and talk radio show, it was broadcast nationwide, attracting {CARDINAL[an estimated 3 million]} listeners. She also hosted the TV show {ORG[Fashions on Parade on DuMont]} from {DATE[1948]} to {DATE[1949]}, and on {ORG[ABC]} in {DATE[1949]}.
From {DATE[1949 to 1964]}, she played "{PERSON[Betty Crocker]}", as a living trademark for {ORG[General Mills]}. Although she "had little experience of any kind with cooking," her experience in broadcasting was a key in her replacing the previous woman who portrayed Crocker. Billed as {GPE[America]}'s {ORDINAL[First]} Lady of Food., she became the most recognizable woman in {GPE[America]}, {ORDINAL[second]} only to {PERSON[Eleanor Roosevelt]}.  With Cumming in the title role, the 30-minute {PERSON[Betty Crocker]} Show appeared on {ORG[CBS]} from {DATE[1950 to 1952]}.  She then took the role for {ORG[ABC]} in {CARDINAL[two]} shows, {PERSON[Betty Crocker Star Matinee]} and {ORG[Bride and Groom]}.  As Crocker she appeared in {FAC[the George Burns]} and {PERSON[Gracie Allen]} comedy series, which would segue into commercial with phrases such as "I don't know how to bake a cake, {ORG[Gracie]}, but here is {PERSON[Betty Crocker]} to show us how." General {PERSON[Mills]}, looking for updated branding, dropped {GPE[Cumming]} in {DATE[1964]}.
After being dropped by {ORG[General Mills]}, {GPE[Cumming]} resumed her educational career, entering {ORG[New York University]} and acquiring a doctoral degree in speech education in {DATE[1967.Cumming]} was married twice.  Her initial marriage was to {PERSON[Mark Hawley]}, an announcer best remembered as the voice of {ORG[Pathé Newsreels]}. The {PERSON[Hawleys]} were charter members of {ORG[the American Federation of Radio Artists]}, now {ORG[the American Federation of Television and Radio Artists]}. Her {ORDINAL[second]} marriage was to {WORK_OF_ART[Naval Air Cmdr]}. {PERSON[Laurence Gordon Cumming]}, with whom she relocated to {ORG[the Pacific Northwest]}.  There she taught {LANGUAGE[English]} as a {ORDINAL[second]} language, and she maintained this role until {DATE[December 18, 1998]}, giving her final class {DATE[three days]} before her death. She died on {DATE[December 21, 1998,]} at {ORG[Harrison Hospital]}, {GPE[Bremerton]}, {GPE[Washington]}, aged {CARDINAL[93]}.
Adelaide Hawley Cumming at IMDb
Notice of death of {PERSON[Adelaide Hawley Cumming]}, {ORG[New York Times]}; accessed {DATE[January 4, 2015]}.
Papers, {DATE[1922-1967]}. {PERSON[Schlesinger Library]}, {ORG[Radcliffe Institute]}, {ORG[Harvard University]}.
Video file: Women in the news. {PERSON[Vol]}. {CARDINAL[1]}, no. {CARDINAL[34]}, hosted by {PERSON[Adelaide Hawley]},  at the Library of {ORG[Congress National Screening Room]} [1]
 </spacy_body>
</doc>