<?xml version="1.0" encoding="utf-8"?>
<doc>
 <title>
  Adewale Akinnuoye-Agbaje
 </title>
 <original_abstract>
  Adewale Akinnuoye-Agbaje (; born 22 August 1967) is an English actor, director, and former fashion model known for his roles as Simon Adebisi in Oz, Lock-Nah in The Mummy Returns, Nykwana Wombosi in The Bourne Identity, Kurse in Thor: The Dark World, Killer Croc in Suicide Squad, Mr. Eko in Lost, Malko in the fifth season of the HBO series Game of Thrones, and Dave Duerson in the NFL biopic drama Concussion.Akinnuoye-Agbaje's feature directorial debut, Farming, wrapped production in 2017 and had its world premiere at the 2018 Toronto International Film Festival.
 </original_abstract>
 <spacy_abstract>
  {PERSON[Adewale Akinnuoye-Agbaje (;]} born {DATE[22 August 1967]}) is an {LANGUAGE[English]} actor, director, and former fashion model known for his roles as {PERSON[Simon Adebisi]} in Oz, Lock-Nah in {WORK_OF_ART[The Mummy Returns]}, {PERSON[Nykwana Wombosi]} in {FAC[The Bourne Identity]}, Kurse in Thor: {WORK_OF_ART[The Dark World]}, Killer Croc in Suicide Squad, Mr. {PERSON[Eko]} in Lost, {PERSON[Malko]} in {DATE[the fifth season]} of the {ORG[HBO]} series {WORK_OF_ART[Game of Thrones]}, and {PERSON[Dave Duerson]} in the {ORG[NFL]} biopic drama {WORK_OF_ART[Concussion]}.Akinnuoye-Agbaje's feature directorial debut, Farming, wrapped production in {DATE[2017]} and had its world premiere at the {DATE[2018]} {EVENT[Toronto International Film Festival]}.
 </spacy_abstract>
 <original_body>
  Akinnuoye-Agbaje was born in Islington, London, to Nigerian parents of Yoruba origin, who were students in the UK. When he was six weeks old, his biological parents gave him up to a white working-class family in Tilbury, Essex. His foster parents had at least ten African children, including Akinnuoye-Agbaje's two sisters, living in their house at certain points. His foster father made a living as a lorry driver and struggled to support the family financially.

When he was eight years old, his biological parents brought him back to Nigeria but, as he was unable to speak the Yoruba language and forbidden by his parents to speak English, he was returned to Tilbury shortly thereafter. The brief exposure to Nigeria left him struggling to reconcile his heritage with the distinctly British culture and environment he was raised in. As a young boy, facing a cultural identity crisis, he joined a local skinhead gang in order to escape racial persecution at their hands. At 16 years old, having become a thief, his foster parents sent him to a boarding school in Surrey where he ultimately attempted suicide before coming to terms with his background and turning his life around.He went on to earn a law degree from King's College London and a Masters in Law from the University of London at large. While a university student, Akinnuoye-Agbaje worked in a clothes shop where he was introduced to the world of modelling.
Akinnuoye-Agbaje's modelling career led him to Hollywood, where he began his acting career with a 1995 role in Congo.His best-known acting roles have been as the imposing convict Simon Adebisi in the 1990s HBO prison series Oz and as Mr. Eko on ABC's survivor drama Lost. Film roles include The Bourne Identity, in which he played a deposed African dictator, Hitu the police officer in Ace Ventura: When Nature Calls, Lock-Nah in The Mummy Returns, and Heavy Duty in G.I. Joe: The Rise of Cobra. He was also featured in the video for singer-songwriter Grayson Hugh's hit "Talk It Over", which was in heavy rotation in 1989 on MTV and VH-1.
In 2009, Akinnuoye-Agbaje was in talks with Marvel Studios to play the superhero Black Panther in a proposed film of the same name. In an interview, he stated his excitement about the possibility, saying that "the timing is so right" for a black superhero, and "while I'm in my prime, this is the time... I'm going to keep knocking on their door." In 2014 Marvel did announce a Black Panther film, though with Chadwick Boseman in the title role.He guest starred in the second episode of season 8 of Monk, and played Derek Jameson in the 2011 film The Thing. He portrayed Kurse in the Marvel Studios film Thor: The Dark World. He portrayed the character Malko in the fifth season of Game of Thrones. In 2015 it was reported that Akinnuoye-Abaje voices the lead character of Bilal, a film about the life of Bilal Ibn Rabah set to be released in the second half of the year. In 2016, he co-starred in the DC Comics film Suicide Squad, as the Batman villain Killer Croc.
In 2012, Akinnuoye-Agbaje stated that he had been developing a film about his life story, which he also planned to direct. The film is called Farming, in reference to the practise of Nigerian parents "farming out" their children to white UK families. In May 2017, he announced that casting on the film had begun with Damson Idris in the lead role as Enitan, Kate Beckinsale playing his abusive, neglectful foster mother and Gugu Mbatha-Raw as his teacher and mentor.
Akinnuoye-Agbaje lives in Los Angeles. He is a Nichiren Buddhist and a member of the Soka Gakkai International Buddhist association.Akinnuoye-Agbaje asked to be written off Lost, citing a desire to return to London after his foster parents' deaths and to direct a film there. He is a supporter of Arsenal F.C.
"Talk It Over" – Grayson Hugh (1989)
"Jealousy" – Pet Shop Boys (1991)
"Giving Him Something He Can Feel" – En Vogue (1992)
"Love No Limit" – Mary J. Blige (1993)
"I Want It All Night Long" – Heather Hunter (1993)
"You Don't Love Me (No, No, No)" – Dawn Penn (1994)

Adewale Akinnuoye-Agbaje on Twitter 
Adewale Akinnuoye-Agbaje at IMDb
Adewale Akinnuoye-Agbaje interview on Tavis Smiley
 </original_body>
 <spacy_body>
  {PERSON[Akinnuoye-Agbaje]} was born in {GPE[Islington]}, {GPE[London]}, to {NORP[Nigerian]} parents of {NORP[Yoruba]} origin, who were students in the {GPE[UK]}. When he was {DATE[six weeks old]}, his biological parents gave him up to a white working-class family in {GPE[Tilbury]}, {PERSON[Essex]}. His foster parents had {CARDINAL[at least ten]} {NORP[African]} children, including {ORG[Akinnuoye-Agbaje's]} {CARDINAL[two]} sisters, living in their house at certain points. His foster father made a living as a lorry driver and struggled to support the family financially.

When he was {DATE[eight years old]}, his biological parents brought him back to {GPE[Nigeria]} but, as he was unable to speak the Yoruba language and forbidden by his parents to speak {LANGUAGE[English]}, he was returned to {ORG[Tilbury]} shortly thereafter. The brief exposure to {GPE[Nigeria]} left him struggling to reconcile his heritage with the distinctly {NORP[British]} culture and environment he was raised in. As a young boy, facing a cultural identity crisis, he joined a local skinhead gang in order to escape racial persecution at their hands. At {DATE[16 years old]}, having become a thief, his foster parents sent him to a boarding school in {GPE[Surrey]} where he ultimately attempted suicide before coming to terms with his background and turning his life around.He went on to earn a law degree from {ORG[King's College London]} and a Masters in {PERSON[Law]} from {ORG[the University of London]} at large. While a university student, {PERSON[Akinnuoye-Agbaje]} worked in a clothes shop where he was introduced to the world of modelling.
{PERSON[Akinnuoye-Agbaje's]} modelling career led him to {GPE[Hollywood]}, where he began his acting career with a {DATE[1995]} role in {GPE[Congo]}.His best-known acting roles have been as the imposing convict {PERSON[Simon Adebisi]} in the {DATE[1990s]} {ORG[HBO]} prison series Oz and as Mr. {PERSON[Eko]} on {ORG[ABC]}'s survivor drama Lost. Film roles include {ORG[The Bourne Identity]}, in which he played a deposed {NORP[African]} dictator, Hitu the police officer in {ORG[Ace Ventura]}: When {WORK_OF_ART[Nature Calls]}, {PERSON[Lock-Nah]} in {WORK_OF_ART[The Mummy Returns]}, and Heavy Duty in {GPE[G.I.]} Joe: {WORK_OF_ART[The Rise of Cobra]}. He was also featured in the video for singer-songwriter {PERSON[Grayson Hugh's]} hit "{WORK_OF_ART[Talk It Over]}", which was in heavy rotation in {DATE[1989]} on {ORG[MTV]} and {ORG[VH-1]}.
In {DATE[2009]}, {NORP[Akinnuoye]}-Agbaje was in talks with {ORG[Marvel Studios]} to play the superhero {ORG[Black Panther]} in a proposed film of the same name. In an interview, he stated his excitement about the possibility, saying that "the timing is so right" for a black superhero, and "while I'm in my prime, this is the time... I'm going to keep knocking on their door." In {DATE[2014]} Marvel did announce a {ORG[Black Panther]} film, though with {PERSON[Chadwick Boseman]} in the title role.He guest starred in the {ORDINAL[second]} episode of {DATE[season 8]} of {GPE[Monk]}, and played {PERSON[Derek Jameson]} in the {DATE[2011]} film {WORK_OF_ART[The Thing]}. He portrayed {PERSON[Kurse]} in the {ORG[Marvel Studios]} film Thor: The Dark World. He portrayed the character {NORP[Malko]} in {DATE[the fifth season]} of Game of Thrones. In {DATE[2015]} it was reported that {NORP[Akinnuoye]}-Abaje voices the lead character of {ORG[Bilal]}, a film about the life of {ORG[Bilal Ibn Rabah]} set to be released in {DATE[the second half of the year]}. In {DATE[2016]}, he co-starred in the {ORG[DC Comics film Suicide Squad]}, as the {PERSON[Batman]} villain Killer Croc.
In {DATE[2012]}, {ORG[Akinnuoye-Agbaje]} stated that he had been developing a film about his life story, which he also planned to direct. The film is called {WORK_OF_ART[Farming]}, in reference to the practise of {NORP[Nigerian]} parents "farming out" their children to white {GPE[UK]} families. In {DATE[May 2017]}, he announced that casting on the film had begun with {ORG[Damson Idris]} in the lead role as {GPE[Enitan]}, {PERSON[Kate Beckinsale]} playing his abusive, neglectful foster mother and {PERSON[Gugu Mbatha-Raw]} as his teacher and mentor.
{PERSON[Akinnuoye-Agbaje]} lives in {GPE[Los Angeles]}. He is a {ORG[Nichiren Buddhist]} and a member of {ORG[the Soka Gakkai International Buddhist association]}.{ORG[Akinnuoye-Agbaje]} asked to be written off {PERSON[Lost]}, citing a desire to return to {GPE[London]} after his foster parents' deaths and to direct a film there. He is a supporter of {ORG[Arsenal F.C.]}
"{WORK_OF_ART[Talk It Over]}" – {PERSON[Grayson Hugh]} ({DATE[1989]})
"Jealousy" – {WORK_OF_ART[Pet Shop Boys]} ({DATE[1991]})
"{WORK_OF_ART[Giving Him Something He Can Feel]}" – {GPE[En Vogue]} ({DATE[1992]})
"{WORK_OF_ART[Love No Limit]}" – {PERSON[Mary J. Blige]} ({DATE[1993]})
"I Want It All Night Long" {WORK_OF_ART[– Heather Hunter (1993]})
"{WORK_OF_ART[You Don't Love Me]} (No, No, No)" – {PERSON[Dawn Penn]} ({DATE[1994]})

{PERSON[Adewale Akinnuoye-Agbaje]} on Twitter 
{PERSON[Adewale Akinnuoye-Agbaje]} at IMDb
{PERSON[Adewale Akinnuoye-Agbaje]} interview on {PERSON[Tavis Smiley]}
 </spacy_body>
</doc>