<?xml version="1.0" encoding="utf-8"?>
<doc>
 <title>
  Adeyto
 </title>
 <original_abstract>
  Adeyto (also known as Adeyto Rex Angeli and Laura Windrath; born 3 December 1976) is a French artist, singer-songwriter, actress, director, photographer, university professor and fashion designer based in Japan.
 </original_abstract>
 <spacy_abstract>
  Adeyto (also known as Adeyto {PERSON[Rex Angeli]} and {PERSON[Laura Windrath]}; born {DATE[3 December 1976]}) is a {NORP[French]} artist, singer-songwriter, actress, director, photographer, university professor and fashion designer based in {GPE[Japan]}.
 </spacy_abstract>
 <original_body>
  Adeyto was born in Strasbourg, France, to a French mother and German father.Adeyto started acting at the age of 8. She moved to Japan in 1998 and has appeared in Japanese TV serials, movies and was a regular on major variety shows like Waratte Iitomo and Sma-Station.As a photographer and cinematographer, Adeyto Rex Angeli works behind the camera. She was responsible for the cover photography for Akino Arai's 2008 single "Kin no nami sen no nami".

In 2005, she designed the stage costumes for the La Stella players of the opera La bohème presented the same year in Tokyo.From July 2009, Adeyto became a professor at the University of Creation; Art, Music &amp; Social Work.As of 2012, producer Sir Ridley Scott chose Adeyto to be co-director &amp; cinematographer for the upcoming film 『JAPAN IN A DAY [ジャパン イン ア デイ]』 to be released worldwide in 2013. The film reflects the life in Japan on 3.11.2012, a year after the east Japan earthquake and will be nationwide in cinemas from 11.3.2012. Japan in a Day is also the opening film for the 25th Tokyo International Film Festival.
Adeyto has released music video DVDs, including Greed (2007) and End of the Word, The Mortal and The Bridge (all in 2006). She was also the lead singer and songwriter for a band named Genetic Sovereign, based in Tokyo, which recorded the albums Luminary in 2004 and Tempus Aurum in 2005.
Her album Adeyto – Temptation de l'Ange was released by AVEX Trax in November 2008. In 2008, she also appeared as a DJ on the stage at the Tokyo Dome for X Japan's World Tour I.V Towards Destruction and sang for AVEX 20th Anniversary Club Legend Juliana's Tokyo.
Meoto Manzai (2001) as Emma
Hi wa mata noboru (2002) as secretary
Returner (2002) as future technician (credited as Laura Windrash[sic])
College of Our Lives (2003) aka Collage of Our Lives and Renai Shashin (Japan) as girl in NY church
Get Up! (2003) as Marilyn Monroe
Umizaru (2004) aka Sea Monkey (USA) as fashion model
Peanuts (2006) as Itetsu's wife Toscania
Die Silbermaske (2006) as Elis
Sushi King Goes to New York (2008) as blonde judge
Detroit Metal City (2008) as Jack Ill Dark's (Gene Simmons) girlfriend
Japan in a day (2013) as Adeyto
Ever17 (2011)
Arms (2017) as Twintelle
Namida wo Fuite (2000) as Catherine – FujiTV
A side B – Simulation Garage (2001) as Susannah – BS-i
A side B – Counseling Booth (2001) as Susannah – BS-i
The Apartment (2002) as Nancy – TBS
Hatsu Taiken (2002) as Movie Star – FujiTV
Yanpapa (2002) as Jessica – TBS
Jiku Keisatsu 2 (2002) as Marilyn Monroe – NTV
A side B – Simulation Garage (2003) as Susannah – TBS
Kanjo ga shinjatta (2004) as Italian lady – NTV
Yonimo kimyō na monogatari: Aki no tokubetsu hen (2005) as "Bijo Kan" no Bijo – FujiTV
Primadam (2006) as Prof. Sophie – NTV
Ikiru (2007) as Anna – TV Asahi
Yama Onna Kabe Onna (2007) as on-set French coach – FujiTV
Mop Girl (2007) as Dr. Nastazia – TV Asahi
First Kiss (2007) – FujiTV
Yūkan Club (2007) as Sophie-Catherine – NTV
Scrap Teacher (2008) as Claudia – NTV
Waratte Iitomo – Fuji TV
SMAP×SMAP – Fuji TV
Sma-Station – TV Asahi
Out and About (2008) – NHK
Terebi de Furansugo (2008) – NHK
Out and About (2009) – NHK
Official Site
Adeyto at AVEX Trax
Adeyto at IMDb
Adeyto Photographer Site
 </original_body>
 <spacy_body>
  Adeyto was born in {GPE[Strasbourg]}, {GPE[France]}, to a {NORP[French]} mother and {NORP[German]} father.Adeyto started acting at {DATE[the age of 8]}. She moved to {GPE[Japan]} in {DATE[1998]} and has appeared in {NORP[Japanese]} TV serials, movies and was a regular on major variety shows like {PERSON[Waratte Iitomo]} and {ORG[Sma-Station]}.As a photographer and cinematographer, {ORG[Adeyto Rex Angeli]} works behind the camera. She was responsible for the cover photography for {ORG[Akino Arai's]} {DATE[2008]} single "Kin no nami sen no nami".

In {DATE[2005]}, she designed the stage costumes for the {PERSON[La Stella]} players of the opera {FAC[La]} bohème presented {DATE[the same year]} in {GPE[Tokyo]}.From {DATE[July 2009]}, {ORG[Adeyto]} became a professor at {ORG[the University of Creation]}; Art, Music &amp; Social Work.As of {DATE[2012]}, producer Sir {PERSON[Ridley Scott]} chose Adeyto to be co-director &amp; cinematographer for the upcoming film 『{GPE[JAPAN]} IN {DATE[A DAY]} [{PERSON[ジャパン]} イン ア デイ]』 to be released worldwide in {DATE[2013]}. The film reflects the life in {GPE[Japan]} on {DATE[3.11.2012]}, {DATE[a year]} after the east {GPE[Japan]} earthquake and will be nationwide in cinemas from 11.3.2012. {GPE[Japan]} in {DATE[a Day]} is also the opening film for the {ORDINAL[25th]} {EVENT[Tokyo International Film Festival]}.
Adeyto has released music video DVDs, including {ORG[Greed]} ({DATE[2007]}) and End of the Word, The Mortal and The Bridge (all in {DATE[2006]}). She was also the lead singer and songwriter for a band named {ORG[Genetic Sovereign]}, based in {GPE[Tokyo]}, which recorded the albums {DATE[Luminary]} in {DATE[2004]} and {ORG[Tempus Aurum]} in {DATE[2005]}.
Her album {LAW[Adeyto – Temptation de l'Ange]} was released by {ORG[AVEX Trax]} in {DATE[November 2008]}. In {DATE[2008]}, she also appeared as a DJ on the stage at {FAC[the Tokyo Dome]} for X {GPE[Japan]}'s {ORG[World Tour I.V Towards Destruction]} and sang for {DATE[AVEX 20th]} Anniversary Club Legend {PERSON[Juliana]}'s {GPE[Tokyo]}.
{ORG[Meoto Manzai]} ({DATE[2001]}) as Emma
Hi wa {PERSON[mata noboru]} ({DATE[2002]}) as secretary
{ORG[Returner]} (2002) as future technician (credited as {PERSON[Laura]} Windrash[sic])
College of Our Lives ({DATE[2003]}) aka Collage of Our Lives and {PERSON[Renai Shashin]} ({GPE[Japan]}) as girl in {NORP[NY]} church
Get Up! ({DATE[2003]}) as {PERSON[Marilyn Monroe]}
Umizaru ({DATE[2004]}) aka Sea Monkey (USA) as fashion model
Peanuts ({DATE[2006]}) as {GPE[Itetsu]}'s wife {PERSON[Toscania]}
{PERSON[Die Silbermaske]} ({DATE[2006]}) as {PERSON[Elis
]}Sushi King Goes to {GPE[New York]} ({DATE[2008]}) as blonde judge
{GPE[Detroit]} {GPE[Metal City]} (2008) as {PERSON[Jack Ill Dark's]} ({PERSON[Gene Simmons]}) girlfriend
{GPE[Japan]} in a day ({DATE[2013]}) as Adeyto
Ever17 ({DATE[2011]})
Arms ({DATE[2017]}) as {PERSON[Twintelle
Namida]} wo Fuite ({DATE[2000]}) as {PERSON[Catherine]} – FujiTV
A side B – Simulation Garage ({DATE[2001]}) as {LOC[Susannah]} – BS-i
A side B – {PERSON[Counseling Booth]} (2001) as {LOC[Susannah]} – BS-i
The Apartment ({DATE[2002]}) as {PERSON[Nancy]} – TBS
{ORG[Hatsu Taiken]} (2002) as {ORG[Movie Star]} – FujiTV
{PERSON[Yanpapa]} ({DATE[2002]}) as {PRODUCT[Jessica]} – TBS
{PERSON[Jiku Keisatsu 2]} (2002) as {PERSON[Marilyn Monroe]} – NTV
A side B – Simulation Garage ({DATE[2003]}) as {LOC[Susannah]} – TBS
{PERSON[Kanjo ga]} shinjatta ({DATE[2004]}) as {NORP[Italian]} lady – NTV
{GPE[Yonimo kimyō]} na monogatari: Aki no tokubetsu hen ({DATE[2005]}) as "{PERSON[Bijo Kan"]} no Bijo – FujiTV
Primadam ({DATE[2006]}) as Prof. {PERSON[Sophie]} – NTV
Ikiru ({DATE[2007]}) as {PERSON[Anna]} – TV Asahi
{PERSON[Yama Onna Kabe Onna]} ({DATE[2007]}) as on-set {NORP[French]} coach – FujiTV
{PERSON[Mop Girl]} ({DATE[2007]}) as Dr. {PERSON[Nastazia]} – TV {ORG[Asahi
First Kiss]} ({DATE[2007]}) – FujiTV
Yūkan Club ({DATE[2007]}) as {ORG[Sophie-Catherine]} – NTV
Scrap Teacher ({DATE[2008]}) as {GPE[Claudia]} – NTV
{PERSON[Waratte Iitomo]} – {ORG[Fuji TV]}
SMAP×SMAP – {ORG[Fuji TV]}
{ORG[Sma-Station]} – TV Asahi
Out and About ({DATE[2008]}) – NHK
{PERSON[Terebi de Furansugo]} ({DATE[2008]}) – NHK
Out and About ({DATE[2009]}) – NHK
Official Site
Adeyto at AVEX Trax
Adeyto at IMDb
Adeyto Photographer Site
 </spacy_body>
</doc>