<?xml version="1.0" encoding="utf-8"?>
<doc>
 <title>
  Adrienne Posta
 </title>
 <original_abstract>
  Adrienne Posta (born Adrienne Luanne Poster, 24 March 1949) is an English actress and singer, prominent during the 1960s and 1970s. She adopted the surname 'Posta' in 1966.
 </original_abstract>
 <spacy_abstract>
  {PERSON[Adrienne Posta]} (born {PERSON[Adrienne Luanne Poster]}, {DATE[24 March 1949]}) is an {LANGUAGE[English]} actress and singer, prominent during {DATE[the 1960s]} and {DATE[1970s]}. She adopted the surname '{PERSON[Posta]}' in {DATE[1966]}.
 </spacy_abstract>
 <original_body>
  Posta has appeared in a number of films, including To Sir with Love and Here We Go Round the Mulberry Bush (both 1967), Up the Junction (1968), Spring and Port Wine (1970), and Carry On Behind (1975). She also featured in many TV programmes, including the first episode of Budgie (1971), where she appeared as a stripper. She appeared throughout the BBC 1 series It's Lulu (1973), singing, dancing and acting alongside her friend Lulu and comedian Roger Kitter.
Posta also recorded a number of singles. She is now semi-retired, and works as a teacher in the Midlands and at the Italia Conti Academy of Theatre Arts. Posta is an honorary patron of the Music Hall Guild of Great Britain and America.
No Time for Tears (1957) – Cathy Harris
To Sir, With Love (1967) – Moira Joseph
Here We Go Round the Mulberry Bush (1967) – Linda
Up the Junction (1968) – Rube
Some Girls Do (1969) – Drummond's Daily
All the Way Up (1970) – Daphne Dunmore
Spring and Port Wine (1970) – Betty Duckworth
Percy (1971) – Maggie Hyde
Up Pompeii (1971) – Scrubba
The Alf Garnett Saga (1972) – Rita
Percy's Progress (1974) – PC 217
Three for All (1975) – Diane
Carry On Behind (1975) – Norma Baxter
Adventures of a Taxi Driver (1976) – Carol
Adventures of a Private Eye (1977) – Lisa Moroni
Hancock  (1963), 1 episode – Girl
The Human Jungle – episode: "Conscience on a Rack" (1964) – Hazel Phillips
The Master (1966)
Journey to the Unknown (1968), episode: "Miss Belle"
Don't Ask Us - We're New Here (1969)
Alexander the Greatest (1971)
Budgie (1971), episode: "Out" – The Salford Stripper
It's Lulu (1973)
Till Death Us Do Part (1974), episode: "Party Night" – Millie
Moody and Pegg (1975–1975)
Edward the Seventh (1975) – Marie Lloyd
Bar Mitzvah Boy (1976)
Minder (1980) – Jenny
In Loving Memory (1980), episode: "The Angels Want Me for a Sunbeam" – Sister Joanna
The Olympian Way (1981) – Eva
James the Cat (1984-1998) - Frieda the Kangaroo
Red Dwarf (1997), episode "Ouroboros"
The Wishing Chair (1998) – additional female characters
64 Zoo Lane (1999-2000) animated television series – voiced several characters, including Doris the Duck, Janet the Kangaroo (Joey's Mom), Janice the Kangaroo, Pauline the Pelican, Isabel the Flamingo, Melanie the Moose, Esmeralda the Snake, Annabelle the Flamingo, Sharon the Puffin, Edna the Hyena and Petula the Parrot
Preston Pig (2000) – Preston's Mom
Angelina Ballerina (2001) – Grandma Mouseling
Up in the Gallery, playing the lead role of Marie Lloyd alongside Jack Douglas and John Altman
Babes in the Wood, playing Maid Marion alongside Edward Woodward at the London Palladium.
Piaf, playing the role of Edith Piaf circa 1983
SuperTed: A Musical for Children, playing the role of The Blue Fairy alongside Derek Griffiths, David Tate, Sheila Steafel, Victor Spinetti, Melvyn Hayes, Peter Blake and Roy Kinnear.
Her first recordings were as Adrienne Poster.
7" single "Only Fifteen" / "There's Nothing You Can Do About That" – Decca F 11797 (1963)
7" single "Shang A Doo Lang" / "When A Girl Really Loves You" – Decca F 11864 (1964)
7" single "He Doesn't Love Me" / "The Way You Do The Things You Do" – Decca F 12079 (1965)
7" single "The Winds That Blow" / "Backstreet Girl" – Decca F 12181 (1965)
7" single "Something Beautiful" / "So Glad You're Mine" – Decca F 12329 (1966)Subsequent recordings were as Posta.
7" single "They Long To Be Close To You" / "How Can I Hurt You?" – Decca F 12455 (1966)
7" single "Dog Song" / "Express Yourself" – DJM DJS 286 (1973)
7" single "Cruisin' Casanova" / "Sing Me" – President PT 453 (1976)She also recorded as part of Jonathan King's group the Piglets:
7" single "Johnny Reggae" / backing track – Bell Records (1971)
Adrienne Posta at IMDb
 </original_body>
 <spacy_body>
  Posta has appeared in a number of films, including To Sir with Love and Here We Go Round the Mulberry Bush (both {DATE[1967]}), Up the Junction ({DATE[1968]}), Spring and Port Wine ({DATE[1970]}), and {PERSON[Carry On Behind]} ({DATE[1975]}). She also featured in many TV programmes, including the {ORDINAL[first]} episode of {GPE[Budgie]} ({DATE[1971]}), where she appeared as a stripper. She appeared throughout the {ORG[BBC]} 1 series It{WORK_OF_ART['s Lulu]} ({DATE[1973]}), singing, dancing and acting alongside her friend {PERSON[Lulu]} and comedian {PERSON[Roger Kitter]}.
{PERSON[Posta]} also recorded a number of singles. She is now semi-retired, and works as a teacher in the {PRODUCT[Midlands]} and at the Italia Conti Academy of Theatre Arts. Posta is an honorary patron of {ORG[the Music Hall Guild]} of {GPE[Great Britain]} and {GPE[America]}.
No Time for Tears ({DATE[1957]}) – {PERSON[Cathy Harris]}
To Sir, With Love ({DATE[1967]}) – {PERSON[Moira Joseph
]}Here We Go Round the Mulberry Bush ({DATE[1967]}) – Linda
Up the Junction ({DATE[1968]}) – Rube
Some Girls Do ({DATE[1969]}) – {PERSON[Drummond]}'s Daily
All the Way Up ({DATE[1970]}) – Daphne Dunmore
Spring and Port Wine ({DATE[1970]}) – {PERSON[Betty Duckworth]}
{PERSON[Percy]} ({DATE[1971]}) – {PERSON[Maggie Hyde]}
Up Pompeii ({DATE[1971]}) – Scrubba
{PERSON[The Alf Garnett Saga]} ({DATE[1972]}) – Rita
Percy's Progress ({DATE[1974]}) – PC {CARDINAL[217]}
{CARDINAL[Three]} for All ({DATE[1975]}) – Diane
Carry On Behind ({DATE[1975]}) – {PERSON[Norma Baxter]}
Adventures of a Taxi Driver ({DATE[1976]}) – Carol
Adventures of a Private Eye ({DATE[1977]}) – {PERSON[Lisa Moroni]}
Hancock  ({DATE[1963]}), {CARDINAL[1]} episode – Girl
The Human Jungle – episode: "Conscience on a Rack" ({DATE[1964]}) – {PERSON[Hazel Phillips]}
{WORK_OF_ART[The Master]} (1966)
{PERSON[Journey]} to the Unknown (1968), episode: "Miss {PERSON[Belle]}"
Don't Ask Us - We're New Here ({DATE[1969]})
{PERSON[Alexander the Greatest]} ({DATE[1971]})
Budgie ({DATE[1971]}), episode: "Out" {WORK_OF_ART[– The Salford Stripper
]}It's Lulu ({DATE[1973]})
Till Death Us Do Part ({DATE[1974]}), episode: "{WORK_OF_ART[Party Night]}" – {PERSON[Millie
Moody]} and {PERSON[Pegg]} ({CARDINAL[1975–1975]})
Edward the {ORDINAL[Seventh]} ({DATE[1975]}) – {PERSON[Marie Lloyd
]}Bar Mitzvah Boy ({DATE[1976]})
{PERSON[Minder]} ({DATE[1980]}) – Jenny
In Loving Memory ({DATE[1980]}), episode: "{WORK_OF_ART[The Angels Want Me for a Sunbeam]}" – {PERSON[Sister Joanna]}
The Olympian Way ({DATE[1981]}) – Eva
{PERSON[James the Cat]} ({DATE[1984-1998]}) - Frieda the Kangaroo
Red Dwarf ({DATE[1997]}), episode "{PERSON[Ouroboros]}"
{WORK_OF_ART[The Wishing Chair]} ({DATE[1998]}) – additional female characters
{CARDINAL[64]} {ORG[Zoo Lane]} ({DATE[1999-2000]}) animated television series – voiced several characters, including {PERSON[Doris the Duck]}, {PERSON[Janet the Kangaroo]} ({PERSON[Joey]}'s Mom), {PERSON[Janice the Kangaroo]}, {PERSON[Pauline]} the {NORP[Pelican]}, {WORK_OF_ART[Isabel the Flamingo]}, {PERSON[Melanie]} the Moose, {ORG[Esmeralda]} the Snake, {PERSON[Annabelle]} the {GPE[Flamingo]}, {PERSON[Sharon]} the Puffin, Edna the {GPE[Hyena]} and {ORG[Petula]} the {FAC[Parrot]}
{ORG[Preston]} Pig ({DATE[2000]}) – {ORG[Preston]}'s Mom
{PERSON[Angelina Ballerina]} (2001) – Grandma Mouseling
Up in the Gallery, playing the lead role of {PERSON[Marie Lloyd]} alongside {PERSON[Jack Douglas]} and {PERSON[John Altman]}
{PERSON[Babes]} in the {ORG[Wood]}, playing {ORG[Maid Marion]} alongside {PERSON[Edward Woodward]} at {FAC[the London Palladium]}.
Piaf, playing the role of {ORG[Edith Piaf]} circa {DATE[1983]}
{ORG[SuperTed]}: {WORK_OF_ART[A Musical for Children]}, playing the role of {ORG[The Blue Fairy]} alongside {PERSON[Derek Griffiths]}, {PERSON[David Tate]}, {PERSON[Sheila Steafel]}, {PERSON[Victor Spinetti]}, {PERSON[Melvyn Hayes]}, {PERSON[Peter Blake]} and {PERSON[Roy Kinnear]}.
Her {ORDINAL[first]} recordings were as Adrienne Poster.
{CARDINAL[7]}" single "Only Fifteen" / "There's Nothing You Can Do About That" – Decca F 11797 ({DATE[1963]})
{CARDINAL[7]}" single "{WORK_OF_ART[Shang A Doo Lang]}" / "{WORK_OF_ART[When A Girl Really Loves You]}" – Decca F 11864 (1964)
7" single "{WORK_OF_ART[He Doesn't Love Me]}" / "{WORK_OF_ART[The Way You Do The Things You Do]}" – Decca F 12079 (1965)
{CARDINAL[7]}" single "{WORK_OF_ART[The Winds That Blow]}" / "{WORK_OF_ART[Backstreet Girl]}" – Decca F 12181 ({DATE[1965]})
{CARDINAL[7]}" single {WORK_OF_ART["Something Beautiful" / "]}So Glad You're Mine" – Decca F {DATE[12329]} ({CARDINAL[1966)Subsequent]} recordings were as Posta.
{CARDINAL[7]}" single "{WORK_OF_ART[They Long To Be Close To You]}" / {WORK_OF_ART["How Can I Hurt You?]}" – Decca F 12455 (1966)
7" single {WORK_OF_ART["Dog Song"]} / "{WORK_OF_ART[Express Yourself]}" – {ORG[DJM]} DJS 286 ({DATE[1973]})
{CARDINAL[7]}" single "{WORK_OF_ART[Cruisin' Casanova]}" / "{WORK_OF_ART[Sing Me]}" – President PT {CARDINAL[453]} (1976)She also recorded as part of {PERSON[Jonathan King's]} group the Piglets:
{CARDINAL[7]}" single "{WORK_OF_ART[Johnny Reggae]}" / backing track – {ORG[Bell Records]} ({DATE[1971]})
{PERSON[Adrienne Posta]} at IMDb
 </spacy_body>
</doc>