<?xml version="1.0" encoding="utf-8"?>
<doc>
 <title>
  Adrian McLoughlin
 </title>
 <original_abstract>
  Adrian McLoughlin (born 1947, London) is a British stage, television and film actor who began his career in 1983. He is best known for his 2017 role as Joseph Stalin in the Armando Iannucci film The Death of Stalin.He has worked many times with Alan Ayckbourn at the Stephen Joseph Theatre in Scarborough, beginning with the part of Reg in a revival of The Norman Conquests. He has also worked with him at the Royal National Theatre in House &amp; Garden and on tour throughout the UK in several of his plays. In addition, he has appeared at the Orange Tree Theatre in Ayckbourn’s Private Fears in Public Places which then went on to feature in the Brits Off Broadway Festival in New York in 2005. In 2009 he also appeared in Taking Steps written and directed by Alan Ayckbourn, again at the Orange Tree Theatre, Richmond.In 2014 he appeared at the Arcola Theatre in a production of The Rivals directed by Selina Cadell.McLoughlin has set up his own theatre company Vital Signs Productions, which concentrates on producing plays featuring older people. He is also co-owner and director of the drama based training company Role Plays for Training Ltd.
 </original_abstract>
 <spacy_abstract>
  {PERSON[Adrian McLoughlin]} (born {DATE[1947]}, {GPE[London]}) is a {NORP[British]} stage, television and film actor who began his career in {DATE[1983]}. He is best known for his {DATE[2017]} role as {PERSON[Joseph Stalin]} in the {PERSON[Armando Iannucci]} film {WORK_OF_ART[The Death of Stalin]}.He has worked many times with {PERSON[Alan Ayckbourn]} at {ORG[the Stephen Joseph Theatre]} in {GPE[Scarborough]}, beginning with the part of {PERSON[Reg]} in a revival of {WORK_OF_ART[The Norman Conquests]}. He has also worked with him at {ORG[the Royal National Theatre]} in {ORG[House &amp; Garden]} and on tour throughout the {GPE[UK]} in several of his plays. In addition, he has appeared at {ORG[the Orange Tree Theatre]} in {ORG[Ayckbourn]}’s Private Fears in Public Places which then went on to feature in the Brits Off Broadway Festival in {GPE[New York]} in {DATE[2005]}. In {DATE[2009]} he also appeared in Taking Steps written and directed by {PERSON[Alan Ayckbourn]}, again at {ORG[the Orange Tree Theatre]}, {GPE[Richmond]}.In {DATE[2014]} he appeared at {FAC[the Arcola Theatre]} in a production of The Rivals directed by {PERSON[Selina Cadell]}.{PERSON[McLoughlin]} has set up his own theatre company {ORG[Vital Signs Productions]}, which concentrates on producing plays featuring older people. He is also co-owner and director of the drama based training company Role Plays for Training Ltd.
 </spacy_abstract>
 <original_body>
  Adrian McLoughlin at IMDb
 </original_body>
 <spacy_body>
  {NORP[Adrian]} {PERSON[McLoughlin]} at IMDb
 </spacy_body>
</doc>