<?xml version="1.0" encoding="utf-8"?>
<doc>
 <title>
  Adrienne Hill
 </title>
 <original_abstract>
  Adrienne Hill (22 July 1937 – 6 October 1997) was an English actress.
In 1965 she was cast in the regular role of Sandra Orlando for the BBC soap opera 199 Park Lane, but the series was cancelled within a fortnight, after only 18 episodes on air.Shortly after, she appeared in the BBC science fiction television series Doctor Who as Katarina, a companion of the Doctor—who at that time was played by William Hartnell.
Katarina was the first companion to be killed in the series, appearing in only five episodes over two serials: The Myth Makers and The Daleks' Master Plan. The deletion of several scenes prior to recording meant that of the 93 lines originally scripted for her character only 78 made it into the final programmes with her character's final death scene being the first shots to be recorded. Due to the BBC's wiping policy in the 60s and 70s, only one episode to feature her still exists in the BBC archives (episode two of The Daleks' Master Plan; "Day of Armageddon").
Following her appearance in Doctor Who, Hill acted in several small roles prior to moving to the Netherlands and subsequently to the United States. After returning to Britain she retrained to be a drama teacher and worked in London.She participated in the 1985 Children in Need programme along with other Doctor Who actors. Her last known acting role was a library assistant in an episode of City Life (a New Zealand soap opera), which was broadcast in February 1998 after her death.
Her obituary was published in Doctor Who Magazine issue 261, which stated she died of cancer on 6 October 1997.
 </original_abstract>
 <spacy_abstract>
  {PERSON[Adrienne Hill]} ({DATE[22 July 1937]} – {DATE[6 October 1997]}) was an {LANGUAGE[English]} actress.
In {DATE[1965]} she was cast in the regular role of {PERSON[Sandra Orlando]} for the {ORG[BBC]} soap opera {CARDINAL[199]} {LOC[Park Lane]}, but the series was cancelled within {DATE[a fortnight]}, after {CARDINAL[only 18]} episodes on air.Shortly after, she appeared in the {ORG[BBC]} science fiction television series Doctor Who as {PRODUCT[Katarina]}, a companion of the Doctor—who at that time was played by {PERSON[William Hartnell]}.
{PERSON[Katarina]} was the {ORDINAL[first]} companion to be killed in the series, appearing in only five episodes over {CARDINAL[two]} serials: {WORK_OF_ART[The Myth Makers and The Daleks' Master Plan]}. The deletion of several scenes prior to recording meant that of the {CARDINAL[93]} lines originally scripted for her character {CARDINAL[only 78]} made it into the final programmes with her character's final death scene being the {ORDINAL[first]} shots to be recorded. Due to the {ORG[BBC]}'s wiping policy in {DATE[the 60s and 70s]}, {CARDINAL[only one]} episode to feature her still exists in the {ORG[BBC]} archives (episode {CARDINAL[two]} of The Daleks' Master Plan; "{WORK_OF_ART[Day of Armageddon]}").
Following her appearance in Doctor Who, {ORG[Hill]} acted in several small roles prior to moving to the {GPE[Netherlands]} and subsequently to {GPE[the United States]}. After returning to {GPE[Britain]} she retrained to be a drama teacher and worked in {GPE[London]}.She participated in the {DATE[1985]} Children in Need programme along with other Doctor Who actors. Her last known acting role was a library assistant in an episode of City Life (a {GPE[New Zealand]} soap opera), which was broadcast in {DATE[February 1998]} after her death.
Her obituary was published in Doctor Who Magazine issue {CARDINAL[261]}, which stated she died of cancer on {DATE[6 October 1997]}.
 </spacy_abstract>
 <original_body>
  Adrienne Hill at IMDb
 </original_body>
 <spacy_body>
  {PERSON[Adrienne Hill]} at IMDb
 </spacy_body>
</doc>