<?xml version="1.0" encoding="utf-8"?>
<doc>
 <title>
  Adrianna Bertola
 </title>
 <original_abstract>
  Adrianna Jean Bertola (born 9 February 1999) is an English actress and singer who rose to attention playing Gretl von Trapp in The Sound of Music and Sharice Brooks in Casualty. She also played Violet Beauregarde in Charlie and the Chocolate Factory the Musical from May to November 2013.
On 22 September 2014, Bertola released her first single, titled "Fire and Ice", through the Spirit Young Performers Company.
 </original_abstract>
 <spacy_abstract>
  {PERSON[Adrianna Jean Bertola]} (born {DATE[9 February 1999]}) is an {LANGUAGE[English]} actress and singer who rose to attention playing {PERSON[Gretl von Trapp]} in {ORG[The Sound of Music]} and {PERSON[Sharice Brooks]} in Casualty. She also played {PERSON[Violet Beauregarde]} in Charlie and the Chocolate Factory the Musical from {DATE[May to November 2013]}.
On {DATE[22 September 2014]}, {PERSON[Bertola]} released her {ORDINAL[first]} single, titled "{WORK_OF_ART[Fire and Ice]}", through the Spirit Young Performers Company.
 </spacy_abstract>
 <original_body>
  Adrianna Jean Bertola was born on 9 February 1999 in Southend-on-Sea, Essex. She is of Italian descent.
Bertola's first appearance was in The Sound of Music where Bertola played the role of Gretl von Trapp and received a standing ovation on the opening performance. At the time she was signed up to the Morgan Academy for Performing Arts. Bertola then appeared in Les Misérables as Young Cosette. Bertola's next role was in Casualty where Bertola played Sharice Brooks, a recurring character throughout series 23 of the long-running medical drama. In 2010, Bertola played the titular role of Matilda in the Stratford Production of Matilda the Musical  where she shared the role with two other young actresses; Kerry Ingram and Josie Griffiths. She also sang the song 'Quiet' for the Matilda the Musical Original Soundtrack. During her run received favourable reviews.  However, due to her height, Bertola was unable to transfer to the West End production. In 2011, Bertola played Brigitta Von Trapp in a tour of The Sound of Music. She also appeared in Jessie J's music video of Who's Laughing Now, in which she played the younger version of Jessie J and has subsequently been dubbed as 'Mini Jessie J'. Bertola currently attends the Sylvia Young Theatre School. Adrianna was in  the West End production of Charlie and the Chocolate Factory the Musical playing Violet at the Theatre Royal, Drury Lane until her contract ran out on 12 November 2013.
Fire and Ice
Official website
Adrianna Bertola at IMDb
 </original_body>
 <spacy_body>
  {PERSON[Adrianna Jean Bertola]} was born on {DATE[9 February 1999]} in Southend-on-Sea, {LOC[Essex]}. She is of {NORP[Italian]} descent.
{PERSON[Bertola]}'s {ORDINAL[first]} appearance was in {WORK_OF_ART[The Sound of Music where Bertola]} played the role of {PERSON[Gretl von Trapp]} and received a standing ovation on the opening performance. At the time she was signed up to {ORG[the Morgan Academy for Performing Arts]}. {PERSON[Bertola]} then appeared in {GPE[Les Misérables]} as {PERSON[Young Cosette]}. {PERSON[Bertola]}'s next role was in {LOC[Casualty]} where {PERSON[Bertola]} played {PERSON[Sharice Brooks]}, a recurring character throughout series {CARDINAL[23]} of the long-running medical drama. In {DATE[2010]}, {PERSON[Bertola]} played the titular role of {PERSON[Matilda]} in {LOC[the Stratford Production]} of {PERSON[Matilda]} the Musical  where she shared the role with {CARDINAL[two]} other young actresses; {PERSON[Kerry Ingram]} and {PERSON[Josie Griffiths]}. She also sang the song 'Quiet' for {ORG[the Matilda the Musical Original Soundtrack]}. During her run received favourable reviews.  However, due to her height, {PERSON[Bertola]} was unable to transfer to the West End production. In {DATE[2011]}, {PERSON[Bertola]} played {PERSON[Brigitta Von Trapp]} in a tour of {WORK_OF_ART[The Sound of Music]}. She also appeared in {PERSON[Jessie J's]} music video of Who's Laughing Now, in which she played the younger version of {PERSON[Jessie J]} and has subsequently been dubbed as '{PERSON[Mini Jessie J']}. {PERSON[Bertola]} currently attends {ORG[the Sylvia Young Theatre School]}. {PERSON[Adrianna]} was in  the West End production of {PERSON[Charlie]} and {ORG[the Chocolate Factory]} the Musical playing {WORK_OF_ART[Violet at the Theatre Royal]}, {PERSON[Drury Lane]} until her contract ran out on {DATE[12 November 2013]}.
Fire and Ice
Official website
{PERSON[Adrianna Bertola]} at IMDb
 </spacy_body>
</doc>