<?xml version="1.0" encoding="utf-8"?>
<doc>
 <title>
  Adriane Lenox
 </title>
 <original_abstract>
  Adriane Lenox is an American actress, best known for her performances in Broadway theatre. Her performance in the play Doubt: A Parable garnered her the Tony Award for Best Featured Actress in a Play in 2005. She received another Tony Award nomination for After Midnight in 2014.
 </original_abstract>
 <spacy_abstract>
  {PERSON[Adriane Lenox]} is an {NORP[American]} actress, best known for her performances in {FAC[Broadway]} theatre. Her performance in the play Doubt: A Parable garnered her the Tony Award for Best Featured Actress in a Play in {DATE[2005]}. She received another {PERSON[Tony Award]} nomination for After Midnight in {DATE[2014]}.
 </spacy_abstract>
 <original_body>
  Lenox, who is from Tennessee, attended Lambuth College in Jackson, Tennessee and has a degree in Drama. She appeared in Ain’t Misbehavin in New York after graduation.
Lenox appeared in Doubt: A Parable on Broadway in 2005 as Mrs. Muller. She won the Tony Award, Best Performance by a Featured Actress in a Play, for this performance. Other Broadway appearances include Hattie in the Broadway revival of Kiss Me, Kate in 1999, a revue, The Gershwins' Fascinating Rhythm in 1999, 
Caroline, or Change in 2004 as standby for "Caroline Thibodeaux", and Chicago as the Matron (Replacement from August 2007 to October 2007). She appeared on Broadway in After Midnight, in 2013, reprising her role in the New York City Center Encores! staged revue Cotton Club Parade.She has appeared in many Off-Broadway productions, starting with Beehive in 1986 at the Village Gate (Upstairs). She appeared in the "drama with music", Dinah Was in May 1998 to January 1999 at the Gramercy Theatre in the roles of Maye/Waitress/Violet, and won the Obie Award, Performance (1997–1998).
Lenox had a role in the 2009 film The Blind Side, as Denise Oher. Her other film credits include Black Snake Moan (2006), My Blueberry Nights (2007), The Sorcerer's Apprentice (2010), and The Butler (2013).
On television, Lenox has appeared in episodes of Law &amp; Order, Law &amp; Order: Special Victims Unit, Third Watch and Nurse Jackie. She had the recurring roles on Lipstick Jungle, 30 Rock, Damages, Daredevil, The Blacklist, and The Path. She also had a role in the HBO film The Immortal Life of Henrietta Lacks starring Oprah Winfrey.

Adriane Lenox at the Internet Broadway Database 
Adriane Lenox at the Internet Off-Broadway Database
Adriane Lenox at IMDb
 </original_body>
 <spacy_body>
  {ORG[Lenox]}, who is from {GPE[Tennessee]}, attended {ORG[Lambuth College]} in {GPE[Jackson]}, {GPE[Tennessee]} and has a degree in {GPE[Drama]}. She appeared in {ORG[Ain’t Misbehavin]} in {GPE[New York]} after graduation.
Lenox appeared in {GPE[Doubt]}: A Parable on {FAC[Broadway]} in {DATE[2005]} as Mrs. {PERSON[Muller]}. She won {WORK_OF_ART[the Tony Award]}, {PERSON[Best Performance]} by {PERSON[a Featured Actress]} in a Play, for this performance. Other {FAC[Broadway]} appearances include {FAC[Hattie]} in the {FAC[Broadway]} revival of {FAC[Kiss Me]}, {PERSON[Kate]} in {DATE[1999]}, a revue, The {PERSON[Gershwins]}' {WORK_OF_ART[Fascinating Rhythm]} in {DATE[1999]}, 
{PERSON[Caroline]}, or {ORG[Change]} in {DATE[2004]} as standby for "{PERSON[Caroline Thibodeaux]}", and {GPE[Chicago]} as the Matron (Replacement from {DATE[August 2007]} to {DATE[October 2007]}). She appeared on {FAC[Broadway]} in After {WORK_OF_ART[Midnight]}, in {DATE[2013]}, reprising her role in {ORG[the New York City Center Encores]}! staged revue {ORG[Cotton Club Parade]}.She has appeared in many {EVENT[Off-Broadway]} productions, starting with {ORG[Beehive]} in {DATE[1986]} at {FAC[the Village Gate]} (Upstairs). She appeared in the "drama with music", {PERSON[Dinah]} Was in {DATE[May 1998 to January 1999]} at {FAC[the Gramercy Theatre]} in the roles of {ORG[Maye/Waitress/Violet]}, and won {ORG[the Obie Award, Performance]} ({CARDINAL[1997–1998]}).
{ORG[Lenox]} had a role in the {DATE[2009]} film {WORK_OF_ART[The Blind Side]}, as {PERSON[Denise Oher]}. Her other film credits include {EVENT[Black Snake Moan]} ({DATE[2006]}), My {PERSON[Blueberry Nights]} ({DATE[2007]}), The Sorcerer's Apprentice ({DATE[2010]}), and The {PERSON[Butler]} ({DATE[2013]}).
On television, {ORG[Lenox]} has appeared in episodes of {ORG[Law &amp; Order, Law &amp; Order]}: Special Victims Unit, {ORDINAL[Third]} Watch and {PERSON[Nurse Jackie]}. She had the recurring roles on {PERSON[Lipstick Jungle]}, {CARDINAL[30]} Rock, {GPE[Damages]}, {GPE[Daredevil]}, The {PERSON[Blacklist]}, and The Path. She also had a role in the {ORG[HBO]} film {ORG[The Immortal Life of Henrietta Lacks]} starring {PERSON[Oprah Winfrey]}.

{PERSON[Adriane Lenox]} at {FAC[the Internet Broadway Database]} 
Adriane Lenox at {FAC[the Internet Off-Broadway Database]}
Adriane Lenox at IMDb
 </spacy_body>
</doc>