<?xml version="1.0" encoding="utf-8"?>
<doc>
 <title>
  Adriana Caselotti
 </title>
 <original_abstract>
  Adriana Elena Loreta Caselotti (May 6, 1916 – January 18, 1997) was an American actress and singer. Caselotti was the voice of the title character of the first Walt Disney animated feature, Snow White and the Seven Dwarfs, for which she was named a Disney Legend in 1994, making her the first female voiceover artist to achieve this.
 </original_abstract>
 <spacy_abstract>
  {PERSON[Adriana Elena Loreta Caselotti]} ({DATE[May 6, 1916 – January 18, 1997]}) was an {NORP[American]} actress and singer. Caselotti was the voice of the title character of the {ORDINAL[first]} Walt Disney animated feature, {PERSON[Snow White]} and the Seven Dwarfs, for which she was named {WORK_OF_ART[a Disney Legend]} in {DATE[1994]}, making her the {ORDINAL[first]} female voiceover artist to achieve this.
 </spacy_abstract>
 <original_body>
  Adriana Caselotti was born in Bridgeport, Connecticut to an Italian American family.  Her father, Guido Caselotti, was an immigrant from Udine, and worked as a music teacher and vocal coach; and her mother, Maria Orefice from Naples, was a singer in the Royal Opera Theatre of Rome.  Her older sister, Louise, sang opera and gave voice lessons—Maria Callas being a student of hers.  When Caselotti was seven years old, her family left Connecticut for Italy, while her mother toured with an opera company.  Caselotti was educated and boarded at the San Getulio convent, near Rome.  When her family returned to New York three years later, Caselotti re-learned English and studied singing with her father.  In 1934, Caselotti attended Hollywood High School where she sang in the senior class Girls' Glee Club and had a leading role in the school's annual musical, The Belle of New York.
In 1935, after a brief stint as a chorus girl and session singer at MGM, Walt Disney hired Caselotti as the voice of his heroine Snow White.  She was paid a total of $970 for working on the film (equivalent to $17,462 in 2020).  She was not credited for the role, and had trouble finding new opportunities later in life.  Jack Benny specifically mentioned that he had asked Walt Disney for permission to use her on his radio show and was told, "I'm sorry, but that voice can't be used anywhere. I don't want to spoil the illusion of Snow White." Caselotti had two more jobs in the film business. The first was an uncredited role in MGM's The Wizard of Oz (1939); she provided the voice of Juliet during the Tin Man's song, "If I Only Had a Heart", speaking the line, "Wherefore art thou Romeo?" In 1946, she had an uncredited role in Frank Capra's It's a Wonderful Life, singing in Martini's bar as James Stewart is praying.Adriana Caselotti appeared in several promotional spots for Snow White and the Seven Dwarfs, and signed memorabilia during promotional events.  On November 22, 1972 (Thanksgiving Day), she guest-starred on an episode of The Julie Andrews Hour saluting the music of Walt Disney, singing "I'm Wishing" and "Some Day My Prince Will Come" with Julie Andrews.  She also made a guest appearance on the syndicated The Mike Douglas Show.  Caselotti later wrote a how-to book, Do You Like to Sing?.Later in life, she sold autographs and sang opera, including performing in Rigoletto.  In the early 1990s, when the Snow White Grotto at Disneyland was refurbished, Caselotti, at the age of 75, re-recorded "I'm Wishing" for the Snow White Wishing Well exhibit.  In 1994, she was named a Disney Legend.
Caselotti was married four times.  Her first husband was Robert Chard, a local theater ticket broker whom she married in 1945. The marriage ended in divorce. She later met bit actor Norval Mitchell, whom she married in 1952.  He retired after marrying her and died in 1972.  The same year, she was married to a podiatrist, Dr. Joseph Dana Costigan, who died in 1982.  Caselotti married her last husband, Florian St. Pierre, a retired postal employee, in 1989 and they later divorced.
On January 18, 1997, Caselotti died of cancer at her Los Angeles home, at the age of 80.

Adriana Caselotti at IMDb
The magic behind the voices, 2004
Salute Disney, 1972
Adriana Caselotti at Find a Grave
 </original_body>
 <spacy_body>
  {PERSON[Adriana Caselotti]} was born in {GPE[Bridgeport]}, {GPE[Connecticut]} to an {NORP[Italian]} {NORP[American]} family.  Her father, {PERSON[Guido Caselotti]}, was an immigrant from {ORG[Udine]}, and worked as a music teacher and vocal coach; and her mother, {PERSON[Maria Orefice]} from {GPE[Naples]}, was a singer in {FAC[the Royal Opera Theatre]} of {GPE[Rome]}.  Her older sister, {PERSON[Louise]}, sang opera and gave voice lessons—{PERSON[Maria Callas]} being a student of hers.  When {PERSON[Caselotti]} was {DATE[seven years old]}, her family left {GPE[Connecticut]} for {GPE[Italy]}, while her mother toured with an opera company.  {PERSON[Caselotti]} was educated and boarded at the {GPE[San Getulio]} convent, near {GPE[Rome]}.  When her family returned to {GPE[New York]} {DATE[three years later]}, {PERSON[Caselotti]} re-learned {LANGUAGE[English]} and studied singing with her father.  In {DATE[1934]}, {ORG[Caselotti]} attended {ORG[Hollywood High School]} where she sang in the senior class {ORG[Girls' Glee Club]} and had a leading role in the school's annual musical, {WORK_OF_ART[The Belle of New York]}.
In {DATE[1935]}, after a brief stint as a chorus girl and session singer at {ORG[MGM]}, {ORG[Walt Disney]} hired {ORG[Caselotti]} as the voice of his heroine {PERSON[Snow White]}.  She was paid a total of ${MONEY[970]} for working on the film (equivalent to ${MONEY[17,462]} in {DATE[2020]}).  She was not credited for the role, and had trouble finding new opportunities later in life.  {PERSON[Jack Benny]} specifically mentioned that he had asked {ORG[Walt Disney]} for permission to use her on his radio show and was told, "I'm sorry, but that voice can't be used anywhere. I don't want to spoil the illusion of {ORG[Snow White]}." {ORG[Caselotti]} had {CARDINAL[two]} more jobs in the film business. The {ORDINAL[first]} was an uncredited role in {ORG[MGM]}'s {ORG[The Wizard of Oz]} (1939); she provided the voice of {PERSON[Juliet]} during {FAC[the Tin Man's]} song, "If I Only Had a Heart", speaking the line, "Wherefore art thou Romeo?" In {DATE[1946]}, she had an uncredited role in {PERSON[Frank Capra's]} It{WORK_OF_ART['s a Wonderful Life]}, singing in {GPE[Martini]}'s bar as {PERSON[James Stewart]} is praying.{PERSON[Adriana Caselotti]} appeared in several promotional spots for {PERSON[Snow White]} and the {CARDINAL[Seven]} {NORP[Dwarfs]}, and signed memorabilia during promotional events.  On {DATE[November 22, 1972]} ({DATE[Thanksgiving Day]}), she guest-starred on an episode of {WORK_OF_ART[The Julie Andrews Hour]} saluting the music of {ORG[Walt Disney]}, singing "I'm Wishing" and "Some Day My Prince Will Come" with {PERSON[Julie Andrews]}.  She also made a guest appearance on the syndicated {WORK_OF_ART[The Mike Douglas Show]}.  {ORG[Caselotti]} later wrote a how-to book, {WORK_OF_ART[Do You Like to Sing?.Later in life, she sold autographs and sang opera]}, including performing in {LOC[Rigoletto]}.  In {DATE[the early 1990s]}, when {ORG[the Snow White Grotto]} at {FAC[Disneyland]} was refurbished, {ORG[Caselotti]}, at {DATE[the age of 75]}, re-recorded "{WORK_OF_ART[I'm Wishing]}" for the Snow White Wishing Well exhibit.  In {DATE[1994]}, she was named {WORK_OF_ART[a Disney Legend]}.
{ORG[Caselotti]} was married {CARDINAL[four]} times.  Her {ORDINAL[first]} husband was {PERSON[Robert Chard]}, a local theater ticket broker whom she married in {DATE[1945]}. The marriage ended in divorce. She later met bit actor {PERSON[Norval Mitchell]}, whom she married in {DATE[1952]}.  He retired after marrying her and died in {DATE[1972]}.  {DATE[The same year]}, she was married to a podiatrist, Dr. {PERSON[Joseph Dana Costigan]}, who died in {DATE[1982]}.  {ORG[Caselotti]} married her last husband, {PERSON[Florian St. Pierre]}, a retired postal employee, in {DATE[1989]} and they later divorced.
On {DATE[January 18, 1997]}, {ORG[Caselotti]} died of cancer at her {GPE[Los Angeles]} home, at {DATE[the age of 80]}.

{PERSON[Adriana Caselotti]} at IMDb
The magic behind the voices, {DATE[2004]}
{ORG[Salute Disney]}, {DATE[1972]}
{PERSON[Adriana Caselotti]} at Find a Grave
 </spacy_body>
</doc>