<?xml version="1.0" encoding="utf-8"?>
<doc>
 <title>
  Aida Turturro
 </title>
 <original_abstract>
  Aida Turturro ( ; born September 25, 1962) is an American actress best known for playing Janice Soprano on the HBO drama series The Sopranos.
 </original_abstract>
 <spacy_abstract>
  {PERSON[Aida Turturro]} ( ; born {DATE[September 25, 1962]}) is an {NORP[American]} actress best known for playing {PERSON[Janice Soprano]} on the {ORG[HBO]} drama series The {ORG[Sopranos]}.
 </spacy_abstract>
 <original_body>
  Aida Turturro was born in Brooklyn, New York, daughter of a Sicilian mother, Dorothy, a homemaker, and an Italian-American father, Domenick Turturro, an artist.After graduating from high school, Turturro earned a Bachelor or Arts degree in theatre from the State University of New York at New Paltz.In 2001, Turturro was diagnosed with type 2 diabetes. Turturro has worked to raise public awareness of rheumatoid arthritis.
Turturro appeared in her first film in 1989. She has acted in films such as True Love, What About Bob?, Jersey Girl, and Illuminata. Turturro also had small parts in Sleepers and Deep Blue Sea.
She appears also in the 2005 movie Romance &amp; Cigarettes, directed by her cousin John.
Turturro played Janice Soprano in The Sopranos. She appeared in 49 episodes from 2000–2007, earning two nominations for the Primetime Emmy Award for Outstanding Supporting Actress in a Drama Series in 2001 and 2007.
In 2009, Turturro appeared in "Bite Me," a sixth-season episode of the CBS series Medium, playing the evil Bobbi Catalano. Turturro appeared in the eighth-season episode "Car Periscope" of Curb Your Enthusiasm.
In 2012, Turturro appeared in "Day of the Iguana," an episode of Nurse Jackie, which reunited her with her Sopranos co-star Edie Falco. She played Laura Vargas, the titular character's lawyer.
In 2013, Turturro appeared in the fourth-season episode "Drawing Dead" of Blue Bloods.
Between 2013 and 2016, she appeared in seven episodes of Law &amp; Order: Special Victims Unit as Judge Felicia Catano.
In 2016, Turturro appeared as Maura Figgis, sister of gangster Jimmy "The Butcher" Figgis on the Fox police procedural sitcom, Brooklyn Nine-Nine. In 2017, Turturro appeared in "Il Mostro" in the second season of Criminal Minds: Beyond Borders.
Aida Turturro at IMDb
 </original_body>
 <spacy_body>
  {PERSON[Aida Turturro]} was born in {GPE[Brooklyn]}, {GPE[New York]}, daughter of a {NORP[Sicilian]} mother, {PERSON[Dorothy]}, a homemaker, and an {NORP[Italian]}-American father, {PERSON[Domenick Turturro]}, an artist.After graduating from high school, {PERSON[Turturro]} earned a {WORK_OF_ART[Bachelor or Arts degree]} in theatre from {ORG[the State University of New York]} at New Paltz.In {DATE[2001]}, {PERSON[Turturro]} was diagnosed with type {CARDINAL[2]} diabetes. {ORG[Turturro]} has worked to raise public awareness of rheumatoid arthritis.
{ORG[Turturro]} appeared in her {ORDINAL[first]} film in {DATE[1989]}. She has acted in films such as {WORK_OF_ART[True Love]}, What About {PERSON[Bob]}?, {PERSON[Jersey Girl]}, and {PERSON[Illuminata]}. {PERSON[Turturro]} also had small parts in {ORG[Sleepers]} and {LOC[Deep Blue Sea]}.
She appears also in the {DATE[2005]} movie {ORG[Romance &amp; Cigarettes]}, directed by her cousin {PERSON[John]}.
{PERSON[Turturro]} played {PERSON[Janice Soprano]} in {WORK_OF_ART[The Sopranos]}. She appeared in {CARDINAL[49]} episodes from {CARDINAL[2000–2007]}, earning {CARDINAL[two]} nominations for the Primetime Emmy Award for Outstanding Supporting Actress in {EVENT[a Drama Series]} in {DATE[2001]} and {DATE[2007]}.
In {DATE[2009]}, {ORG[Turturro]} appeared in "{WORK_OF_ART[Bite Me]}," a {DATE[sixth-season]} episode of the CBS series Medium, playing the evil {FAC[Bobbi Catalano]}. {PERSON[Turturro]} appeared in the {DATE[eighth-season]} episode "{WORK_OF_ART[Car Periscope]}" of Curb Your Enthusiasm.
In {DATE[2012]}, {ORG[Turturro]} appeared in "{WORK_OF_ART[Day of the Iguana]}," an episode of {PERSON[Nurse Jackie]}, which reunited her with her Sopranos co-star {PERSON[Edie Falco]}. She played {PERSON[Laura Vargas]}, the titular character's lawyer.
In {DATE[2013]}, {ORG[Turturro]} appeared in the {DATE[fourth-season]} episode "{WORK_OF_ART[Drawing Dead" of Blue Bloods]}.
{DATE[Between 2013 and 2016]}, she appeared in {CARDINAL[seven]} episodes of Law &amp; Order: Special Victims Unit as Judge {PERSON[Felicia Catano]}.
In {DATE[2016]}, {ORG[Turturro]} appeared as {PERSON[Maura Figgis]}, sister of gangster {PERSON[Jimmy]} "{WORK_OF_ART[The Butcher" Figgis on the Fox]} police procedural sitcom, {PERSON[Brooklyn Nine-Nine]}. In {DATE[2017]}, {ORG[Turturro]} appeared in {WORK_OF_ART["Il Mostro"]} in {DATE[the second season]} of {ORG[Criminal Minds]}: {PERSON[Beyond Borders]}.
{PERSON[Aida Turturro]} at IMDb
 </spacy_body>
</doc>