<?xml version="1.0" encoding="utf-8"?>
<doc>
 <title>
  Aileen Britton
 </title>
 <original_abstract>
  Aileen Britton (18 February 1916 in Sydney – 19 April 1986) was an Australian character actress of theatre, radio, television, and film (TV movie and theatrical). She was known for her work with the Independent Theatre. Television credits include Number 96 Matlock Police, The Restless Years, The Sullivans, Prisoner, and A Country Practice.
She made her film debut in Tall Timbers (1937). She then worked in theatre until the reemergence of Australian cinema in the mid-1970s.
 </original_abstract>
 <spacy_abstract>
  {PERSON[Aileen Britton]} ({DATE[18 February 1916]} in {GPE[Sydney]} – {DATE[19 April 1986]}) was an {NORP[Australian]} character actress of theatre, radio, television, and film (TV movie and theatrical). She was known for her work with {ORG[the Independent Theatre]}. Television credits include {LAW[Number 96]} {ORG[Matlock Police]}, {EVENT[The Restless Years]}, The Sullivans, Prisoner, and A Country Practice.
She made her film debut in {WORK_OF_ART[Tall Timbers]} ({DATE[1937]}). She then worked in theatre until the reemergence of {NORP[Australian]} cinema in {DATE[the mid-1970s]}.
 </spacy_abstract>
 <original_body>
  The Place at the Coast (1987) ...Gran
Platypus Cove (1986) ...Grandma Mason
Fluteman (1982) ...Beatrice Peachley
Now and Forever (1982) ...Bethanie
The Mystery at Castle House (1982) ...Miss Markman
My Brilliant Career (1979) ...Grandma Bossier
Timberland Terror (1937) ...Claire Darley
A Country Practice – Swan Song: Part 1 &amp; 2 (1985) ...Evelyn Cuthrie
Prisoner – Episodes 541–548 (1985) ...Mrs. Hartley
A Country Practice – Just Another Patient: Parts 1 &amp; 2 (1983) ...Aunt Daphne
Prisoner – Episode 208 &amp; 209 (1981) ...Florence Marne
A Country Practice – Coming Home: Part 2 (1981) ...Emily Page
A Country Practice – They Shoot Cows: Part 1 (1981) ...Emily Page
Arcade – (1980) Joyce Blair
Walt Disney's Wonderful World of Color – Born to Run: Parts 1 &amp; 2 (1979) ...Susannah
Young Ramsey – All Things Bright and Beautiful (1977) ...Mrs. Anderson
Glenview High – The Cheat (1977) ...Mrs. Greet
Number 96 – various episodes (1974–1975) ...Mrs. Florentine
Aileen Britton at IMDb
Aileen Britton theatre appearances at AusStage
Aileen Britton at National Film and Sound Archive
 </original_body>
 <spacy_body>
  The Place at the Coast ({DATE[1987]}) ...Gran
{WORK_OF_ART[Platypus Cove]} ({DATE[1986]}) ...{PERSON[Grandma Mason
Fluteman]} ({DATE[1982]}) ...{PERSON[Beatrice Peachley]}
Now and Forever ({DATE[1982]}) ...{PERSON[Bethanie
]}The Mystery at {ORG[Castle House]} ({DATE[1982]}) ...Miss {PERSON[Markman]}
{PERSON[My Brilliant Career]} ({DATE[1979]}) ...Grandma Bossier
Timberland Terror ({DATE[1937]}) ...{PERSON[Claire Darley]}
A Country Practice – Swan Song: Part 1 &amp; 2 ({DATE[1985]}) ...{PERSON[Evelyn Cuthrie
Prisoner]} – Episodes {CARDINAL[541–548]} ({DATE[1985]}) ...Mrs. {PERSON[Hartley]}
A Country Practice – {WORK_OF_ART[Just Another Patient: Parts 1 &amp; 2 (1983]}) ...Aunt Daphne
Prisoner – Episode {CARDINAL[208]} &amp; 209 ({DATE[1981]}) ...{PERSON[Florence Marne]}
A Country Practice – Coming Home: Part {CARDINAL[2]} ({DATE[1981]}) ...{PERSON[Emily Page]}
A Country Practice – They Shoot Cows: Part {CARDINAL[1]} ({DATE[1981]}) ...{PERSON[Emily Page
Arcade]} – ({DATE[1980]}) {PERSON[Joyce Blair]}
{ORG[Walt Disney's]} {ORG[Wonderful World of Color – Born to Run:]} Parts 1 &amp; 2 (1979) ...{ORG[Susannah]}
{PERSON[Young Ramsey]} – All Things Bright and Beautiful ({DATE[1977]}) ...Mrs. {PERSON[Anderson]}
Glenview High – {ORG[The Cheat]} ({DATE[1977]}) ...Mrs. {PERSON[Greet]}
Number 96 – various episodes ({CARDINAL[1974–1975]}) ...Mrs. {PERSON[Florentine]}
{PERSON[Aileen Britton]} at IMDb
Aileen {GPE[Britton]} theatre appearances at {ORG[AusStage]}
{PERSON[Aileen Britton]} at {ORG[National Film and Sound Archive]}
 </spacy_body>
</doc>