<?xml version="1.0" encoding="utf-8"?>
<doc>
 <title>
  Ajai Sanders
 </title>
 <original_abstract>
  Ajai Sanders (born Angela Marie Wilson; October 1, 1967), is an American actress and stand-up comedian, best known for her supporting role as Gina Deveaux in the sitcom A Different World from 1991 until the series original ending in 1993. Sanders is sometimes credited as Ajai Richards.
 </original_abstract>
 <spacy_abstract>
  {PERSON[Ajai Sanders]} (born {PERSON[Angela Marie Wilson]}; {DATE[October 1, 1967]}), is an {NORP[American]} actress and stand-up comedian, best known for her supporting role as {PERSON[Gina Deveaux]} in the sitcom {WORK_OF_ART[A Different World]} from {DATE[1991]} until the series original ending in {DATE[1993]}. {PERSON[Sanders]} is sometimes credited as {PERSON[Ajai Richards]}.
 </spacy_abstract>
 <original_body>
  Born Angela Marie Wilson in North Trenton, Sanders grew up in Dallas, Texas. She attended Hillcrest High School, graduating in 1985. Sanders moved to Los Angeles and began working as a stand-up comic; eventually this work led to what initially was to be a one-time role on A Different World. The guest role was expanded after director Debbie Allen proved impressed by the qualities Sanders brought to the character, whose appearances were expanded to five that season and 18 the following season, after which she was added to the show's opening credits.Sanders has made guest appearances on the sitcoms Martin, Hangin' with Mr. Cooper, The Fresh Prince of Bel-Air, The Parent 'Hood, The Wayans Brothers, The Jamie Foxx Show, and Moesha. She also guest-starred in a 2001 episode of the Lifetime show, The Division. Sanders had a major role in the independent urban comedy, High Freakquency, in which she was credited as Ajai Richards. She had a smaller role in the Michael Keaton Christmas comedy, Jack Frost, and also appeared in the 2000 urban independent drama, The Playaz Court. She is currently hosting a talk show called Multiple Personalities with Ajai Sanders on Business Bully TV.
Sanders has been married once and has no children. In May 2002, Sanders married Micheal Brownlee in Denton, Texas. They later divorced in August 2016.
2011: Are We There Yet? as Tamera "Tam" Hensley (1 episode, 2011)
2001: The Division as Adeen (1 episode, 2001)
2001: Moesha as Lisa (1 episode, 2001)
2000: The Playaz Court as Yolanda
1998: Jack Frost as Renee Thompson
1998: High Freakquency as LaShanda
1997: The Jamie Foxx Show as Irene (1 episode, 1997)
1997: The Wayans Bros. as Amber (1 episode, 1997)
1995: The Fresh Prince Of Bel-Air as Candance (2 episodes) as Jana (1 episode) (3 episodes, 1995)
1995: Hangin' With Mr. Cooper as Denise (3 episodes, 1995)
1993: Martin as Thomasina (1 episode, 1993)
1991–93: A Different World as Gina Devereaux (38 episodes)
Ajai Sanders at IMDb
 </original_body>
 <spacy_body>
  {PERSON[Born Angela Marie Wilson]} in {GPE[North Trenton]}, Sanders grew up in {GPE[Dallas]}, {GPE[Texas]}. She attended {ORG[Hillcrest High School]}, graduating in {DATE[1985]}. Sanders moved to {GPE[Los Angeles]} and began working as a stand-up comic; eventually this work led to what initially was to be a {CARDINAL[one]}-time role on A Different World. The guest role was expanded after director {PERSON[Debbie Allen]} proved impressed by the qualities {ORG[Sanders]} brought to the character, whose appearances were expanded to {DATE[five that season]} and {CARDINAL[18]} {DATE[the following season]}, after which she was added to the show's opening credits.Sanders has made guest appearances on the sitcoms {PERSON[Martin]}, {ORG[Hangin]}' with Mr. {PERSON[Cooper]}, The Fresh Prince of Bel-Air, {WORK_OF_ART[The Parent 'Hood]}, {ORG[The Wayans Brothers]}, {ORG[The Jamie Foxx Show]}, and {ORG[Moesha]}. She also guest-starred in a {DATE[2001]} episode of the Lifetime show, The {ORG[Division]}. Sanders had a major role in the independent urban comedy, {ORG[High Freakquency]}, in which she was credited as {ORG[Ajai Richards]}. She had a smaller role in the {PERSON[Michael Keaton]} {DATE[Christmas]} comedy, {PERSON[Jack Frost]}, and also appeared in the {CARDINAL[2000]} urban independent drama, {ORG[The Playaz Court]}. She is currently hosting a talk show called {WORK_OF_ART[Multiple Personalities with Ajai Sanders on Business Bully TV]}.
Sanders has been married once and has no children. In {DATE[May 2002]}, {ORG[Sanders]} married {PERSON[Micheal Brownlee]} in {GPE[Denton]}, {GPE[Texas]}. They later divorced in {DATE[August 2016]}.
{CARDINAL[2011]}: Are We There Yet? as {ORG[Tamera]} "{PERSON[Tam" Hensley]} ({CARDINAL[1]} episode, {DATE[2011]})
{DATE[2001]}: The Division as Adeen ({CARDINAL[1]} episode, {DATE[2001]})
{DATE[2001]}: {GPE[Moesha]} as {PERSON[Lisa]} ({CARDINAL[1]} episode, {DATE[2001]})
{CARDINAL[2000]}: {ORG[The Playaz Court]} as {GPE[Yolanda]}
{DATE[1998]}: {PERSON[Jack Frost]} as {PERSON[Renee Thompson]}
1998: High Freakquency as {ORG[LaShanda]}
{DATE[1997]}: The Jamie Foxx Show as {PERSON[Irene]} ({CARDINAL[1]} episode, {DATE[1997]})
{DATE[1997]}: {ORG[The Wayans Bros.]} as Amber ({CARDINAL[1]} episode, {DATE[1997]})
{DATE[1995]}: The Fresh Prince Of Bel-Air as Candance ({CARDINAL[2]} episodes) as {PERSON[Jana]} ({CARDINAL[1]} episode) ({CARDINAL[3]} episodes, {DATE[1995]})
{DATE[1995]}: {ORG[Hangin' With Mr.]} {PERSON[Cooper]} as {PERSON[Denise]} ({CARDINAL[3]} episodes, {DATE[1995]})
{DATE[1993]}: {PERSON[Martin]} as {PERSON[Thomasina]} ({CARDINAL[1]} episode, {DATE[1993]})
1991–93: A Different World as {PERSON[Gina Devereaux]} ({CARDINAL[38]} episodes)
Ajai Sanders at IMDb
 </spacy_body>
</doc>