<?xml version="1.0" encoding="utf-8"?>
<doc>
 <title>
  Aki Aleong
 </title>
 <original_abstract>
  Assing "Aki" Aleong (born December 19, 1934) is a Trinidad and Tobago–born American character actor and singer who has also been active in songwriting and musical production.  His first important role was in the 1957 movie No Down Payment, which starred Joanne Woodward and Jeffrey Hunter. He is probably best known for portraying Senator Hidoshi during the first season of Babylon 5, as well as portraying Mr. Chiang, the aide to Nathan Bates in the weekly series of V: The Series. He also portrayed the character of Colonel Mitamura in Farewell to the King. He owned the Gingham Dog fast food restaurant in Hollywood, California, c. 1965.He co-wrote and produced the nonsense doo-wop record Shombalor by Sheriff and the Ravels for Vee-Jay records in 1958.He has a listing in the Top Pop Singles 1955–2008 by Joel Whitburn, with "Trade Winds, Trade Winds" appearing in November 1961. The song peaked at No. 101 in Billboard on the "Bubbling Under the Hot 100" charts, and it remained on the chart for four weeks. According to an interview with Aleong on YouTube ("Part 1 of Twyman Creative Insider Interview with Aki Aleong") the song was Number 1 in Los Angeles in 1961. While that is not exactly accurate, "Trade Winds, Trade Winds" did reach Number 10 on KDAY and Number 11 on KRLA, two L.A. Top 40 stations.
He is a member of the Media Action Network for Asian Americans (MANAA) and is the executive director for Asians in Media.
He starred as "Agent X" in the WongFu Productions YouTube short starring Ryan Higa, Agents of Secret Stuff.He appeared on the television show, Hazel as Mike Shiga.
 </original_abstract>
 <spacy_abstract>
  Assing "Aki" {PERSON[Aleong]} (born {DATE[December 19, 1934]}) is a {GPE[Trinidad]} and {GPE[Tobago]}–born {NORP[American]} character actor and singer who has also been active in songwriting and musical production.  His {ORDINAL[first]} important role was in the {DATE[1957]} movie {WORK_OF_ART[No Down Payment]}, which starred {PERSON[Joanne Woodward]} and {PERSON[Jeffrey Hunter]}. He is probably best known for portraying Senator {PERSON[Hidoshi]} during {DATE[the first season]} of Babylon 5, as well as portraying Mr. {PERSON[Chiang]}, the aide to {PERSON[Nathan Bates]} in the {DATE[weekly]} series of V: The Series. He also portrayed the character of Colonel {PERSON[Mitamura]} in Farewell to the King. He owned the {ORG[Gingham Dog]} fast food restaurant in {GPE[Hollywood]}, {GPE[California]}, c. {CARDINAL[1965.He]} co-wrote and produced the nonsense doo-wop record {PERSON[Shombalor]} by Sheriff and the {PERSON[Ravels]} for {ORG[Vee-Jay]} records in 1958.He has a listing in the Top Pop Singles 1955–2008 by {PERSON[Joel Whitburn]}, with "{WORK_OF_ART[Trade Winds, Trade Winds]}" appearing in {DATE[November 1961]}. The song peaked at No. {CARDINAL[101]} in Billboard on the "Bubbling Under the Hot 100" charts, and it remained on the chart for {DATE[four weeks]}. According to an interview with {PERSON[Aleong]} on YouTube ("Part {CARDINAL[1]} of {ORG[Twyman Creative Insider Interview]} with {PERSON[Aki Aleong]}") the song was Number 1 in {GPE[Los Angeles]} in {DATE[1961]}. While that is not exactly accurate, "{WORK_OF_ART[Trade Winds, Trade Winds]}" did reach {CARDINAL[Number 10]} on {PRODUCT[KDAY]} and Number 11 on {ORG[KRLA]}, {CARDINAL[two]} {GPE[L.A.]} Top {CARDINAL[40]} stations.
He is a member of {ORG[the Media Action Network for]} {NORP[Asian Americans]} (MANAA) and is the executive director for {NORP[Asians]} in {ORG[Media]}.
He starred as "Agent X" in the WongFu Productions YouTube short starring {PERSON[Ryan Higa]}, Agents of Secret Stuff.He appeared on the television show, {PERSON[Hazel]} as {PERSON[Mike Shiga]}.
 </spacy_abstract>
 <original_body>
  Aki Aleong at IMDb
Aki Aleong at AllMovie
 </original_body>
 <spacy_body>
  Aki Aleong at IMDb
Aki Aleong at AllMovie
 </spacy_body>
</doc>