<?xml version="1.0" encoding="utf-8"?>
<doc>
 <title>
  Alan Carney
 </title>
 <original_abstract>
  Alan Carney (December 22, 1909 – May 2, 1973) was an American actor and comedian.
 </original_abstract>
 <spacy_abstract>
  {PERSON[Alan Carney]} ({DATE[December 22, 1909]} – {DATE[May 2, 1973]}) was an {NORP[American]} actor and comedian.
 </spacy_abstract>
 <original_body>
  Alan Carney was born David Boughal in Brooklyn, New York, on December 22, 1909. His parents, Edward and Nellie (Kearney) Boughal, were Irish immigrants.
He performed in vaudeville for years. After making his first film, 1941's Convoy, Carney signed a contract at RKO Pictures and appeared in choice supporting roles in such films as Mr. Lucky.
In 1943, Carney teamed up with Wally Brown as RKO's answer to Abbott and Costello. In addition to their inexpensive starring vehicles, Brown and Carney co-starred in Step Lively, a musical remake of the Marx Brothers film Room Service. Wally played Chico's part, while Alan Carney filled in for Harpo; the "Groucho" role was essayed by George Murphy. The comedy team was also featured on a live USO tour arranged by the studio.
After 1946's Genius at Work, RKO terminated the team's contracts. Alan Carney continued in films and television as a supporting player, working prolifically at Disney Studios in the 1960s and 1970s. One of Carney's best latter-day roles was as Mayor Dawgmeat in the 1959 musical film Li'l Abner.
Carney appeared with Wally Brown in Who Was That Lady? (1960) and in Walt Disney's The Absent-Minded Professor (1961), but they never appeared in the same scenes together.  The duo was slated to be reunited for It's a Mad, Mad, Mad, Mad World (1963), but Brown died not long before filming began.
Alan Carney made his last film appearance in Walt Disney Productions' Herbie Rides Again, released in 1974 after his death.
He died in Van Nuys, California, of a heart attack at the age of 63 from the excitement of winning the daily double at Hollywood Park Racetrack.
Brown and Carney
Alan Carney at IMDb
Alan Carney at the Internet Broadway Database
 </original_body>
 <spacy_body>
  {PERSON[Alan Carney]} was born {PERSON[David Boughal]} in {GPE[Brooklyn]}, {GPE[New York]}, on {DATE[December 22, 1909]}. His parents, {PERSON[Edward]} and {PERSON[Nellie]} ({PERSON[Kearney]}) Boughal, were {NORP[Irish]} immigrants.
He performed in {GPE[vaudeville]} for {DATE[years]}. After making his {ORDINAL[first]} film, {DATE[1941]}'s Convoy, {PERSON[Carney]} signed a contract at {ORG[RKO Pictures]} and appeared in choice supporting roles in such films as Mr. {PERSON[Lucky]}.
In {DATE[1943]}, {GPE[Carney]} teamed up with {PERSON[Wally Brown]} as {ORG[RKO]}'s answer to {PERSON[Abbott]} and {LOC[Costello]}. In addition to their inexpensive starring vehicles, {PERSON[Brown]} and {PERSON[Carney]} co-starred in {PERSON[Step Lively]}, a musical remake of {ORG[the Marx Brothers film Room Service]}. Wally played {PERSON[Chico]}'s part, while {PERSON[Alan Carney]} filled in for {GPE[Harpo]}; {PERSON[the "Groucho"]} role was essayed by {PERSON[George Murphy]}. The comedy team was also featured on a live {ORG[USO]} tour arranged by the studio.
After {DATE[1946]}'s {WORK_OF_ART[Genius at Work, RKO]} terminated the team's contracts. {PERSON[Alan Carney]} continued in films and television as a supporting player, working prolifically at {ORG[Disney Studios]} in the {DATE[1960s]} and {DATE[1970s]}. {CARDINAL[One]} of {GPE[Carney]}'s best latter-{DATE[day]} roles was as Mayor {PERSON[Dawgmeat]} in the {DATE[1959]} musical film Li'l {PRODUCT[Abner]}.
{PERSON[Carney]} appeared with {PERSON[Wally Brown]} in Who Was That Lady? ({DATE[1960]}) and in {ORG[Walt Disney's]} The Absent-Minded Professor ({DATE[1961]}), but they never appeared in the same scenes together.  The duo was slated to be reunited for It's {WORK_OF_ART[a Mad, Mad, Mad, Mad World]} ({DATE[1963]}), but {PERSON[Brown]} died not long before filming began.
{PERSON[Alan Carney]} made his last film appearance in {ORG[Walt Disney Productions']} Herbie Rides Again, released in {DATE[1974]} after his death.
He died in {GPE[Van Nuys]}, {GPE[California]}, of a heart attack at {DATE[the age of 63]} from the excitement of winning the daily double at {FAC[Hollywood Park Racetrack]}.
{PERSON[Brown]} and {PERSON[Carney]}
{PERSON[Alan Carney]} at IMDb
{PERSON[Alan Carney]} at the Internet Broadway Database
 </spacy_body>
</doc>