<?xml version="1.0" encoding="utf-8"?>
<doc>
 <title>
  Alan Lake
 </title>
 <original_abstract>
  Alan Lake (24 November 1940 – 10 October 1984) was an English actor, best known as the third and final husband of screen star Diana Dors.
 </original_abstract>
 <spacy_abstract>
  {PERSON[Alan Lake]} ({DATE[24 November 1940]} – {DATE[10 October 1984]}) was an {LANGUAGE[English]} actor, best known as the {ORDINAL[third]} and final husband of screen star {PERSON[Diana Dors]}.
 </spacy_abstract>
 <original_body>
  Alan Lake was born in Stoke-on-Trent, Staffordshire on 24 November 1940. He studied acting at RADA, and began to work in television roles in 1964.He is best known as the third husband of the actress Diana Dors, whom he met on the set of the 1968 television series The Inquisitors. He was initially not keen on Dors; his reaction on finding that he would be working with her was, "Oh no, not Madame Tits and Lips!", but within days, they had fallen in love and were married on 23 November 1968. Their stormy marriage produced a son, Jason David (1969 - 2019). Lake also had a Daughter, Catherine Emma, born in 1967 with casting director Pamela Brown. Diana and Alan worked together in the early 1970s, on stage in plays such as Three Months Gone, in which Dors received her best critical reviews since Yield to the Night, and they also received an offer to appear together in a TV sitcom, Queenie's Castle.In July 1970, Lake was involved in a pub brawl for which he was sentenced to 18 months in prison, although he was released after serving a year. His friend, the singer Leapy Lee, was sentenced to three years for stabbing the pub's relief manager. Lake was a keen horseman, and on his release from prison Dors presented him with a mare named Sapphire. In 1972, Lake was unseated when the horse ran into the bough of a tree. He broke his back, and initially it was thought he might spend the rest of his life in a wheelchair. However, he was walking again within three weeks. After leaving hospital, unable to work while he recovered, and in severe pain, he began drinking heavily. Dors said of him at this time: "alcohol had unleashed a monster, uncontrollable and frightening".Lake began hallucinating and experiencing psychotic episodes, but was diverted from drinking after becoming a Roman Catholic, also convincing Dors to follow him in adopting the faith. In 1974, Dors was rushed to hospital suffering from meningitis, and Lake fainted when he was told that she might not survive the night. In 1975, within months of her illness, at the age of 43, Dors became pregnant with their second child and was advised by doctors to have an abortion, but because of her newly-adopted religion, and regret at two previous abortions, decided to go ahead with the pregnancy. She miscarried, which led Lake to return to heavy drinking.For the remainder of the 1970s, Lake's once promising acting career was reduced to appearances in low-budget comedy films and small parts in television dramas. However, in 1974, he had a significant role as a singer Jack Daniels in the Slade vehicle Slade In Flame, and also as John Merrick in the first episode of the hugely popular TV series The Sweeney. Both he and Dors attended the film premiere at the Metropole Theatre, Victoria, London, on 13 February 1975.In 1980, the pair separated for a time, although they were reconciled when Lake promised to undergo treatment for his alcoholism. Lake's acting work became less frequent in the 1980s, and Dors' health began to deteriorate. She was diagnosed with ovarian cancer in 1982, and died in May 1984. Lake then burnt all of Dors' clothes, and fell into a depression. On 10 October 1984, five months after Dors' death, and 16 years to the day since they had first met, he took their teenage son Jason to the railway station, returned to his Sunningdale home, and took his own life by shooting himself in the mouth in their son's bedroom. He was 43. Jason Lake reportedly also died of an apparent suicide after an alcohol and prescription drugs overdose some 35 years later.His roles included Herrick in the Doctor Who story Underworld; and parts in Cluff, Redcap, Sergeant Cork, The Saint, Public Eye, The Avengers, Department S, Dixon of Dock Green, The Protectors, Z-Cars, Softly, Softly: Taskforce, Crown Court, The Sweeney, Angels, Target, Hazel, Strangers, Blake's 7, Juliet Bravo, The Gentle Touch, Hart to Hart, and Bergerac.In 1969, he recorded a pop single, "Good Times"/"Got To Have Tenderness" (the former a cover of a song written by Harry Nilsson), which was released by Ember Records (EMBS 278).
Catch Us If You Can, aka Having a Wild Weekend (1965) — Cameraman (uncredited)
Sky West and Crooked, aka Gypsy Girl (1966) — Camlo
The Christmas Tree (1966) — Truck driver (uncredited)
Charlie Bubbles (1967) — Airman
Freelance (1971) — Dean
Every Afternoon (1972) — Bodyguard
Hide and Seek (1972) — Lorrimer
Layout for 5 Models (1972) — Andy
Percy's Progress (1974) — Derry Hogan
The Swordsman (1974) — Reynaud Duval
The Amorous Milkman (1975) — Sandy
Slade In Flame (1975) — Jack Daniels
The Office Party (1976) — Mr Barnes
The Playbirds (1978) — Harry Dougan
Confessions from the David Galaxy Affair (1979) — David Galaxy
Yesterday's Hero (1979) — Georgie Moore
Don't Open Till Christmas (1984) — Giles Harrison
Simon Sheridan Keeping the British End Up: Four Decades of Saucy Cinema (fourth edition) (Titan Publishing, London) (2011)

Alan Lake discography at Discogs
Alan Lake at IMDb
Alan Lake at Find a Grave
Alan Lake biography at Avengers Forever
 </original_body>
 <spacy_body>
  {PERSON[Alan Lake]} was born in {LOC[Stoke]}-on-Trent, {GPE[Staffordshire]} on {DATE[24 November 1940]}. He studied acting at {ORG[RADA]}, and began to work in television roles in 1964.He is best known as the {ORDINAL[third]} husband of the actress {ORG[Diana Dors]}, whom he met on the set of the {DATE[1968]} television series The Inquisitors. He was initially not keen on {PRODUCT[Dors]}; his reaction on finding that he would be working with her was, "Oh no, not {PERSON[Madame Tits]} and {PERSON[Lips]}!", but within {DATE[days]}, they had fallen in love and were married on {DATE[23 November 1968]}. Their stormy marriage produced a son, {PERSON[Jason David]} ({DATE[1969 - 2019]}). {LOC[Lake]} also had a Daughter, {PERSON[Catherine Emma]}, born in {DATE[1967]} with casting director {PERSON[Pamela Brown]}. {PERSON[Diana]} and {PERSON[Alan]} worked together in {DATE[the early 1970s]}, on stage in plays such as {DATE[Three Months Gone]}, in which Dors received her best critical reviews since {GPE[Yield]} to the Night, and they also received an offer to appear together in a TV sitcom, {GPE[Queenie]}'s Castle.In {DATE[July 1970]}, {LOC[Lake]} was involved in a pub brawl for which he was sentenced to {DATE[18 months]} in prison, although he was released after serving {DATE[a year]}. His friend, the singer {PERSON[Leapy Lee]}, was sentenced to {DATE[three years]} for stabbing the pub's relief manager. {LOC[Lake]} was a keen horseman, and on his release from prison {PERSON[Dors]} presented him with a mare named {PERSON[Sapphire]}. In {DATE[1972]}, {LOC[Lake]} was unseated when the horse ran into the bough of a tree. He broke his back, and initially it was thought he might spend the rest of his life in a wheelchair. However, he was walking again within {DATE[three weeks]}. After leaving hospital, unable to work while he recovered, and in severe pain, he began drinking heavily. Dors said of him at this time: "alcohol had unleashed a monster, uncontrollable and frightening".{LOC[Lake]} began hallucinating and experiencing psychotic episodes, but was diverted from drinking after becoming {NORP[a Roman Catholic]}, also convincing {PRODUCT[Dors]} to follow him in adopting the faith. In {DATE[1974]}, {PERSON[Dors]} was rushed to hospital suffering from meningitis, and {LOC[Lake]} fainted when he was told that she might not survive {TIME[the night]}. In {DATE[1975]}, within {DATE[months]} of her illness, at {DATE[the age of 43]}, Dors became pregnant with their {ORDINAL[second]} child and was advised by doctors to have an abortion, but because of her newly-adopted religion, and regret at {CARDINAL[two]} previous abortions, decided to go ahead with the pregnancy. She miscarried, which led {LOC[Lake]} to return to heavy drinking.For the remainder of {DATE[the 1970s]}, {LOC[Lake]}'s once promising acting career was reduced to appearances in low-budget comedy films and small parts in television dramas. However, in {DATE[1974]}, he had a significant role as a singer {PERSON[Jack Daniels]} in the {PERSON[Slade]} vehicle Slade In Flame, and also as {PERSON[John Merrick]} in the {ORDINAL[first]} episode of the hugely popular TV series The {PERSON[Sweeney]}. Both he and {PERSON[Dors]} attended the film premiere at {FAC[the Metropole Theatre]}, {GPE[Victoria]}, {GPE[London]}, on {DATE[13 February 1975.In 1980]}, the pair separated for a time, although they were reconciled when {LOC[Lake]} promised to undergo treatment for his alcoholism. {LOC[Lake]}'s acting work became less frequent in {DATE[the 1980s]}, and {PERSON[Dors]}' health began to deteriorate. She was diagnosed with ovarian cancer in {DATE[1982]}, and died in {DATE[May 1984]}. Lake then burnt all of {PERSON[Dors]}' clothes, and fell into a depression. On {DATE[10 October 1984]}, {DATE[five months]} after Dors' death, and {DATE[16 years to the day]} since they had {ORDINAL[first]} met, he took their teenage son {PERSON[Jason]} to the railway station, returned to his {ORG[Sunningdale]} home, and took his own life by shooting himself in the mouth in their son's bedroom. He was {DATE[43]}. {LOC[Jason Lake]} reportedly also died of an apparent suicide after an alcohol and prescription drugs overdose {DATE[some 35 years later]}.His roles included {PERSON[Herrick]} in the Doctor Who story Underworld; and parts in {GPE[Cluff]}, {ORG[Redcap, Sergeant Cork]}, The Saint, Public Eye, The Avengers, {GPE[Department S]}, {ORG[Dixon of Dock Green]}, The Protectors, {PRODUCT[Z-Cars]}, Softly, Softly: {ORG[Taskforce]}, {ORG[Crown Court]}, The {PERSON[Sweeney]}, {ORG[Angels]}, {ORG[Target]}, {ORG[Hazel, Strangers]}, {PERSON[Blake]}'s {DATE[7]}, {PERSON[Juliet Bravo]}, {ORG[The Gentle Touch, Hart to Hart]}, and {PERSON[Bergerac]}.In {DATE[1969]}, he recorded a pop single, "Good Times"/"Got To Have Tenderness" (the former a cover of a song written by {PERSON[Harry Nilsson]}), which was released by {ORG[Ember Records]} (EMBS {CARDINAL[278]}).
Catch Us If You Can, aka Having a Wild Weekend ({DATE[1965]}) — {PERSON[Cameraman]} (uncredited)
Sky West and Crooked, aka {PERSON[Gypsy Girl]} (1966) — Camlo
{WORK_OF_ART[The Christmas Tree (]}1966) — Truck driver (uncredited)
{PERSON[Charlie Bubbles]} ({DATE[1967]}) — Airman
Freelance ({DATE[1971]}) — Dean
Every Afternoon ({DATE[1972]}) — Bodyguard
Hide and Seek ({DATE[1972]}) — Lorrimer
Layout for {CARDINAL[5]} Models ({DATE[1972]}) — {PERSON[Andy]}
Percy's Progress ({DATE[1974]}) — {PERSON[Derry Hogan]}
The {GPE[Swordsman]} ({DATE[1974]}) — {PERSON[Reynaud Duval]}
The Amorous Milkman ({DATE[1975]}) — {PERSON[Sandy]}
Slade In Flame ({DATE[1975]}) — {PERSON[Jack Daniels
]}{ORG[The Office Party]} ({DATE[1976]}) — Mr Barnes
The {NORP[Playbirds]} ({DATE[1978]}) — {PERSON[Harry Dougan]}
Confessions from the {PERSON[David Galaxy Affair]} (1979) — {PERSON[David Galaxy]}
{DATE[Yesterday]}'s Hero ({DATE[1979]}) — {PERSON[Georgie Moore]}
Don't Open Till Christmas ({DATE[1984]}) — {PERSON[Giles Harrison]}
{PERSON[Simon Sheridan]} Keeping the {NORP[British]} End Up: {DATE[Four Decades]} of {PERSON[Saucy Cinema]} ({ORDINAL[fourth]} edition) ({ORG[Titan Publishing]}, {GPE[London]}) ({DATE[2011]})

{PERSON[Alan Lake]} discography at {PERSON[Discogs]}
{PERSON[Alan Lake]} at IMDb
{PERSON[Alan Lake]} at {WORK_OF_ART[Find a Grave]}
Alan Lake biography at Avengers Forever
 </spacy_body>
</doc>