<?xml version="1.0" encoding="utf-8"?>
<doc>
 <title>
  Alan Baxter (actor)
 </title>
 <original_abstract>
  Alan Edwin Baxter (November 19, 1908 – May 7, 1976) was an American film and television actor.
 </original_abstract>
 <spacy_abstract>
  {PERSON[Alan Edwin Baxter]} ({DATE[November 19, 1908]} – {DATE[May 7, 1976]}) was an {NORP[American]} film and television actor.
 </spacy_abstract>
 <original_body>
  Baxter was born in Cleveland, Ohio. He earned a bachelor's degree from Williams College, where he was a member of Phi Sigma Kappa fraternity and a classmate of Elia Kazan. He went on to study in the 47 Drama Workshop at Yale University.
After he completed his studies, Baxter became a member of the Group Theatre in New York City. His Broadway credits include The Hallams (1947), Home of the Brave (1945), The Voice of the Turtle (1943), Winged Victory (1943), Thumbs Up! (1934), and Lone Valley (1932).
Baxter served in the United States Army Air Corps during World War II.
Baxter had been married to actress Barbara Williams for 17 years at the time of her death on November 9, 1953. Later, he was married to Christy Palmer until his death.
Among Baxter's television appearances were four guest roles on the CBS' courtroom drama series, Perry Mason, starring Raymond Burr.  In 1961, he played the title role of Eugene Houseman in "The Case of the Left-Handed Liar". Also in 1961 Gunsmoke Long, Long Trail he played Lou Hacker. In 1964, he played Roger Gray in “The Case of the Missing Button”.  He also made three guest appearances on The Virginian, starring James Drury and he was guest starred on Ripcord, starring Larry Pennell and Ken Curtis as Leach in the episode "Derelict". In September 1960, he appeared in the season premiere episode "The Longest Rope" of the western series Cheyenne, starring Clint Walker.   1961 Tv. Show ThrillerHosted by Boris Karloff, in  season 2,episode 16 Titled, Waxworks He played Sergent Dane.  Played Detective Baldwin on Alfred Hitchcock Hour:  The Crimson Witness starring Peter Lawford.
Alan Baxter at IMDb
Alan Baxter at the Internet Broadway Database
Alan Baxter in Submarine Base from YouTube
 </original_body>
 <spacy_body>
  {ORG[Baxter]} was born in {GPE[Cleveland]}, {GPE[Ohio]}. He earned a bachelor's degree from {ORG[Williams College]}, where he was a member of {PERSON[Phi Sigma Kappa]} fraternity and a classmate of {PERSON[Elia Kazan]}. He went on to study in the {CARDINAL[47]} Drama Workshop at {ORG[Yale University]}.
After he completed his studies, {PERSON[Baxter]} became a member of {ORG[the Group Theatre]} in {GPE[New York City]}. His {FAC[Broadway]} credits include {PERSON[The Hallams]} ({DATE[1947]}), Home of the Brave ({DATE[1945]}), {ORG[The Voice of the Turtle]} ({DATE[1943]}), {WORK_OF_ART[Winged Victory]} ({DATE[1943]}), Thumbs Up! ({DATE[1934]}), and {GPE[Lone Valley]} ({DATE[1932]}).
Baxter served in {ORG[the United States Army Air Corps]} during {EVENT[World War II]}.
{ORG[Baxter]} had been married to actress {PERSON[Barbara Williams]} for {DATE[17 years]} at the time of her death on {DATE[November 9, 1953]}. Later, he was married to {PERSON[Christy Palmer]} until his death.
Among {PERSON[Baxter]}'s television appearances were {CARDINAL[four]} guest roles on the {ORG[CBS]}' courtroom drama series, {PERSON[Perry Mason]}, starring {PERSON[Raymond Burr]}.  In {DATE[1961]}, he played the title role of {PERSON[Eugene Houseman]} in "{WORK_OF_ART[The Case of the Left-Handed Liar]}". Also in {DATE[1961]} Gunsmoke Long, {PERSON[Long Trail]} he played {PERSON[Lou Hacker]}. In {DATE[1964]}, he played {PERSON[Roger Gray]} in {WORK_OF_ART[“The Case of the Missing Button”]}.  He also made {CARDINAL[three]} guest appearances on The {NORP[Virginian]}, starring {PERSON[James Drury]} and he was guest starred on {PERSON[Ripcord]}, starring {PERSON[Larry Pennell]} and {PERSON[Ken Curtis]} as {ORG[Leach]} in the episode "{WORK_OF_ART[Derelict]}". In {DATE[September 1960]}, he appeared in the season premiere episode "{WORK_OF_ART[The Longest Rope]}" of the western series {WORK_OF_ART[Cheyenne]}, starring {PERSON[Clint Walker]}.   {DATE[1961]} Tv. Show ThrillerHosted by {PERSON[Boris Karloff]}, in  season {DATE[2,episode 16]} Titled, {PERSON[Waxworks]} He played Sergent Dane.  Played Detective Baldwin on {PERSON[Alfred Hitchcock Hour]}:  {WORK_OF_ART[The Crimson Witness]} starring {PERSON[Peter Lawford]}.
{PERSON[Alan Baxter]} at IMDb
{PERSON[Alan Baxter]} at the Internet Broadway Database
{PERSON[Alan Baxter]} in {WORK_OF_ART[Submarine Base]} from {WORK_OF_ART[YouTube]}
 </spacy_body>
</doc>