<?xml version="1.0" encoding="utf-8"?>
<doc>
 <title>
  Alan Furlan
 </title>
 <original_abstract>
  Alan Furlan (13 April 1920 – 14 May 1997) was an Italian-American actor.
 </original_abstract>
 <spacy_abstract>
  {PERSON[Alan Furlan]} ({DATE[13 April 1920]} – {DATE[14 May 1997]}) was an {NORP[Italian]}-American actor.
 </spacy_abstract>
 <original_body>
  Born Aleardo Furlan in Farla, in the North Friuli region of Italy, Furlan acted in films in Europe and the United States, on Broadway and in commercials.On Broadway he appeared in productions such as Holiday for Lovers  (1957), The Best House in Naples (1956), Idiot's Delight  (1951) and Romeo and Juliet (1951) starring Olivia de Havilland. In the late 1940s, he performed in Chicago area summer stock theaters with actors such as Richard Kiley.Furlan played the role of Giancarlo in the Italian film Donatella (1956)  which was selected for competition at the Berlin Film Festival.  He appeared in numerous live broadcast anthology drama television series with lead roles in episodes of  Police Call, one of the top grossing television series released in 1955,  as well as a supporting role in the Producers' Showcase production (1957) of the melodramatic comedic Broadway play The Great Sebastians, starring Alfred Lunt and Lynn Fontanne  and the Armstrong Circle Theatre episode The Sound of Violence: The Jukebox Racket (1959).He toured with Mae West as her Latin lover in Come On Up, Ring Twice and performed in the TV version of the Moon and Sixpence with Laurence Olivier (1959).Furlan later became the mentor of Wisconsin's Sunset Playhouse   where he remained artistic director for 28 years.
He was married to Mary Lake and they had a daughter Nicola Lea.
The Sinner (1959), a.k.a. La peccatrice del deserto (original title Italy); a.k.a. Desert Desperados  (USA title)
Armstrong Circle Theatre, (1959) The Sound of Violence: The Jukebox Racket
Producers' Showcase, The Great Sebastians (1957)
Defend My Love (1956), a.k.a. Difendo il mio amore (original title Italy)
War and Peace (1956)
I tre moschettieri (1956, TV series); a.k.a. The Three Musketeers (USA title)
Donatella (1956)
Police Call  (1955)
La tua donna (1954)
Orient Express (1953); episode  His Son  (a.k.a.  His Boy)
Holiday for Lovers (1957)
 The Best House in Naples (1956)
Idiot's Delight (1951)
Romeo and Juliet (1951)
Alan Furlan at IMDb
 </original_body>
 <spacy_body>
  Born Aleardo Furlan in {ORG[Farla]}, in the {GPE[North Friuli]} region of {GPE[Italy]}, {PERSON[Furlan]} acted in films in {LOC[Europe]} and {GPE[the United States]}, on {FAC[Broadway]} and in commercials.On {FAC[Broadway]} he appeared in productions such as Holiday for Lovers  ({DATE[1957]}), {ORG[The Best House]} in {GPE[Naples]} ({DATE[1956]}), {ORG[Idiot]}'s Delight  ({DATE[1951]}) and {PERSON[Romeo]} and {PERSON[Juliet]} ({DATE[1951]}) starring {ORG[Olivia de Havilland]}. In {DATE[the late 1940s]}, he performed in {GPE[Chicago]} area {DATE[summer]} stock theaters with actors such as {PERSON[Richard Kiley]}.{PERSON[Furlan]} played the role of {GPE[Giancarlo]} in the {NORP[Italian]} film Donatella ({DATE[1956]})  which was selected for competition at {EVENT[the Berlin Film Festival]}.  He appeared in numerous live broadcast anthology drama television series with lead roles in episodes of  {ORG[Police Call]}, {CARDINAL[one]} of the top grossing television series released in {DATE[1955]},  as well as a supporting role in the Producers' Showcase production ({DATE[1957]}) of the melodramatic comedic {FAC[Broadway]} play {WORK_OF_ART[The Great Sebastians]}, starring {PERSON[Alfred Lunt]} and {PERSON[Lynn Fontanne]}  and the {FAC[Armstrong Circle Theatre]} episode {WORK_OF_ART[The Sound of Violence: The Jukebox Racket]} (1959).He toured with {PERSON[Mae West]} as her {NORP[Latin]} lover in Come On Up, {ORG[Ring Twice]} and performed in the TV version of the {PERSON[Moon]} and Sixpence with {PERSON[Laurence Olivier]} ({DATE[1959).Furlan later]} became the mentor of {GPE[Wisconsin]}'s {ORG[Sunset Playhouse]}   where he remained artistic director for {DATE[28 years]}.
He was married to {PERSON[Mary Lake]} and they had a daughter {PERSON[Nicola Lea]}.
The Sinner ({DATE[1959]}), a.k.a. La peccatrice del deserto (original title {GPE[Italy]}); {GPE[a.k.a.]} {PERSON[Desert Desperados]}  (USA title)
{PERSON[Armstrong]} Circle Theatre, ({DATE[1959]}) {WORK_OF_ART[The Sound of Violence: The Jukebox Racket
Producers' Showcase, The Great Sebastians]} ({DATE[1957]})
Defend My Love ({DATE[1956]}), {NORP[a.k.a]}. Difendo il mio amore (original title {GPE[Italy]})
War and Peace ({DATE[1956]})
I tre moschettieri ({DATE[1956]}, TV series); a.k.a. {ORG[The Three Musketeers (USA]} title)
Donatella ({DATE[1956]})
Police Call  ({DATE[1955]})
{PERSON[La tua donna]} ({DATE[1954]})
{PRODUCT[Orient Express]} ({DATE[1953]}); episode  His Son  (a.k.a.  His Boy)
Holiday for Lovers ({DATE[1957]})
 {ORG[The Best House]} in {GPE[Naples]} ({DATE[1956]})
{ORG[Idiot]}'s Delight ({DATE[1951]})
{PERSON[Romeo]} and {PERSON[Juliet]} ({DATE[1951]})
{PERSON[Alan Furlan]} at IMDb
 </spacy_body>
</doc>