<?xml version="1.0" encoding="utf-8"?>
<doc>
 <title>
  Alan Gifford
 </title>
 <original_abstract>
  Alan Gifford (born John Lennox; March 11, 1911 – March 20, 1989) was an American-born actor from Taunton, Massachusetts, who worked mainly in Britain, where he died in Blairgowrie, Perthshire, Scotland, aged 78. Known best for his role in 2001: A Space Odyssey (1968).
 </original_abstract>
 <spacy_abstract>
  {PERSON[Alan Gifford]} (born {PERSON[John Lennox]}; {DATE[March 11, 1911 – March 20, 1989]}) was an {NORP[American]}-born actor from {GPE[Taunton]}, {GPE[Massachusetts]}, who worked mainly in {GPE[Britain]}, where he died in {GPE[Blairgowrie]}, {GPE[Perthshire]}, {GPE[Scotland]}, aged {DATE[78]}. Known best for his role in {DATE[2001]}: {WORK_OF_ART[A Space Odyssey]} ({DATE[1968]}).
 </spacy_abstract>
 <original_body>
  Alan Gifford at IMDb
 </original_body>
 <spacy_body>
  {PERSON[Alan Gifford]} at IMDb
 </spacy_body>
</doc>