<?xml version="1.0" encoding="utf-8"?>
<doc>
 <title>
  Alan Gelfant
 </title>
 <original_abstract>
  Alan Gelfant (born May 21, 1957) is an American film actor.
 </original_abstract>
 <spacy_abstract>
  {PERSON[Alan Gelfant]} (born {DATE[May 21, 1957]}) is an {NORP[American]} film actor.
 </spacy_abstract>
 <original_body>
  Gelfant was born in Syracuse, New York. He has acted in more than 50 plays and dozens of TV shows and movies, including leading roles in the films Next Stop Wonderland, The Destiny of Marty Fine, Men in Scoring Position, Turn of Faith and "Apartment 12." As a director, he has put his interest in new plays. Consequently, he is the co-founder of the annual Stella Adler Theatre – One Act Play Festival in Los Angeles. He was hired by HBO to direct Colin Quinn's one man show in LA, "The Seven Sacraments".
Since moving to the Upper Valley area of New Hampshire and Vermont, Gelfant has produced, directed and acted in performances at the Parish Players, New London Barn, Hopkins Center at Dartmouth College, and various other regional theaters. He has earned high praise for a variety of acting roles, including Eddie Carbone in "A View From The Bridge," HAMM in Beckett's "EndGame", Weston in "Curse of The Starving Class," Ned Weeks in " The Normal Heart" at the Chadler Arts Center, directed by Dan Butler.
As a director he has won two OWL Awards; in 2010 for Best Comedy, "Odd Couple" and 2011 for "Best Play of The Year" directing and producing William Inge's death row drama,"The Last Pad" which he co-produced with the ACLU of New Hampshire and Vermont.
Alan has also taught acting, play writing, and film making at several area high schools. He worked for two years as a teaching assistant for the Institute for Writing and Rhetoric Program at Dartmouth College. He earned a MALS degree with a concentration in creative writing from the MALS program at Dartmouth College. His thesis novel, "An Actor Despairs" is currently in re-writes.
Alan Gelfant at IMDb
 </original_body>
 <spacy_body>
  Gelfant was born in {GPE[Syracuse]}, {GPE[New York]}. He has acted in {CARDINAL[more than 50]} plays and {CARDINAL[dozens]} of TV shows and movies, including leading roles in the films {PERSON[Next Stop Wonderland]}, The Destiny of {PERSON[Marty Fine]}, Men in Scoring Position, {PERSON[Turn of Faith]} and "{WORK_OF_ART[Apartment 12]}." As a director, he has put his interest in new plays. Consequently, he is the co-founder of the annual {FAC[Stella Adler Theatre]} – {TIME[One Act Play Festival]} in {GPE[Los Angeles]}. He was hired by {ORG[HBO]} to direct {PERSON[Colin Quinn's]} {CARDINAL[one]} man show in {GPE[LA]}, "{WORK_OF_ART[The Seven Sacraments]}".
Since moving to the {LOC[Upper Valley]} area of {GPE[New Hampshire]} and {GPE[Vermont]}, {GPE[Gelfant]} has produced, directed and acted in performances at the Parish Players, {ORG[New London Barn]}, {ORG[Hopkins Center]} at {ORG[Dartmouth College]}, and various other regional theaters. He has earned high praise for a variety of acting roles, including {PERSON[Eddie Carbone]} in {WORK_OF_ART["A View From The Bridge]}," HAMM in {PERSON[Beckett]}'s "{WORK_OF_ART[EndGame]}", {PERSON[Weston]} in {WORK_OF_ART["Curse of The Starving Class]}," {DATE[Ned Weeks]} in " {WORK_OF_ART[The Normal Heart]}" at {ORG[the Chadler Arts Center]}, directed by {PERSON[Dan Butler]}.
As a director he has won {CARDINAL[two]} {ORG[OWL Awards]}; in {DATE[2010]} for Best Comedy, "{WORK_OF_ART[Odd Couple]}" and {DATE[2011]} for "{WORK_OF_ART[Best Play of The Year]}" directing and producing {PERSON[William Inge's]} death row drama,"The Last Pad" which he co-produced with {ORG[the ACLU of New Hampshire]} and {GPE[Vermont]}.
{PERSON[Alan]} has also taught acting, play writing, and film making at several area high schools. He worked for {DATE[two years]} as a teaching assistant for {ORG[the Institute for Writing and Rhetoric Program]} at {ORG[Dartmouth College]}. He earned a MALS degree with a concentration in creative writing from the {ORG[MALS]} program at {ORG[Dartmouth College]}. His thesis novel, "{WORK_OF_ART[An Actor Despairs]}" is currently in re-writes.
{PERSON[Alan Gelfant]} at IMDb
 </spacy_body>
</doc>