<?xml version="1.0" encoding="utf-8"?>
<doc>
 <title>
  Alan Feinstein (actor)
 </title>
 <original_abstract>
  Alan Feinstein (born 8 September 1941, New York City, New York) is an American actor. Early in his career, he was credited as Alan Yorke.He is noted for his 1983 award-winning stage performance in A View from the Bridge. From 1978-1979, he starred in the short lived QM Productions TV series The Runaways as Steve Arrizio, a former juvenile officer turned clinical psychologist who rescued runaway children from danger.
His film credits include roles in Bad Girls Go to Hell (1965, credited as Alan Yorke), Looking for Mr. Goodbar (1977), The Two Worlds of Jennie Logan (1979), Merchants of Venus (1998), and the television series Masada (1981) and The Paper Chase (1984).Feinstein dated actress Lana Wood for most of the 1980s, and was in attendance at the funeral of her sister Natalie.
 </original_abstract>
 <spacy_abstract>
  {PERSON[Alan Feinstein]} (born {DATE[8 September 1941]}, {GPE[New York City]}, {GPE[New York]}) is an {NORP[American]} actor. Early in his career, he was credited as {PERSON[Alan Yorke]}.He is noted for his {DATE[1983]} award-winning stage performance in {WORK_OF_ART[A View]} from the {FAC[Bridge]}. From {DATE[1978-1979]}, he starred in the short lived QM Productions TV series {WORK_OF_ART[The Runaways]} as {PERSON[Steve Arrizio]}, a former juvenile officer turned clinical psychologist who rescued runaway children from danger.
His film credits include roles in {WORK_OF_ART[Bad Girls Go to Hell]} ({DATE[1965]}, credited as {PERSON[Alan Yorke]}), Looking for Mr. {PERSON[Goodbar]} ({DATE[1977]}), The Two Worlds of {PERSON[Jennie Logan]} ({DATE[1979]}), Merchants of {LOC[Venus]} ({DATE[1998]}), and the television series {PERSON[Masada]} ({DATE[1981]}) and {ORG[The Paper Chase]} ({DATE[1984).Feinstein]} dated actress {PERSON[Lana Wood]} for most of {DATE[the 1980s]}, and was in attendance at the funeral of her sister {PERSON[Natalie]}.
 </spacy_abstract>
 <original_body>
  Alan Feinstein at the Internet Broadway Database
Alan Feinstein at the Internet Off-Broadway Database
Alan Feinstein at IMDb
 </original_body>
 <spacy_body>
  {PERSON[Alan Feinstein]} at the Internet Broadway Database
{PERSON[Alan Feinstein]} at {FAC[the Internet Off-Broadway Database]}
{PERSON[Alan Feinstein]} at IMDb
 </spacy_body>
</doc>