<?xml version="1.0" encoding="utf-8"?>
<doc>
 <title>
  Alan Cox (actor)
 </title>
 <original_abstract>
  Alan Douglas Cox (born 6 August 1970) is an English actor. He is perhaps most widely known for portraying a teenage Dr. Watson in Barry Levinson's production Young Sherlock Holmes (1985).
 </original_abstract>
 <spacy_abstract>
  {PERSON[Alan Douglas Cox]} (born {DATE[6 August 1970]}) is an {LANGUAGE[English]} actor. He is perhaps most widely known for portraying a teenage Dr. {PERSON[Watson]} in {PERSON[Barry Levinson's]} production {ORG[Young Sherlock Holmes]} ({DATE[1985]}).
 </spacy_abstract>
 <original_body>
  Cox was born in Westminster, London, and is the son of Scottish Emmy Award-winning actor Brian Cox and his first wife, actress Caroline Burt. Cox was educated at St Paul's School in London. He has a sister, Margaret, and two half brothers Orson Jonathan Cox and Torin Kamran Cox.
Cox portrayed the young John Mortimer the 1982 TV adaptation of his play A Voyage Round My Father, starring opposite Laurence Olivier. He is probably most widely known for his role in Young Sherlock Holmes (1985), where he played a teenage version of Dr. Watson. Other films include An Awfully Big Adventure (1995), Mrs. Dalloway (1997), and The Auteur Theory (1999). In 2011, Cox also co-starred as a nudist named Cory Beck in the independent comedy Act Naturally.
Cox is unmarried and has no children.
If You Go Down in the Woods Today (1981)
Young Sherlock Holmes (1985)
An Awfully Big Adventure (1995)
Mrs Dalloway (1997)
The Auteur Theory (1999)
Weight (2000)
John O'Hagen (2001)
Justice (2003)
Ladies in Lavender (2004)
August (2008)
The Speed of Thought (2008)
Act Naturally (2011)
The Devil's Crown (1978)
Shoestring (1980)
Jane Eyre (1983)
Casualty (1990)
The Bill (1991)
Londons Burning Richard Sidwell(1992)
The Young Indiana Jones Chronicles (1993)
Crown Prosecutor (1995)
Ellington (1996)
The Thin Blue Line (1996)
Midsomer Murders (2004)
M.I. High (2008)
John Adams (2008)
A Divorce (1976)
A Voyage Round My Father (1982)
East Lynne (1982)
Adam Bede (1991)
The Odyssey (1997)
Cor, Blimey! (2000)
Wasserfälle von Slunj, Die (2002)
Not Only But Always (2004)
Elizabeth David: A Life in Recipes (2006)
Housewife 49 (2006)
Margaret (2009)
Lucan (2013)
Holmstrom, John. The Moving Picture Boy: An International Encyclopaedia from 1895 to 1995. Norwich, Michael Russell, 1996, p. 381.
Alan Cox at IMDb
 </original_body>
 <spacy_body>
  Cox was born in {GPE[Westminster]}, {GPE[London]}, and is the son of {NORP[Scottish]} {PERSON[Emmy Award]}-winning actor {PERSON[Brian Cox]} and his {ORDINAL[first]} wife, actress {PERSON[Caroline Burt]}. {PERSON[Cox]} was educated at {ORG[St Paul's School]} in {GPE[London]}. He has a sister, {PERSON[Margaret]}, and {CARDINAL[two half]} brothers {PERSON[Orson Jonathan Cox]} and {PERSON[Torin Kamran Cox]}.
Cox portrayed the young {PERSON[John Mortimer]} the {DATE[1982]} TV adaptation of his play {WORK_OF_ART[A Voyage Round My Father]}, starring opposite {PERSON[Laurence Olivier]}. He is probably most widely known for his role in {WORK_OF_ART[Young Sherlock Holmes]} ({DATE[1985]}), where he played a teenage version of Dr. {PERSON[Watson]}. Other films include An Awfully Big Adventure ({DATE[1995]}), Mrs. {PERSON[Dalloway]} ({DATE[1997]}), and {ORG[The Auteur Theory]} ({DATE[1999]}). In {DATE[2011]}, {PERSON[Cox]} also co-starred as a nudist named {PERSON[Cory Beck]} in the independent comedy {LAW[Act Naturally]}.
Cox is unmarried and has no children.
If You Go Down in the Woods Today ({DATE[1981]})
{PERSON[Young Sherlock Holmes]} ({DATE[1985]})
An Awfully Big Adventure ({DATE[1995]})
Mrs Dalloway ({DATE[1997]})
{WORK_OF_ART[The Auteur Theory]} ({DATE[1999]})
Weight ({DATE[2000]})
{PERSON[John O'Hagen]} ({DATE[2001]})
{ORG[Justice]} ({DATE[2003]})
Ladies in {GPE[Lavender]} ({DATE[2004]})
{DATE[August]} (2008)
The Speed of Thought ({DATE[2008]})
Act Naturally ({DATE[2011]})
{WORK_OF_ART[The Devil's Crown]} (1978)
Shoestring ({DATE[1980]})
Jane Eyre ({DATE[1983]})
Casualty ({DATE[1990]})
The Bill ({DATE[1991]})
Londons Burning Richard Sidwell(1992)
The Young Indiana Jones Chronicles ({DATE[1993]})
Crown Prosecutor ({DATE[1995]})
{PERSON[Ellington]} ({DATE[1996]})
The Thin Blue Line ({DATE[1996]})
Midsomer Murders ({DATE[2004]})
{ORG[M.I. High]} ({DATE[2008]})
{PERSON[John Adams]} ({DATE[2008]})
A Divorce ({DATE[1976]})
A Voyage Round My Father ({DATE[1982]})
{PERSON[East Lynne]} ({DATE[1982]})
{PERSON[Adam Bede]} ({DATE[1991]})
The Odyssey ({DATE[1997]})
{PERSON[Cor]}, {PERSON[Blimey]}! ({DATE[2000]})
{PERSON[Wasserfälle von Slunj]}, {PERSON[Die]} ({DATE[2002]})
Not Only But Always ({DATE[2004]})
{PERSON[Elizabeth David]}: {WORK_OF_ART[A Life in Recipes]} ({DATE[2006]})
Housewife 49 ({DATE[2006]})
{PERSON[Margaret]} ({DATE[2009]})
{NORP[Lucan]} ({DATE[2013]})
{PERSON[Holmstrom]}, {PERSON[John]}. {WORK_OF_ART[The Moving Picture Boy:]} {ORG[An International Encyclopaedia]} {DATE[from 1895 to 1995]}. {PERSON[Norwich]}, {PERSON[Michael Russell]}, {DATE[1996]}, p. {CARDINAL[381]}.
{PERSON[Alan Cox]} at IMDb
 </spacy_body>
</doc>