<?xml version="1.0" encoding="utf-8"?>
<doc>
 <title>
  Alan Campbell (actor)
 </title>
 <original_abstract>
  Bruce Alan Campbell (born April 22, 1957) is an American actor. He is best known for his roles as Derek Mitchell in the 1987–1992 CBS series Jake and the Fatman and as E.Z. Taylor on the short-lived 1984–1985 Three's Company spin-off Three's a Crowd.
 </original_abstract>
 <spacy_abstract>
  {PERSON[Bruce Alan Campbell]} (born {DATE[April 22, 1957]}) is an {NORP[American]} actor. He is best known for his roles as {PERSON[Derek Mitchell]} in the {DATE[1987–1992]} {ORG[CBS]} series {PERSON[Jake]} and the {PERSON[Fatman]} and as {PERSON[E.Z. Taylor]} on the short-lived {DATE[1984–1985 Three's Company]} spin-off {CARDINAL[Three]}'s a Crowd.
 </spacy_abstract>
 <original_body>
  Campbell was born Bruce Alan Campbell on April 22, 1957 in Homestead, Florida, the son of Edward John Campbell, a farmer, and Audrey Carolyn Griner (1930–2015), a homemaker. Campbell attended Tulane University and graduated with a BA in business from the University of Miami.
On television, Campbell became known to viewers when he co-starred with John Ritter on the short-lived Three's Company spin-off Three's a Crowd (1984–1985) in which he played the comedic role of E.Z. Taylor, Jack Tripper's "surfer dude" assistant chef at his bistro. He also co-starred for five seasons with William Conrad and Joe Penny as Assistant District Attorney Derek Mitchell on the CBS crime drama Jake and the Fatman (1987–1992). Campbell has guest starred on numerous television shows including The Facts of Life, Matlock, All My Children, Law &amp; Order, Law &amp; Order: SVU, Homicide: Life on the Street, as well as the web series, Submissions Only and Then We Got Help!.
Campbell was also an established stage actor having appeared on Broadway, Off-Broadway and regional theater. In 1994, he made his Broadway debut in the New York premiere of Andrew Lloyd Webber's musical Sunset Boulevard starring opposite Glenn Close and Alice Ripley, and received a Best Actor in a Musical Tony Award nomination for his performance as Joe Gillis, a role he reprised from the musical's 1993 US premiere in Los Angeles starring opposite Close, again, and Judy Kuhn. He also starred in Susan Stroman's 2000 Tony Award-winning musical Contact at the Vivian Beaumont Theater, Lincoln Center, and its final performance was broadcast by PBS as part of its Live from Lincoln Center series on September 1, 2002. His most current Broadway role was playing Sam Carmichael in the hit musical Mamma Mia! from 2014 until production ceased in September 2015.
His Off-Broadway credits include Adrift In Macao, Book of Days, Avow and Hello Again. He has appeared in several regional theatrical productions of Race, Death and the Maiden, 12 Angry Men, Hay Fever, Of Thee I Sing, Oleanna, Beauty and the Beast, Johnny Guitar, Bells Are Ringing, On Shiloh Hill, Boogie Woogie Rumble of a Dream Deferred and Breakfast at Tiffany's, and productions of I Love My Wife and The Nerd.
Campbell was married to actress Nova Ball from 1987 to 1990. On October 10, 1999, he married actress Lauren Kennedy, with whom he appeared in Sunset Boulevard on Broadway. They are divorced and have one child, Riley Rose Campbell.
On April 24, 2008, Campbell and Kennedy opened the Lauren Kennedy and Alan Campbell Theater, which establishes a home for a burgeoning theater program at Barton College, a small liberal arts school in Wilson, North Carolina.
Alan Campbell official website
Alan Campbell at IMDb
Alan Campbell at the Internet Broadway Database 
Campbell at the Internet Off-Broadway Database
 </original_body>
 <spacy_body>
  {ORG[Campbell]} was born {PERSON[Bruce Alan Campbell]} on {DATE[April 22, 1957]} in {GPE[Homestead]}, {GPE[Florida]}, the son of {PERSON[Edward John Campbell]}, a farmer, and {PERSON[Audrey Carolyn Griner]} (1930–2015), a homemaker. {ORG[Campbell]} attended {ORG[Tulane University]} and graduated with a {ORG[BA]} in business from {ORG[the University of Miami]}.
On television, {ORG[Campbell]} became known to viewers when he co-starred with {PERSON[John Ritter]} on the short-lived {CARDINAL[Three]}'s Company spin-off {CARDINAL[Three]}'s a Crowd ({CARDINAL[1984–1985]}) in which he played the comedic role of {PERSON[E.Z. Taylor]}, {PERSON[Jack Tripper's]} "surfer dude" assistant chef at his bistro. He also co-starred for {DATE[five seasons]} with {PERSON[William Conrad]} and {PERSON[Joe Penny]} as Assistant District Attorney {PERSON[Derek Mitchell]} on the {ORG[CBS]} crime drama {PERSON[Jake]} and the {NORP[Fatman]} ({CARDINAL[1987–1992]}). {ORG[Campbell]} has guest starred on numerous television shows including {WORK_OF_ART[The Facts of Life, Matlock, All My Children, Law &amp; Order, Law &amp; Order]}: SVU, Homicide: Life on the Street, as well as the web series, {LAW[Submissions Only]} and Then We Got Help!.
{ORG[Campbell]} was also an established stage actor having appeared on {FAC[Broadway]}, {FAC[Off-Broadway]} and regional theater. In {DATE[1994]}, he made his {FAC[Broadway]} debut in the {GPE[New York]} premiere of {PERSON[Andrew Lloyd Webber's]} musical {FAC[Sunset Boulevard]} starring opposite {PERSON[Glenn Close]} and {PERSON[Alice Ripley]}, and received a Best Actor in a {WORK_OF_ART[Musical Tony Award]} nomination for his performance as {PERSON[Joe Gillis]}, a role he reprised from the musical's {DATE[1993]} {GPE[US]} premiere in {GPE[Los Angeles]} starring opposite Close, again, and {PERSON[Judy Kuhn]}. He also starred in {PERSON[Susan Stroman's]} {DATE[2000]} {PERSON[Tony Award-winning]} musical Contact at {ORG[the Vivian Beaumont Theater]}, {ORG[Lincoln Center]}, and its final performance was broadcast by {ORG[PBS]} as part of its Live from {ORG[Lincoln Center]} series on {DATE[September 1, 2002]}. His most current {FAC[Broadway]} role was playing {PERSON[Sam Carmichael]} in the hit musical {WORK_OF_ART[Mamma Mia]}! from {DATE[2014]} until production ceased in {DATE[September 2015]}.
His {FAC[Off-Broadway]} credits include {ORG[Adrift]} In {GPE[Macao]}, Book of Days, {ORG[Avow and Hello Again]}. He has appeared in several regional theatrical productions of {WORK_OF_ART[Race, Death and the Maiden]}, {CARDINAL[12]} {ORG[Angry Men]}, Hay Fever, Of Thee I Sing, {GPE[Oleanna]}, Beauty and the Beast, {PERSON[Johnny Guitar]}, {ORG[Bells Are Ringing]}, On {ORG[Shiloh Hill]}, {WORK_OF_ART[Boogie Woogie]} Rumble of a Dream Deferred and Breakfast at {ORG[Tiffany's]}, and productions of I Love My Wife and The Nerd.
{ORG[Campbell]} was married to actress {PERSON[Nova Ball]} from {DATE[1987]} to {DATE[1990]}. On {DATE[October 10, 1999]}, he married actress {PERSON[Lauren Kennedy]}, with whom he appeared in {FAC[Sunset Boulevard]} on {FAC[Broadway]}. They are divorced and have {CARDINAL[one]} child, {PERSON[Riley Rose Campbell]}.
On {DATE[April 24, 2008]}, {ORG[Campbell]} and {PERSON[Kennedy]} opened the {PERSON[Lauren Kennedy]} and {PERSON[Alan Campbell Theater]}, which establishes a home for a burgeoning theater program at {ORG[Barton College]}, a small liberal arts school in {GPE[Wilson]}, {GPE[North Carolina]}.
{PERSON[Alan Campbell]} official website
{PERSON[Alan Campbell]} at IMDb
{PERSON[Alan Campbell]} at the Internet Broadway Database 
{PERSON[Campbell]} at {FAC[the Internet Off-Broadway Database]}
 </spacy_body>
</doc>