<?xml version="1.0" encoding="utf-8"?>
<doc>
 <title>
  Alan Dinehart
 </title>
 <original_abstract>
  Mason Alan Dinehart Sr. (born Harold Alan Dinehart; October 3, 1889 – July 18, 1944) was an American actor, director, writer, and stage manager.
 </original_abstract>
 <spacy_abstract>
  {ORG[Mason Alan Dinehart Sr.]} (born {PERSON[Harold Alan Dinehart]}; {DATE[October 3, 1889 – July 18, 1944]}) was an {NORP[American]} actor, director, writer, and stage manager.
 </spacy_abstract>
 <original_body>
  Dinehart initially studied to be a priest, but he turned to the theater instead. His first acting experience came at Missoula University in Montana. He was active in Vaudeville before moving into other areas of entertainment.He left school to appear on stage with a repertory company and had no screen experience when he signed a contract with Fox in May 1931. He became a character actor and supporting player in at least eighty-eight films between 1931 and 1944. Earlier, he appeared in more than twenty Broadway plays.
Dinehart's likeness was drawn in caricature by Alex Gard for Sardi's, the New York City theater district restaurant. The picture is now part of the collection of the New York Public Library.Dinehart's second son, Mason Alan Dinehart, was cast in several 1950s television series, including the role of a young Bat Masterson in the ABC/Desilu Studios western, The Life and Legend of Wyatt Earp, starring Hugh O'Brian in the title role.
In 1936, Dinehart had his name legally changed to Mason Alan Dinehart. He had been baptized Harold Alan Dinehart, but his wife explained that the change would permit their son to be legally named Alan Dinehart III.
Dinehart suffered heart failure and died on 17 July 1944. Some reports stated the cause as a heart attack and the day of death as July 18 at age 54.

Alan Dinehart at IMDb
Alan Dinehart at the Internet Broadway Database 
Alan Dinehart at AllMovie
"Alan Dinehart". Find a Grave. Retrieved September 3, 2010.
 </original_body>
 <spacy_body>
  Dinehart initially studied to be a priest, but he turned to the theater instead. His {ORDINAL[first]} acting experience came at {ORG[Missoula University]} in {GPE[Montana]}. He was active in {ORG[Vaudeville]} before moving into other areas of entertainment.He left school to appear on stage with a repertory company and had no screen experience when he signed a contract with {ORG[Fox]} in {DATE[May 1931]}. He became a character actor and supporting player in {DATE[at least eighty-eight]} films {DATE[between 1931 and 1944]}. Earlier, he appeared in {CARDINAL[more than twenty]} {FAC[Broadway]} plays.
{PERSON[Dinehart]}'s likeness was drawn in caricature by {PERSON[Alex Gard]} for {ORG[Sardi's]}, the {GPE[New York City]} theater district restaurant. The picture is now part of the collection of {ORG[the New York Public Library]}.{PERSON[Dinehart]}'s {ORDINAL[second]} son, {PERSON[Mason Alan Dinehart]}, was cast in {DATE[several 1950s]} television series, including the role of a young {PERSON[Bat Masterson]} in the {ORG[ABC/Desilu Studios]} western, {WORK_OF_ART[The Life and Legend of Wyatt Earp]}, starring {PERSON[Hugh O'Brian]} in the title role.
In {DATE[1936]}, {PERSON[Dinehart]} had his name legally changed to {ORG[Mason Alan Dinehart]}. He had been baptized {PERSON[Harold Alan Dinehart]}, but his wife explained that the change would permit their son to be legally named {PERSON[Alan Dinehart III]}.
{PERSON[Dinehart]} suffered heart failure and died on {DATE[17 July 1944]}. Some reports stated the cause as a heart attack and the day of death as {DATE[July 18]} at {DATE[age 54]}.

{PERSON[Alan Dinehart]} at IMDb
{PERSON[Alan Dinehart]} at the Internet Broadway Database 
{PERSON[Alan Dinehart]} at {ORG[AllMovie]}
"{PERSON[Alan Dinehart]}". Find a Grave. Retrieved {DATE[September 3, 2010]}.
 </spacy_body>
</doc>