<?xml version="1.0" encoding="utf-8"?>
<doc>
 <title>
  Albert J. Smith (actor)
 </title>
 <original_abstract>
  Albert J. Smith (February 15, 1894 – April 11, 1939) was an American film actor. He appeared in more than 80 films between 1921 and 1937.
 </original_abstract>
 <spacy_abstract>
  {PERSON[Albert J. Smith]} ({DATE[February 15, 1894 –]} {DATE[April 11, 1939]}) was an {NORP[American]} film actor. He appeared in {CARDINAL[more than 80]} films {DATE[between 1921 and 1937]}.
 </spacy_abstract>
 <original_body>
  Albert J. Smith at IMDb
Albert J. Smith at Find a Grave
 </original_body>
 <spacy_body>
  {PERSON[Albert J. Smith]} at IMDb
{PERSON[Albert J. Smith]} at Find a Grave
 </spacy_body>
</doc>