<?xml version="1.0" encoding="utf-8"?>
<doc>
 <title>
  Alberta Nelson
 </title>
 <original_abstract>
  Alberta Nelson (August 14, 1937 – April 29, 2006) was an American television and film actress. After several dramatic parts in television in the early 1960s, she made five guest appearances on The Andy Griffith Show.
 </original_abstract>
 <spacy_abstract>
  {PERSON[Alberta Nelson]} ({DATE[August 14, 1937]} – {DATE[April 29, 2006]}) was an {NORP[American]} television and film actress. After several dramatic parts in television in {DATE[the early 1960s]}, she made {CARDINAL[five]} guest appearances on The {PERSON[Andy Griffith Show]}.
 </spacy_abstract>
 <original_body>
  Alberta Ann Nelson was born in Erie, Pennsylvania, to Frank Alton Nelson (1909–1959) and Katherine Storkel Stephens Nelson (1900–1982). Her only sibling was a half-sister, Irene Stephens McAleer (1919–1994). After graduating from the Andrews School for Girls in Willoughby, Ohio, in 1955, she briefly attended St. John's Hospital School of Nursing in Cleveland, Ohio. In the late 1950s, she moved to New York City, where she modeled and did theatre acting.
With the urging and assistance of her cousin, the theatrical producer John Kenley (Feb 20, 1906 - Oct 23, 2009), Nelson ventured into acting with the Erie Playhouse in Erie, Pennsylvania, and eventually played the lead in a production of The Seven Year Itch. She went on to appear in Broadway plays including Once There Was a Russian, The Wall, and The Gang's All Here.Nelson appeared in seven movies in the 1960s as one of Eric Von Zipper's "mice" in the American International Beach Party series. She is the only person who appeared in all seven Beach Party movies, including Beach Party, Muscle Beach Party and How to Stuff a Wild Bikini. Nelson played the leather clad "rat pack" biker chick "Puss" (sometimes called by other names), one of the comic villains who dogged the steps of the lead characters played by Annette Funicello and Frankie Avalon.After her successful girl-next-door stint as Flora on The Andy Griffith Show and her comedic career as biker girl Puss, Nelson starred in 1970s The Wild Scene as Dr. Virginia Grant, a female psychiatrist who talks graphically about her tawdriest cases. This and a 1970 appearance on Love, American Style would be Nelson's last credited roles.
Nelson married Ryan MacDonald (Machunas) around 1956 in Erie PA. Their son Adam Ryan was born in NYC around 1957 but died of SIDS at two months of age. Adam is buried in Holy Cross Cemetery in Philadelphia PA where Ryan's family lived.  Alberta had no other children with MacDonald. Ryan and Alberta divorced around 1962 and after acting success in NYC, she moved to California, where she pursued an acting career. She remarried, to Herbert Lester Gilman (b. November 19, 1922 - 29 June 2007), on February 14, 1971, in Erie PA. She and Gilman had no children together but Herbert had three adult children from his first marriage.
Nelson fought cancer of the jaw/throat for several years, dying on April 29, 2006, at age 68, in Erie, Pennsylvania]. She was buried next to her mother and father at Laurel Hill Cemetery, Erie, Pennsylvania, on May 2, 2006. Herbert Gilman died on June 29, 2007. He was buried at Laurel Hill Cemetery on July 1, 2007.
Beach Party (1963) - rat pack member
Muscle Beach Party (1964) - muscle girl (Lisa)
Bikini Beach (1964) - Puss/Alberta (Rat Pack member)
Pajama Party (1964) - Alberta (Rat Pack member)
Beach Blanket Bingo (1965) - Puss (Rat Pack member)
How to Stuff a Wild Bikini (1965) - Puss
Sergeant Deadhead (1965) - NASA secretary
Dr. Goldfoot and the Bikini Machine (1965) - "bad robot" reject #12
The Ghost in the Invisible Bikini (1966) - Alberta / Puss
The Wild Scene (1970) - Dr. Virginia Grant (final film role)
Alberta Nelson at IMDb
 </original_body>
 <spacy_body>
  {PERSON[Alberta Ann Nelson]} was born in {GPE[Erie]}, {GPE[Pennsylvania]}, to {PERSON[Frank Alton Nelson]} (1909–1959) and {PERSON[Katherine Storkel Stephens Nelson]} (1900–1982). Her only sibling was a half-sister, {PERSON[Irene Stephens]} McAleer ({CARDINAL[1919–1994]}). After graduating from {ORG[the Andrews School for Girls]} in {GPE[Willoughby]}, {GPE[Ohio]}, in {DATE[1955]}, she briefly attended {ORG[St. John's Hospital School of Nursing]} in {GPE[Cleveland]}, {GPE[Ohio]}. In {DATE[the late 1950s]}, she moved to {GPE[New York City]}, where she modeled and did theatre acting.
With the urging and assistance of her cousin, the theatrical producer {PERSON[John Kenley]} ({DATE[Feb 20, 1906 - Oct 23, 2009]}), {PERSON[Nelson]} ventured into acting with {ORG[the Erie Playhouse]} in {GPE[Erie]}, {GPE[Pennsylvania]}, and eventually played the lead in a production of {EVENT[The Seven Year Itch]}. She went on to appear in {FAC[Broadway]} plays including {WORK_OF_ART[Once There Was a Russian, The Wall]}, and {WORK_OF_ART[The Gang's All Here]}.{PERSON[Nelson]} appeared in {CARDINAL[seven]} movies in {DATE[the 1960s]} as {CARDINAL[one]} of {PERSON[Eric Von Zipper's]} "mice" in {ORG[the American International Beach Party]} series. She is the only person who appeared in all {CARDINAL[seven]} {ORG[Beach Party]} movies, including {ORG[Beach Party]}, {ORG[Muscle Beach Party]} and How to Stuff a Wild Bikini. {PERSON[Nelson]} played the leather clad "rat pack" biker chick "Puss" (sometimes called by other names), one of the comic villains who dogged the steps of the lead characters played by {PERSON[Annette Funicello]} and {PERSON[Frankie Avalon]}.After her successful girl-next-door stint as Flora on {WORK_OF_ART[The Andy Griffith Show]} and her comedic career as {PERSON[biker girl Puss]}, {PERSON[Nelson]} starred in {DATE[1970s]} {WORK_OF_ART[The Wild Scene]} as Dr. {PERSON[Virginia Grant]}, a female psychiatrist who talks graphically about her tawdriest cases. This and a {DATE[1970]} appearance on {WORK_OF_ART[Love]}, {NORP[American]} Style would be {PERSON[Nelson]}'s last credited roles.
{PERSON[Nelson]} married {PERSON[Ryan MacDonald]} ({PERSON[Machunas]}) around {DATE[1956]} in {ORG[Erie PA]}. Their son {PERSON[Adam Ryan]} was born in {ORG[NYC]} {DATE[around 1957]} but died of SIDS at {DATE[two months of age]}. {PERSON[Adam]} is buried in {ORG[Holy Cross Cemetery]} in {GPE[Philadelphia]} PA where {PERSON[Ryan]}'s family lived.  {GPE[Alberta]} had no other children with {PERSON[MacDonald]}. {PERSON[Ryan]} and {GPE[Alberta]} divorced around {DATE[1962]} and after acting success in {ORG[NYC]}, she moved to {GPE[California]}, where she pursued an acting career. She remarried, to {PERSON[Herbert Lester Gilman]} (b. {DATE[November 19, 1922 - 29 June 2007]}), on {DATE[February 14, 1971]}, in {ORG[Erie PA]}. She and {PERSON[Gilman]} had no children together but {PERSON[Herbert]} had {CARDINAL[three]} adult children from his {ORDINAL[first]} marriage.
{PERSON[Nelson]} fought cancer of the jaw/throat for {DATE[several years]}, dying on {DATE[April 29, 2006]}, at {DATE[age 68]}, in {GPE[Erie]}, {GPE[Pennsylvania]}]. She was buried next to her mother and father at {FAC[Laurel Hill Cemetery]}, {GPE[Erie]}, {GPE[Pennsylvania]}, on {DATE[May 2, 2006]}. {PERSON[Herbert Gilman]} died on {DATE[June 29, 2007]}. He was buried at {FAC[Laurel Hill Cemetery]} on {DATE[July 1, 2007]}.
Beach Party ({DATE[1963]}) - rat pack member
{ORG[Muscle Beach Party]} ({DATE[1964]}) - muscle girl ({PERSON[Lisa]})
{GPE[Bikini Beach]} ({DATE[1964]}) - Puss/{GPE[Alberta]} ({ORG[Rat Pack]} member)
{ORG[Pajama Party]} ({DATE[1964]}) - {GPE[Alberta]} ({ORG[Rat Pack]} member)
Beach Blanket Bingo ({DATE[1965]}) - Puss ({ORG[Rat Pack]} member)
How to Stuff a Wild Bikini ({DATE[1965]}) - Puss
Sergeant Deadhead ({DATE[1965]}) - {ORG[NASA]} secretary
Dr. {PERSON[Goldfoot]} and {ORG[the Bikini Machine]} ({DATE[1965]}) - "bad robot" reject {MONEY[#12]}
The Ghost in the Invisible Bikini ({DATE[1966]}) - Alberta / Puss
The Wild Scene ({DATE[1970]}) - Dr. {PERSON[Virginia Grant]} (final film role)
{PERSON[Alberta Nelson]} at IMDb
 </spacy_body>
</doc>