<?xml version="1.0" encoding="utf-8"?>
<doc>
 <title>
  Albert Conti
 </title>
 <original_abstract>
  Albert De Conti Cadassamare (29 January 1887 – 18 January 1967), professionally billed as Albert Conti, was an Austrian-Hungarian-born Italian-American film actor.
 </original_abstract>
 <spacy_abstract>
  {PERSON[Albert De Conti Cadassamare]} ({DATE[29 January 1887]} – {DATE[18 January 1967]}), professionally billed as {PERSON[Albert Conti]}, was an {NORP[Austrian]}-Hungarian-born {NORP[Italian]}-American film actor.
 </spacy_abstract>
 <original_body>
  Born in the village Gorizia (now, part of Italy), Conti achieved moderate fame as an actor in American films, but first he specialized in law (high school and law college in Graz) and natural science, and married Patricia Cross. When World War I began, he became an officer. His father was Albert, Ritter Conti v. Cedassamare and his mother was Marie Bernhardine Anna (Countess Caboga) a member of an old Ragusan/Dubrovnik noble family (see: House of Caboga). After his discharge from the Austrian army at the close of World War I, he came to America like many other now-impoverished postwar Europeans from both sides of the conflict.
Conti emigrated to the United States via the Port of Philadelphia in 1919. After settling in the new country, Conti was obliged to take a series of manual labor jobs, his patrician background notwithstanding. While working in the California oil fields, he answered an open call placed by director Erich von Stroheim, who was in search of an Austrian military officer to act as technical advisor for his upcoming film Merry-Go-Round (1923).
A better actor than most of his fellow Habsburg Empire expatriates, Conti was able to secure dignified character roles in several silent and sound films; his credits ranged from Josef von Sternberg's Morocco (1930) to the early Laurel and Hardy knockabout Slipping Wives (1927). He appeared in the 1928 silent film Dry Martini as a roué artist. Though he made his last film in 1942, Albert Conti remained in the industry as an employee of the MGM wardrobe department, where he worked until his retirement in 1962.
Albert Conti at IMDb
 </original_body>
 <spacy_body>
  Born in the village {PERSON[Gorizia]} (now, part of {GPE[Italy]}), {PERSON[Conti]} achieved moderate fame as an actor in {NORP[American]} films, but {ORDINAL[first]} he specialized in law (high school and law college in {PERSON[Graz]}) and natural science, and married {PERSON[Patricia Cross]}. When {EVENT[World War I]} began, he became an officer. His father was {PERSON[Albert]}, {PERSON[Ritter Conti]} v. {PRODUCT[Cedassamare]} and his mother was {PERSON[Marie Bernhardine Anna]} ({ORG[Countess Caboga]}) a member of an old {FAC[Ragusan/Dubrovnik]} noble family (see: {ORG[House of Caboga]}). After his discharge from the {NORP[Austrian]} army at the close of {EVENT[World War I]}, he came to {GPE[America]} like many other now-impoverished postwar {NORP[Europeans]} from both sides of the conflict.
{PERSON[Conti]} emigrated to {GPE[the United States]} via {ORG[the Port of Philadelphia]} in {DATE[1919]}. After settling in the new country, {PERSON[Conti]} was obliged to take a series of manual labor jobs, his patrician background notwithstanding. While working in the {GPE[California]} oil fields, he answered an open call placed by director {PERSON[Erich von Stroheim]}, who was in search of an {NORP[Austrian]} military officer to act as technical advisor for his upcoming film {PERSON[Merry-Go-Round]} ({DATE[1923]}).
A better actor than most of his fellow {GPE[Habsburg Empire]} expatriates, {PERSON[Conti]} was able to secure dignified character roles in several silent and sound films; his credits ranged from {PERSON[Josef von Sternberg's]} {GPE[Morocco]} (1930) to the early Laurel and Hardy knockabout Slipping Wives (1927). He appeared in the {DATE[1928]} silent film {WORK_OF_ART[Dry Martini]} as a roué artist. Though he made his last film in {DATE[1942]}, {PERSON[Albert Conti]} remained in the industry as an employee of the {ORG[MGM]} wardrobe department, where he worked until his retirement in {DATE[1962]}.
{PERSON[Albert Conti]} at IMDb
 </spacy_body>
</doc>