<?xml version="1.0" encoding="utf-8"?>
<doc>
 <title>
  Albert Hague
 </title>
 <original_abstract>
  Albert Hague (born Albert Marcuse, October 13, 1920 – November 12, 2001) was a German-American songwriter, composer, and actor.
 </original_abstract>
 <spacy_abstract>
  {PERSON[Albert Hague]} (born {PERSON[Albert Marcuse]}, {DATE[October 13, 1920 – November 12, 2001]}) was a {NORP[German]}-American songwriter, composer, and actor.
 </spacy_abstract>
 <original_body>
  Hague was born to a Jewish family in Berlin, Germany. His father, Harry Marcuse, was a psychiatrist and a musical prodigy, and his mother, Mimi (née Heller), a chess champion. His family considered their Jewish heritage a liability and raised him as a Lutheran (although he would later embrace his Jewish heritage after coming to the United States). Shortly before he was to be inducted into the Hitler Youth, he and his mother fled to Rome. Hague came to America in 1939 after his sister, who lived in Ohio, got him a musical scholarship at the University of Cincinnati. However, as he did not have a legal immigration status to be in the country, he was adopted by an eye surgeon associated with the university. After graduating in 1942, he served in the United States Army's special service band during World War II.
Hague's Broadway Musicals include Plain and Fancy (1955), Redhead (1959), Cafe Crown (1964), and The Fig Leaves Are Falling (1969, with lyrics by Allan Sherman).Famous songs he wrote include "Young and Foolish", "Look Who's in Love" and "Did I Ever Really Live?" He was the composer for the TV musical cartoon How the Grinch Stole Christmas and some songs in the 2000 musical version. He also was an actor, most notably on the TV series Fame, where he played Benjamin Shorofsky, the music teacher. It was a part he originated in the film of the same name. Hague also played a small role in the movie Space Jam (1996), as the psychiatrist that the Professional Basketball players go to when they lose their "skill".Hague and his wife Renee occasionally presented a cabaret act, first as "Hague and Hague: His Hits and His Mrs." and later, in 1998, under the title "Still Young and Foolish". They played at Carnegie Hall, the Cinegrill in Los Angeles, and Eighty Eight's in Manhattan.Hague was a member of The Lambs where he often taught musical theater to members.
His wife, Renee Orin, an actress and singer, with whom he often collaborated, died, aged 73, in August 2000 from lymphoma. They had been married since 1951.  They had two children. Albert Hague died at age 81 from cancer at a hospital in Marina del Rey, California in November 2001.

Albert Hague at IMDb
Albert Hague at the Internet Broadway Database
Albert Hague at the Internet Off-Broadway Database
 </original_body>
 <spacy_body>
  {GPE[Hague]} was born to a {NORP[Jewish]} family in {GPE[Berlin]}, {GPE[Germany]}. His father, {PERSON[Harry Marcuse]}, was a psychiatrist and a musical prodigy, and his mother, {PERSON[Mimi]} ({PERSON[née Heller]}), a chess champion. His family considered their {NORP[Jewish]} heritage a liability and raised him as a {GPE[Lutheran]} (although he would later embrace his {NORP[Jewish]} heritage after coming to {GPE[the United States]}). Shortly before he was to be inducted into the {PERSON[Hitler Youth]}, he and his mother fled to {GPE[Rome]}. {GPE[Hague]} came to {GPE[America]} in {DATE[1939]} after his sister, who lived in {GPE[Ohio]}, got him a musical scholarship at {ORG[the University of Cincinnati]}. However, as he did not have a legal immigration status to be in the country, he was adopted by an eye surgeon associated with the university. After graduating in {DATE[1942]}, he served in {ORG[the United States Army's]} special service band during {EVENT[World War II]}.
{GPE[Hague]}'s {FAC[Broadway Musicals]} include Plain and Fancy ({DATE[1955]}), {ORG[Redhead]} ({DATE[1959]}), {ORG[Cafe Crown]} ({DATE[1964]}), and {WORK_OF_ART[The Fig Leaves Are Falling]} ({DATE[1969]}, with lyrics by {NORP[Allan]} Sherman).Famous songs he wrote include "{WORK_OF_ART[Young and Foolish]}", "{WORK_OF_ART[Look Who's in Love]}" and "{WORK_OF_ART[Did I Ever Really Live]}?" He was the composer for the TV musical cartoon How the Grinch Stole Christmas and some songs in the {DATE[2000]} musical version. He also was an actor, most notably on {ORG[the TV series Fame]}, where he played {PERSON[Benjamin Shorofsky]}, the music teacher. It was a part he originated in the film of the same name. {GPE[Hague]} also played a small role in the movie {PERSON[Space Jam]} ({DATE[1996]}), as the psychiatrist that the {ORG[Professional Basketball]} players go to when they lose their "skill".{GPE[Hague]} and his wife {PERSON[Renee]} occasionally presented a cabaret act, {ORDINAL[first]} as {GPE["Hague]} and {GPE[Hague]}: His Hits and His Mrs." and later, in {DATE[1998]}, under the title "{WORK_OF_ART[Still Young and Foolish]}". They played at {ORG[Carnegie Hall]}, the {GPE[Cinegrill]} in {GPE[Los Angeles]}, and {DATE[Eighty Eight's]} in {GPE[Manhattan]}.{GPE[Hague]} was a member of The Lambs where he often taught musical theater to members.
His wife, {PERSON[Renee Orin]}, an actress and singer, with whom he often collaborated, died, aged {DATE[73]}, in {DATE[August 2000]} from lymphoma. They had been married since {DATE[1951]}.  They had {CARDINAL[two]} children. {PERSON[Albert Hague]} died at {DATE[age 81]} from cancer at a hospital in {GPE[Marina del Rey]}, {GPE[California]} in {DATE[November 2001]}.

{PERSON[Albert Hague]} at IMDb
{PERSON[Albert Hague]} at the Internet {FAC[Broadway]} Database
{PERSON[Albert Hague]} at the Internet Off-Broadway Database
 </spacy_body>
</doc>