<?xml version="1.0" encoding="utf-8"?>
<doc>
 <title>
  Albert Cavens
 </title>
 <original_abstract>
  Albert Cavens (1 October 1906 – 17 December 1985) was a Belgian-born American silent film child actor.
 </original_abstract>
 <spacy_abstract>
  {PERSON[Albert Cavens]} ({DATE[1 October 1906]} – {DATE[17 December 1985]}) was a {NORP[Belgian]}-born {NORP[American]} silent film child actor.
 </spacy_abstract>
 <original_body>
  Cavens moved to the United States soon after birth and began his career only aged 8 in a number of films in 1914, including The Town of Nazareth, also starring Charlotte Burton. However, after 1914, Cavens took a break from acting. He returned to it as an adult over thirty years later, playing Valvert, the nobleman whom Cyrano duels with while reciting a poem, in Cyrano de Bergerac (1950). (Cavens was the son of Fred Cavens, a fencing instructor in Hollywood). Between 1950 and 1969, he made a number of appearances in film and television, and appeared in Star Trek in 1969 shortly before his retirement.
Albert Cavens at IMDb
Albert Cavens at Memory Alpha (a Star Trek wiki)
 </original_body>
 <spacy_body>
  {ORG[Cavens]} moved to {GPE[the United States]} soon after birth and began his career only aged 8 in a number of films in {DATE[1914]}, including {WORK_OF_ART[The Town of Nazareth]}, also starring {PERSON[Charlotte Burton]}. However, after {DATE[1914]}, {ORG[Cavens]} took a break from acting. He returned to it as an adult over {DATE[thirty years later]}, playing {PERSON[Valvert]}, the nobleman whom {ORG[Cyrano]} duels with while reciting a poem, in {ORG[Cyrano de Bergerac]} ({DATE[1950]}). ({PERSON[Cavens]} was the son of {PERSON[Fred Cavens]}, a fencing instructor in {GPE[Hollywood]}). {DATE[Between 1950 and 1969]}, he made a number of appearances in film and television, and appeared in {WORK_OF_ART[Star Trek]} in {DATE[1969]} shortly before his retirement.
{PERSON[Albert Cavens]} at IMDb
{PERSON[Albert Cavens]} at Memory Alpha (a {WORK_OF_ART[Star Trek]} wiki)
 </spacy_body>
</doc>