<?xml version="1.0" encoding="utf-8"?>
<doc>
 <title>
  Albert Dekker
 </title>
 <original_abstract>
  Thomas Albert Ecke Van Dekker (December 20, 1905 – May 5, 1968) was an American character actor and politician best known for his roles in Dr. Cyclops, The Killers (1946), Kiss Me Deadly, and The Wild Bunch.
 </original_abstract>
 <spacy_abstract>
  {PERSON[Thomas Albert Ecke Van Dekker]} ({DATE[December 20, 1905]} – {DATE[May 5, 1968]}) was an {NORP[American]} character actor and politician best known for his roles in Dr. {PERSON[Cyclops]}, The Killers ({DATE[1946]}), {WORK_OF_ART[Kiss Me Deadly]}, and {ORG[The Wild Bunch]}.
 </spacy_abstract>
 <original_body>
  Dekker was born  in Brooklyn, New York City, the only child of Thomas and Grace Ecke Van Dekker. He attended Richmond Hill High School, where he appeared in stage productions. He then attended Bowdoin College, where he majored in pre-med with plans to become a doctor. On the advice of a friend, he decided to pursue acting as a career instead. He made his professional acting debut with a Cincinnati stock company in 1927. Within a few months, Dekker was featured in the Broadway production of Eugene O'Neill's play Marco Millions.

After a decade of theatrical appearances, Dekker transferred to Hollywood in 1937 and made his first film, 1937's The Great Garrick. He spent most of the rest of his acting career in the cinema but also returned to the stage from time to time.
He replaced Lee J. Cobb as Willy Loman in the original production of Arthur Miller's Death of a Salesman, and during a five-year stint back on Broadway in the early 1960s, he played the Duke of Norfolk in Robert Bolt's A Man for All Seasons.
Dekker appeared in some seventy films from the 1930s to the 1960s, but his four most famous screen roles were as a mad scientist in the 1940 horror film Dr. Cyclops, as a criminal mastermind in 1946's The Killers, as a dangerous dealer in atomic fuel in the 1955 film noir Kiss Me Deadly, and as an unscrupulous railroad detective in Sam Peckinpah's Western The Wild Bunch, released in 1969. In 1959 he played a convincing Texas Ranger, Captain Rucker, in The Wonderful Country. He was rarely cast in romantic roles, but in the film Seven Sinners, featuring a romance between Marlene Dietrich and John Wayne, Dietrich sails off with Dekker's character at the end of the film.  Dekker was an often memorable guest star – usually a villain – in numerous TV series from the 50s through to 1968, such as Rawhide, The Man From UNCLE, Mission: Impossible, Climax!, Bonanza, and I Spy. Dekker's role as Pat Harrigan in The Wild Bunch was his last screen appearance; he died over a year before it was released.
On April 4, 1929, Dekker married former actress Esther Guerini. The couple had two sons, John and Benjamin, and a daughter, Jan, before divorcing in 1964.In April 1957, Dekker's 16-year-old son, John, shot himself with a .22 rifle at the family's home in Hastings-on-Hudson, New York. He had reportedly been working on a silencer for the rifle for a year. His death was ruled accidental.In his book-length account of the production of The Wild Bunch, writer W.K. Stratton describes Dekker as "completely nuts," and possibly the most troubled person on a set filled with eccentrics.  According to actor R.G. Armstrong, Dekker showed up to the remote Mexican shooting location of that film in 1968 with a thirteen-year-old girl he described as his wife, telling people (falsely) that he was a medical doctor, and that after filming he would retire from acting to help impoverished Africans.
Dekker's off-screen interest in politics led to his winning a seat in the California State Assembly for the 57th Assembly District in 1944. Dekker served as a Democratic member of the Assembly until 1946.During the McCarthy era he was an outspoken critic of U.S. Senator Joseph McCarthy's tactics. As a result, Dekker was blacklisted in Hollywood and spent most of the blacklist period working on Broadway rather than Hollywood.
On May 5, 1968, Dekker was found dead in his Hollywood home by his fiancée, fashion model and future Love Boat creator Jeraldine Saunders.  He was naked, kneeling in the bathtub, with a noose tightly wrapped around his neck and looped around the shower curtain rod.  He was blindfolded, his wrists were handcuffed, there was a ball gag in his mouth, and two hypodermic needles were inserted in one arm. His body was covered in explicit words and drawings in red lipstick.Money and camera equipment were missing, but there was no sign of forced entry. Police originally said it was suicide but the deputy coroner found no evidence of foul play nor any indication that he planned to take his life and ruled his death accidental, the result of autoerotic asphyxiation. Dekker was cremated, and his remains interred at the Garden State Crematory in North Bergen, New Jersey.Dekker has a star, in the motion picture category, on the Hollywood Walk of Fame at 6620 Hollywood Boulevard.

Albert Dekker at IMDb
Albert Dekker at the TCM Movie Database
Albert Dekker at the Internet Broadway Database 
Albert Dekker at TV Guide
Join California Albert Dekker
 </original_body>
 <spacy_body>
  {PERSON[Dekker]} was born  in {GPE[Brooklyn]}, {GPE[New York City]}, the only child of {GPE[Thomas]} and {WORK_OF_ART[Grace Ecke Van Dekker]}. He attended {ORG[Richmond Hill High School]}, where he appeared in stage productions. He then attended {ORG[Bowdoin College]}, where he majored in pre-med with plans to become a doctor. On the advice of a friend, he decided to pursue acting as a career instead. He made his professional acting debut with a {GPE[Cincinnati]} stock company in {DATE[1927]}. Within {DATE[a few months]}, {PERSON[Dekker]} was featured in the {FAC[Broadway]} production of {PERSON[Eugene O'Neill's]} play {PERSON[Marco Millions]}.

After {DATE[a decade]} of theatrical appearances, {PERSON[Dekker]} transferred to {GPE[Hollywood]} in {DATE[1937]} and made his {ORDINAL[first]} film, {DATE[1937]}'s {EVENT[The Great Garrick]}. He spent most of the rest of his acting career in the cinema but also returned to the stage from time to time.
He replaced {PERSON[Lee J. Cobb]} as {PERSON[Willy Loman]} in the original production of {PERSON[Arthur Miller's]} {ORG[Death of a Salesman]}, and during a {DATE[five-year]} stint back on {FAC[Broadway]} in {DATE[the early 1960s]}, he played the Duke of {GPE[Norfolk]} in {PERSON[Robert Bolt's]} {WORK_OF_ART[A Man for All Seasons]}.
Dekker appeared in some {CARDINAL[seventy]} films from {DATE[the 1930s to the 1960s]}, but his {CARDINAL[four]} most famous screen roles were as a mad scientist in the {DATE[1940]} horror film Dr. {PERSON[Cyclops]}, as a criminal mastermind in {DATE[1946]}'s The {ORG[Killers]}, as a dangerous dealer in atomic fuel in the {DATE[1955]} film noir {WORK_OF_ART[Kiss Me Deadly]}, and as an unscrupulous railroad detective in {PERSON[Sam Peckinpah's]} {ORG[Western The Wild Bunch]}, released in {DATE[1969]}. In {DATE[1959]} he played a convincing {GPE[Texas]} Ranger, Captain {PERSON[Rucker]}, in {WORK_OF_ART[The Wonderful Country]}. He was rarely cast in romantic roles, but in the film {WORK_OF_ART[Seven Sinners]}, featuring a romance between {PERSON[Marlene Dietrich]} and {PERSON[John Wayne]}, {PERSON[Dietrich]} sails off with {PERSON[Dekker]}'s character at the end of the film.  {PERSON[Dekker]} was an often memorable guest star – usually a villain – in numerous TV series from {DATE[the 50s through to 1968]}, such as {NORP[Rawhide]}, {WORK_OF_ART[The Man From UNCLE]}, Mission: Impossible, {LOC[Climax]}!, {PERSON[Bonanza]}, and I Spy. {PERSON[Dekker]}'s role as {PERSON[Pat Harrigan]} in {WORK_OF_ART[The Wild Bunch]} was his last screen appearance; he died {DATE[over a year]} before it was released.
On {DATE[April 4, 1929]}, {PERSON[Dekker]} married former actress {PERSON[Esther Guerini]}. The couple had {CARDINAL[two]} sons, {PERSON[John]} and {GPE[Benjamin]}, and a daughter, {PERSON[Jan]}, before divorcing in {DATE[1964.In April 1957]}, {ORG[Dekker's]} {DATE[16-year-old]} son, {PERSON[John]}, shot himself with a .22 rifle at the family's home in {PERSON[Hastings]}-on-Hudson, {GPE[New York]}. He had reportedly been working on a silencer for the rifle for {DATE[a year]}. His death was ruled accidental.In his book-length account of the production of {ORG[The Wild Bunch]}, writer {PERSON[W.K. Stratton]} describes {PERSON[Dekker]} as "completely nuts," and possibly the most troubled person on a set filled with eccentrics.  According to actor {PERSON[R.G. Armstrong]}, {PERSON[Dekker]} showed up to the remote {NORP[Mexican]} shooting location of that film in {DATE[1968]} with a {DATE[thirteen-year-old]} girl he described as his wife, telling people (falsely) that he was a medical doctor, and that after filming he would retire from acting to help impoverished {NORP[Africans]}.
{PERSON[Dekker]}'s off-screen interest in politics led to his winning a seat in {ORG[the California State Assembly]} for the 57th {LOC[Assembly District]} in {DATE[1944]}. {PERSON[Dekker]} served as a {NORP[Democratic]} member of the {ORG[Assembly]} until 1946.During the {PERSON[McCarthy]} era he was an outspoken critic of {GPE[U.S.]} Senator {PERSON[Joseph McCarthy]}'s tactics. As a result, {PERSON[Dekker]} was blacklisted in {GPE[Hollywood]} and spent most of the blacklist period working on {FAC[Broadway]} rather than {GPE[Hollywood]}.
On {DATE[May 5, 1968]}, {PERSON[Dekker]} was found dead in his {GPE[Hollywood]} home by his fiancée, fashion model and future {ORG[Love Boat]} creator {PERSON[Jeraldine Saunders]}.  He was naked, kneeling in the bathtub, with a noose tightly wrapped around his neck and looped around the shower curtain rod.  He was blindfolded, his wrists were handcuffed, there was a ball gag in his mouth, and {CARDINAL[two]} hypodermic needles were inserted in one arm. His body was covered in explicit words and drawings in red lipstick.Money and camera equipment were missing, but there was no sign of forced entry. Police originally said it was suicide but the deputy coroner found no evidence of foul play nor any indication that he planned to take his life and ruled his death accidental, the result of autoerotic asphyxiation. {PERSON[Dekker]} was cremated, and his remains interred at {FAC[the Garden State Crematory]} in {GPE[North Bergen]}, {GPE[New Jersey]}.{PERSON[Dekker]} has a star, in the motion picture category, on {ORG[the Hollywood Walk of Fame]} at {DATE[6620]} {FAC[Hollywood Boulevard]}.

{PERSON[Albert Dekker]} at IMDb
{PERSON[Albert Dekker]} at the {ORG[TCM]} Movie Database
{PERSON[Albert Dekker]} at the Internet Broadway Database 
{PERSON[Albert Dekker]} at {ORG[TV Guide]}
Join {GPE[California]} {PERSON[Albert Dekker]}
 </spacy_body>
</doc>