<?xml version="1.0" encoding="utf-8"?>
<doc>
 <title>
  Alberta Vaughn
 </title>
 <original_abstract>
  Alberta Vaughn (June 27, 1904 – April 26, 1992) was an American actress in silent motion pictures and early Western sound films. She appeared in some 130 motion pictures.
 </original_abstract>
 <spacy_abstract>
  {PERSON[Alberta Vaughn]} ({DATE[June 27, 1904]} – {DATE[April 26, 1992]}) was an {NORP[American]} actress in silent motion pictures and early {NORP[Western]} sound films. She appeared in some {CARDINAL[130]} motion pictures.
 </spacy_abstract>
 <original_body>
  Born in Ashland, Kentucky, Vaughn was the sister of actress Adamae Vaughn.
Vaughn was a selected as a WAMPAS Baby Star along with Clara Bow and Dorothy Mackaill in 1924. Her movie career began in 1921 and continued until 1935. She often co-starred with actor Al Cook in comedies. She made Randy Rides Alone (1934) with John Wayne. She was a member of the cast of Intermission, a play by Irving Kaye Davis, in September 1932. The production opened in San Francisco and co-starred Madge Bellamy and Judith Voselli. Vaughn made her last onscreen appearance in the 1935 film The Live Wire opposite Richard Talmadge.

 She retired from acting in 1935 at age 31.
In 1926, Vaughn became engaged to actor and leading man Grant Withers. After announcing their engagement in October 1926, Vaughn traveled to New York to film some talking sequences for a movie she was filming in Hollywood. Withers broke off the engagement after he discovered Vaughn went out with friends to nightclubs in New York. Immediately after the wedding was called off, Vaughn returned to Hollywood as the fiancée of noted attorney (later agent and producer), Charles K. Feldman.
Vaughn announced her engagement to William Laitt, a "wealthy young steel man", on August 26, 1928.On April 8, 1934, Vaughn wed assistant casting director Joseph Egil of Paramount Pictures. (Other sources give the last name as Egli.) They were married in Yuma, Arizona. The couple was divorced on August 11, 1943.In 1948 she married roofing contractor John R. Thompson. (The trade publication Billboard recorded his name as John R. Thomas, reporting in its July 10, 1948, issue that Thomas and she were married June 23 in Los Angeles.)
Already in trouble for drunk driving, Vaughn received a six-month jail sentence on May 13, 1946, for violating probation. Judge William R. McKay in Los Angeles revoked her probation and handed down the sentence after he did not accept her explanation that some sailors who rode in her car left a half-full bottle of whiskey in the vehicle.Another probation revocation and sentence occurred in 1948. She was sentenced to a year in jail for marrying John Robert (Thomas) Thompson in violation of her terms of probation for drunk driving. Those terms "required that she consult with authorities before marrying."In March 1949, Vaughn was jailed on an intoxication violation in Pasadena. She chose incarceration instead of paying a $25 fine. Her jail term was 12 and a half days. A previous drunken charge, then pending, would have added an additional four months to her sentence. Vaughn was arrested after an argument with her husband, John R. Thompson. The incident followed her release after serving eight months of a one-year sentence on the earlier instance.
Vaughn died of cancer in Studio City, California, on April 26, 1992, two months before her 88th birthday, and was buried in Valhalla Memorial Park Cemetery.
Michael G. Ankerich (2010). Dangerous Curves atop Hollywood Heels: The Lives, Careers, and Misfortunes of 14 Hard-Luck Girls of the Silent Screen. BearManor. ISBN 978-1-59393-605-1.
Fresno Bee, Thursday, June 24, 1948, Page 14.
Nebraska Night Journal, Monday, January 14, 1929, Page 1.
The New York Times, "Al Cook, Film Comedian, Dies", July 7, 1935, Page 22.
The New York Times, "Theatrical Notes", September 17, 1932, Page 18.
The New York Times, "Alberta Vaughn Wed", April 9, 1934, Page 20.
Oakland Tribune, Thursday Evening, September 16, 1926, Section B, Page 17.
Oakland Tribune, Wednesday Evening, October 12, 1927, Page 1.
St. Joseph Herald-Press, Thursday, "Former Silent Film Star Alberta Vaughn Is Jailed On Intoxication Charge", March 3, 1949, Page 3.
Alberta Vaughn at IMDb
Alberta Vaughn at Find a Grave
 </original_body>
 <spacy_body>
  Born in {GPE[Ashland]}, {GPE[Kentucky]}, {GPE[Vaughn]} was the sister of actress {PRODUCT[Adamae Vaughn]}.
{ORG[Vaughn]} was a selected as a {ORG[WAMPAS Baby Star]} along with {PERSON[Clara Bow]} and {PERSON[Dorothy Mackaill]} in {DATE[1924]}. Her movie career began in {DATE[1921]} and continued until {DATE[1935]}. She often co-starred with actor {PERSON[Al Cook]} in comedies. She made {PERSON[Randy Rides Alone]} ({DATE[1934]}) with {PERSON[John Wayne]}. She was a member of the cast of {GPE[Intermission]}, a play by {PERSON[Irving Kaye Davis]}, in {DATE[September 1932]}. The production opened in {GPE[San Francisco]} and co-starred {PERSON[Madge Bellamy]} and {PERSON[Judith Voselli]}. {PERSON[Vaughn]} made her last onscreen appearance in the {DATE[1935]} film {WORK_OF_ART[The Live Wire opposite Richard Talmadge]}.

 She retired from acting in {DATE[1935]} at {DATE[age 31]}.
In {DATE[1926]}, {NORP[Vaughn]} became engaged to actor and leading man {PERSON[Grant Withers]}. After announcing their engagement in {DATE[October 1926]}, {ORG[Vaughn]} traveled to {GPE[New York]} to film some talking sequences for a movie she was filming in {GPE[Hollywood]}. Withers broke off the engagement after he discovered {NORP[Vaughn]} went out with friends to nightclubs in {GPE[New York]}. Immediately after the wedding was called off, {ORG[Vaughn]} returned to {GPE[Hollywood]} as the fiancée of noted attorney (later agent and producer), {PERSON[Charles K. Feldman]}.
{ORG[Vaughn]} announced her engagement to {PERSON[William Laitt]}, a "wealthy young steel man", on {DATE[August 26]}, 1928.On {DATE[April 8, 1934]}, {GPE[Vaughn]} wed assistant casting director {PERSON[Joseph Egil]} of {ORG[Paramount Pictures]}. (Other sources give the last name as {ORG[Egli]}.) They were married in {GPE[Yuma]}, {GPE[Arizona]}. The couple was divorced on {DATE[August 11]}, 1943.In {DATE[1948]} she married roofing contractor {PERSON[John R. Thompson]}. (The trade publication {PERSON[Billboard]} recorded his name as {PERSON[John R. Thomas]}, reporting in its {DATE[July 10, 1948]}, issue that {PERSON[Thomas]} and she were married {DATE[June 23]} in {GPE[Los Angeles]}.)
Already in trouble for drunk driving, {GPE[Vaughn]} received a {DATE[six-month]} jail sentence on {DATE[May 13, 1946]}, for violating probation. Judge {PERSON[William R. McKay]} in {GPE[Los Angeles]} revoked her probation and handed down the sentence after he did not accept her explanation that some sailors who rode in her car left a {CARDINAL[half]}-full bottle of whiskey in the vehicle.Another probation revocation and sentence occurred in {DATE[1948]}. She was sentenced to {DATE[a year]} in jail for marrying {PERSON[John Robert]} ({PERSON[Thomas]}) {PERSON[Thompson]} in violation of her terms of probation for drunk driving. Those terms "required that she consult with authorities before marrying."In {DATE[March 1949]}, {ORG[Vaughn]} was jailed on an intoxication violation in {GPE[Pasadena]}. She chose incarceration instead of paying a ${MONEY[25]} fine. Her jail term was {DATE[12 and a half days]}. A previous drunken charge, then pending, would have added {DATE[an additional four months]} to her sentence. {ORG[Vaughn]} was arrested after an argument with her husband, {PERSON[John R. Thompson]}. The incident followed her release after serving {DATE[eight months]} of a {DATE[one-year]} sentence on the earlier instance.
Vaughn died of cancer in {GPE[Studio City]}, {GPE[California]}, on {DATE[April 26, 1992]}, {DATE[two months]} before her {ORDINAL[88th]} birthday, and was buried in {LOC[Valhalla Memorial Park Cemetery]}.
{PERSON[Michael G. Ankerich]} ({DATE[2010]}). Dangerous Curves atop Hollywood Heels: The Lives, Careers, and Misfortunes of {CARDINAL[14]} Hard-Luck Girls of the Silent Screen. {ORG[BearManor]}. ISBN {CARDINAL[978-1]}-59393-605-1.
Fresno Bee, {DATE[Thursday]}, {DATE[June 24, 1948,]} Page {CARDINAL[14]}.
{ORG[Nebraska Night Journal]}, {DATE[Monday, January 14, 1929]}, Page {CARDINAL[1]}.
{ORG[The New York Times]}, "{PERSON[Al Cook]}, {PERSON[Film Comedian]}, Dies", {DATE[July 7, 1935]}, {LAW[Page 22]}.
{ORG[The New York Times]}, "{WORK_OF_ART[Theatrical Notes]}", {DATE[September 17, 1932]}, {LAW[Page 18]}.
{ORG[The New York Times]}, "{PERSON[Alberta Vaughn We]}d", {DATE[April 9, 1934]}, Page {CARDINAL[20]}.
{ORG[Oakland Tribune]}, {DATE[Thursday]} {TIME[Evening]}, {DATE[September 16, 1926]}, {ORG[Section B, Page 17]}.
{ORG[Oakland Tribune]}, {DATE[Wednesday]} {TIME[Evening]}, {DATE[October 12, 1927]}, Page {CARDINAL[1]}.
St. Joseph Herald-Press, {DATE[Thursday]}, "Former {ORG[Silent Film Star]} {PERSON[Alberta Vaughn]} Is Jailed On Intoxication Charge", {DATE[March 3, 1949]}, Page 3.
{PERSON[Alberta Vaughn]} at IMDb
{PERSON[Alberta Vaughn]} at Find a Grave
 </spacy_body>
</doc>