<?xml version="1.0" encoding="utf-8"?>
<doc>
 <title>
  Aldo Sambrell
 </title>
 <original_abstract>
  Alfredo Sánchez Brell (23 February 1931 – 10 July 2010), known as Aldo Sambrell, was a Spanish actor, director, and producer who appeared in over 150 films between 1961 and 1996.
 </original_abstract>
 <spacy_abstract>
  {PERSON[Alfredo Sánchez Brell]} ({DATE[23 February 1931]} – {DATE[10 July 2010]}), known as {PERSON[Aldo Sambrell]}, was a {NORP[Spanish]} actor, director, and producer who appeared in over {CARDINAL[150]} films {DATE[between 1961 and 1996]}.
 </spacy_abstract>
 <original_body>
  Sambrell was born in Vallecas, Madrid, on 23 February 1931. He travelled to Mexico because his parents were exiled there, beginning a football career in Puebla F.C., where he was known as Madrileño Sánchez. When he returned to Spain he played for Alcoyano and Rayo Vallecano, and finally worked as an actor.
Sambrell was best known in the world of cinema for his roles as henchmen in Sergio Leone's Spaghetti Western films, portraying gang members in the trilogy of films A Fistful of Dollars (1964), For a Few Dollars More, (1965) and The Good, the Bad and the Ugly (1966), as well as in Once Upon a Time in the West in 1968, and 100 Rifles in 1969. He also played the part of firing squad leader in A Fistful of Dynamite (1971), and a member of Sinbad's crew in The Golden Voyage of Sinbad (1973). He also appeared alongside Jackie Chan in Armour of God 2: Operation Condor; he plays a villain here.
He acted in many other westerns, including Sergio Corbucci's Navajo Joe. He appeared in several  international productions as an extra or bit actor, including Doctor Zhivago and The Wind and the Lion.
He died in Alicante, Spain on 10 July 2010 from a cerebral infarction, at age 79, the result of three strokes he suffered in early June. He was cremated and his ashes were spread on Fort Bravo, Tabernas.He was married with Cándida López Cano, with whom he had a son, and Sergio Leone was his best man.
Aldo Sambrell at IMDb
 </original_body>
 <spacy_body>
  {ORG[Sambrell]} was born in {GPE[Vallecas]}, {GPE[Madrid]}, on {DATE[23 February 1931]}. He travelled to {GPE[Mexico]} because his parents were exiled there, beginning a football career in {ORG[Puebla F.C.]}, where he was known as Madrileño Sánchez. When he returned to {GPE[Spain]} he played for {ORG[Alcoyano]} and {PERSON[Rayo Vallecano]}, and finally worked as an actor.
{ORG[Sambrell]} was best known in the world of cinema for his roles as henchmen in {ORG[Sergio Leone's]} {PERSON[Spaghetti Western]} films, portraying gang members in the trilogy of films {WORK_OF_ART[A Fistful of Dollars]} ({DATE[1964]}), For a Few Dollars More, ({DATE[1965]}) and {WORK_OF_ART[The Good]}, the Bad and the Ugly (1966), as well as in Once Upon a Time in the West in {DATE[1968]}, and {CARDINAL[100]} {NORP[Rifles]} in {DATE[1969]}. He also played the part of firing squad leader in {ORG[A Fistful of Dynamite]} ({DATE[1971]}), and a member of {GPE[Sinbad]}'s crew in {FAC[The Golden Voyage of Sinbad]} ({DATE[1973]}). He also appeared alongside {PERSON[Jackie Chan]} in {PERSON[Armour]} of God {CARDINAL[2]}: {GPE[Operation Condor]}; he plays a villain here.
He acted in many other westerns, including {GPE[Sergio Corbucci's]} {PERSON[Navajo Joe]}. He appeared in several  international productions as an extra or bit actor, including Doctor {PERSON[Zhivago]} and {WORK_OF_ART[The Wind and the Lion]}.
He died in {GPE[Alicante]}, {GPE[Spain]} on {DATE[10 July 2010]} from a cerebral infarction, at {DATE[age 79]}, the result of {CARDINAL[three]} strokes he suffered in {DATE[early June]}. He was cremated and his ashes were spread on {GPE[Fort Bravo]}, {GPE[Tabernas]}.He was married with {PERSON[Cándida López Cano]}, with whom he had a son, and {PERSON[Sergio Leone]} was his best man.
{PERSON[Aldo Sambrell]} at IMDb
 </spacy_body>
</doc>