<?xml version="1.0" encoding="utf-8"?>
<doc>
 <title>
  Aldrich Bowker
 </title>
 <original_abstract>
  Aldrich Bowker (January 1, 1875 – March 21, 1947) was an American stage- and film actor.
 </original_abstract>
 <spacy_abstract>
  {PERSON[Aldrich Bowker]} ({DATE[January 1, 1875 – March 21, 1947]}) was an {NORP[American]} stage- and film actor.
 </spacy_abstract>
 <original_body>
  Bowker was born in Ashby, Massachusetts. He graduated from Fitchburg High School. His debut came in Boston in a stage adaptation of The Christian, by Hall Caine.He was a long-time stage performer in Chicago and Cincinnati, and in summer stock at amusement park Whalom Park in Lunenburg, Massachusetts. He was a pioneer in "open air" theatre at Whalom Park and at his summer home in Ashburnham, where other performers were frequent guests, including Ainsworth Arnold and Bette Davis. 
Between 1912 and 1938 he was active on Broadway. Notable stage plays he performed in were The High Road (1912), A Night in Avignon (1919), You Can't Take It With You (1936) and 200 Were Chosen (1936).Between 1939 and 1942 he appeared in about 25 films, including Ball of Fire (1941).Bowker died at Patton State Hospital in San Bernardino, California, from arteriosclerosis and senility.
Aldrich Bowker at IMDb
Aldrich Bowker at AllMovie
 </original_body>
 <spacy_body>
  {ORG[Bowker]} was born in {GPE[Ashby]}, {GPE[Massachusetts]}. He graduated from {ORG[Fitchburg High School]}. His debut came in {GPE[Boston]} in a stage adaptation of The {NORP[Christian]}, by {ORG[Hall Caine]}.He was a long-time stage performer in {GPE[Chicago]} and {GPE[Cincinnati]}, and in {DATE[summer]} stock at amusement park {GPE[Whalom Park]} in {GPE[Lunenburg]}, {GPE[Massachusetts]}. He was a pioneer in "open air" theatre at {FAC[Whalom Park]} and at his {DATE[summer]} home in {PERSON[Ashburnham]}, where other performers were frequent guests, including {PERSON[Ainsworth Arnold]} and {PERSON[Bette Davis]}. 
{DATE[Between 1912 and 1938]} he was active on {FAC[Broadway]}. Notable stage plays he performed in were {FAC[The High Road]} ({DATE[1912]}), {WORK_OF_ART[A Night in Avignon]} ({DATE[1919]}), You Can't Take It With You ({DATE[1936]}) and {CARDINAL[200]} Were Chosen ({DATE[1936).Between 1939 and 1942]} he appeared in {CARDINAL[about 25]} films, including {WORK_OF_ART[Ball of Fire]} ({CARDINAL[1941).Bowker]} died at {ORG[Patton State Hospital]} in {GPE[San Bernardino]}, {GPE[California]}, from arteriosclerosis and senility.
{PERSON[Aldrich Bowker]} at IMDb
{PERSON[Aldrich Bowker]} at {ORG[AllMovie]}
 </spacy_body>
</doc>