<?xml version="1.0" encoding="utf-8"?>
<doc>
 <title>
  Alec Jason
 </title>
 <original_abstract>
  Alec Jason (born Alexander Jason on 13 July 1911 in London - died 2 October 2000 in Los Angeles) was an English actor. He is the father of Harvey Jason and he was married to Marie Goldblatt until her death.
 </original_abstract>
 <spacy_abstract>
  {PERSON[Alec Jason]} (born {PERSON[Alexander Jason]} on {DATE[13 July 1911]} in {GPE[London]} - died {DATE[2 October 2000]} in {GPE[Los Angeles]}) was an {LANGUAGE[English]} actor. He is the father of {PERSON[Harvey Jason]} and he was married to {PERSON[Marie Goldblatt]} until her death.
 </spacy_abstract>
 <original_body>
  Bis ans Ende der Welt (1991) ... as Narcotics Agent
Midnight Caller
episode The Language Barrier ... as Grady
episode Do You Believe in Miracles? ... as Uniform No.1
Dr. Minx (1975) ... as Motel Owner
The Specialist (1975) ... as Witness
I Wonder Who's Killing Her Now? ... as Dr. DeHart
Alec Jason at IMDb
 </original_body>
 <spacy_body>
  Bis ans Ende der Welt ({DATE[1991]}) ... as Narcotics Agent
Midnight Caller
episode {LAW[The Language Barrier]} ... as Grady
episode Do You Believe in {GPE[Miracles]}? ... as {PRODUCT[Uniform No.1]}
Dr. {PERSON[Minx]} ({DATE[1975]}) ... as Motel Owner
The Specialist ({DATE[1975]}) ... as Witness
I Wonder Who's Killing Her Now? ... as Dr. {PERSON[DeHart
Alec Jason]} at IMDb
 </spacy_body>
</doc>