<?xml version="1.0" encoding="utf-8"?>
<doc>
 <title>
  Alejandro Rey
 </title>
 <original_abstract>
  Alejandro Rey (February 8, 1930 – May 21, 1987) was an Argentine-American actor and television director.
 </original_abstract>
 <spacy_abstract>
  {PERSON[Alejandro Rey]} ({DATE[February 8, 1930]} – {DATE[May 21, 1987]}) was an {NORP[Argentine]}-American actor and television director.
 </spacy_abstract>
 <original_body>
  Rey was born in Buenos Aires and studied acting under Hedwig Schlichter and Milagros de la Vega. He became known as an actor in Argentine movies. In 1957, he participated in the film El Diablo de vacaciones, directed by Ferruccio Cerio, with Nelly Panizza and Ana María Cassan, embarking on the ship Yapeyu to travel around the world, but filming did not conclude. In 1960, he began working with Ana Casares forming the main couple of the television program María Trastorno y yo, but within three months, production had to be interrupted, after he was hired in the United States for a small role in Battle at Bloody Beach.
Rey was most famous for his roles in movies such as Fun in Acapulco with Elvis Presley (1963), where although he receives no credit, his time on screen corresponds to that of a starring role. His only credited lead came later in the film The Stepmother (1972). On television, his best known role was that of casino owner and playboy Carlos Ramirez in The Flying Nun (1967–70), which became an international success. He also had memorable supporting and leading roles in two episodes of Thriller titled "Guillotine" (1961) and "La Strega" (1962). In 1961, he made a guest appearance on the courtroom series Perry Mason as murder victim and title character Vincent Danielli in "The Case of the Injured Innocent". He played a South American patriot in the Voyage to the Bottom of the Sea episode "The Mist of Silence". He portrayed a Spanish sergeant on a 1966 episode of Daniel Boone. He also appeared in a season one episode of The Fugitive titled "Smoke Screen".Rey was part of an episode of Route 66, as a jai alai player in Florida, and brother to one of Fidel Castro's junior officers hoping to be reunited with his brother. Rey remained busy, playing the role of Karl Duval on Days of Our Lives from 1976 to 1977. He was also a frequent panelist on the game shows Tattletales, He Said, She Said, Hollywood Squares and Match Game. He appeared as part of an ensemble cast in William Peter Blatty's film The Ninth Configuration (1980). In 1986, he played Captain Luis Rueda on Dallas. He also directed for television, with credits on Villa Allegre, The Facts of Life and Mary Hartman, Mary Hartman.
Rey emigrated to the United States in 1960, and became a naturalized citizen of the United States in 1967 while appearing in The Flying Nun. On an episode of Tattletales, he said that his first marriage lasted "for 7 days". He married Joyce Bowman on May 24, 1969, in Los Angeles. She was the adopted daughter of attorney and long-time president of the Santa Ana School District Frank Bowman and his wife Dorothy. They had one son, Brandon.
Rey died from lung cancer on May 21, 1987, at Cedars-Sinai Medical Center at age 57. He is interred in the Holy Cross Cemetery in Culver City, California.

Alejandro Rey at IMDb
Alejandro Rey at the TCM Movie Database
Alejandro Rey at Cinenacional.com (in Spanish) (archive)
Alejandro Rey at Find a Grave
 </original_body>
 <spacy_body>
  {PERSON[Rey]} was born in {GPE[Buenos Aires]} and studied acting under {PERSON[Hedwig Schlichter]} and {PERSON[Milagros de la Vega]}. He became known as an actor in {NORP[Argentine]} movies. In {DATE[1957]}, he participated in the film {FAC[El Diablo de vacaciones]}, directed by {PERSON[Ferruccio Cerio]}, with {PERSON[Nelly Panizza]} and {PERSON[Ana María Cassan]}, embarking on the ship {PRODUCT[Yapeyu]} to travel around the world, but filming did not conclude. In {DATE[1960]}, he began working with {PERSON[Ana Casares]} forming the main couple of the television program {LOC[María Trastorno y yo]}, but within {DATE[three months]}, production had to be interrupted, after he was hired in {GPE[the United States]} for a small role in {GPE[Battle]} at {GPE[Bloody Beach]}.
{PERSON[Rey]} was most famous for his roles in movies such as Fun in {GPE[Acapulco]} with {PERSON[Elvis Presley]} ({DATE[1963]}), where although he receives no credit, his time on screen corresponds to that of a starring role. His only credited lead came later in the film {WORK_OF_ART[The Stepmother]} ({DATE[1972]}). On television, his best known role was that of casino owner and playboy {PERSON[Carlos Ramirez]} in {WORK_OF_ART[The Flying Nun]} (1967–70), which became an international success. He also had memorable supporting and leading roles in {CARDINAL[two]} episodes of {WORK_OF_ART[Thriller]} titled "{WORK_OF_ART[Guillotine]}" ({DATE[1961]}) and "{WORK_OF_ART[La Strega]}" ({DATE[1962]}). In {DATE[1961]}, he made a guest appearance on the courtroom series {PERSON[Perry Mason]} as murder victim and title character {PERSON[Vincent Danielli]} in {WORK_OF_ART["The Case of the Injured Innocent"]}. He played a {NORP[South American]} patriot in {ORG[the Voyage to the Bottom of the Sea episode "]}{WORK_OF_ART[The Mist of Silence]}". He portrayed a {NORP[Spanish]} sergeant on a {DATE[1966]} episode of {PERSON[Daniel Boone]}. He also appeared in a season {CARDINAL[one]} episode of {WORK_OF_ART[The Fugitive]} titled "{WORK_OF_ART[Smoke Screen"]}.{PERSON[Rey]} was part of an episode of {FAC[Route 66]}, as a {ORG[jai]} alai player in {GPE[Florida]}, and brother to {CARDINAL[one]} of {PERSON[Fidel Castro's]} junior officers hoping to be reunited with his brother. {PERSON[Rey]} remained busy, playing the role of {PERSON[Karl Duval]} on Days of Our Lives from {DATE[1976 to 1977]}. He was also a frequent panelist on the game shows {PERSON[Tattletales]}, He {PERSON[Said]}, She {PERSON[Said]}, {GPE[Hollywood Squares]} and {PERSON[Match Game]}. He appeared as part of an ensemble cast in {PERSON[William Peter Blatty's]} film {WORK_OF_ART[The Ninth Configuration]} ({DATE[1980]}). In {DATE[1986]}, he played Captain {PERSON[Luis Rueda]} on {GPE[Dallas]}. He also directed for television, with credits on {PERSON[Villa Allegre]}, {WORK_OF_ART[The Facts of Life and Mary Hartman]}, {PERSON[Mary Hartman]}.
{PERSON[Rey]} emigrated to {GPE[the United States]} in {DATE[1960]}, and became a naturalized citizen of {GPE[the United States]} in {DATE[1967]} while appearing in {WORK_OF_ART[The Flying Nun]}. On an episode of {PERSON[Tattletales]}, he said that his {ORDINAL[first]} marriage lasted "for {DATE[7 days]}". He married {PERSON[Joyce Bowman]} on {DATE[May 24, 1969]}, in {GPE[Los Angeles]}. She was the adopted daughter of attorney and long-time president of {ORG[the Santa Ana School]} District {PERSON[Frank Bowman]} and his wife {PERSON[Dorothy]}. They had {CARDINAL[one]} son, {PERSON[Brandon]}.
{PERSON[Rey]} died from lung cancer on {DATE[May 21, 1987,]} at {ORG[Cedars-Sinai Medical Center]} at {DATE[age 57]}. He is interred in {FAC[the Holy Cross Cemetery]} in {GPE[Culver City]}, {GPE[California]}.

{ORG[Alejandro Rey]} at IMDb
{ORG[Alejandro Rey]} at the {ORG[TCM]} Movie Database
Alejandro Rey at {ORG[Cinenacional.com]} (in {LANGUAGE[Spanish]}) (archive)
{ORG[Alejandro Rey]} at Find a Grave
 </spacy_body>
</doc>