<?xml version="1.0" encoding="utf-8"?>
<doc>
 <title>
  Aleksa Palladino
 </title>
 <original_abstract>
  Aleksa Federici Palladino (born September 21, 1980) is an American actress and singer, perhaps best known for her lead roles in Manny &amp; Lo, The Adventures of Sebastian Cole, Find Me Guilty, Boardwalk Empire, Wrong Turn 2: Dead End, and Before the Devil Knows You're Dead. She also played a main role in the second season of the AMC period drama Halt and Catch Fire.
 </original_abstract>
 <spacy_abstract>
  {PERSON[Aleksa Federici Palladino]} (born {DATE[September 21, 1980]}) is an {NORP[American]} actress and singer, perhaps best known for her lead roles in {ORG[Manny &amp; Lo]}, {WORK_OF_ART[The Adventures of Sebastian Cole]}, Find Me Guilty, {ORG[Boardwalk Empire]}, Wrong Turn 2: Dead End, and Before the Devil Knows You're Dead. She also played a main role in {DATE[the second season]} of the {ORG[AMC]} period drama {WORK_OF_ART[Halt and Catch Fire]}.
 </spacy_abstract>
 <original_body>
  Aleksa Federici Palladino was born in New York City, where she grew up and worked as an actress. She is the only child of filmmaker, soprano singer, photographer, graphic artist, and producer  Sabrina A. Palladino, and the granddaughter of Sicilian painter and sculptor Angela Fodale Palladino and the Italian-American illustrator and graphic designer Anthony Americo "Tony" Palladino, who designed the lettering for Robert Bloch's 1959 novel Psycho. An episode of The Marvelous Mrs. Maisel, created by Amy Sherman-Palladino, is dedicated to Tony. Palladino's aunt, Kate Palladino-Kirk, is a designer, her great-great-uncle Rocco Fodale was a painter from Trapani, and her great-uncle Tonino Fodale worked as a retoucher for the biggest fashion photographers, such as Richard Avedon and Peter Lindbergh. Palladino's ancestral origins are in Naples and Sicily.
Her debut role was as "Lo" in Manny &amp; Lo opposite Scarlett Johansson, in which she played a 16-year-old character despite being 14 at the time. The next year, she was given her first lead role in the short film Number One Fan with Glenn Fitzgerald, and soon appeared in Wrestling with Alligators with Joely Richardson, the well-received The Adventures of Sebastian Cole with Adrian Grenier, and Second Skin with Fitzgerald again.
The year 2000 saw the release of Red Dirt, followed by the independent film Lonesome, and  Storytelling with Selma Blair. She then had guest appearances in Law &amp; Order: Criminal Intent (where she played two different characters), The Sopranos and Law &amp; Order.
In 2004, Palladino returned to acting with a guest appearance on Medium, followed by her lead role in Spectropia and a supporting one in Find Me Guilty with Vin Diesel. After she worked in Find Me Guilty, director Sidney Lumet offered Palladino the role of Chris Lasorda in Before the Devil Knows You're Dead. She then appeared in The Picture of Dorian Gray, based on the novel by Oscar Wilde, and landed a supporting role in the acclaimed horror sequel Wrong Turn 2: Dead End.
The 2010s saw her busy mainly on television; her role as Prohibition-era gangster Jimmy Darmody's closeted wife Angela in the HBO series Boardwalk Empire stands out. She was also a series regular of season two in the critically acclaimed AMC series Halt and Catch Fire as Sara Wheeler. Her next important film role was Mary Sheeran in Martin Scorsese's The Irishman, which was distributed by Netflix and received only a limited theatrical release.
For over ten years she was the lead singer and songwriter of the band Exitmusic, which she formed with her husband Devon Church. After a self-released album in 2007, the band released an EP in 2011 and a full-length album in 2012 for the indie label Secretly Canadian. A final album followed in 2018 for Felte Records.Palladino met Church in 2001 while on a cross Canada train trip. They married on September 30, 2004 before separating in 2013. Their divorce was finalized in 2015. They had no children together.
with Duo Exitmusic

The Decline of the West (self-released, 2007)
From Silence (EP) (Secretly Canadian, 2011)
Passage (Secretly Canadian, 2012)
The Recognitions (Felte, 2018)
Aleksa Palladino at IMDb
Band MySpace
 </original_body>
 <spacy_body>
  {PERSON[Aleksa Federici Palladino]} was born in {GPE[New York City]}, where she grew up and worked as an actress. She is the only child of filmmaker, soprano singer, photographer, graphic artist, and producer  {PERSON[Sabrina A. Palladino]}, and the granddaughter of {NORP[Sicilian]} painter and sculptor {PERSON[Angela Fodale Palladino]} and the {NORP[Italian]}-American illustrator and graphic designer {PERSON[Anthony Americo]} "{PERSON[Tony]}" {LANGUAGE[Palladino]}, who designed the lettering for {PERSON[Robert Bloch's]} {DATE[1959]} novel {PERSON[Psycho]}. An episode of The Marvelous Mrs. {PERSON[Maisel]}, created by {PERSON[Amy Sherman-Palladino]}, is dedicated to {PERSON[Tony]}. {GPE[Palladino]}'s aunt, {PERSON[Kate Palladino-Kirk]}, is a designer, her great-great-uncle {PERSON[Rocco Fodale]} was a painter from {PERSON[Trapani]}, and her great-uncle {WORK_OF_ART[Tonino Fodale]} worked as a retoucher for the biggest fashion photographers, such as {PERSON[Richard Avedon]} and {PERSON[Peter Lindbergh]}. {GPE[Palladino]}'s ancestral origins are in {GPE[Naples]} and {GPE[Sicily]}.
Her debut role was as "{PERSON[Lo]}" in {ORG[Manny &amp; Lo]} opposite {PERSON[Scarlett Johansson]}, in which she played a {DATE[16-year-old]} character despite being {DATE[14]} at the time. {DATE[The next year]}, she was given her {ORDINAL[first]} lead role in the short film {EVENT[Number One Fan]} with {PERSON[Glenn Fitzgerald]}, and soon appeared in Wrestling with Alligators with {PERSON[Joely Richardson]}, the well-received {WORK_OF_ART[The Adventures of Sebastian Cole]} with {NORP[Adrian]} {ORG[Grenier]}, and Second Skin with {PERSON[Fitzgerald]} again.
{DATE[The year 2000]} saw the release of {ORG[Red Dirt]}, followed by the independent film Lonesome, and  Storytelling with {PERSON[Selma Blair]}. She then had guest appearances in {ORG[Law &amp; Order: Criminal Intent]} (where she played {CARDINAL[two]} different characters), {ORG[The Sopranos and Law &amp; Order]}.
In {DATE[2004]}, {GPE[Palladino]} returned to acting with a guest appearance on {ORG[Medium]}, followed by her lead role in {GPE[Spectropia]} and a supporting {CARDINAL[one]} in Find Me Guilty with {PERSON[Vin Diesel]}. After she worked in {WORK_OF_ART[Find Me Guilty]}, director {PERSON[Sidney Lumet]} offered Palladino the role of {PERSON[Chris Lasorda]} in Before the Devil Knows You're Dead. She then appeared in {WORK_OF_ART[The Picture of Dorian Gray]}, based on the novel by {PERSON[Oscar Wilde]}, and landed a supporting role in the acclaimed horror sequel Wrong Turn 2: Dead End.
The 2010s saw her busy mainly on television; her role as Prohibition-era gangster {PERSON[Jimmy Darmody's]} closeted wife Angela in the {ORG[HBO]} series {PERSON[Boardwalk Empire]} stands out. She was also a series regular of {DATE[season two]} in the critically acclaimed {NORP[AMC]} series {WORK_OF_ART[Halt and Catch Fire]} as {PERSON[Sara Wheeler]}. Her next important film role was {PERSON[Mary Sheeran]} in {PERSON[Martin Scorsese's]} The {FAC[Irishman]}, which was distributed by {GPE[Netflix]} and received only a limited theatrical release.
For over ten years she was the lead singer and songwriter of the band {PRODUCT[Exitmusic]}, which she formed with her husband {ORG[Devon Church]}. After a self-released album in {DATE[2007]}, the band released an {ORG[EP]} in {DATE[2011]} and a full-length album in {DATE[2012]} for the indie label Secretly {NORP[Canadian]}. A final album followed in {DATE[2018]} for {ORG[Felte Records]}.{ORG[Palladino]} met {ORG[Church]} in {DATE[2001]} while on a cross {GPE[Canada]} train trip. They married on {DATE[September 30, 2004]} before separating in {DATE[2013]}. Their divorce was finalized in {DATE[2015]}. They had no children together.
with {PERSON[Duo Exitmusic]}

The Decline of the West (self-released, {DATE[2007]})
From Silence (EP) (Secretly {NORP[Canadian]}, {DATE[2011]})
Passage (Secretly Canadian, {DATE[2012]})
The Recognitions (Felte, {DATE[2018]})
Aleksa Palladino at IMDb
Band MySpace
 </spacy_body>
</doc>