<?xml version="1.0" encoding="utf-8"?>
<doc>
 <title>
  Alessandra Torresani
 </title>
 <original_abstract>
  Alessandra Olivia Toreson (born May 29, 1987), known professionally as Alessandra Torresani and prior to 2007, Alessandra Toreson, is an American actress. She is best known for playing Zoe Graystone in the science fiction television series Caprica and Claire in The Big Bang Theory.
 </original_abstract>
 <spacy_abstract>
  {PERSON[Alessandra Olivia Toreson]} (born {DATE[May 29, 1987]}), known professionally as {PERSON[Alessandra Torresani]} and {DATE[prior to 2007]}, {PERSON[Alessandra Toreson]}, is an {NORP[American]} actress. She is best known for playing {PERSON[Zoe Graystone]} in the science fiction television series {PRODUCT[Caprica]} and {PERSON[Claire]} in The Big Bang Theory.
 </spacy_abstract>
 <original_body>
  Alessandra Olivia Toreson was born on May 29, 1987, in Palo Alto, California. Her mother, Marcia Glow, was a chief executive officer, while her father, James Sylvester Toreson, ran startup tech companies. She began studying dancing and singing when she was two years old. At the age of 8, she landed a job doing interviews between cartoons on The WB Television Network. She holds a black belt in taekwondo.
Torresani's television debut was at age nine when she hosted the "Kids' WB Club" for San Francisco's KBWB (Channel 20). She co-starred in the Disney Channel Original Movie Going to the Mat. Her other television credits include guest appearances on Even Stevens, JAG, ER, The War at Home, Malcolm In The Middle, Arrested Development, Terminator: The Sarah Connor Chronicles, and CSI: Crime Scene Investigation among others. In May 2008, Torresani was cast as Zoe Graystone in Syfy's Caprica, a prequel spin-off of Battlestar Galactica, which debuted in 2009.
In 2009, Rolling Stone announced that she was cast to play Lita Ford in The Runaways, a biopic about the all-girl punk band of the same name. Variety later reported that it was Scout Taylor-Compton who would play Ford. In 2010, Torresani was featured as a Girl of Maxim.In 2013, Torresani starred in the comedy web series Husbands, which first aired on September 13, 2011.In 2016, she made several appearances on The Big Bang Theory, playing the role of bartender and aspiring screenwriter Claire.

Alessandra Torresani on Tumblr
Alessandra Torresani at IMDb
 </original_body>
 <spacy_body>
  {PERSON[Alessandra Olivia Toreson]} was born on {DATE[May 29, 1987]}, in {GPE[Palo Alto]}, {GPE[California]}. Her mother, {PERSON[Marcia Glow]}, was a chief executive officer, while her father, {PERSON[James Sylvester Toreson]}, ran startup tech companies. She began studying dancing and singing when she was {DATE[two years old]}. At {DATE[the age of 8]}, she landed a job doing interviews between cartoons on {ORG[The WB Television Network]}. She holds a black belt in taekwondo.
{ORG[Torresani]}'s television debut was at {DATE[age nine]} when she hosted the "Kids' WB Club" for {GPE[San Francisco's]} KBWB (Channel 20). She co-starred in {ORG[the Disney Channel Original Movie Going]} to the Mat. Her other television credits include guest appearances on Even {PERSON[Stevens]}, {NORP[JAG]}, ER, {WORK_OF_ART[The War at Home]}, {PERSON[Malcolm]} In {WORK_OF_ART[The Middle, Arrested Development]}, Terminator: {ORG[The Sarah Connor Chronicles]}, and {ORG[CSI]}: Crime Scene Investigation among others. In {DATE[May 2008]}, {ORG[Torresani]} was cast as Zoe Graystone in {GPE[Syfy]}'s {PRODUCT[Caprica]}, a prequel spin-off of {GPE[Battlestar Galactica]}, which debuted in {DATE[2009]}.
In {DATE[2009]}, {ORG[Rolling Stone]} announced that she was cast to play {PERSON[Lita Ford]} in {ORG[The Runaways]}, a biopic about the all-girl punk band of the same name. {ORG[Variety]} later reported that it was {PERSON[Scout Taylor-Compton]} who would play {ORG[Ford]}. In {DATE[2010]}, {NORP[Torresani]} was featured as a Girl of Maxim.In {DATE[2013]}, {NORP[Torresani]} starred in the comedy web series {PERSON[Husbands]}, which first aired on {DATE[September 13]}, {DATE[2011.In 2016]}, she made several appearances on The Big Bang Theory, playing the role of bartender and aspiring screenwriter {PERSON[Claire]}.

{PERSON[Alessandra Torresani]} on Tumblr
{PERSON[Alessandra Torresani]} at IMDb
 </spacy_body>
</doc>