<?xml version="1.0" encoding="utf-8"?>
<doc>
 <title>
  Alessandro Nivola
 </title>
 <original_abstract>
  Alessandro Antine Nivola (born June 28, 1972) is an American actor. He has been nominated for a Tony Award and an Independent Spirit Award and has won a Screen Actors Guild Award, a British Independent Film Award (BIFA), and the Best Actor Award at the 2017 Tribeca Film Festival among others.
As a producer he runs King Bee Productions which made two seasons of the HBO comedy Doll &amp; Em and the Independent Spirit Award nominated feature film To Dust.
 </original_abstract>
 <spacy_abstract>
  {PERSON[Alessandro Antine Nivola]} (born {DATE[June 28, 1972]}) is an {NORP[American]} actor. He has been nominated for a Tony Award and an Independent Spirit Award and has won a {ORG[Screen Actors Guild Award]}, a {NORP[British]} Independent Film Award (BIFA), and the Best Actor Award at the {DATE[2017]} {EVENT[Tribeca Film Festival]} among others.
As a producer he runs {ORG[King Bee Productions]} which made {DATE[two seasons]} of the {ORG[HBO]} comedy {WORK_OF_ART[Doll &amp; Em]} and the Independent Spirit Award nominated feature film {WORK_OF_ART[To Dust]}.
 </spacy_abstract>
 <original_body>
  Nivola was born in Boston, Massachusetts. His mother, Virginia (née Davis), is an artist, and his father, Pietro Salvatore Nivola (1944–2017), was a professor of political science and a senior fellow at The Brookings Institution. Nivola's paternal grandfather was the Italian sculptor Costantino Nivola, and his paternal grandmother, Ruth Guggenheim, was a Jewish refugee from Germany. He was born first of two boys; his brother, Adrian Nivola, a painter, is five years younger. Nivola attended Phillips Exeter Academy and Yale University. His family also lived in Burlington, Vermont, where he attended Mater Christi School, a ministry of the Sisters of Mercy.
Nivola graduated from Yale University with a BA in English in 1994 and a year later made his Broadway debut opposite Helen Mirren in A Month in the Country earning a Drama Desk Award nomination. Shortly after that came his breakthrough performance in John Woo’s feature film Face/Off (1997) playing Nicolas Cage’s brother Pollux Troy. In the ensuing years he has starred in many films including Mansfield Park (1999), Love’s Labour’s Lost (2000), Jurassic Park 3 (2001), Laurel Canyon (2002 - Independent Spirit Award nomination), Junebug (2005), Goal! 1 &amp; 2 (2005, 2007), Coco Before Chanel (2009), Ginger &amp; Rosa (2012), American Hustle (2013 - Screen Actors Guild Award, Critics Choice Award), A Most Violent Year (2014), Selma (2014 - Critics Choice Award nomination), The Neon Demon (2016), One Percent More Humid (Best Actor Award 2017 Tribeca Film Festival), You Were Never Really Here (2017), Disobedience (2017 - British Independent Film Award, London Critics Circle Film Award nomination), The Art of Self Defense (2019), and The Red Sea Diving Resort (2019).  
He will next be seen as Dickie Moltisanti, the lead role in The Many Saints of Newark, David Chase’s feature film prequel to his heralded television series The Sopranos.Nivola has also worked frequently in television, starring opposite Robert De Niro in Barry Levinson’s Madoff family biopic The Wizard of Lies (2017), as well as the TNT miniseries The Company (2007), the UK Channel 4 series Chimerica (2019), and the three part BBC miniseries Black Narcissus, broadcast 27, 28, and 29 December 2020.
On stage, in addition to A Month in the Country, he starred on Broadway in 2013 in The Winslow Boy (Outer Critics Circle Award nomination), and in 2014 in The Elephant Man opposite Bradley Cooper (Tony Award nomination), and off-Broadway in the Ethan Hawke-directed Sam Shepard play A Lie of the Mind (2010) with Laurie Metcalf. He also starred opposite Gwyneth Paltrow in the 1995 Williamstown Theater Festival production of Shakespeare's As You Like It.
In 2013 Nivola established King Bee Productions with his wife Emily Mortimer. The company produced two seasons of the half hour comedy Doll &amp; Em for HBO and BSkyB. He also produced To Dust starring Matthew Broderick which won the Audience Award at the 2018 TriBeCa Film Festival and was nominated for a 2020 Independent Spirit Award.
Nivola married British actress Emily Mortimer in Buckinghamshire in January 2003. The couple have two children and live in Boerum Hill, Brooklyn. Nivola became a British citizen and Mortimer became an American citizen.
Alessandro Nivola at IMDb
Alessandro Nivola at the Internet Broadway Database 
Alessandro Nivola at the Internet Off-Broadway Database
 </original_body>
 <spacy_body>
  {PERSON[Nivola]} was born in {GPE[Boston]}, {GPE[Massachusetts]}. His mother, {GPE[Virginia]} ({PERSON[née Davis]}), is an artist, and his father, {PERSON[Pietro Salvatore Nivola]} ({CARDINAL[1944–2017]}), was a professor of political science and a senior fellow at {ORG[The Brookings Institution]}. {PERSON[Nivola]}'s paternal grandfather was the {NORP[Italian]} sculptor {PERSON[Costantino Nivola]}, and his paternal grandmother, {PERSON[Ruth Guggenheim]}, was a {NORP[Jewish]} refugee from {GPE[Germany]}. He was born {ORDINAL[first]} of {CARDINAL[two]} boys; his brother, {NORP[Adrian]} {PERSON[Nivola]}, a painter, is {DATE[five years younger]}. {PERSON[Nivola]} attended {ORG[Phillips Exeter Academy]} and {ORG[Yale University]}. His family also lived in {GPE[Burlington]}, {GPE[Vermont]}, where he attended {ORG[Mater Christi School]}, a ministry of the Sisters of {GPE[Mercy]}.
{PERSON[Nivola]} graduated from {ORG[Yale University]} with a BA in {LANGUAGE[English]} in {DATE[1994]} and {DATE[a year later]} made his {FAC[Broadway]} debut opposite {PERSON[Helen Mirren]} in {DATE[A Month]} in the Country earning a {PERSON[Drama Desk Award]} nomination. Shortly after that came his breakthrough performance in {PERSON[John Woo]}’s feature film {ORG[Face/Off]} ({DATE[1997]}) playing {PERSON[Nicolas Cage]}’s brother {PERSON[Pollux Troy]}. In {DATE[the ensuing years]} he has starred in many films including {GPE[Mansfield Park]} ({DATE[1999]}), {WORK_OF_ART[Love]}’s Labour’s Lost ({DATE[2000]}), {PERSON[Jurassic Park]} {DATE[3 (2001]}), {PERSON[Laurel Canyon]} ({DATE[2002]} - Independent Spirit Award nomination), {PERSON[Junebug]} ({DATE[2005]}), Goal! {CARDINAL[1]} &amp; 2 ({DATE[2005]}, {DATE[2007]}), {ORG[Coco Before Chanel]} ({DATE[2009]}), {ORG[Ginger &amp; Rosa]} ({DATE[2012]}), {ORG[American Hustle]} ({DATE[2013]} - Screen Actors Guild Award, Critics {PERSON[Choice Award]}), {WORK_OF_ART[A Most Violent Year]} ({DATE[2014]}), {PERSON[Selma]} ({DATE[2014]} - Critics Choice Award nomination), {WORK_OF_ART[The Neon Demon]} ({DATE[2016]}), {PERCENT[One Percent]} More Humid (Best Actor Award {DATE[2017]} {EVENT[Tribeca Film Festival]}), You Were Never Really Here ({DATE[2017]}), Disobedience ({DATE[2017]} - British Independent Film Award, {ORG[London Critics Circle Film Award]} nomination), {WORK_OF_ART[The Art of Self Defense]} ({DATE[2019]}), and {LOC[The Red Sea Diving Resort]} ({DATE[2019]}).  
He will next be seen as {PERSON[Dickie Moltisanti]}, the lead role in {WORK_OF_ART[The Many Saints of Newark, David Chase’s]} feature film prequel to his heralded television series {WORK_OF_ART[The Sopranos]}.{PERSON[Nivola]} has also worked frequently in television, starring opposite {PERSON[Robert De Niro]} in {PERSON[Barry Levinson]}’s {PERSON[Madoff]} family biopic {WORK_OF_ART[The Wizard of Lies]} ({DATE[2017]}), as well as the {ORG[TNT]} miniseries The Company ({DATE[2007]}), the {GPE[UK]} Channel 4 series {PERSON[Chimerica]} ({DATE[2019]}), and the {CARDINAL[three]} part {ORG[BBC]} miniseries {FAC[Black Narcissus]}, broadcast {CARDINAL[27]}, {DATE[28]}, and {CARDINAL[29]} {DATE[December 2020]}.
On stage, in addition to {DATE[A Month]} in the Country, he starred on {FAC[Broadway]} in {DATE[2013]} in {WORK_OF_ART[The Winslow Boy]} (Outer Critics Circle Award nomination), and in {DATE[2014]} in {WORK_OF_ART[The Elephant Man opposite Bradley Cooper]} ({PERSON[Tony Award]} nomination), and off-{FAC[Broadway]} in the {PERSON[Ethan Hawke-directed]} {PERSON[Sam Shepard]} play {WORK_OF_ART[A Lie of the Mind]} ({DATE[2010]}) with {PERSON[Laurie Metcalf]}. He also starred opposite {PERSON[Gwyneth Paltrow]} in the {DATE[1995]} {EVENT[Williamstown Theater Festival]} production of {PERSON[Shakespeare]}'s {WORK_OF_ART[As You Like]} It.
In {DATE[2013]} {ORG[Nivola]} established {ORG[King Bee Productions]} with his wife {PERSON[Emily Mortimer]}. The company produced {DATE[two seasons of the half hour]} comedy {ORG[Doll &amp; Em]} for {ORG[HBO]} and BSkyB. He also produced To Dust starring {PERSON[Matthew Broderick]} which won {WORK_OF_ART[the Audience Award]} at the 2018 {EVENT[TriBeCa Film Festival]} and was nominated for a {DATE[2020]} Independent Spirit Award.
{PERSON[Nivola]} married {NORP[British]} actress {PERSON[Emily Mortimer]} in {GPE[Buckinghamshire]} in {DATE[January 2003]}. The couple have {CARDINAL[two]} children and live in {GPE[Boerum Hill]}, {GPE[Brooklyn]}. {PERSON[Nivola]} became a {NORP[British]} citizen and {PERSON[Mortimer]} became an {NORP[American]} citizen.
{PERSON[Alessandro Nivola]} at IMDb
{PERSON[Alessandro Nivola]} at {FAC[the Internet Broadway Database]} 
{PERSON[Alessandro Nivola]} at {FAC[the Internet Off-Broadway Database]}
 </spacy_body>
</doc>