<?xml version="1.0" encoding="utf-8"?>
<doc>
 <title>
  Alessandra Martines
 </title>
 <original_abstract>
  Alessandra Martines (born 19 September 1963) is an Italian-French dancer and actress mainly working in the English, French and Italian speaking-worlds. She started young in ballet on major opera stages in Switzerland, France, the United States and then Italy before becoming a lead on television for RAI captured ballets and entertainment shows (the Italian national public broadcasting) in the eighties. She is primarily known for portraying the main role in the cult Fantaghirò series consisting of five films (1991-1996) still regularly rerun across europe as of 2020 and her work in auteur productions such as nine films by Claude Lelouch to whom she was married until 2009. She was awarded numerous prizes including the Best Actress Telegatto for The Cave of the Golden Rose (1991), the Grolla d'oro for Edda (miniserie televisiva) (2005), the Silver Hugo for Best Actress at the Chicago International Film Festival (1998) for Chance or Coincidence, the Diamanti al Cinema Award in Cannes (2007) or the 2009 European Golden Globe in Rome. In 2008, she was made Knight of the Ordre national du Mérite awarded by the President of the French Republic. She received the lifetime achievement Kineo Award at the 71st Venice International Film Festival in 2014.
 </original_abstract>
 <spacy_abstract>
  {PERSON[Alessandra Martines]} (born {DATE[19 September 1963]}) is an {NORP[Italian]}-French dancer and actress mainly working in the {LANGUAGE[English]}, {NORP[French]} and {NORP[Italian]} speaking-worlds. She started young in ballet on major opera stages in {GPE[Switzerland]}, {GPE[France]}, {GPE[the United States]} and then {GPE[Italy]} before becoming a lead on television for RAI captured ballets and entertainment shows (the {NORP[Italian]} national public broadcasting) in {DATE[the eighties]}. She is primarily known for portraying the main role in the cult Fantaghirò series consisting of {CARDINAL[five]} films ({DATE[1991-1996]}) still regularly rerun across {LOC[europe]} as of {DATE[2020]} and her work in auteur productions such as {CARDINAL[nine]} films by {PERSON[Claude Lelouch]} to whom she was married until {DATE[2009]}. She was awarded numerous prizes including the Best Actress Telegatto for The Cave of the Golden Rose ({DATE[1991]}), the Grolla d'oro for {WORK_OF_ART[Edda]} (miniserie televisiva) ({DATE[2005]}), the Silver Hugo for {WORK_OF_ART[Best Actress]} at {ORG[the Chicago International Film Festival]} ({DATE[1998]}) for Chance or Coincidence, the Diamanti al Cinema Award in {GPE[Cannes]} ({DATE[2007]}) or the {DATE[2009]} {EVENT[European Golden Globe]} in {GPE[Rome]}. In {DATE[2008]}, she was made {PERSON[Knight]} of the Ordre national du Mérite awarded by the President of {GPE[the French Republic]}. She received the lifetime achievement {WORK_OF_ART[Kineo Award]} at the {ORDINAL[71st]} {EVENT[Venice International Film Festival]} in {DATE[2014]}.
 </spacy_abstract>
 <original_body>
  Martines debuted at a very young age as a dancer at the Zurich Opera House in 1972. After some time working in the United States, including the Chicago City Ballet, she moved to Rome where she worked at the Teatro dell'Opera. In 1985 she began her collaboration with RAI, with the lunchtime chat / quiz show Pronto, chi gioca?; she later gained great popularity with the Saturday Night shows Fantastico and Europa Europa, and then for her portrayal of Princess Fantaghirò in the Fantaghirò series.In cinema, she is best known and her interpretations under the direction of her ex-husband, the French director Claude Lelouch, in several movies including Les Misérables and And now... Ladies and Gentlemen. She also starred on stage, remarkably in L'appartamento by Franca Valeri.
Martines has a daughter, called Stella Lelouch, with husband Claude Lelouch who she was married to from 1995–2009. In 2012 at the age of 49, she had a son, Hugo, with her partner since 2008 Cyril Descours who is 20 years her junior.
Alessandra Martines at IMDb
 </original_body>
 <spacy_body>
  Martines debuted at a very young age as a dancer at {FAC[the Zurich Opera House]} in {DATE[1972]}. After some time working in {GPE[the United States]}, including {ORG[the Chicago City Ballet]}, she moved to {GPE[Rome]} where she worked at {FAC[the Teatro dell'Opera]}. In {DATE[1985]} she began her collaboration with {ORG[RAI]}, with the lunchtime chat / quiz show {PERSON[Pronto]}, chi gioca?; she later gained great popularity with the {DATE[Saturday]} {TIME[Night]} shows {PRODUCT[Fantastico]} and {LOC[Europa Europa]}, and then for her portrayal of {PRODUCT[Princess Fantaghirò]} in the Fantaghirò series.In cinema, she is best known and her interpretations under the direction of her ex-husband, the {NORP[French]} director {PERSON[Claude Lelouch]}, in several movies including {PERSON[Les Misérables]} and And now... Ladies and Gentlemen. She also starred on stage, remarkably in L'appartamento by Franca Valeri.
Martines has a daughter, called {ORG[Stella Lelouch]}, with husband {PERSON[Claude Lelouch]} who she was married to from 1995–2009. In {DATE[2012]} at {DATE[the age of 49]}, she had a son, {EVENT[Hugo]}, with her partner since 2008 {PERSON[Cyril Descours]} who is {DATE[20 years]} her junior.
Alessandra Martines at IMDb
 </spacy_body>
</doc>