<?xml version="1.0" encoding="utf-8"?>
<doc>
 <title>
  Alex McKenna
 </title>
 <original_abstract>
  Alex McKenna (born October 15, 1984) is an American actress and voice-over artist. She gained fame by playing Petunia Stupid in The Stupids (1996) and Mickey Apple in You Wish (1997). She resumed her acting career with guest appearances in CW hit teen drama series 90210 in 2010. In 2012, she had recurring appearances in the television series, including Dallas, Guys with Kids and Two and a Half Men. McKenna is also known for her role as Sadie Adler in the video game Red Dead Redemption 2 (2018).
 </original_abstract>
 <spacy_abstract>
  {PERSON[Alex McKenna]} (born {DATE[October 15, 1984]}) is an {NORP[American]} actress and voice-over artist. She gained fame by playing Petunia Stupid in The {NORP[Stupids]} ({DATE[1996]}) and {PERSON[Mickey Apple]} in You Wish ({DATE[1997]}). She resumed her acting career with guest appearances in {ORG[CW]} hit teen drama series 90210 in {DATE[2010]}. In {DATE[2012]}, she had recurring appearances in the television series, including {GPE[Dallas]}, Guys with Kids and {CARDINAL[Two]} and a Half Men. {PERSON[McKenna]} is also known for her role as {PERSON[Sadie Adler]} in the video game {WORK_OF_ART[Red Dead Redemption 2]} (2018).
 </spacy_abstract>
 <original_body>
  McKenna began her career as a child actress, portraying Petunia Stupid in the adventure comedy film The Stupids (1996). She had roles as Amanda in the horror film Campfire Tales (1997) and as Linda Ross in Joey (1997). In 1998, she was nominated for Best Performance in a TV Comedy Series (You Wish) in Young Artist Awards. She had a small role as Alex's friend in the comedy film What Women Want (2000). The film earned $374 million worldwide, and received largely positive reviews. She portrayed a drug-addicted teenager Abby Macy in NBC's crime drama series Crossing Jordan. She appeared in several guest starring television roles, including 90210, Malcolm In the Middle, Shake It Up, Common Law, Two and a Half Men, Guys with Kids and Boston Public.In 2009, she played the lead role of Megs in short film The City of Lights. Next McKenna landed a recurring role in the TNT revival of the CBS prime-time soap opera, Dallas. In 2014, she appeared in the horror film Haunted along with Luke Kleintank and Lesley-Anne Down. She had a supporting role as Tammy in Bear with Us (2016). The film also earned McKenna numerous awards, including Jury Award for Best Supporting Actress at Sunscreen Film Festival. She appeared opposite Josh Radnor in the drama film The Seeker (2016), portraying Grace. In 2018, she starred in the video game Red Dead Redemption 2 as the voice and motion capture actress of Sadie Adler, and she made a guest appearance on an episode of drama thriller television series Quantico in the episode "Heaven's Fall".
McKenna married Canadian actor Joshua Close in August 2016 in Calistoga, California.
Alex McKenna at IMDb
Alex McKenna at AllMovie
 </original_body>
 <spacy_body>
  {PERSON[McKenna]} began her career as a child actress, portraying {PERSON[Petunia Stupid]} in the adventure comedy film {WORK_OF_ART[The Stupids (1996]}). She had roles as {FAC[Amanda]} in the horror film {WORK_OF_ART[Campfire Tales]} ({DATE[1997]}) and as {PERSON[Linda Ross]} in {PERSON[Joey]} ({DATE[1997]}). In {DATE[1998]}, she was nominated for Best Performance in a {EVENT[TV Comedy Series]} ({WORK_OF_ART[You Wish]}) in {WORK_OF_ART[Young Artist Awards]}. She had a small role as {PERSON[Alex]}'s friend in the comedy film {WORK_OF_ART[What Women Want]} (2000). The film earned {MONEY[$374 million]} worldwide, and received largely positive reviews. She portrayed a drug-addicted teenager {PERSON[Abby Macy]} in {ORG[NBC]}'s crime drama series {PERSON[Crossing Jordan]}. She appeared in several guest starring television roles, including {DATE[90210]}, {PERSON[Malcolm]} In {LOC[the Middle, Shake It Up, Common Law,]} {CARDINAL[Two and a]} Half Men, Guys with Kids and {ORG[Boston Public]}.In {DATE[2009]}, she played the lead role of {PERSON[Megs]} in short film {GPE[The City of Lights]}. {PERSON[Next McKenna]} landed a recurring role in the {ORG[TNT]} revival of the {ORG[CBS]} prime-time soap opera, {GPE[Dallas]}. In {DATE[2014]}, she appeared in the horror film Haunted along with {ORG[Luke Kleintank]} and {PERSON[Lesley-Anne Down]}. She had a supporting role as {PERSON[Tammy]} in {GPE[Bear]} with Us ({DATE[2016]}). The film also earned {WORK_OF_ART[McKenna]} numerous awards, including {WORK_OF_ART[Jury Award for Best Supporting Actress]} at {EVENT[Sunscreen Film Festival]}. She appeared opposite {PERSON[Josh Radnor]} in the drama film {WORK_OF_ART[The Seeker]} ({DATE[2016]}), portraying {ORG[Grace]}. In {DATE[2018]}, she starred in the video game {PRODUCT[Red Dead Redemption 2]} as the voice and motion capture actress of {ORG[Sadie Adler]}, and she made a guest appearance on an episode of drama thriller television series {PERSON[Quantico]} in the episode "{WORK_OF_ART[Heaven's Fall]}".
{PERSON[McKenna]} married {NORP[Canadian]} actor {PERSON[Joshua Close]} in {DATE[August 2016]} in {GPE[Calistoga]}, {GPE[California]}.
{PERSON[Alex McKenna]} at IMDb
{PERSON[Alex McKenna]} at {ORG[AllMovie]}
 </spacy_body>
</doc>