<?xml version="1.0" encoding="utf-8"?>
<doc>
 <title>
  Alexandra Moen
 </title>
 <original_abstract>
  Alexandra Moen (born 1978) is an English actress, known for her roles as Emily James in the drama series Hotel Babylon, Tamsin in the drama series Tripping Over, and Lucy Saxon in the science fiction series Doctor Who.
 </original_abstract>
 <spacy_abstract>
  {PERSON[Alexandra Moen]} (born {DATE[1978]}) is an {LANGUAGE[English]} actress, known for her roles as {PERSON[Emily James]} in the drama series Hotel Babylon, {GPE[Tamsin]} in the drama series {WORK_OF_ART[Tripping Over]}, and {PERSON[Lucy Saxon]} in the science fiction series Doctor Who.
 </spacy_abstract>
 <original_body>
  Moen was born in Pisa, Tuscany, Italy, the daughter of an oceanographer father and teacher mother. She lived briefly in Canada and Bermuda with her two younger brothers, until moving to Britain in 1991. She studied English at Leeds University, later going on to train at the London Academy of Music and Dramatic Art (LAMDA).
"Hotel Babylon's Emily James" (Press release). BBC Press Office. 2 February 2008.
"Meet Lucy Saxon". Harold Saxon website. Archived from the original on 2007-06-25.
Alexandra Moen at IMDb
 </original_body>
 <spacy_body>
  {PERSON[Moen]} was born in {GPE[Pisa, Tuscany]}, {GPE[Italy]}, the daughter of an oceanographer father and teacher mother. She lived briefly in {GPE[Canada]} and {ORG[Bermuda]} with her {CARDINAL[two]} younger brothers, until moving to {GPE[Britain]} in {DATE[1991]}. She studied {LANGUAGE[English]} at {ORG[Leeds University]}, later going on to train at {ORG[the London Academy of Music and Dramatic Art]} (LAMDA).
"{ORG[Hotel Babylon's]} {PERSON[Emily James]}" (Press release). {ORG[BBC Press Office]}. {DATE[2 February 2008]}.
"{WORK_OF_ART[Meet Lucy Saxon]}". {PERSON[Harold Saxon]} website. Archived from the original on {DATE[2007-06-25]}.
{PERSON[Alexandra Moen]} at IMDb
 </spacy_body>
</doc>