<?xml version="1.0" encoding="utf-8"?>
<doc>
 <title>
  Alex Evans (model)
 </title>
 <original_abstract>
  Alexandra Emma Evans (born 18 August 1989) is an English actress and model.
 </original_abstract>
 <spacy_abstract>
  {PERSON[Alexandra Emma Evans]} (born {DATE[18 August 1989]}) is an {LANGUAGE[English]} actress and model.
 </spacy_abstract>
 <original_body>
  In 2008, Evans was crowned winner of series 4 of Britain's Next Top Model, beating 13 other hopefuls. 
This led to modeling work, including a TV advert for Superdrug Barry M makeup in May 2010, a TV advert for the Nintendo Wii game Another Code R, and a Yeo Valley advertising campaign in October 2010. In 2013, she landed the Warehouse worldwide campaign "Style Me If You Can" in which she was the lead character in nine short films, directed by Danny Sangra.
In April 2011, she appeared in the music video of "Down Down Down" by Charlie Simpson, a former member of Busted. Evans starred in her first professional role in the 2014 fantasy film Dragons of Camelot, in which she played Dindrane. She also landed a minor role in the film London Fields. Her other work includes features such as Soho Cigarette and The Thompsons. In 2017, she starred in the Hallmark Channel film Crown for Christmas. She has also done presenting work for the RBS Six Nations TV coverage. In December 2020, she appeared in an episode of the BBC soap opera Doctors as Zoe Ferris, alongside real-life partner John MacCormick, who portrayed Zoe's partner in the episode, Lincoln Brodie.
She currently lives in London. Previously, she attended Prior's Field School and Godalming College where she studied Theatre Studies, English Literature and Psychology A-level.
Alex Evans at IMDb
 </original_body>
 <spacy_body>
  In {DATE[2008]}, {PERSON[Evans]} was crowned winner of series {CARDINAL[4]} of {GPE[Britain]}'s {GPE[Next Top Model]}, beating {CARDINAL[13]} other hopefuls. 
This led to modeling work, including a TV advert for {PERSON[Superdrug Barry M makeup]} in {DATE[May 2010]}, a TV advert for the {ORG[Nintendo Wii]} game Another Code R, and a {LOC[Yeo Valley]} advertising campaign in {DATE[October 2010]}. In {DATE[2013]}, she landed the {ORG[Warehouse]} worldwide campaign "{WORK_OF_ART[Style Me]} If You Can" in which she was the lead character in {CARDINAL[nine]} short films, directed by {PERSON[Danny Sangra]}.
In {DATE[April 2011]}, she appeared in the music video of "{WORK_OF_ART[Down Down Down]}" by {PERSON[Charlie Simpson]}, a former member of Busted. {NORP[Evans]} starred in her {ORDINAL[first]} professional role in the {DATE[2014]} fantasy film {WORK_OF_ART[Dragons of Camelot]}, in which she played {PERSON[Dindrane]}. She also landed a minor role in the film {WORK_OF_ART[London Fields]}. Her other work includes features such as {PERSON[Soho Cigarette]} and {WORK_OF_ART[The Thompsons]}. In {DATE[2017]}, she starred in the {ORG[Hallmark Channel]} film {PRODUCT[Crown for Christmas]}. She has also done presenting work for {ORG[the RBS Six Nations TV]} coverage. In {DATE[December 2020]}, she appeared in an episode of the {ORG[BBC]} soap opera Doctors as {PERSON[Zoe Ferris]}, alongside real-life partner {PERSON[John MacCormick]}, who portrayed {ORG[Zoe]}'s partner in the episode, {ORG[Lincoln Brodie]}.
She currently lives in {GPE[London]}. Previously, she attended {ORG[Prior]}'s {ORG[Field School and Godalming College]} where she studied {ORG[Theatre Studies]}, {LANGUAGE[English]} Literature and Psychology A-level.
{PERSON[Alex Evans]} at IMDb
 </spacy_body>
</doc>