<?xml version="1.0" encoding="utf-8"?>
<doc>
 <title>
  Alexandre Brasseur
 </title>
 <original_abstract>
  Alexandre Brasseur (born Alexandre Espinasse; 29 March 1971) is a French actor. He was born in Neuilly-sur-Seine, the son of actor Claude Brasseur, the grandson of actor Pierre Brasseur and actress Odette Joyeux and great-grandson of Jules Brasseur.
 </original_abstract>
 <spacy_abstract>
  {PERSON[Alexandre Brasseur]} (born {PERSON[Alexandre Espinasse]}; {DATE[29 March 1971]}) is a {NORP[French]} actor. He was born in {ORG[Neuilly-sur-Seine]}, the son of actor {PERSON[Claude Brasseur]}, the grandson of actor {PERSON[Pierre Brasseur]} and actress {PERSON[Odette Joyeux]} and great-grandson of {PERSON[Jules Brasseur]}.
 </spacy_abstract>
 <original_body>
  Le Souper (1992)
Les Ténors (1993)
Le plus beau pays du monde (1998)
La courte-échelle (1999), with Serge Lama. Short film directed by Thierry Poirier, based on a short story by Gédéon Picot
Maigret (TV series) (from 1999 to 2002), as Inspector Paul Lachenal
Le Mal de vivre (2002)
La Bataille d'Hernani (TV, 2002)
La Liberté de Marie (2002)
Les Thibault (TV, 2003)
Les Textiles (2004)
Malabar Princess (2004)
Le plus beau jour de ma vie (2004)
Quand les anges s'en mêlent (2004)
Jaurès (téléfilm 2005)
Le Juge est une femme (TV, 2005)
La Croisière (2011)
Colt 45 (2014)
Joséphine, ange gardien (TV, 2016)
The Collection (TV, 2016)
Demain nous appartient (TV, 2017 - now)
1995 : Viens chez moi j'habite chez une copine by Didier Kaminka and Luis Rego, directed by Jean-Luc Moreau, Théâtre Rive Gauche
1996 : Crime et châtiment (Crime and Punishment) by Fiodor Dostoïevski, directed by Jean-Claude Idée, Théâtre Mouffetard
1997 : Cyrano de Bergerac by Edmond Rostand, directed by Jérôme Savary, Théâtre national de Chaillot
1999 : La Cerisaie (The Cherry Orchard) by Anton Tchekhov, directed by Georges Wilson, Espace Pierre Cardin
2000 : Joyeuses Pâques by Jean Poiret, directed by Bernard Murat, Théâtre des Variétés
2005 : La Locandiera (The Mistress of the Inn) by Carlo Goldoni, directed by Alain Sachs, Théâtre Antoine
2007 - 2008 : Mon père avait raison by Sacha Guitry, directed by Bernard Murat, Théâtre Édouard VII
2011 : De filles en aiguilles (Shady Business) by Robin Hawdon, adapted by Stewart Vaughan and Jean-Christophe Barc, directed by Jacques Décombe, Théâtre de la Michodière 
2013 : Toutes les dates de naissance et de mort by Régis de Martrin-Donos, directed by Gilbert Désveaux, tour
2013 : Crime sans ordonnance (Prescription:Murder) by William Link and Richard Levinson, adapted by Pierre Sauvil, directed by Didier Caron, tour
2014 : Georges et Georges by Éric-Emmanuel Schmitt, directed by Steve Suissa, Théâtre Rive Gauche
2016 : Brasseur et les Enfants du paradis by and directed by Daniel Colas, Festival de Figeac followed by tour then Théâtre du Petit-Saint-Martin
2019 : Les Funambules by and directed by Daniel Colas, festival off - Avignon
Official website
Alexandre Brasseur at IMDb
 </original_body>
 <spacy_body>
  {ORG[Le Souper]} ({DATE[1992]})
Les Ténors ({DATE[1993]})
{FAC[Le]} plus beau pays {PERSON[du monde]} ({DATE[1998]})
{FAC[La courte-échelle]} ({DATE[1999]}), with {PERSON[Serge Lama]}. Short film directed by {PERSON[Thierry Poirier]}, based on a short story by {PERSON[Gédéon Picot]}
{PERSON[Maigret]} (TV series) (from {DATE[1999]} to {DATE[2002]}), as Inspector {PERSON[Paul Lachenal]}
{FAC[Le Mal de]} vivre ({DATE[2002]})
{PERSON[La Bataille d'Hernani]} (TV, {DATE[2002]})
{GPE[La Liberté de Marie]} ({DATE[2002]})
{PERSON[Les Thibault]} (TV, {DATE[2003]})
{PERSON[Les Textiles]} ({DATE[2004]})
{ORG[Malabar Princess]} ({DATE[2004]})
{FAC[Le]} plus {PERSON[beau jour de ma]} vie ({DATE[2004]})
{GPE[Quand]} les anges {CARDINAL[s'en]} mêlent ({DATE[2004]})
{PERSON[Jaurès]} (téléfilm 2005)
{PERSON[Le Juge est une femme]} (TV, {DATE[2005]})
{PERSON[La Croisière]} ({DATE[2011]})
{PERSON[Colt 45]} ({DATE[2014]})
{PERSON[Joséphine]}, ange gardien (TV, {DATE[2016]})
The Collection (TV, {DATE[2016]})
Demain nous appartient (TV, {DATE[2017 - now]})
{DATE[1995]} : {GPE[Viens]} chez moi j'habite chez une copine by {GPE[Didier Kaminka]} and {PERSON[Luis Rego]}, directed by {PERSON[Jean-Luc Moreau]}, {ORG[Théâtre Rive Gauche]}
{DATE[1996]} : Crime et châtiment (Crime and Punishment) by {PERSON[Fiodor Dostoïevski]}, directed by {ORG[Jean-Claude Idée]}, {GPE[Théâtre Mouffetard]}
{DATE[1997]} : {ORG[Cyrano de Bergerac]} by {PERSON[Edmond Rostand]}, directed by {PERSON[Jérôme Savary]}, {ORG[Théâtre national de Chaillot]}
{DATE[1999]} : {WORK_OF_ART[La Cerisaie]} (The Cherry Orchard) by {PERSON[Anton Tchekhov]}, directed by {PERSON[Georges Wilson]}, {PERSON[Espace Pierre Cardin]}
{DATE[2000]} : Joyeuses Pâques by {PERSON[Jean Poiret]}, directed by {PERSON[Bernard Murat]}, {ORG[Théâtre des Variétés]}
{DATE[2005]} : {PERSON[La Locandiera]} ({WORK_OF_ART[The Mistress of the Inn]}) by {PERSON[Carlo Goldoni]}, directed by {ORG[Alain Sachs]}, {ORG[Théâtre Antoine]}
{DATE[2007 - 2008]} : Mon père avait raison by {PERSON[Sacha Guitry]}, directed by {PERSON[Bernard Murat]}, {ORG[Théâtre Édouard VII]}
{DATE[2011]} : De filles en aiguilles ({WORK_OF_ART[Shady Business]}) by {PERSON[Robin Hawdon]}, adapted by {PERSON[Stewart Vaughan]} and {PERSON[Jean-Christophe Barc]}, directed by {PERSON[Jacques Décombe]}, {ORG[Théâtre de la Michodière]} 
2013 : Toutes les dates de naissance et de mort by {PERSON[Régis de Martrin-Donos]}, directed by {PERSON[Gilbert Désveaux]}, tour
{DATE[2013]} : Crime sans ordonnance (Prescription:Murder) by {PERSON[William Link]} and {PERSON[Richard Levinson]}, adapted by {PERSON[Pierre Sauvil]}, directed by {PERSON[Didier Caron]}, tour
{DATE[2014]} : {PERSON[Georges et Georges]} by Éric-Emmanuel Schmitt, directed by {PERSON[Steve Suissa]}, {ORG[Théâtre Rive Gauche]}
{DATE[2016]} : Brasseur et les Enfants du paradis by and directed by {PERSON[Daniel Colas]}, {ORG[Festival de Figeac]} followed by tour then Théâtre du Petit-Saint-Martin
{DATE[2019]} : {PRODUCT[Les Funambules]} by and directed by {PERSON[Daniel Colas]}, festival off - {ORG[Avignon
Official]} website
{PERSON[Alexandre Brasseur]} at IMDb
 </spacy_body>
</doc>