<?xml version="1.0" encoding="utf-8"?>
<doc>
 <title>
  Alexandra Picatto
 </title>
 <original_abstract>
  Alexandra Melina "Alex" Picatto (born March 6, 1983, in Collinsville, Illinois) is an American business manager, accountant, and former child actress.
 </original_abstract>
 <spacy_abstract>
  {PERSON[Alexandra Melina]} "{PERSON[Alex" Picatto]} (born {DATE[March 6, 1983]}, in {GPE[Collinsville]}, {GPE[Illinois]}) is an {NORP[American]} business manager, accountant, and former child actress.
 </spacy_abstract>
 <original_body>
  Picatto grew up both in Collinsville and Los Angeles. While she was working as an actress, she, her mother and her sister, also an actress, lived in Los Angeles. In 1992, Picatto was the Illinois Junior Miss of America. She was discovered by a talent agent from the North Shore Talent Agency at age ten when she took part in a Chicago piano competition in 1993. Picatto began working in commercials and then starred in Kidsongs on PBS.Picatto married Chris Olivero, who was an actor in the ABC Family television show Kyle XY.
Kidsongs (1993–1995) as Herself  (sometimes nicknamed Alex Palm)
Blackbird Hall (1995) as Celia
Not Like Us (1995) as Elizabeth.
The Colony (1995) as Danielle Knowlton
Teen Angel (1997)
7th Heaven (1997) as Rita
Charmed (1999) as Tina Hitchens
Get Real (1999–2000) as Amy Shepherd.
Malcolm in the Middle (2000) as Bridget
Blackout (2001) as Blair Robbins
Kate Brasher (2001) as Carol Williams
Getting There (2002) as Charley Simms
Summerland (2005) as Whitney
Alexandra Picatto at IMDb
 </original_body>
 <spacy_body>
  Picatto grew up both in {GPE[Collinsville]} and {GPE[Los Angeles]}. While she was working as an actress, she, her mother and her sister, also an actress, lived in {GPE[Los Angeles]}. In {DATE[1992]}, {GPE[Picatto]} was the {GPE[Illinois]} Junior Miss of {GPE[America]}. She was discovered by a talent agent from {ORG[the North Shore Talent Agency]} at {DATE[age ten]} when she took part in a {GPE[Chicago]} piano competition in {DATE[1993]}. {ORG[Picatto]} began working in commercials and then starred in {GPE[Kidsongs]} on PBS.Picatto married {PERSON[Chris Olivero]}, who was an actor in the {ORG[ABC Family]} television show {PERSON[Kyle XY]}.
{PERSON[Kidsongs]} ({CARDINAL[1993–1995]}) as Herself  (sometimes nicknamed {PERSON[Alex Palm]})
{PERSON[Blackbird Hall]} ({DATE[1995]}) as {GPE[Celia]}
Not Like Us ({DATE[1995]}) as {PERSON[Elizabeth]}.
{ORG[The Colony (1995]}) as {PERSON[Danielle Knowlton]}
{PERSON[Teen Angel]} ({DATE[1997]})
{ORDINAL[7th]} Heaven ({DATE[1997]}) as {PERSON[Rita
Charmed]} ({DATE[1999]}) as {PERSON[Tina Hitchens]}
Get Real (1999–2000) as {PERSON[Amy Shepherd]}.
{PERSON[Malcolm]} in the Middle (2000) as Bridget
Blackout ({DATE[2001]}) as {PERSON[Blair Robbins]}
{PERSON[Kate Brasher]} ({DATE[2001]}) as {PERSON[Carol Williams]}
Getting There ({DATE[2002]}) as {PERSON[Charley Simms]}
{PERSON[Summerland]} ({DATE[2005]}) as {PERSON[Whitney
]}Alexandra Picatto at IMDb
 </spacy_body>
</doc>