<?xml version="1.0" encoding="utf-8"?>
<doc>
 <title>
  Alexandra Hay
 </title>
 <original_abstract>
  Alexandra Lynn Hay (July 24, 1947 – October 11, 1993) was an American actress of the 1960s and 1970s best known for her roles in Guess Who's Coming to Dinner, Skidoo, and Model Shop.
 </original_abstract>
 <spacy_abstract>
  {PERSON[Alexandra Lynn Hay]} ({DATE[July 24, 1947]} – {DATE[October 11, 1993]}) was an {NORP[American]} actress of {DATE[the 1960s and]} {DATE[1970s]} best known for her roles in Guess Who's Coming to Dinner, Skidoo, and Model Shop.
 </spacy_abstract>
 <original_body>
  Alexandra Hay was a native of Los Angeles, and attended Arroyo High School in El Monte, California.
In the early 1960s, when still a teenager, Alexandra booked modeling jobs through her agent William Adrian. She was featured as the "American Beauty" for the May-June 1963 issue of DIG magazine.
Her mother died on August 25, 1963, when Hay had just turned 16, leaving her an orphan. On April 2, 1964, less than a year later, she married former naval officer Cedric Kehoe as a means to move to Europe. In an interview, she described her time in Europe: "I modeled in London to earn a living, and I had a ball. That was in 1964 when London was exploding – all the excitement about The Beatles and The Beat – I nearly blew my mind."
On October 29th, 1966, the Los Angeles Times reported "Columbia's New Talent Program has developed another young actress, Alexandra Hay, who has been signed to a long-term exclusive contract by the studio."Hay's first credited role was in an episode of The Monkees, titled "Monkee Mother" (episode 27, original airdate March 20, 1967). Her career continued with small roles in the 1967 movies Guess Who's Coming to Dinner and The Ambushers. In the former, she portrayed a carhop who takes an ice cream order from Spencer Tracy’s character.
Hay played the role of Jean Harlow in Michael McClure's controversial play The Beard. She was arrested on 14 nights for lewd conduct and later acquitted by the California Supreme Court on the basis that the First Amendment places strict limitations on the application of criminal laws to live theatrical performances.
In 1968, Hay co-starred in the romantic comedy How Sweet It Is! as Gloria and in Skidoo as Jackie Gleason's and Carol Channing's daughter, and she was in The Love Machine (1971). She also starred as Gloria in the 1969 film Model Shop. Her later films included Fun and Games (1971) (released in the U.S. as 1000 Convicts and a Woman), How to Seduce a Woman (1974), and The One Man Jury (1978).
Hay had television roles in episodes of Mission: Impossible, Love, American Style, Dan August, Kojak, The Streets of San Francisco, Thriller, and Police Story. She appeared in the television movies The F.B.I. Story: The FBI Versus Alvin Karpis, Public Enemy Number One and The Screaming Woman. She was featured in a February 1974 pictorial in Playboy magazine titled "Alexandra the Great".Hay died in 1993 at age 46 of arteriosclerotic heart disease. She was cremated, and her ashes were scattered off the coast of Marina del Rey, California.
Alexandra Hay at IMDb
Instagram tribute page
Facebook tribute page
Twitter tribute page
Vimeo tribute page
 </original_body>
 <spacy_body>
  {PERSON[Alexandra Hay]} was a native of {GPE[Los Angeles]}, and attended {ORG[Arroyo High School]} in {GPE[El Monte]}, {GPE[California]}.
In {DATE[the early 1960s]}, when still a teenager, {PERSON[Alexandra]} booked modeling jobs through her agent {PERSON[William Adrian]}. She was featured as the "American Beauty" for the {DATE[May-June 1963]} issue of {ORG[DIG]} magazine.
Her mother died on {DATE[August 25, 1963]}, when {PERSON[Hay]} had just turned {DATE[16]}, leaving her an orphan. On {DATE[April 2, 1964]}, {DATE[less than a year later]}, she married former naval officer {PERSON[Cedric Kehoe]} as a means to move to {LOC[Europe]}. In an interview, she described her time in {LOC[Europe]}: "I modeled in {GPE[London]} to earn a living, and I had a ball. That was in {DATE[1964]} when {GPE[London]} was exploding – all the excitement about The {PERSON[Beatles]} and The Beat – I nearly blew my mind."
On {DATE[October 29th, 1966]}, {ORG[the Los Angeles Times]} reported "{ORG[Columbia]}'s {ORG[New Talent Program]} has developed another young actress, {PERSON[Alexandra Hay]}, who has been signed to a long-term exclusive contract by the studio."Hay's {ORDINAL[first]} credited role was in an episode of {WORK_OF_ART[The Monkees]}, titled "{WORK_OF_ART[Monkee Mother]}" (episode {CARDINAL[27]}, original airdate {DATE[March 20, 1967]}). Her career continued with small roles in the {DATE[1967]} movies Guess Who's Coming to Dinner and The Ambushers. In the former, she portrayed a carhop who takes an ice cream order from {PERSON[Spencer Tracy]}’s character.
Hay played the role of {PERSON[Jean Harlow]} in {PERSON[Michael McClure's]} controversial play The {ORG[Beard]}. She was arrested on {DATE[14 nights]} for lewd conduct and later acquitted by {ORG[the California Supreme Court]} on the basis that the {LAW[First Amendment]} places strict limitations on the application of criminal laws to live theatrical performances.
In {DATE[1968]}, Hay co-starred in the romantic comedy How Sweet It Is! as {GPE[Gloria]} and in {PERSON[Skidoo]} as {PERSON[Jackie Gleason's]} and {PERSON[Carol Channing's]} daughter, and she was in {WORK_OF_ART[The Love Machine]} ({DATE[1971]}). She also starred as {GPE[Gloria]} in the {DATE[1969]} film {WORK_OF_ART[Model Shop]}. Her later films included {EVENT[Fun and Games]} ({DATE[1971]}) (released in the {GPE[U.S.]} as {CARDINAL[1000]} {ORG[Convicts]} and a Woman), How to Seduce a Woman ({DATE[1974]}), and The {CARDINAL[One]} Man Jury ({DATE[1978]}).
Hay had television roles in episodes of {WORK_OF_ART[Mission: Impossible, Love, American Style]}, {PERSON[Dan August]}, {ORG[Kojak]}, {GPE[The Streets of San Francisco]}, {WORK_OF_ART[Thriller]}, and {ORG[Police Story]}. She appeared in the television movies {WORK_OF_ART[The F.B.I. Story: The FBI Versus Alvin Karpis]}, {ORG[Public Enemy Number One]} and {ORG[The Screaming Woman]}. She was featured in a {DATE[February 1974]} pictorial in {ORG[Playboy]} magazine titled "{WORK_OF_ART[Alexandra the Great"]}.Hay died in {DATE[1993]} at {DATE[age 46]} of arteriosclerotic heart disease. She was cremated, and her ashes were scattered off the coast of {LOC[Marina del Rey]}, {GPE[California]}.
{PERSON[Alexandra Hay]} at IMDb
{PERSON[Instagram]} tribute page
Facebook tribute page
Twitter tribute page
{PERSON[Vimeo]} tribute page
 </spacy_body>
</doc>