<?xml version="1.0" encoding="utf-8"?>
<doc>
 <title>
  Alex Dimitriades
 </title>
 <original_abstract>
  Alex Dimitriades (born 28 December 1973) is an Australian actor and DJ. He is perhaps best known for his roles as Nick Polides in the 1993 romantic comedy film The Heartbreak Kid, and Nick Poulos in the 1994 television teen drama spin-off Heartbreak High.
 </original_abstract>
 <spacy_abstract>
  {PERSON[Alex Dimitriades]} (born {DATE[28 December 1973]}) is an {NORP[Australian]} actor and DJ. He is perhaps best known for his roles as {PERSON[Nick Polides]} in the {DATE[1993]} romantic comedy film {WORK_OF_ART[The Heartbreak Kid]}, and {PERSON[Nick Poulos]} in the {DATE[1994]} television teen drama spin-off Heartbreak High.
 </spacy_abstract>
 <original_body>
  Dimitriades was born in Sydney, as Alexandros Dimitriades. He is the son of first generation Greek immigrants and the youngest of three siblings. He has a brother, George, and a sister, Melinda. He grew up in Earlwood, a suburb of Sydney. His parents divorced when he was 12. His mother worked as a legal secretary, and she raised the children as a single mother.
Dimitriades first attracted national attention for his co-starring role as Nick Polides in the 1993 Australian romantic comedy film The Heartbreak Kid, for which he received positive reviews and acclaim.In 1998, he played the protagonist Ari in the Ana Kokkinos film Head On, based on the book Loaded by Christos Tsiolkas. Dimitriades' performance in the role was critically acclaimed and earned him an AFI Award nomination. The film was controversial for its graphic violence, sex scenes and LGBT subject matter, but it earned mostly positive reviews. It screened at dozens of festivals around the world, including the Director's Fortnight at the 1998 Cannes Film Festival.His other film roles include the Australian comedies Let's Get Skase (2001) and La Spagnola (2001), the Greek film To Gamilio Party (English title Bang Bang Wedding, 2008), Wog Boy 2: Kings of Mykonos (2010), and Summer Coda starring alongside Rachael Taylor. He had roles in the Hollywood films Ghost Ship (2002) and Deuce Bigalow: European Gigolo (2005).In 2015, he co-starred in Ruben Guthrie with Patrick Brammall.
After making his acting debut in the film The Heartbreak Kid, he starred in a television spin-off Heartbreak High, in which he played Nick Poulos. He went on to play underworld figure, Warren Lanfranchi, in the 1995 drama television series Blue Murder. The following year, Dimitriades played estate agent Steve George in the television soap opera Neighbours. In 1997, he took a role in the police drama Wildside.
In 2002, he appeared in Young Lions. In years to follow, he had a small guest role in the Australian science fiction series Farscape. In 2008, Dimitriades starred in the drama series Underbelly.In 2011, he featured in The Slap, the TV adaptation of the novel of the same name by Christos Tsiolkas. He was awarded the AACTA Award for Best Lead Actor in a Television Drama for his role as the protagonist Harry. In 2015, he starred in The Principal, a SBS four-part crime drama screened over two weeks in October, for which he won a Logie Award. The series received positive reviews and various accolades, including several nominations from the Australian Film Institute in 2016. He appeared in the shows Secret City and Seven Types of Ambiguity.
In late 2018, Dimitriades had a recurring role in the BBC One drama The Cry as Detective Peter Alexiades and in the Netflix series Tidelands, again playing a police officer.
Dimitriades, an avid collector of vinyl records, has stated that his love of music started in childhood. He has a passion for both hip hop and dance music and has stated he is inspired by Kings Go Forth because of their "’70s sound." He works as a DJ professionally across Australia, often referred to as DJ Boogie Monster. Dimitriades has headlined and performed at numerous events, including Derby Day, and as the headline act for the relaunch of the popular South Melbourne nightclub Motel.
Although Dimitriades is primarily known as an actor, his DJ work predates his acting work: It's partly my fault, I was a DJ before I was an actor, but I wasn't known and haven't been known as one. It's two sides of me that will never go away.”
In 1996 and 1997, Dimitriades, along with Nick Giannopoulos and Vince Colosimo, toured as part of the Wogboys comedy stage shows.Dimitriades has appeared in many theatre productions, including two plays by Louis Nowra for Griffin Theatre Company, The Woman with Dog's Eyes (2004) and The Emperor of Sydney (2006); The Nightwatchman (2007) and Rain Man in 2010; and the Melbourne Theatre Company’s production of Glengarry Glen Ross in 2014.
Dimitriades had an 8-year relationship with Terry Biviano in the late 1990s and early 2000s.In 2008, Dimitriades was arrested driving under the influence. It was reported that he had a blood alcohol reading of .11, more than twice the legal limit in Australia. The charge resulted in the suspension of his driver's licence.In September 2009, his mother, Betty Dimitriades, died after a long-time illness.
Alex Dimitriades at IMDb
Interview with Paul Fischer
 </original_body>
 <spacy_body>
  {ORG[Dimitriades]} was born in {GPE[Sydney]}, as {ORG[Alexandros Dimitriades]}. He is the son of {ORDINAL[first]} generation {NORP[Greek]} immigrants and the youngest of {CARDINAL[three]} siblings. He has a brother, {PERSON[George]}, and a sister, {PERSON[Melinda]}. He grew up in {GPE[Earlwood]}, a suburb of {GPE[Sydney]}. His parents divorced when he was {CARDINAL[12]}. His mother worked as a legal secretary, and she raised the children as a single mother.
{ORG[Dimitriades]} {ORDINAL[first]} attracted national attention for his co-starring role as {PERSON[Nick Polides]} in the {DATE[1993]} {NORP[Australian]} romantic comedy film {WORK_OF_ART[The Heartbreak Kid]}, for which he received positive reviews and acclaim.In {DATE[1998]}, he played the protagonist {PERSON[Ari]} in the {PERSON[Ana Kokkinos]} film Head On, based on the book {WORK_OF_ART[Loaded by Christos Tsiolkas]}. {ORG[Dimitriades]}' performance in the role was critically acclaimed and earned him an {ORG[AFI Award]} nomination. The film was controversial for its graphic violence, sex scenes and {ORG[LGBT]} subject matter, but it earned mostly positive reviews. It screened at {CARDINAL[dozens]} of festivals around the world, including the Director's Fortnight at the 1998 {EVENT[Cannes Film Festival]}.His other film roles include the {NORP[Australian]} comedies Let's Get Skase ({DATE[2001]}) and {PERSON[La Spagnola]} ({DATE[2001]}), the {NORP[Greek]} film To {ORG[Gamilio Party]} ({LANGUAGE[English]} title {PERSON[Bang Bang Wedding]}, 2008), {PERSON[Wog Boy]} {CARDINAL[2]}: Kings of Mykonos ({DATE[2010]}), and Summer Coda starring alongside {PERSON[Rachael Taylor]}. He had roles in the {GPE[Hollywood]} films {LOC[Ghost Ship]} (2002) and {PERSON[Deuce Bigalow]}: {PERSON[European Gigolo]} ({DATE[2005).In 2015]}, he co-starred in {PERSON[Ruben Guthrie]} with {PERSON[Patrick Brammall]}.
After making his acting debut in the film {WORK_OF_ART[The Heartbreak Kid]}, he starred in a television spin-off {NORP[Heartbreak]} High, in which he played {PERSON[Nick Poulos]}. He went on to play underworld figure, {PERSON[Warren Lanfranchi]}, in the {DATE[1995]} drama television series {ORG[Blue Murder]}. {DATE[The following year]}, {ORG[Dimitriades]} played estate agent {PERSON[Steve George]} in the television soap opera {ORG[Neighbours]}. In {DATE[1997]}, he took a role in the police drama {FAC[Wildside]}.
In {DATE[2002]}, he appeared in {WORK_OF_ART[Young Lions]}. In {DATE[years]} to follow, he had a small guest role in the {NORP[Australian]} science fiction series {ORG[Farscape]}. In {DATE[2008]}, {ORG[Dimitriades]} starred in the drama series Underbelly.In {DATE[2011]}, he featured in {ORG[The Slap]}, the TV adaptation of the novel of the same name by {PERSON[Christos Tsiolkas]}. He was awarded the AACTA Award for Best Lead Actor in a Television Drama for his role as the protagonist {PERSON[Harry]}. In {DATE[2015]}, he starred in The Principal, a {ORG[SBS]} {CARDINAL[four]}-part crime drama screened over {DATE[two weeks]} in {DATE[October]}, for which he won {WORK_OF_ART[a Logie Award]}. The series received positive reviews and various accolades, including several nominations from {ORG[the Australian Film Institute]} in {DATE[2016]}. He appeared in the shows {GPE[Secret City]} and {CARDINAL[Seven]} Types of Ambiguity.
In {DATE[late 2018]}, {ORG[Dimitriades]} had a recurring role in the {ORG[BBC]} One drama The Cry as Detective {PERSON[Peter Alexiades]} and in {EVENT[the Netflix series]} {EVENT[Tidelands]}, again playing a police officer.
{ORG[Dimitriades]}, an avid collector of vinyl records, has stated that his love of music started in childhood. He has a passion for both hip hop and dance music and has stated he is inspired by Kings Go Forth because of their "’{DATE[70s]} sound." He works as a DJ professionally across {GPE[Australia]}, often referred to as DJ {PERSON[Boogie Monster]}. {ORG[Dimitriades]} has headlined and performed at numerous events, including {PERSON[Derby Day]}, and as the headline act for the relaunch of the popular {ORG[South Melbourne nightclub Motel]}.
Although {ORG[Dimitriades]} is primarily known as an actor, his DJ work predates his acting work: It's partly my fault, I was a DJ before I was an actor, but I wasn't known and haven't been known as one. It's {CARDINAL[two]} sides of me that will never go away.”
In {DATE[1996]} and {DATE[1997]}, {ORG[Dimitriades]}, along with {PERSON[Nick Giannopoulos]} and {PERSON[Vince Colosimo]}, toured as part of the {PERSON[Wogboys]} comedy stage shows.{ORG[Dimitriades]} has appeared in many theatre productions, including {CARDINAL[two]} plays by {ORG[Louis Nowra for Griffin Theatre Company]}, The Woman with Dog's Eyes ({DATE[2004]}) and {PERSON[The Emperor of Sydney]} (2006); {PERSON[The Nightwatchman]} ({DATE[2007]}) and {WORK_OF_ART[Rain Man]} in {DATE[2010]}; and {ORG[the Melbourne Theatre Company]}’s production of {PERSON[Glengarry Glen Ross]} in {DATE[2014]}.
{ORG[Dimitriades]} had an {DATE[8-year]} relationship with {PERSON[Terry Biviano]} in {DATE[the late 1990s]} and {DATE[early 2000s]}.In {DATE[2008]}, {ORG[Dimitriades]} was arrested driving under the influence. It was reported that he had a blood alcohol reading of {DATE[.11]}, more than twice the legal limit in {GPE[Australia]}. The charge resulted in the suspension of his driver's licence.In {DATE[September 2009]}, his mother, {PERSON[Betty Dimitriades]}, died after a long-time illness.
{PERSON[Alex Dimitriades]} at IMDb
Interview with {PERSON[Paul Fischer]}
 </spacy_body>
</doc>