<?xml version="1.0" encoding="utf-8"?>
<doc>
 <title>
  Alexandra Lamy
 </title>
 <original_abstract>
  Alexandra Lamy (French pronunciation: ​[a.lɛk.sɑ̃.dʁa la.mi]) (born 14 October 1971) is a French actress.
 </original_abstract>
 <spacy_abstract>
  {PERSON[Alexandra Lamy]} ({NORP[French]} pronunciation: {NORP[​[a.lɛk.sɑ̃.dʁa]} la.mi]) (born {DATE[14 October 1971]}) is a {NORP[French]} actress.
 </spacy_abstract>
 <original_body>
  Lamy was born in Villecresnes, near Paris, but grew up in Languedoc-Roussillon. When she was six months old, her parents, Michel and Michèle, moved the family to La Grande-Motte in Southern France. A few years later, her family moved again to Alès, where her father ran a fabric shop. She fell in love with theatre while performing in school plays. She later moved to Paris to begin her career, where she worked to lose her southern French accent.Her sister, Audrey Lamy, is also an actress and currently stars in the French sitcom Scènes de ménage. Their cousin is the politician François Lamy.
From 1999–2003, she starred in Un gars, une fille.
Lamy started dating her Un gars, une fille  costar Jean Dujardin in 2003. They married in 2009, and divorced in 2013.She was previously in a relationship with actor Thomas Jouannet from 1995 to 2003, with whom she had a daughter, Chloé, born in October 1997.
Thomas Jouannet
Alexandra Lamy at IMDb
 </original_body>
 <spacy_body>
  {PERSON[Lamy]} was born in {GPE[Villecresnes]}, near {GPE[Paris]}, but grew up in {LOC[Languedoc-Roussillon]}. When she was {DATE[six months old]}, her parents, {PERSON[Michel]} and {PERSON[Michèle]}, moved the family to {PERSON[La Grande-Motte]} in {LOC[Southern France]}. {DATE[A few years later]}, her family moved again to Alès, where her father ran a fabric shop. She fell in love with theatre while performing in school plays. She later moved to {GPE[Paris]} to begin her career, where she worked to lose her southern {NORP[French]} accent.Her sister, {PERSON[Audrey Lamy]}, is also an actress and currently stars in the {NORP[French]} sitcom {PERSON[Scènes de ménage]}. Their cousin is the politician {PERSON[François Lamy]}.
From {CARDINAL[1999–2003]}, she starred in {ORG[Un]} gars, {PERSON[une fille]}.
{PERSON[Lamy]} started dating her {ORG[Un]} gars, {PERSON[une fille]}  costar {PERSON[Jean Dujardin]} in {DATE[2003]}. They married in {DATE[2009]}, and divorced in 2013.She was previously in a relationship with actor {PERSON[Thomas Jouannet]} from {DATE[1995]} to {DATE[2003]}, with whom she had a daughter, {PRODUCT[Chloé]}, born in {DATE[October 1997]}.
{PERSON[Thomas Jouannet]}
{PERSON[Alexandra Lamy]} at IMDb
 </spacy_body>
</doc>