<?xml version="1.0" encoding="utf-8"?>
<doc>
 <title>
  Alexander Asro
 </title>
 <original_abstract>
  Alexander Asro (also: Aleksander Azro; February 10, 1888 – January 1963) was a film and theatre actor. He was a member of the Vilna Troupe and appeared in several comedic films in the United States.
 </original_abstract>
 <spacy_abstract>
  {PERSON[Alexander Asro]} (also: {PERSON[Aleksander Azro]}; {DATE[February 10, 1888 – January 1963]}) was a film and theatre actor. He was a member of {ORG[the Vilna Troupe]} and appeared in several comedic films in {GPE[the United States]}.
 </spacy_abstract>
 <original_body>
  Born in Vilna, in the Russian Empire (today Vilnius, Lithuania), Asro attended a traditional Jewish elementary school (cheder), and early on gave 'circus' performances for other children together with his friend Jacob Lubotsky, the brother of Sonia Alomis (born Lubotsky), Asro's future wife.He later joined the dramatic circles of the Jewish Labor Bund, making his first public appearance at the age of 13, in the role of Yehuda in the Biblical play Mechirat Yosef (The Sale of Joseph), in a production by older tradesmen. In this way he came to the attention of the actor Yehoshua Bertonov, who brought him into a group doing Russian vaudeville; he also participated in guest performances of Jacob Ben-Ami.As a 16-year-old Asro became active in the workers' movement. After being arrested and interned, he fled to Kiev, where he enrolled in the art school, studying painting, and simultaneously attended a middle school (Realschule), supported by a stipend from Baron Günzburg. In Kiev he took part in the Russian-language Solovtsov Theater, which had become known for its dedication to artistic as well as commercial success; he was at first an "extra", and then advanced to small roles. He subsequently spent three-quarters of a year studying in the law department at the Kiev commercial school (Handelsschule), then served for a year in the Russian military; after his discharge from the military he returned to Vilna.
In this period, around 1908, he was active in a literary dramatic circle that had formed in Vilna, including Noah Nachbush, Chaim Shneur, Sonia Alomis, Rachel-Dora Rivkina, and Frieda Blumental; the group worked with  Peretz Hirschbein, whose plays they performed and who was in Vilna at the time, and they traveled into the Lithuanian provinces giving performances.In fall 1915, under the German occupation of Vilna during the First World War, Asro, along with the same colleagues, belonged to an amateur group that gave dramatic readings and performances of one-act plays. They were among the larger group of actors who subsequently formed the association called Fareyn fun yidishe dramatishe artisten (FADA; Union of Yiddish dramatic artists). Asro worked on organizing the first performance; by chance, the local circus owner was willing to have the group use the circus as a venue, since he feared it would otherwise be requisitioned by the military.The new theatre company premiered in February 1916, with a performance of Der landsman (The countryman), a comedy by Sholem Asch. 
Aspiring to a purely literary Yiddish theater, and taking Stanislavski's troupe as its model, this company later became famous as the Vilna Troupe.
Asro created the role of "Sasha Smirnoff" in the 1937 play Room Service, and reprised the role in both the 1938 Marx Brothers film of the same title, and the 1953 Broadway revival.
Alexander Asro at IMDb
 </original_body>
 <spacy_body>
  Born in {GPE[Vilna]}, in {GPE[the Russian Empire]} ({DATE[today]} {GPE[Vilnius]}, {GPE[Lithuania]}), {PERSON[Asro]} attended a traditional {NORP[Jewish]} elementary school (cheder), and early on gave 'circus' performances for other children together with his friend {PERSON[Jacob Lubotsky]}, the brother of {PERSON[Sonia Alomis]} (born {PERSON[Lubotsky]}), {PERSON[Asro]}'s future wife.He later joined the dramatic circles of the {NORP[Jewish]} Labor Bund, making his first public appearance at {DATE[the age of 13]}, in the role of {GPE[Yehuda]} in the {PERSON[Biblical]} play {PERSON[Mechirat Yosef]} (The Sale of {PERSON[Joseph]}), in a production by older tradesmen. In this way he came to the attention of the actor {PERSON[Yehoshua Bertonov]}, who brought him into a group doing {NORP[Russian]} vaudeville; he also participated in guest performances of {PERSON[Jacob Ben-Ami]}.As a {DATE[16-year-old]} {PERSON[Asro]} became active in the workers' movement. After being arrested and interned, he fled to {PERSON[Kiev]}, where he enrolled in the art school, studying painting, and simultaneously attended a middle school (Realschule), supported by a stipend from Baron {PERSON[Günzburg]}. In {PERSON[Kiev]} he took part in the {LANGUAGE[Russian]}-language Solovtsov Theater, which had become known for its dedication to artistic as well as commercial success; he was at first an "extra", and then advanced to small roles. He subsequently spent {CARDINAL[three-quarters]} of a year studying in the law department at {FAC[the Kiev commercial school (Handelsschule]}), then served for {DATE[a year]} in the {NORP[Russian]} military; after his discharge from the military he returned to {GPE[Vilna]}.
In this period, {DATE[around 1908]}, he was active in a literary dramatic circle that had formed in {GPE[Vilna]}, including {PERSON[Noah Nachbush]}, {PERSON[Chaim Shneur]}, {PERSON[Sonia Alomis]}, {PERSON[Rachel-Dora Rivkina]}, and {ORG[Frieda Blumental]}; the group worked with  {PERSON[Peretz Hirschbein]}, whose plays they performed and who was in {GPE[Vilna]} at the time, and they traveled into the {NORP[Lithuanian]} provinces giving performances.In {DATE[fall 1915]}, under the {NORP[German]} occupation of {GPE[Vilna]} during {EVENT[the First World War]}, Asro, along with the same colleagues, belonged to an amateur group that gave dramatic readings and performances of {CARDINAL[one]}-act plays. They were among the larger group of actors who subsequently formed the association called {PRODUCT[Fareyn]} fun yidishe dramatishe artisten ({ORG[FADA]}; {ORG[Union of Yiddish]} dramatic artists). Asro worked on organizing the {ORDINAL[first]} performance; by chance, the local circus owner was willing to have the group use the circus as a venue, since he feared it would otherwise be requisitioned by the military.The new theatre company premiered in {DATE[February 1916]}, with a performance of {ORG[Der]} landsman (The countryman), a comedy by {PERSON[Sholem Asch]}. 
Aspiring to a purely literary {GPE[Yiddish]} theater, and taking {ORG[Stanislavski]}'s troupe as its model, this company later became famous as {LOC[the Vilna Troupe]}.
{PERSON[Asro]} created the role of "Sasha Smirnoff" in the {DATE[1937]} play Room Service, and reprised the role in both the {DATE[1938]} {ORG[Marx Brothers]} film of the same title, and the {DATE[1953]} {PRODUCT[Broadway]} revival.
{PERSON[Alexander Asro]} at IMDb
 </spacy_body>
</doc>