<?xml version="1.0" encoding="utf-8"?>
<doc>
 <title>
  Alexandre Fabre
 </title>
 <original_abstract>
  Louis-Alexandre Fabre (born 17 March 1955) is a French actor, mostly known for his role of Charles Frémont in the series Plus belle la vie.
 </original_abstract>
 <spacy_abstract>
  {PERSON[Louis-Alexandre Fabre]} (born {DATE[17 March 1955]}) is a {NORP[French]} actor, mostly known for his role of {PERSON[Charles Frémont]} in the series Plus belle la vie.
 </spacy_abstract>
 <original_body>
  He was born in Tunisia where he lived until he was 10. As a child, at the time of the Tunisian Independence, his father had to go back to France, in Albi. Then the family moved to Marseille when Alexandre was 12. Then he settled in Neuilly-sur-Seine.
In Paris, he learnt acting as a young 20-year-old, then went back to Marseille where in played Ionesco, Racine, Molière, Dumas, and others: Toursky, Gymnase, la Criée. He also shot for TV and the cinema (French Connection 2 with Gene Hackman).
For almost ten years, he played his own shows (inspired from Rabelais, John Fante, Sony Labou Tansi...), in big cities but also in the Tunisian countryside, in Mauritania, Tchad, Congo-Brazzaville, Madagascar, Cameroun...). He plays Dom Juan of Molière in the 1993 Avignon Festival staged by Renata Ramos.
He spent 15 years living in Africa. In Brazzaville, he put on a musical with his daughter, aged 20. Then, he moved back to Marseille (his favourite city), where he currently lives.In Paris, he still plays theater: (Offenbach, Edmond Rostand, Daniel Soulier, Agatha Christie...). In 2004, he auditioned for the role of Charles Frémont in France 3's famous series, Plus belle la vie.
1975: French Connection 2 (of John Frankenheimer) - Young Inspector
1976: Le Plein de super (of Alain Cavalier) - Jean-Loup
1980: Journal d'une maison de correction (of Georges Cachoux) - Le maniaque
1980: Retour à Marseille (of René Allio) - Un flic
1983: Cap canaille (of Juliet Berto) - Un homme de main
1984: Le Juge (of Philippe Lefebvre) - Equipe de Innocenti
2000: De l'histoire ancienne  (of Orso Miret) - Libraire 1
2001: Mon père, il m'a sauvé la vie (of José Giovanni) - Maître Moro Giafferi
2012 : À la recherche du droit de Virgile Bayle et Jason Roffé


== References ==
 </original_body>
 <spacy_body>
  He was born in {GPE[Tunisia]} where he lived until he was {DATE[10]}. As a child, at the time of the {NORP[Tunisian]} Independence, his father had to go back to {GPE[France]}, in {GPE[Albi]}. Then the family moved to {PERSON[Marseille]} when {GPE[Alexandre]} was {CARDINAL[12]}. Then he settled in Neuilly-sur-Seine.
In {GPE[Paris]}, he learnt acting as a young {DATE[20-year-old]}, then went back to {GPE[Marseille]} where in played {PERSON[Ionesco]}, {PERSON[Racine]}, {GPE[Molière]}, {GPE[Dumas]}, and others: {GPE[Toursky]}, {GPE[Gymnase]}, {PERSON[la Criée]}. He also shot for TV and the cinema ({LANGUAGE[French]} Connection 2 with {PERSON[Gene Hackman]}).
For {DATE[almost ten years]}, he played his own shows (inspired from {GPE[Rabelais]}, {PERSON[John Fante]}, {ORG[Sony]} {PERSON[Labou Tansi]}...), in big cities but also in the {NORP[Tunisian]} countryside, in {GPE[Mauritania, Tchad]}, {GPE[Congo]}-Brazzaville, {GPE[Madagascar]}, {GPE[Cameroun]}...). He plays {PERSON[Dom Juan]} of {ORG[Molière]} in the {DATE[1993]} {EVENT[Avignon Festival]} staged by {PERSON[Renata Ramos]}.
He spent {DATE[15 years]} living in {LOC[Africa]}. In {GPE[Brazzaville]}, he put on a musical with his daughter, aged {DATE[20]}. Then, he moved back to {PERSON[Marseille]} (his favourite city), where he currently lives.In {GPE[Paris]}, he still plays theater: ({CARDINAL[Offenbach]}, {PERSON[Edmond Rostand]}, {PERSON[Daniel Soulier]}, {PERSON[Agatha Christie]}...). In {DATE[2004]}, he auditioned for the role of {PERSON[Charles Frémont]} in {GPE[France]} 3's famous series, Plus {PERSON[belle la]} vie.
{DATE[1975]}: {NORP[French]} Connection 2 (of {PERSON[John Frankenheimer]}) - Young Inspector
{DATE[1976]}: {WORK_OF_ART[Le Plein de super]} (of Alain Cavalier) - Jean-Loup
{DATE[1980]}: {ORG[Journal]} d'une maison de correction (of {PERSON[Georges Cachoux]}) - Le maniaque
{DATE[1980]}: Retour à Marseille (of {PERSON[René Allio]}) - {FAC[Un]} flic
{DATE[1983]}: {PERSON[Cap canaille]} (of {PERSON[Juliet Berto]}) - Un homme de main
{DATE[1984]}: {PERSON[Le Juge]} (of {ORG[Philippe Lefebvre]}) - Equipe de Innocenti
2000: {PERSON[De l'histoire]} ancienne  (of {GPE[Orso Miret]}) - Libraire 1
2001: Mon père, il m'a sauvé la vie (of {PERSON[José Giovanni]}) - Maître Moro Giafferi
2012 : {LOC[À la recherche]} du droit de Virgile Bayle et Jason Roffé


== References ==
 </spacy_body>
</doc>