<?xml version="1.0" encoding="utf-8"?>
<doc>
 <title>
  Alexander Lockwood
 </title>
 <original_abstract>
  Alexander Lockwood  (May 5, 1902 – January 25, 1990) was an American actor. He appeared in numerous films and television shows throughout the 1930s to the 1980s.
 </original_abstract>
 <spacy_abstract>
  {PERSON[Alexander Lockwood]}  ({DATE[May 5, 1902 –]} {DATE[January 25, 1990]}) was an {NORP[American]} actor. He appeared in numerous films and television shows throughout {DATE[the 1930s]} to {DATE[the 1980s]}.
 </spacy_abstract>
 <original_body>
  Lockwood was born in  Slezská Ostrava, now Czech Republic, in 1902. Lockwood began his acting career in film in 1938, appearing in films like Just Off Broadway, Sherlock Holmes in Washington and Jigsaw during the 1940s. During the 1950s and 1960s he appeared in films like The Wrong Man and The Invisible Boy with Richard Eyer. He also appeared in The Story of Mankind and Monster on the Campus. He also acted in films like The Tarnished Angels and Edge of Eternitywith Cornel Wilde and Cary Grant during the late 1950s. During the 1960s he appeared in films like Beauty and the Beast with Joyce Taylor and Walk on the Wild Side with Laurence Harvey and The Monkey's Uncle with Tommy Kirk during the 1960s. During the 1970s he appeared in films like Duel, Family Plot and Close Encounters of the Third Kind. Lockwood last acted in the film Romantic Comedy in 1983.
Lockwood died in 1990 at the age of 87.
Alexander Lockwood at IMDb
Alexander Lockwood at the Internet Broadway Database
 </original_body>
 <spacy_body>
  Lockwood was born in  {PERSON[Slezská Ostrava]}, now {GPE[Czech Republic]}, in {DATE[1902]}. Lockwood began his acting career in film in {DATE[1938]}, appearing in films like {WORK_OF_ART[Just Off Broadway]}, {GPE[Sherlock Holmes]} in {GPE[Washington]} and {GPE[Jigsaw]} during {DATE[the 1940s]}. During {DATE[the 1950s and]} {DATE[1960s]} he appeared in films like {WORK_OF_ART[The Wrong Man and The Invisible Boy]} with {PERSON[Richard Eyer]}. He also appeared in {WORK_OF_ART[The Story of Mankind and Monster on the Campus]}. He also acted in films like {WORK_OF_ART[The Tarnished Angels]} and Edge of Eternitywith Cornel {PERSON[Wilde]} and {PERSON[Cary Grant]} during {DATE[the late 1950s]}. During {DATE[the 1960s]} he appeared in films like {WORK_OF_ART[Beauty and the Beast with Joyce Taylor]} and Walk on {LOC[the Wild Side]} with {PERSON[Laurence Harvey]} and {WORK_OF_ART[The Monkey's Uncle]} with {PERSON[Tommy Kirk]} during {DATE[the 1960s]}. During {DATE[the 1970s]} he appeared in films like {PERSON[Duel]}, {WORK_OF_ART[Family Plot]} and Close Encounters of the {ORDINAL[Third]} Kind. Lockwood last acted in the film {WORK_OF_ART[Romantic Comedy]} in {DATE[1983]}.
Lockwood died in {DATE[1990]} at {DATE[the age of 87]}.
{PERSON[Alexander Lockwood]} at IMDb
{PERSON[Alexander Lockwood]} at {FAC[the Internet Broadway Database]}
 </spacy_body>
</doc>