<?xml version="1.0" encoding="utf-8"?>
<doc>
 <title>
  Alexandre Rignault
 </title>
 <original_abstract>
  Alexandre Rignault (14 February 1901 – 2 April 1985) was a French actor. He appeared in more than a hundred films between 1931 and 1985.
 </original_abstract>
 <spacy_abstract>
  {PERSON[Alexandre Rignault]} ({DATE[14 February 1901]} – {DATE[2 April 1985]}) was a {NORP[French]} actor. He appeared in {CARDINAL[more than a hundred]} films {DATE[between 1931 and 1985]}.
 </spacy_abstract>
 <original_body>
  Alexandre Rignault at IMDb
 </original_body>
 <spacy_body>
  {PERSON[Alexandre Rignault]} at IMDb
 </spacy_body>
</doc>