<?xml version="1.0" encoding="utf-8"?>
<doc>
 <title>
  Alex Kapp Horner
 </title>
 <original_abstract>
  Alex Kapp (born Alexandra Deering Kapp; formerly Alex Kapp Horner; December 5, 1969) is an American television actress and writer, best recognized for her role as Lindsay on the CBS sitcom The New Adventures of Old Christine (2006–10).
 </original_abstract>
 <spacy_abstract>
  {PERSON[Alex Kapp]} (born {PERSON[Alexandra Deering Kapp]}; formerly {PERSON[Alex Kapp Horner]}; {DATE[December 5, 1969]}) is an {NORP[American]} television actress and writer, best recognized for her role as {PERSON[Lindsay]} on the {ORG[CBS]} sitcom {WORK_OF_ART[The New Adventures of Old Christine]} ({ORDINAL[2006–10]}).
 </spacy_abstract>
 <original_body>
  Kapp began her career in Los Angeles as a member of The Groundlings comedy troupe. In mid-1990s she began appearing on television shows, including Party of Five, JAG, Seinfeld, Friends, ER and Will &amp; Grace. She also appeared in the television movie A Mother's Prayer (1995) with Linda Hamilton, and from 1998 to 1999 was regular cast member on the short-lived sitcom Maggie Winters.From 2006 to 2010, Kapp co-starred opposite Julia Louis-Dreyfus in her sitcom The New Adventures of Old Christine on CBS. She also had supporting role in the 2009 comedy film Weather Girl starring Tricia O'Kelley, her The New Adventures of Old Christine co-star. The following years, she guest-starred on Happy Endings, Drop Dead Diva, Two and a Half Men, I Didn't Do It, and Baby Daddy. In 2013, she was cast as female lead in the Fox comedy series Surviving Jack opposite Christopher Meloni, but was fired after one episode. Rachael Harris replaced her in the role.
Kapp grew up in New York City and graduated from Dartmouth College with a degree in history. Prior to her acting career, Alex Kapp gained notoriety for being Robert Chambers' girlfriend at the time of the 1986 preppie murder scandal. Kapp appears in the documentary The Preppy Murder: Death in Central Park.
Alex Kapp Horner at IMDb
 </original_body>
 <spacy_body>
  {ORG[Kapp]} began her career in {GPE[Los Angeles]} as a member of The Groundlings comedy troupe. In {DATE[mid-1990s]} she began appearing on television shows, including {ORG[Party of Five]}, {NORP[JAG]}, {GPE[Seinfeld]}, {ORG[Friends]}, ER and {ORG[Will &amp; Grace]}. She also appeared in the television movie {WORK_OF_ART[A Mother's Prayer]} (1995) with {PERSON[Linda Hamilton]}, and from {DATE[1998]} to {DATE[1999]} was regular cast member on the short-lived sitcom {PERSON[Maggie Winters]}.{DATE[From 2006 to 2010]}, {PERSON[Kapp co-starred]} opposite {PERSON[Julia Louis-Dreyfus]} in her sitcom {WORK_OF_ART[The New Adventures of Old Christine]} on {ORG[CBS]}. She also had supporting role in the {DATE[2009]} comedy film {WORK_OF_ART[Weather Girl]} starring {PERSON[Tricia O'Kelley]}, her The New Adventures of Old Christine co-star. The following {DATE[years]}, she guest-starred on Happy Endings, Drop Dead Diva, {CARDINAL[Two]} and a Half Men, I Didn't Do It, and {PERSON[Baby Daddy]}. In {DATE[2013]}, she was cast as female lead in the {ORG[Fox]} comedy series Surviving {PERSON[Jack]} opposite {PERSON[Christopher Meloni]}, but was fired after {CARDINAL[one]} episode. {PERSON[Rachael Harris]} replaced her in the role.
{PERSON[Kapp]} grew up in {GPE[New York City]} and graduated from {ORG[Dartmouth College]} with a degree in history. Prior to her acting career, {PERSON[Alex Kapp]} gained notoriety for being {PERSON[Robert Chambers']} girlfriend at the time of the {DATE[1986]} preppie murder scandal. {PERSON[Kapp]} appears in the documentary {WORK_OF_ART[The Preppy Murder: Death in Central Park]}.
{PERSON[Alex Kapp Horner]} at IMDb
 </spacy_body>
</doc>