<?xml version="1.0" encoding="utf-8"?>
<doc>
 <title>
  Alexander Godunov
 </title>
 <original_abstract>
  Alexander Borisovich Godunov (Russian: Александр Борисович Годунов; November 28, 1949 – May 18, 1995)  was a Russian-American ballet dancer and film actor. A member of the Bolshoi Ballet, he became the troupe's Premier danseur. In 1979, he defected to the United States. While continuing to dance, he also began working as a supporting actor in Hollywood films.  He had several small but prominent roles in films such as Witness and Die Hard.
 </original_abstract>
 <spacy_abstract>
  {PERSON[Alexander Borisovich Godunov]} ({NORP[Russian]}: {PERSON[Александр Борисович Годунов]}; {DATE[November 28, 1949]} – {DATE[May 18, 1995]})  was a {NORP[Russian-American]} ballet dancer and film actor. A member of {ORG[the Bolshoi Ballet]}, he became the troupe's {ORG[Premier danseur.]} In {DATE[1979]}, he defected to {GPE[the United States]}. While continuing to dance, he also began working as a supporting actor in {GPE[Hollywood]} films.  He had several small but prominent roles in films such as Witness and Die Hard.
 </spacy_abstract>
 <original_body>
  Godunov was born in Yuzhno-Sakhalinsk (Sakhalin, Russian SFSR, USSR), in the Russian Far East. Godunov began his ballet studies at the age of nine in Riga in 1958, in the same class as Mikhail Baryshnikov. He remarked his mother put him in ballet to prevent him from becoming "a hooligan". The two became friends and helped each other throughout their years there. Godunov joined the Bolshoi Ballet in 1971 and rose to become Premier danseur. His teachers there included Aleksey Yermolayev.In 1973, he won a gold medal at the Moscow International Ballet Competition. After playing Vronsky in 1976's Anna Karenina and Lemisson, the Royal minstrel, in the 1978 film version of J. B. Priestley's 31 June, Godunov became well known in the Soviet Union as a movie actor, receiving the title of Honored Artist of the RSFSR in 1976.
On August 21, 1979, while on a tour with the Bolshoi Ballet in New York City, Godunov contacted authorities and asked for political asylum. After discovering his absence, the KGB responded by putting his wife, Lyudmila Vlasova, a soloist with the company, on a plane to Moscow, but the flight was stopped before takeoff. After three days, with involvement by President Jimmy Carter and Soviet leader Leonid Brezhnev, the U.S. State Department was satisfied that Vlasova had chosen to return to the Soviet Union of her own free will, and allowed the plane to depart.This incident was dramatized in a 1986 movie, Flight 222. Vlasova later said that while Godunov loved American culture and had long desired to live in the United States, she felt she was "too Russian" to live in the United States. The couple divorced in 1982.
Godunov joined the American Ballet Theatre and danced as a principal dancer until 1982, when he had a falling-out with Mikhail Baryshnikov, the director of the company. A press release for the American Ballet Theatre stated a change in the troupe's repertoire did not provide him with sufficient roles. Following his release Godunov traveled with his own troupe, and danced as a guest artist around the world with a number of prominent ballet troupes. He also began working in Hollywood as a film actor.Godunov's acting roles were varied, including an Amish farmer in Witness (1985), a comically narcissistic symphony conductor in The Money Pit (1986), and a violent German terrorist in Die Hard (1988). He declined roles which typecast him as a dancer, or as an action villain as in Die Hard.
Godunov married Lyudmila Vlasova, a soloist with the Bolshoi Ballet, in 1971. The couple had no children. The two divorced in 1982.In 1981, Godunov met actress Jacqueline Bisset at a party in New York City. Six months later, the two began a relationship that lasted seven years.Godunov became a naturalized citizen of the United States in 1987.
Godunov drank alcohol to excess, and this became a problem as he got older. On May 18, 1995, Godunov's friends became concerned when he had been uncharacteristically quiet with his phone calls. A nurse, who had not heard from him since May 8, went to his home in the Shoreham Towers, West Hollywood, California, where his body was discovered. Godunov's death was determined to be due to complications from hepatitis secondary to chronic alcoholism.Following his death, Godunov's ashes were scattered into the Pacific Ocean. A memorial to him at Gates Mortuary in Los Angeles is engraved with the epitaph "His future remained in the past."
List of Russian ballet dancers
List of Eastern Bloc defectors
Alexander Godunov at IMDb
Alexander Godunov at Find a Grave
Carmen-suite starring Maya Plisetskaya and Alexander Godunov (1978) on YouTube
 </original_body>
 <spacy_body>
  Godunov was born in {ORG[Yuzhno-Sakhalinsk]} ({NORP[Sakhalin]}, {GPE[Russian SFSR]}, {GPE[USSR]}), in the {NORP[Russian]} {LOC[Far East]}. Godunov began his ballet studies at {DATE[the age of nine]} in {GPE[Riga]} in {DATE[1958]}, in the same class as {PERSON[Mikhail Baryshnikov]}. He remarked his mother put him in ballet to prevent him from becoming "a hooligan". The {CARDINAL[two]} became friends and helped each other throughout {DATE[their years]} there. Godunov joined {ORG[the Bolshoi Ballet]} in {DATE[1971]} and rose to become Premier danseur. His teachers there included {PERSON[Aleksey Yermolayev]}.In {DATE[1973]}, he won a gold medal at {FAC[the Moscow International Ballet Competition]}. After playing {PERSON[Vronsky]} in {DATE[1976]}'s {PERSON[Anna Karenina]} and {GPE[Lemisson]}, the {PERSON[Royal]} minstrel, in the {DATE[1978]} film version of {PERSON[J. B. Priestley's]} {DATE[31 June]}, {PERSON[Godunov]} became well known in {GPE[the Soviet Union]} as a movie actor, receiving the title of {ORG[Honored Artist]} of the {FAC[RSFSR]} in {DATE[1976]}.
On {DATE[August 21, 1979]}, while on a tour with {ORG[the Bolshoi Ballet]} in {GPE[New York City]}, Godunov contacted authorities and asked for political asylum. After discovering his absence, the {ORG[KGB]} responded by putting his wife, {ORG[Lyudmila Vlasova]}, a soloist with the company, on a plane to {GPE[Moscow]}, but the flight was stopped before takeoff. After {DATE[three days]}, with involvement by President {PERSON[Jimmy Carter]} and {NORP[Soviet]} leader {PERSON[Leonid Brezhnev]}, {ORG[the U.S. State Department]} was satisfied that {ORG[Vlasova]} had chosen to return to {GPE[the Soviet Union]} of her own free will, and allowed the plane to depart.This incident was dramatized in a {DATE[1986]} movie, {LAW[Flight 222]}. Vlasova later said that while {PERSON[Godunov]} loved {NORP[American]} culture and had long desired to live in {GPE[the United States]}, she felt she was "too {NORP[Russian]}" to live in {GPE[the United States]}. The couple divorced in {DATE[1982]}.
{PERSON[Godunov]} joined {ORG[the American Ballet Theatre]} and danced as a principal dancer until {DATE[1982]}, when he had a falling-out with {PERSON[Mikhail Baryshnikov]}, the director of the company. A press release for {ORG[the American Ballet Theatre]} stated a change in the troupe's repertoire did not provide him with sufficient roles. Following his release {PERSON[Godunov]} traveled with his own troupe, and danced as a guest artist around the world with a number of prominent ballet troupes. He also began working in {GPE[Hollywood]} as a film actor.{PERSON[Godunov]}'s acting roles were varied, including an {NORP[Amish]} farmer in {GPE[Witness]} ({DATE[1985]}), a comically narcissistic symphony conductor in {WORK_OF_ART[The Money Pit]} ({DATE[1986]}), and a violent {NORP[German]} terrorist in {PERSON[Die Hard]} ({DATE[1988]}). He declined roles which typecast him as a dancer, or as an action villain as in {GPE[Die Hard]}.
{PERSON[Godunov]} married {PERSON[Lyudmila Vlasova]}, a soloist with {ORG[the Bolshoi Ballet]}, in {DATE[1971]}. The couple had no children. The {CARDINAL[two]} divorced in {DATE[1982.In 1981]}, {PERSON[Godunov]} met actress {PERSON[Jacqueline Bisset]} at a party in {GPE[New York City]}. {DATE[Six months later]}, the {CARDINAL[two]} began a relationship that lasted {DATE[seven years]}.Godunov became a naturalized citizen of {GPE[the United States]} in {DATE[1987]}.
Godunov drank alcohol to excess, and this became a problem as he got older. On {DATE[May 18, 1995]}, {ORG[Godunov]}'s friends became concerned when he had been uncharacteristically quiet with his phone calls. A nurse, who had not heard from him since {DATE[May 8]}, went to his home in the Shoreham Towers, {GPE[West Hollywood]}, {GPE[California]}, where his body was discovered. {PERSON[Godunov]}'s death was determined to be due to complications from hepatitis secondary to chronic alcoholism.Following his death, {PERSON[Godunov]}'s ashes were scattered into {LOC[the Pacific Ocean]}. A memorial to him at {FAC[Gates Mortuary]} in {GPE[Los Angeles]} is engraved with the epitaph "His future remained in the past."
List of {NORP[Russian]} ballet dancers
List of {LOC[Eastern Bloc]} defectors
{PERSON[Alexander Godunov]} at IMDb
{PERSON[Alexander Godunov]} at Find a Grave
Carmen-suite starring {PERSON[Maya Plisetskaya]} and {PERSON[Alexander Godunov]} ({DATE[1978]}) on {WORK_OF_ART[YouTube]}
 </spacy_body>
</doc>