<?xml version="1.0" encoding="utf-8"?>
<doc>
 <title>
  Alexa Nikolas
 </title>
 <original_abstract>
  Alexa Nikolas (born April 4, 1992) is an American actress. She is known for her role as Nicole Bristow on the Nickelodeon television series Zoey 101. Nikolas has also appeared on various other television series, including That's Life, Hidden Hills, Revelations, and The Walking Dead.
 </original_abstract>
 <spacy_abstract>
  Alexa {PERSON[Nikolas]} (born {DATE[April 4, 1992]}) is an {NORP[American]} actress. She is known for her role as {PERSON[Nicole Bristow]} on the {ORG[Nickelodeon]} television series {PERSON[Zoey 101]}. {PERSON[Nikolas]} has also appeared on various other television series, including That's Life, {GPE[Hidden Hills]}, Revelations, and {WORK_OF_ART[The Walking Dead]}.
 </spacy_abstract>
 <original_body>
  In 2004, at age 12, Nikolas was cast as Nicole Bristow on Zoey 101, alongside Jamie Lynn Spears. In 2006, following the conclusion of the second season, Nikolas was let go from Zoey 101, following numerous fights and incidents with Spears, and her character Nicole was written out of the series. In August 2005, it was reported Britney Spears confronted Nikolas about the feud.In addition, Nikolas appeared on Hidden Hills regularly and also on the 2005 series Revelations. Following her departure from Zoey 101, Nikolas guest starred on various other television series, most notably The Suite Life of Zack &amp; Cody, Judging Amy, ER, Without a Trace, Criminal Minds, and Heroes with actress Laura Marano who played young Alice Shaw the sister of Nikolas's character, Angela.
In 2011, she appeared in the film Red State as Jesse, and that same year she appeared on Family Guy as additional voices. Nikolas appeared in three episodes of the television series The Walking Dead – her character, Haley, was introduced in November 2012, before being killed off in February 2013. In 2012 Nikolas starred as Willow in the comedy-horror film Detention of the Dead.
Nikolas married Canadian electronic musician Mike Milosh in 2012. In 2016, Nikolas and Milosh split up.In May 2020, Nikolas announced via her Instagram that she was pregnant with her first child with her boyfriend Michael Gray. She confirmed the birth of her child in November 2020.
Alexa Nikolas on Twitter 
Alexa Nikolas at IMDb
 </original_body>
 <spacy_body>
  In {DATE[2004]}, at {DATE[age 12]}, {GPE[Nikolas]} was cast as {LOC[Nicole Bristow]} on {PERSON[Zoey 101]}, alongside {PERSON[Jamie Lynn Spears]}. In {DATE[2006]}, following the conclusion of {DATE[the second season]}, {GPE[Nikolas]} was let go from {PERSON[Zoey 101]}, following numerous fights and incidents with {ORG[Spears]}, and her character {PERSON[Nicole]} was written out of the series. In {DATE[August 2005]}, it was reported {PERSON[Britney Spears]} confronted {GPE[Nikolas]} about the feud.In addition, {GPE[Nikolas]} appeared on {GPE[Hidden Hills]} regularly and also on the {DATE[2005]} series Revelations. Following her departure from {PERSON[Zoey 101]}, {GPE[Nikolas]} guest starred on various other television series, most notably {ORG[The Suite Life of Zack &amp; Cody]}, {PERSON[Judging Amy]}, ER, Without a Trace, Criminal Minds, and Heroes with actress {PERSON[Laura Marano]} who played young {PERSON[Alice Shaw]} the sister of {GPE[Nikolas]}'s character, Angela.
In {DATE[2011]}, she appeared in the film {GPE[Red State]} as {PERSON[Jesse]}, and that same year she appeared on {PERSON[Family Guy]} as additional voices. {PERSON[Nikolas]} appeared in {CARDINAL[three]} episodes of the television series {WORK_OF_ART[The Walking Dead]} – her character, {GPE[Haley]}, was introduced in {DATE[November 2012]}, before being killed off in {DATE[February 2013]}. In {DATE[2012]} {GPE[Nikolas]} starred as {PERSON[Willow]} in the comedy-horror film {ORG[Detention of the Dead]}.
{GPE[Nikolas]} married {NORP[Canadian]} electronic musician {PERSON[Mike Milosh]} in {DATE[2012]}. In {DATE[2016]}, {GPE[Nikolas]} and {GPE[Milosh]} split up.In {DATE[May 2020]}, {GPE[Nikolas]} announced via her {PERSON[Instagram]} that she was pregnant with her {ORDINAL[first]} child with her boyfriend {PERSON[Michael Gray]}. She confirmed the birth of her child in {DATE[November 2020]}.
Alexa {PERSON[Nikolas]} on Twitter 
Alexa {PERSON[Nikolas]} at IMDb
 </spacy_body>
</doc>