<?xml version="1.0" encoding="utf-8"?>
<doc>
 <title>
  Alex Giannini
 </title>
 <original_abstract>
  Alexander von Giannini  (6 June 1958 – 2 October 2015) was an English stage, television and film actor and singer. His work included comedy, musicals and drama.
 </original_abstract>
 <spacy_abstract>
  {PERSON[Alexander von Giannini]}  ({DATE[6 June 1958]} – {DATE[2 October 2015]}) was an {LANGUAGE[English]} stage, television and film actor and singer. His work included comedy, musicals and drama.
 </spacy_abstract>
 <original_body>
  Giannini was born in Northamptonshire in 1958; his father was born in Rome, his mother was English. He was educated in England, Italy and in Luxembourg, where his father worked for the European Commission.He was the lead singer, as Sandy Fontaine, of the band Coast to Coast, which appeared on Top of the Pops; the group disbanded in 1982. He was inspired to become an actor on reading Steven Berkoff's play East, and later graduated from East 15 Acting School.
Giannini appeared in the musical Guys and Dolls, as Harry the Horse, at the National Theatre. In 1999 he was in the original Broadway production of Not about Nightingales, a long-lost play by Tennessee Williams; the play ran for five months. In 2003 he was Dean Martin in Rat Pack Confidential, at the Whitehall Theatre. Further stage appearances in London included One Flew Over the Cuckoo's Nest at the Garrick Theatre in 2004; Journey's End at the Ambassadors Theatre in 2005; as Big Mac in Steven Berkoff's revival of On the Waterfront at the Haymarket Theatre in 2009. In 2011 he was in Batman Live, as The Penguin and Commissioner Gordon: the show toured the UK, Europe, and North and South America.Film appearances included In Love and War (1996); Elizabeth: The Golden Age (2007), Legend (2015) as Antonio Caponigro, and London Has Fallen (2016). On TV he was seen in Inspector Morse, Dalziel and Pascoe, The Musketeers, The Bill and others. In Italy he appeared in a series of TV commercials for olive oil, which ran for five years.Alex Giannini died of natural causes, an hour before he was due on stage at the Theatre Royal, Plymouth, in Chichester Festival Theatre's production of Mack and Mabel; he was 57.
An early marriage was dissolved, and in 1998 he married Jennifer Secombe, daughter of Harry Secombe; there were three stepchildren. His widow died in 2019.
Alex Giannini at IMDb
 </original_body>
 <spacy_body>
  {PERSON[Giannini]} was born in {GPE[Northamptonshire]} in {DATE[1958]}; his father was born in {GPE[Rome]}, his mother was {LANGUAGE[English]}. He was educated in {GPE[England]}, {GPE[Italy]} and in {GPE[Luxembourg]}, where his father worked for {ORG[the European Commission]}.He was the lead singer, as {PERSON[Sandy Fontaine]}, of the band {LOC[Coast to Coast]}, which appeared on Top of the Pops; the group disbanded in {DATE[1982]}. He was inspired to become an actor on reading {PERSON[Steven Berkoff's]} play East, and later graduated from {ORG[East 15 Acting School]}.
{PERSON[Giannini]} appeared in the musical {WORK_OF_ART[Guys and Dolls]}, as {PERSON[Harry the Horse]}, at {FAC[the National Theatre]}. In {DATE[1999]} he was in the original {FAC[Broadway]} production of Not about {GPE[Nightingales]}, a long-lost play by {PERSON[Tennessee Williams]}; the play ran for {DATE[five months]}. In {DATE[2003]} he was {PERSON[Dean Martin]} in {WORK_OF_ART[Rat Pack Confidential]}, at {FAC[the Whitehall Theatre]}. Further stage appearances in {GPE[London]} included {CARDINAL[One]} Flew Over {ORG[the Cuckoo's Nest]} at {FAC[the Garrick Theatre]} in {DATE[2004]}; {PERSON[Journey]}'s End at {FAC[the Ambassadors Theatre]} in {DATE[2005]}; as {ORG[Big Mac]} in {PERSON[Steven Berkoff's]} revival of On the Waterfront at {FAC[the Haymarket Theatre]} in {DATE[2009]}. In {DATE[2011]} he was in {WORK_OF_ART[Batman Live]}, as The {PERSON[Penguin]} and Commissioner {PERSON[Gordon]}: the show toured the {GPE[UK]}, {LOC[Europe]}, and {LOC[North and South America]}.Film appearances included {WORK_OF_ART[In Love and War (1996]}); {PERSON[Elizabeth]}: The Golden Age ({DATE[2007]}), Legend ({DATE[2015]}) as {PERSON[Antonio Caponigro]}, and {GPE[London]} Has Fallen ({DATE[2016]}). On TV he was seen in Inspector Morse, {PERSON[Dalziel]} and {NORP[Pascoe]}, {WORK_OF_ART[The Musketeers]}, The {PERSON[Bill]} and others. In {GPE[Italy]} he appeared in a series of TV commercials for olive oil, which ran for {DATE[five years]}.{PERSON[Alex Giannini]} died of natural causes, {TIME[an hour]} before he was due on stage at {FAC[the Theatre Royal, Plymouth]}, in {FAC[Chichester Festival Theatre's]} production of {FAC[Mack and Mabel]}; he was {DATE[57]}.
An early marriage was dissolved, and in {DATE[1998]} he married {PERSON[Jennifer Secombe]}, daughter of {PERSON[Harry Secombe]}; there were {CARDINAL[three]} stepchildren. His widow died in {DATE[2019]}.
{PERSON[Alex Giannini]} at IMDb
 </spacy_body>
</doc>