<?xml version="1.0" encoding="utf-8"?>
<doc>
 <title>
  Alexa Kenin
 </title>
 <original_abstract>
  Alexa Jordan Kenin (February 16, 1962 – September 10, 1985) was an American actress known for her supporting roles in several films released during the 1980s, including Little Darlings (1980), Honkytonk Man (1982), and Pretty in Pink (1986) which was released after her death.
 </original_abstract>
 <spacy_abstract>
  Alexa {PERSON[Jordan Kenin]} ({DATE[February 16, 1962 –]} {DATE[September 10, 1985]}) was an {NORP[American]} actress known for her supporting roles in several films released during {DATE[the 1980s]}, including {ORG[Little Darlings]} ({DATE[1980]}), Honkytonk Man ({DATE[1982]}), and Pretty in Pink ({DATE[1986]}) which was released after her death.
 </spacy_abstract>
 <original_body>
  Kenin was born in New York City. Her parents divorced when she was young and her mother, actress Maya Kenin, married character actor John Ryan. Kenin began acting as a child and won her first professional part with a supporting role in the 1972 holiday TV special The House Without a Christmas Tree, which starred Jason Robards and Lisa Lucas. At the age of 10, she was offered the role of Regan MacNeil in The Exorcist. Kenin declined it and Linda Blair ended up playing the part.In 1977, Kenin appeared in John Guare's Landscape of the Body at The Public Theater and in the off-Broadway production of Elusive Angel. The following year she played David Janssen's daughter in the television miniseries The Word. In December 1980, she portrayed the role of "Libby" in the touring production of Neil Simon's I Ought to Be in Pictures, starring Bill Macy and Patricia Harty. She also guest starred in several episodes of ABC Afterschool Special, and in the 1982 TV film A Piano for Mrs. Cimino opposite Bette Davis.At the age of 17, Kenin and her mother moved to Los Angeles after her mother divorced John Ryan. Kenin attended Beverly Hills High School while also maintaining her acting career. In 1979, she was cast in the CBS sitcom Co-Ed Fever. The series was canceled after one episode. The following year, she co-starred in the teen comedy Little Darlings, starring Kristy MacNichol and Tatum O'Neal. 
In 1982, Kenin guest-starred on episodes of The Facts of Life and Gimme a Break!.  In the same year she played, in Honkytonk Man, the part of an aspiring young singer alongside Clint Eastwood as he makes his way to Nashville. One of Kenin's final roles was in the John Hughes film Pretty in Pink (1986), released after her death.
On September 10, 1985, Kenin's body was found in her Manhattan apartment. The exact cause of Kenin’s death has never been made public. She is buried in New Montefiore Cemetery in West Babylon, New York.

Alexa Kenin at IMDb
Alexa Kenin at AllMovie
Kenin at the Internet Off-Broadway Database
Alexa Kenin at Find a Grave
 </original_body>
 <spacy_body>
  {PERSON[Kenin]} was born in {GPE[New York City]}. Her parents divorced when she was young and her mother, actress {PERSON[Maya Kenin]}, married character actor {PERSON[John Ryan]}. {PERSON[Kenin]} began acting as a child and won her {ORDINAL[first]} professional part with a supporting role in the {DATE[1972]} holiday TV special {WORK_OF_ART[The House]} Without a Christmas Tree, which starred {PERSON[Jason Robards]} and {PERSON[Lisa Lucas]}. At {DATE[the age of 10]}, she was offered the role of {PERSON[Regan MacNeil]} in The Exorcist. {PERSON[Kenin]} declined it and {PERSON[Linda Blair]} ended up playing the part.In {DATE[1977]}, {PERSON[Kenin]} appeared in {PERSON[John Guare's]} {WORK_OF_ART[Landscape of the Body at The Public Theater]} and in the off-{FAC[Broadway]} production of Elusive {PERSON[Angel]}. The following year she played {PERSON[David Janssen's]} daughter in the television miniseries {WORK_OF_ART[The Word]}. In {DATE[December 1980]}, she portrayed the role of "{PERSON[Libby]}" in the touring production of {PERSON[Neil Simon's]} I Ought to Be in Pictures, starring {PERSON[Bill Macy]} and {PERSON[Patricia Harty]}. She also guest starred in several episodes of {ORG[ABC Afterschool Special]}, and in the {DATE[1982]} TV film {WORK_OF_ART[A Piano]} for Mrs. {PERSON[Cimino]} opposite {PERSON[Bette Davis]}.At {DATE[the age of 17]}, {PERSON[Kenin]} and her mother moved to {GPE[Los Angeles]} after her mother divorced {PERSON[John Ryan]}. {PERSON[Kenin]} attended {ORG[Beverly Hills High School]} while also maintaining her acting career. In {DATE[1979]}, she was cast in the {ORG[CBS]} sitcom {PERSON[Co-Ed Fever]}. The series was canceled after {CARDINAL[one]} episode. {DATE[The following year]}, she co-starred in the teen comedy Little Darlings, starring {ORG[Kristy MacNichol]} and {PERSON[Tatum O'Neal]}. 
In {DATE[1982]}, {PERSON[Kenin]} guest-starred on episodes of {WORK_OF_ART[The Facts of Life and Gimme a Break]}!.  In {DATE[the same year]} she played, in {GPE[Honkytonk Man]}, the part of an aspiring young singer alongside {PERSON[Clint Eastwood]} as he makes his way to {GPE[Nashville]}. {CARDINAL[One]} of {PERSON[Kenin]}'s final roles was in the John Hughes film Pretty in Pink ({DATE[1986]}), released after her death.
On {DATE[September 10, 1985]}, {PERSON[Kenin]}'s body was found in her {GPE[Manhattan]} apartment. The exact cause of {PERSON[Kenin]}’s death has never been made public. She is buried in {FAC[New Montefiore Cemetery]} in {GPE[West Babylon]}, {GPE[New York]}.

Alexa {PERSON[Kenin]} at IMDb
Alexa {PERSON[Kenin]} at {ORG[AllMovie]}
{PERSON[Kenin]} at {FAC[the Internet Off-Broadway Database]}
Alexa {PERSON[Kenin]} at Find a Grave
 </spacy_body>
</doc>