<?xml version="1.0" encoding="utf-8"?>
<doc>
 <title>
  Alexandra Dowling
 </title>
 <original_abstract>
  Alexandra Dowling (born 1990), is an English actress best known for her lead role as Queen Anne in the BBC One historical action drama series The Musketeers, which is based on the characters in The Three Musketeers by Alexandre Dumas. She is also known for her guest starring role as Roslin Frey in HBO's Game of Thrones.
 </original_abstract>
 <spacy_abstract>
  {PERSON[Alexandra Dowling]} (born {DATE[1990]}), is an {LANGUAGE[English]} actress best known for her lead role as {PERSON[Queen Anne]} in the {ORG[BBC One]} historical action drama series The {ORG[Musketeers]}, which is based on the characters in The Three Musketeers by {PERSON[Alexandre Dumas]}. She is also known for her guest starring role as {PERSON[Roslin Frey]} in {ORG[HBO]}'s {WORK_OF_ART[Game of Thrones]}.
 </spacy_abstract>
 <original_body>
  In 2012, Dowling graduated from Oxford School of Drama with a Diploma in Professional Acting.
In 2012, Dowling made her television debut in "The Drawing of the Dark", the eleventh episode of the final series of the BBC fantasy drama series Merlin, as a druid girl named Kara. She also appeared in the music video for "Love Is All I Got" by Feed Me and Crystal Fighters.Dowling guest starred in "The Rains of Castamere", the ninth episode of the third season of HBO's fantasy television series Game of Thrones as Roslin Frey. She also starred in "Elephants Can Remember" in the thirteenth series of ITV's Agatha Christie's Poirot, adapted from Agatha Christie's novel of the same name. This episode was aired on 9 June 2013, and also starred Zoë Wanamaker, Vanessa Kirby and David Suchet.Dowling played the female lead Agnes in the epic action film Hammer of the Gods, also starring James Cosmo. The film is directed by Farren Blackburn and was released on 5 July 2013. The film tells the story of a dying Viking king who sends his son on a quest to seek out his older brother, the clan's only hope for defeating an approaching enemy horde.She is known for her role as Queen Anne in the BBC One drama series The Musketeers, based on Alexandre Dumas's novel The Three Musketeers, about French political intrigues in the early 17th century.Dowling portrayed Bertha in Joshua Stamp-Simon's stage adaption of St. John Emile Clavering Hankin's The Last of the De Mullins, which opened at Jermyn Street Theatre, London on 5 February and ended on 28 February 2015.
Alexandra Dowling at IMDb
 </original_body>
 <spacy_body>
  In {DATE[2012]}, Dowling graduated from {ORG[Oxford School of Drama]} with a {ORG[Diploma in Professional Acting]}.
In {DATE[2012]}, Dowling made her television debut in "{WORK_OF_ART[The Drawing of the Dark]}", the eleventh episode of the final series of the {ORG[BBC]} fantasy drama series {PERSON[Merlin]}, as a druid girl named {PERSON[Kara]}. She also appeared in the music video for "Love Is All I Got" by {ORG[Feed Me and Crystal Fighters]}.Dowling guest starred in "{WORK_OF_ART[The Rains of Castamere]}", the {ORDINAL[ninth]} episode of {DATE[the third season]} of {ORG[HBO]}'s fantasy television series Game of Thrones as {PERSON[Roslin Frey]}. She also starred in "{WORK_OF_ART[Elephants Can Remember]}" in the {ORDINAL[thirteenth]} series of {ORG[ITV]}'s {ORG[Agatha Christie's Poirot]}, adapted from {ORG[Agatha Christie's]} novel of the same name. This episode was aired on {DATE[9 June 2013]}, and also starred {PERSON[Zoë Wanamaker]}, {PERSON[Vanessa Kirby]} and {PERSON[David Suchet]}.Dowling played the female lead {PERSON[Agnes]} in the epic action film {WORK_OF_ART[Hammer of the Gods]}, also starring {PERSON[James Cosmo]}. The film is directed by {PERSON[Farren Blackburn]} and was released on {DATE[5 July 2013]}. The film tells the story of a dying {GPE[Viking]} king who sends his son on a quest to seek out his older brother, the clan's only hope for defeating an approaching enemy horde.She is known for her role as {PERSON[Queen Anne]} in the {ORG[BBC]} One drama series The {PRODUCT[Musketeers]}, based on {PERSON[Alexandre Dumas's]} novel {WORK_OF_ART[The Three Musketeers]}, about {NORP[French]} political intrigues in {DATE[the early 17th century]}.Dowling portrayed {GPE[Bertha]} in {PERSON[Joshua Stamp-Simon's]} stage adaption of St. {PERSON[John Emile Clavering Hankin's]} {WORK_OF_ART[The Last of the De Mullins]}, which opened at {FAC[Jermyn Street Theatre]}, {GPE[London]} on {DATE[5 February]} and ended on {DATE[28 February 2015]}.
{PERSON[Alexandra Dowling]} at IMDb
 </spacy_body>
</doc>