<?xml version="1.0" encoding="utf-8"?>
<doc>
 <title>
  Alexis Peterman
 </title>
 <original_abstract>
  Alexis Peterman is an English actress best known for her role as receptionist Lauren Porter in the BBC soap opera, Doctors.
 </original_abstract>
 <spacy_abstract>
  {PERSON[Alexis Peterman]} is an {LANGUAGE[English]} actress best known for her role as receptionist {PERSON[Lauren Porter]} in the {ORG[BBC]} soap opera, Doctors.
 </spacy_abstract>
 <original_body>
  Peterman was born and raised in Edgbaston, Birmingham.  From years two to 18, Peterman attended Edgbaston High School for Girls. At 14, Peterman was scouted by London's Models 1 modeling agency, working with them until matriculating to drama school. She is of Welsh and Polish Ashkenazi Jewish descent.
Peterman's maternal great-grandmother was the Yiddish theatre actress, Becky Goldstein. "Born in Mlava, Poland, moved to England at the age of 12.  She became an actress at the Pavilion later transferring to the Grand Palais.  A specialist in archetypal 'Yiddishe mama' roles, she left the stage owing to ill health." Goldstein was married to the actor and playwright, Joseph Markovitch, who "joined the Pavilion Theatre as an actor and playwright. A prolific dramatist and lyricist, he wrote such plays as The Revolutionary, Mendel Beilis, The Gambler, The Two Chaverim, and The Desert. In later years, until his retirement in 1960, he belonged to the Grand Palais company."
After a three-year degree course at Arts Educational Schools, London, Peterman starred in various stage roles. Peterman then undertook a series of supporting roles in various television productions, including: Footballers Wives, Dream Team, Hotel Babylon and Lip Service.
Peterman first starred in Doctors, as Phoebe Billington, in a single episode in 2009, but returned in 2011 to play murdered receptionist, Lauren Porter. Her performance garnered a Best Storyline and Best Episode nomination at The British Soap Awards 2012.
In 2013, Peterman played the role of Natalie Fisher in the HBO/Sky1 British action and military television series, Strike Back.
Peterman can be seen in Survivor, the 2015 British-American spy thriller film starring Pierce Brosnan, Milla Jovovich, and Dylan McDermott, and directed by James McTeigue.
Peterman starred as the lead in the Syfy channel made-for-television movie, Roboshark, which kicked off Sharknado week 2015.
Peterman co-owns the London café and venue space, Drink Me Eat Me, with her partner, actor, Dar Dash.Alongside acting, Peterman is a prolific voice over artist, lending her voice to well known British and international brands.
In 2021, Peterman played Rabbi Rachel in a film directed by Israeli director, Maya Armon. The film is loosely based on Rabbi Rebecca Birk, whom in 2016, the Evening Standard listed as one of London's most influential people.
Alexis Peterman at IMDb
 </original_body>
 <spacy_body>
  {ORG[Peterman]} was born and raised in {GPE[Edgbaston]}, {GPE[Birmingham]}.  From {DATE[years two to 18]}, Peterman attended {ORG[Edgbaston High School for Girls]}. At {CARDINAL[14]}, {ORG[Peterman]} was scouted by {GPE[London]}'s Models {CARDINAL[1]} modeling agency, working with them until matriculating to drama school. She is of {NORP[Welsh]} and {NORP[Polish]} {PERSON[Ashkenazi Jewish]} descent.
{PERSON[Peterman]}'s maternal great-grandmother was the {NORP[Yiddish]} theatre actress, {PERSON[Becky Goldstein]}. "Born in {GPE[Mlava]}, {GPE[Poland]}, moved to {GPE[England]} at {DATE[the age of 12]}.  She became an actress at the Pavilion later transferring to the Grand Palais.  A specialist in archetypal '{PERSON[Yiddishe]} mama' roles, she left the stage owing to ill health." {PERSON[Goldstein]} was married to the actor and playwright, {PERSON[Joseph Markovitch]}, who "joined {FAC[the Pavilion Theatre]} as an actor and playwright. A prolific dramatist and lyricist, he wrote such plays as The Revolutionary, {PERSON[Mendel Beilis]}, The {PERSON[Gambler]}, {WORK_OF_ART[The Two Chaverim]}, and The Desert. In {DATE[later years]}, until his retirement in {DATE[1960]}, he belonged to the {ORG[Grand Palais]} company."
After a {DATE[three-year]} degree course at {ORG[Arts Educational Schools]}, {GPE[London]}, {ORG[Peterman]} starred in various stage roles. Peterman then undertook a series of supporting roles in various television productions, including: {ORG[Footballers Wives]}, {ORG[Dream Team]}, {ORG[Hotel Babylon]} and {ORG[Lip Service]}.
Peterman {ORDINAL[first]} starred in Doctors, as {PERSON[Phoebe Billington]}, in a single episode in {DATE[2009]}, but returned in {DATE[2011]} to play murdered receptionist, {PERSON[Lauren Porter]}. Her performance garnered a Best Storyline and Best Episode nomination at The British Soap Awards {DATE[2012]}.
In {DATE[2013]}, {ORG[Peterman]} played the role of {PERSON[Natalie Fisher]} in the {ORG[HBO]}/Sky1 {NORP[British]} action and military television series, {WORK_OF_ART[Strike Back]}.
Peterman can be seen in {ORG[Survivor]}, the {CARDINAL[2015]} {NORP[British]}-American spy thriller film starring {PERSON[Pierce Brosnan]}, {PERSON[Milla Jovovich]}, and {PERSON[Dylan McDermott]}, and directed by {PERSON[James McTeigue]}.
{ORG[Peterman]} starred as the lead in the {NORP[Syfy]} channel made-for-television movie, {PERSON[Roboshark]}, which kicked off {NORP[Sharknado]} {DATE[week 2015]}.
Peterman co-owns the {GPE[London]} café and venue space, Drink Me Eat Me, with her partner, actor, {PERSON[Dar Dash]}.Alongside acting, {PERSON[Peterman]} is a prolific voice over artist, lending her voice to well known {NORP[British]} and international brands.
In {DATE[2021]}, {ORG[Peterman]} played {PERSON[Rabbi Rachel]} in a film directed by {NORP[Israeli]} director, {PERSON[Maya Armon]}. The film is loosely based on {PERSON[Rabbi Rebecca Birk]}, whom in {DATE[2016]}, the {ORG[Evening Standard]} listed as one of {GPE[London]}'s most influential people.
{PERSON[Alexis Peterman]} at IMDb
 </spacy_body>
</doc>