<?xml version="1.0" encoding="utf-8"?>
<doc>
 <title>
  Alexis Loret
 </title>
 <original_abstract>
  Alexis Loret (born 10 January 1975) is a French film and television actor.
Devoting himself initially to cabinetmaking, he became a model, and was noticed by André Téchiné.
 </original_abstract>
 <spacy_abstract>
  {PERSON[Alexis Loret]} (born {DATE[10 January 1975]}) is a {NORP[French]} film and television actor.
Devoting himself initially to cabinetmaking, he became a model, and was noticed by {PERSON[André Téchiné]}.
 </spacy_abstract>
 <original_body>
  Alice et Martin (Alice and Martin) (1998)
Le Jour de grâce (short, 2000)
Sans plomb (Unleaded) (2000)
Gamer (2001)
Toutes les nuits (2001)
Les Visiteurs en Amérique (2001)
Backstage (short, 2001)
Le Nom du feu (short, 2002)
Brocéliande (2002)
Le Monde vivant (The Living World) (2003)
Le Soleil assassiné (2003)
Mariages! (2004)
Marseille (2004)
Le Pont des Arts (2004)
UV (2007)
L'Année suivante (2007)
Impardonnables (Unforgivable) (2011)
Qui vive (Insecure) (2014)
Mon Amie Victoria (2014)
En équilibre (2015)
Quand on a 17 ans (Being 17) (2016)
Transferts (2017)
Sartre, l'âge des passions (2006)
SoeurThérèse.com (1 episode, 2006)
Mademoiselle Gigi (2004)
Pierre et Jean (2004)
Nestor Burma (1 episode, 2002)
L' Algérie des chimères (2001)
Les Déracinés (2001)
Louis la brocante (1 episode, 1999)
La philo selon Philippe (5 episodes, 1995–1996)
Alexis Loret at IMDb
 </original_body>
 <spacy_body>
  {PERSON[Alice et Martin]} ({PERSON[Alice]} and {PERSON[Martin]}) ({DATE[1998]})
{FAC[Le Jour de grâce]} (short, 2000)
{NORP[Sans]} plomb (Unleaded) ({DATE[2000]})
{PERSON[Gamer]} (2001)
Toutes les nuits ({DATE[2001]})
{FAC[Les Visiteurs]} en Amérique ({DATE[2001]})
Backstage (short, {DATE[2001]})
{FAC[Le Nom]} du feu (short, {DATE[2002]})
{PERSON[Brocéliande]} (2002)
{WORK_OF_ART[Le Monde]} vivant ({ORG[The Living World]}) ({DATE[2003]})
{ORG[Le Soleil]} assassiné ({DATE[2003]})
Mariages! ({DATE[2004]})
Marseille ({DATE[2004]})
{ORG[Le Pont des Arts]} ({DATE[2004]})
UV ({DATE[2007]})
{ORG[L'Année]} suivante ({DATE[2007]})
Impardonnables (Unforgivable) ({DATE[2011]})
Qui vive (Insecure) ({DATE[2014]})
Mon {PERSON[Amie Victoria]} ({DATE[2014]})
En équilibre ({DATE[2015]})
{GPE[Quand]} on a {CARDINAL[17]} ans (Being {CARDINAL[17]}) ({DATE[2016]})
Transferts ({DATE[2017]})
Sartre, l'âge des passions ({DATE[2006]})
{ORG[SoeurThérèse.com]} ({CARDINAL[1]} episode, {DATE[2006]})
{PERSON[Mademoiselle Gigi]} ({DATE[2004]})
{PERSON[Pierre et Jean]} ({DATE[2004]})
Nestor Burma ({CARDINAL[1]} episode, {DATE[2002]})
L' Algérie des chimères ({DATE[2001]})
{PERSON[Les Déracinés]} ({DATE[2001]})
{PERSON[Louis la brocante]} ({CARDINAL[1]} episode, {DATE[1999]})
{ORG[La philo]} selon {PERSON[Philippe]} ({CARDINAL[5]} episodes, 1995–1996)
{PERSON[Alexis Loret]} at IMDb
 </spacy_body>
</doc>