<?xml version="1.0" encoding="utf-8"?>
<doc>
 <title>
  Alf Goddard
 </title>
 <original_abstract>
  Frank Henry "Alf" Goddard (28 November 1897 in Brentford, Middlesex – 25 February 1981 in Ealing, London) was an English film actor.Brother of a famous boxer, Alf Goddard was once a boxer too. He was also a trained athlete and a professional dancer. He served in the army in World War I and when he was invalided out he worked on munitions. He made his stage debut in a musical hall act in 1916. His first appearance in films was as a stunt double where he did a number of risky jobs like jumping off bridges and swimming in rough seas. This led to him being given acting parts. Later he moved on to comedy roles.
 </original_abstract>
 <spacy_abstract>
  {PERSON[Frank Henry "Alf" Goddard]} ({DATE[28 November 1897]} in {GPE[Brentford]}, {GPE[Middlesex]} – 25 {DATE[February 1981]} in {GPE[Ealing]}, {GPE[London]}) was an {LANGUAGE[English]} film actor.Brother of a famous boxer, {PERSON[Alf Goddard]} was once a boxer too. He was also a trained athlete and a professional dancer. He served in the army in {EVENT[World War I]} and when he was invalided out he worked on munitions. He made his stage debut in a musical hall act in {DATE[1916]}. His {ORDINAL[first]} appearance in films was as a stunt double where he did a number of risky jobs like jumping off bridges and swimming in rough seas. This led to him being given acting parts. Later he moved on to comedy roles.
 </spacy_abstract>
 <original_body>
  Various Who's Whos of the 1930s.
Alf Goddard at IMDb
 </original_body>
 <spacy_body>
  Various Who's Whos of {DATE[the 1930s]}.
Alf {PERSON[Goddard]} at IMDb
 </spacy_body>
</doc>