<?xml version="1.0" encoding="utf-8"?>
<doc>
 <title>
  Alfred Hickman
 </title>
 <original_abstract>
  Alfred Hickman (25 February 1873 – 9 April 1931) was an English actor. He was married to actress Nance O'Neil. He appeared in 35 films between 1914 and 1931.
 </original_abstract>
 <spacy_abstract>
  {PERSON[Alfred Hickman]} ({DATE[25 February 1873]} – {DATE[9 April 1931]}) was an {LANGUAGE[English]} actor. He was married to actress {PERSON[Nance O'Neil]}. He appeared in {CARDINAL[35]} films {DATE[between 1914 and 1931]}.
 </spacy_abstract>
 <original_body>
  Alfred Hickman at IMDb
Alfred Hickman at Find a Grave
 </original_body>
 <spacy_body>
  {PERSON[Alfred Hickman]} at IMDb
{PERSON[Alfred Hickman]} at Find a Grave
 </spacy_body>
</doc>