<?xml version="1.0" encoding="utf-8"?>
<doc>
 <title>
  Alfred Allen (actor)
 </title>
 <original_abstract>
  Alfred Allen (April 8, 1866 – June 18, 1947) was an American silent film actor and author.
 </original_abstract>
 <spacy_abstract>
  {PERSON[Alfred Allen]} ({DATE[April 8, 1866 – June 18, 1947]}) was an {NORP[American]} silent film actor and author.
 </spacy_abstract>
 <original_body>
  Allen was born in Alfred, New York. He attended Harvard University, Johns Hopkins University, Columbia University, the American Academy of Dramatic Arts and the New England Conservatory of Music and earned his bachelor's and master's degrees at Alfred University.
Allen was signed in 1915 and starred in 106 films before his retirement in 1935. (The reference book A Biographical Dictionary of Silent Film Western Actors and Actresses says, "He entered pictures at Universal City in 1913" and adds that he "appeared in 69 features from 1916 through 1929.")
After his retirement from film, Allen became a writer and published several books.
Alfred Allen at IMDb
allmovie;bio
 </original_body>
 <spacy_body>
  {PERSON[Allen]} was born in {GPE[Alfred]}, {GPE[New York]}. He attended {ORG[Harvard University]}, {ORG[Johns Hopkins University]}, {ORG[Columbia University]}, {ORG[the American Academy of Dramatic Arts]} and {ORG[the New England Conservatory of Music]} and earned his bachelor's and master's degrees at {ORG[Alfred University]}.
{PERSON[Allen]} was signed in {DATE[1915]} and starred in {CARDINAL[106]} films before his retirement in {DATE[1935]}. (The reference book {WORK_OF_ART[A Biographical Dictionary of Silent Film Western Actors and Actresses]} says, "He entered pictures at {GPE[Universal City]} in {DATE[1913]}" and adds that he "appeared in {CARDINAL[69]} features from {DATE[1916 through 1929]}.")
After his retirement from film, {PERSON[Allen]} became a writer and published several books.
{PERSON[Alfred Allen]} at IMDb
allmovie;bio
 </spacy_body>
</doc>