<?xml version="1.0" encoding="utf-8"?>
<doc>
 <title>
  Alfred Drake
 </title>
 <original_abstract>
  Alfred Drake (October 7, 1914 – July 25, 1992) was an American actor and singer.
 </original_abstract>
 <spacy_abstract>
  {PERSON[Alfred Drake]} ({DATE[October 7, 1914 – July 25, 1992]}) was an {NORP[American]} actor and singer.
 </spacy_abstract>
 <original_body>
  Born as Alfred Capurro in New York City, the son of parents emigrated from Recco, Genoa, Drake began his Broadway career while still a student at Brooklyn College. He is best known for his leading roles in the original Broadway productions of Oklahoma!; Kiss Me, Kate; Kismet; and for playing Marshall Blackstone in the original production of Babes in Arms, (in which he sang the title song) and Hajj in Kismet, for which he received the Tony Award. He was also a prolific Shakespearean, notably starring as Benedick in Much Ado About Nothing opposite Katharine Hepburn.
Drake was mostly a stage and television actor; he starred in only one film, Tars and Spars (1946), but played several roles on television, including providing the voice for the Great Ak in the Rankin-Bass stop-motion animated adaptation of the L. Frank Baum novel The Life and Adventures of Santa Claus. He appeared in a minor film role as president of the stock exchange in the classic comedy  Trading Places (1983), with Eddie Murphy and Dan Aykroyd. His first musical television appearance was as Captain Dick Warrington in the January 15, 1955 live telecast of the operetta Naughty Marietta. He headlined the musical stage version of Jean-Paul Sartre's "Kean" on Broadway in 1961 with a score by Forrest and Wright, although it was a major flop. His 1964 stage performance as Claudius in the Richard Burton Hamlet was filmed live on the stage of the Lunt-Fontanne Theatre, using a "quickie" process called Electronovision, and shown in movie theatres in a very limited engagement. It was also recorded on LP. His final appearance in a Broadway musical was in 1973-74 as Honoré Lachaille in Lerner and Loewe's Gigi. Two years later he starred in a revival of The Skin of Our Teeth.
As a director he staged the 1974 premiere of The Royal Rape of Ruari Macasmunde at the Virginia Museum Theater.  He was inducted into the American Theatre Hall of Fame in 1981.He was also a published author – writing at least a few plays: Dr. Willy Nilly, an adaptation of Molière's The Doctor in Spite of Himself, an adaptation of Goldoni's The Liar, and even at least one book on cards (specifically Gin rummy).
Alfred Drake died of heart failure, after a long fight with cancer, in New York City on July 25, 1992, at age 77.  He was survived by his wife Esther, his two daughters Candace Olmsted and Samantha Drake, and two grandchildren.
Musical Comedy Theatre (1952) ("The Barkleys of Broadway")
Alfred Drake at the Internet Broadway Database 
Alfred Drake at IMDb
Alfred Drake Papers at the Library of Congress
Alfred Drake — Broadway – The American Musical – Stars over Broadway
Alfred Drake — Overview – AllMovie
Alfred Drake — Britannica Online Encyclopedia
Alfred Drake performing in "Oklahoma!" on Broadway in 1943
Alfred Drake and others — Who's Who in Musicals
Alfred Drake Obituary — The New York Times
Alfred Drake Obituary — The Independent, U.K.
 </original_body>
 <spacy_body>
  Born as {PERSON[Alfred Capurro]} in {GPE[New York City]}, the son of parents emigrated from {GPE[Recco]}, {GPE[Genoa]}, {ORG[Drake]} began his {FAC[Broadway]} career while still a student at {ORG[Brooklyn College]}. He is best known for his leading roles in the original {FAC[Broadway]} productions of {GPE[Oklahoma]}!; {PERSON[Kiss Me]}, {PERSON[Kate]}; {GPE[Kismet]}; and for playing {PERSON[Marshall Blackstone]} in the original production of {PERSON[Babes]} in Arms, (in which he sang the title song) and {PERSON[Hajj]} in {GPE[Kismet]}, for which he received {WORK_OF_ART[the Tony Award]}. He was also a prolific {NORP[Shakespearean]}, notably starring as {PERSON[Benedick]} in Much Ado About Nothing opposite {PERSON[Katharine Hepburn]}.
{PERSON[Drake]} was mostly a stage and television actor; he starred in {CARDINAL[only one]} film, {WORK_OF_ART[Tars and Spars]} ({DATE[1946]}), but played several roles on television, including providing the voice for {ORG[the Great Ak]} in the {PERSON[Rankin-Bass]} stop-motion animated adaptation of the L. Frank Baum novel {WORK_OF_ART[The Life and Adventures of]} Santa Claus. He appeared in a minor film role as president of the stock exchange in the classic comedy  {WORK_OF_ART[Trading Places]} ({DATE[1983]}), with {PERSON[Eddie Murphy]} and {PERSON[Dan Aykroyd]}. His {ORDINAL[first]} musical television appearance was as Captain {PERSON[Dick Warrington]} in {DATE[the January 15, 1955]} live telecast of the operetta {LOC[Naughty Marietta]}. He headlined the musical stage version of {PERSON[Jean-Paul Sartre's]} "{PERSON[Kean]}" on {FAC[Broadway]} in {DATE[1961]} with a score by {PERSON[Forrest]} and {PERSON[Wright]}, although it was a major flop. His {DATE[1964]} stage performance as {PERSON[Claudius]} in the {PERSON[Richard Burton Hamlet]} was filmed live on the stage of {ORG[the Lunt-Fontanne Theatre]}, using a "quickie" process called Electronovision, and shown in movie theatres in a very limited engagement. It was also recorded on LP. His final appearance in a {FAC[Broadway]} musical was in {DATE[1973-74]} as {PERSON[Honoré Lachaille]} in {GPE[Lerner]} and {PERSON[Loewe]}'s {PERSON[Gigi]}. {DATE[Two years later]} he starred in a revival of {WORK_OF_ART[The Skin of Our Teeth]}.
As a director he staged the {DATE[1974]} premiere of {ORG[The Royal Rape of Ruari Macasmunde]} at {FAC[the Virginia Museum Theater]}.  He was inducted into {ORG[the American Theatre Hall of Fame]} in 1981.He was also a published author – writing at least a few plays: Dr. {PERSON[Willy Nilly]}, an adaptation of {ORG[Molière]}'s The Doctor in Spite of Himself, an adaptation of {PERSON[Goldoni]}'s {WORK_OF_ART[The Liar]}, and even at least {CARDINAL[one]} book on cards (specifically Gin rummy).
{PERSON[Alfred Drake]} died of heart failure, after a long fight with cancer, in {GPE[New York City]} on {DATE[July 25, 1992,]} at {DATE[age 77]}.  He was survived by his wife {PERSON[Esther]}, his {CARDINAL[two]} daughters {PERSON[Candace Olmsted]} and {PERSON[Samantha Drake]}, and {CARDINAL[two]} grandchildren.
Musical Comedy Theatre ({DATE[1952]}) ("{WORK_OF_ART[The Barkleys of Broadway]}")
{PERSON[Alfred Drake]} at {FAC[the Internet Broadway Database]} 
{PERSON[Alfred Drake]} at IMDb
{PERSON[Alfred Drake Papers]} at the Library of {ORG[Congress]}
{PERSON[Alfred Drake]} — {FAC[Broadway]} – The American Musical – Stars over {FAC[Broadway]}
{PERSON[Alfred Drake]} — Overview – AllMovie
{PERSON[Alfred Drake]} — {WORK_OF_ART[Britannica Online Encyclopedia]}
{PERSON[Alfred Drake]} performing in "{GPE[Oklahoma]}!" on {FAC[Broadway]} in {DATE[1943]}
{PERSON[Alfred Drake]} and others — Who's Who in Musicals
Alfred Drake Obituary — {ORG[The New York Times]}
{PERSON[Alfred Drake Obituary]} — The {GPE[Independent]}, {GPE[U.K.]}
 </spacy_body>
</doc>