<?xml version="1.0" encoding="utf-8"?>
<doc>
 <title>
  Ali Wentworth
 </title>
 <original_abstract>
  Alexandra "Ali" Wentworth is an American actress, comedian, author, and producer.
 </original_abstract>
 <spacy_abstract>
  {PERSON[Alexandra "Ali" Wentworth]} is an {NORP[American]} actress, comedian, author, and producer.
 </spacy_abstract>
 <original_body>
  Wentworth's mother, Muffie Cabot (née Mabel Bryant Hobart), was Nancy Reagan's White House Social Secretary from 1981 to 1983. Her father, Eric Wentworth, was a reporter for The Washington Post. Her stepfather, Henry Brandon, was the Washington correspondent for The Sunday Times of London, and her maternal grandmother was explorer Janet Elliott Wulsin.Wentworth attended the Dana Hall School for Girls in Wellesley, Massachusetts, and studied drama at Bard College in Annandale-on-Hudson, New York before graduating from New York University.
Wentworth debuted as a cast member on the Fox sketch comedy series In Living Color from 1992 to 1994, where she was known for impressions of Cher, Amy Fisher, Hillary Clinton, Princess Diana, Brooke Shields, Lisa Marie Presley, Sharon Stone, and other characters. Her recurring characters included Candy Cane, a deranged kids' show host who had had a string of bad relationships with her male coworkers, and the promiscuous teenage daughter of Grandpa Jack McGee (Jim Carrey) on The Dysfunctional Home Show.
Wentworth made correspondent appearances on The Tonight Show with Jay Leno and The Oprah Winfrey Show. In 1995, she played Jerry Seinfeld's girlfriend Sheila ("Schmoopie") in the memorable "Soup Nazi" episode of Seinfeld. She had a recurring role as the boss of the title character on the Warner Bros. (WB) series Felicity. In 2003, she co-hosted the syndicated talk show Living It Up! with Ali &amp; Jack with Jack Ford.
Wentworth starred in the comedy Head Case on the Starz television network. She guest starred on the NBC show The Marriage Ref.
Wentworth hosts Daily Shot, a short daily talk show segment on Yahoo! Shine.In 2016, Wentworth created and starred in Nightcap as the lead character Staci Cole. The series lasted two seasons.
Wentworth appeared on the July 23, 2017 episode (S2 E07) of the "$100,000 Pyramid" (The $100,000 Pyramid) as a celebrity guest opposite Kathy Najimy, helping her contestant partner win the $150,000 grand prize.
Wentworth is married to George Stephanopoulos, ABC News "chief" anchor correspondent and former political adviser to the Clinton administration. They met on a blind date in April 2001, were engaged two months later, and were married on November 20, 2001, at the Archdiocesan Cathedral of the Holy Trinity on New York City's Upper East Side. They have two daughters: Elliott Anastasia Stephanopoulos (born September 9, 2002) and Harper Andrea Stephanopoulos (born June 2, 2005).In an episode of Comedians in Cars Getting Coffee, Wentworth said a "well-known writer" once offered $40,000 for a night with her.
The WASP Cookbook, Warner Adult, 1997. ISBN 978-0-446-91210-5.
Ali in Wonderland: And Other Tall Tales. HarperCollins. 2012. ISBN 978-0-06-209809-2.
Happily Ali After: And Other Fairly True Tales, HarperCollins, 2015. ISBN 978-0-062-23849-8. ISBN 0062238493.
Go Ask Ali: Half-Baked Advice (and Free Lemonade), Harper, 2018. ISBN 978-0062466013.
1992: In Living Color ... Various (63 episodes, 1992–1994, 2001)
1994: Hardball ... Lee Emory (unknown episodes)
1995: Seinfeld ... Sheila (1 episode, 1995)
1996: Life Among the Cannibals ... Suicidal Singer
1996: Big Packages ... Susan
1996: Jerry Maguire ... Bobbi Fallon
1997: Trial and Error ... Tiffany Whitfield
1997: The Real Blonde ... Raina
1997: The Love Bug (TV) ... Alex Davis
1999: Office Space ... Anne
1999: Felicity ... Abby (2 episodes)
2000: Meeting Daddy  ... Melanie Branson
2001: Call Me Claus ... Lucy
2009: It's Complicated ... Diane
2016–2017: Nightcap ... Staci Cole
2012: Daily Shot With Ali Wentworth ... Herself (2012— )
2014: Comedians in Cars Getting Coffee (Crackle.com) ... Self (season 5, episode 6)
2007: Head Case (28 episodes, 2007–2009)
Ali Wentworth at IMDb
Appearances on C-SPAN
Works by or about Ali Wentworth in libraries (WorldCat catalog)
Alexandra Wentworth in Starz Head Case
Head Games with Ali Wentworth, tv.com, Laura Swisher, January 30, 2008
 </original_body>
 <spacy_body>
  Wentworth's mother, {PERSON[Muffie Cabot]} (née {PERSON[Mabel Bryant Hobart]}), was {PERSON[Nancy Reagan's]} {ORG[White House]} Social Secretary from {DATE[1981]} to {DATE[1983]}. Her father, {PERSON[Eric Wentworth]}, was a reporter for {ORG[The Washington Post]}. Her stepfather, {PERSON[Henry Brandon]}, was the {GPE[Washington]} correspondent for {ORG[The Sunday Times of London]}, and her maternal grandmother was explorer {PERSON[Janet Elliott Wulsin]}.Wentworth attended {ORG[the Dana Hall School for Girls]} in {GPE[Wellesley]}, {GPE[Massachusetts]}, and studied drama at {ORG[Bard College]} in {GPE[Annandale]}-on-Hudson, {GPE[New York]} before graduating from {ORG[New York University]}.
Wentworth debuted as a cast member on the {ORG[Fox]} sketch comedy series {WORK_OF_ART[In Living Color]} from 1992 to 1994, where she was known for impressions of {PERSON[Cher]}, {PERSON[Amy Fisher]}, {PERSON[Hillary Clinton]}, {PERSON[Princess Diana]}, {PERSON[Brooke Shields]}, {PERSON[Lisa Marie Presley]}, {PERSON[Sharon Stone]}, and other characters. Her recurring characters included {PERSON[Candy Cane]}, a deranged kids' show host who had had a string of bad relationships with her male coworkers, and the promiscuous teenage daughter of Grandpa {PERSON[Jack McGee]} ({PERSON[Jim Carrey]}) on {WORK_OF_ART[The Dysfunctional Home Show]}.
Wentworth made correspondent appearances on {WORK_OF_ART[The Tonight Show with Jay Leno]} and {WORK_OF_ART[The Oprah Winfrey Show]}. In {DATE[1995]}, she played {PERSON[Jerry Seinfeld's]} girlfriend {PERSON[Sheila]} ("Schmoopie") in the memorable "{PERSON[Soup Nazi]}" episode of {GPE[Seinfeld]}. She had a recurring role as the boss of the title character on {ORG[the Warner Bros.]} ({ORG[WB]}) series {ORG[Felicity]}. In {DATE[2003]}, she co-hosted the syndicated talk show Living It Up! with {ORG[Ali &amp; Jack]} with {PERSON[Jack Ford]}.
Wentworth starred in the comedy Head Case on the {GPE[Starz]} television network. She guest starred on the {ORG[NBC]} show {PERSON[The Marriage Ref]}.
Wentworth hosts {PERSON[Daily Shot]}, a short daily talk show segment on {ORG[Yahoo]}! {PERSON[Shine]}.In {DATE[2016]}, Wentworth created and starred in {GPE[Nightcap]} as the lead character {PERSON[Staci Cole]}. The series lasted {DATE[two seasons]}.
Wentworth appeared on {EVENT[the July 23, 2017]} episode (S2 E07) of the "$100,000 Pyramid" (The $100,000 Pyramid) as a celebrity guest opposite {PERSON[Kathy Najimy]}, helping her contestant partner win the {MONEY[$150,000 grand]} prize.
Wentworth is married to {PERSON[George Stephanopoulos]}, {ORG[ABC News]} "chief" anchor correspondent and former political adviser to the {PERSON[Clinton]} administration. They met on a blind date in {DATE[April 2001]}, were engaged {DATE[two months later]}, and were married on {DATE[November 20, 2001]}, at {ORG[the Archdiocesan Cathedral of the Holy Trinity]} on {GPE[New York City's]} {LOC[Upper East Side]}. They have {CARDINAL[two]} daughters: {PERSON[Elliott Anastasia Stephanopoulos]} (born {DATE[September 9, 2002]}) and {PERSON[Harper Andrea Stephanopoulos]} (born {DATE[June 2]}, 2005).In an episode of {NORP[Comedians]} in Cars Getting Coffee, {ORG[Wentworth]} said a "well-known writer" once offered ${MONEY[40,000]} for {TIME[a night]} with her.
{WORK_OF_ART[The WASP Cookbook]}, {PERSON[Warner Adult]}, {DATE[1997]}. ISBN {CARDINAL[978]}-0-446-91210-5.
{PERSON[Ali]} in {GPE[Wonderland]}: And Other Tall Tales. HarperCollins. {DATE[2012]}. ISBN {CARDINAL[978]}-0-06-209809-2.
{PERSON[Happily Ali]} After: And Other Fairly True Tales, {ORG[HarperCollins]}, {DATE[2015]}. ISBN 978-0-062-23849-8. {ORG[ISBN]} {CARDINAL[0062238493]}.
Go Ask {PERSON[Ali]}: {CARDINAL[Half]}-Baked Advice (and Free Lemonade), {ORG[Harper]}, {DATE[2018]}. ISBN 978-0062466013.
{DATE[1992]}: In Living Color ... Various ({CARDINAL[63]} episodes, {CARDINAL[1992–1994]}, {DATE[2001]})
{DATE[1994]}: {WORK_OF_ART[Hardball]} ... {PERSON[Lee Emory]} (unknown episodes)
{DATE[1995]}: {GPE[Seinfeld]} ... {PERSON[Sheila]} ({CARDINAL[1]} episode, {DATE[1995]})
{DATE[1996]}: Life Among the Cannibals ... Suicidal Singer
1996: Big Packages ... {PERSON[Susan
1996]}: {PERSON[Jerry Maguire]} ... Bobbi Fallon
{DATE[1997]}: Trial and Error ... {PERSON[Tiffany Whitfield]}
{DATE[1997]}: The Real Blonde ... Raina
{DATE[1997]}: {WORK_OF_ART[The Love Bug]} (TV) ... {PERSON[Alex Davis]}
{DATE[1999]}: Office Space ... {PERSON[Anne
]}{DATE[1999]}: Felicity ... {PERSON[Abby]} ({CARDINAL[2]} episodes)
{CARDINAL[2000]}: Meeting Daddy  ... {PERSON[Melanie Branson]}
{DATE[2001]}: Call {PERSON[Me Claus]} ... {PERSON[Lucy]}
{DATE[2009]}: It's Complicated ... {PERSON[Diane]}
{CARDINAL[2016–2017]}: Nightcap ... {PERSON[Staci Cole]}
{DATE[2012]}: {PERSON[Daily Shot]} With Ali Wentworth ... Herself ({DATE[2012]}— )
{DATE[2014]}: {NORP[Comedians]} in Cars Getting Coffee ({ORG[Crackle.com]}) ... Self ({DATE[season 5]}, episode {CARDINAL[6]})
{DATE[2007]}: Head Case ({CARDINAL[28]} episodes, {CARDINAL[2007–2009]})
{PERSON[Ali Wentworth]} at IMDb
Appearances on C-SPAN
Works by or about {PERSON[Ali Wentworth]} in libraries (WorldCat catalog)
{PERSON[Alexandra Wentworth]} in {GPE[Starz]} Head Case
Head Games with {PERSON[Ali Wentworth]}, tv.com, {PERSON[Laura Swisher]}, {DATE[January 30, 2008]}
 </spacy_body>
</doc>