<?xml version="1.0" encoding="utf-8"?>
<doc>
 <title>
  Ali Bastian
 </title>
 <original_abstract>
  Alexandra Louise Bastian (born 27 February 1982) is an English actress, known for her roles as Becca Dean in the Channel 4 soap opera Hollyoaks, Sally Armstrong in the ITV drama series The Bill and Becky Clarke in the BBC soap opera Doctors. She has also competed in the seventh series of Strictly Come Dancing.
 </original_abstract>
 <spacy_abstract>
  {PERSON[Alexandra Louise Bastian]} (born {CARDINAL[27]} {DATE[February 1982]}) is an {LANGUAGE[English]} actress, known for her roles as {PERSON[Becca Dean]} in the {ORG[Channel 4]} soap opera {ORG[Hollyoaks]}, {PERSON[Sally Armstrong]} in the {ORG[ITV]} drama series The {PERSON[Bill]} and {PERSON[Becky Clarke]} in the {ORG[BBC]} soap opera Doctors. She has also competed in the {ORDINAL[seventh]} series of {ORG[Strictly Come Dancing]}.
 </spacy_abstract>
 <original_body>
  Bastian was signed to Storm Models, and has worked for Littlewoods within a new range called Drama Queens. Bastian joined the Channel 4 soap opera Hollyoaks in 2001 as Becca Dean. She was involved in a controversial storyline where her character was fired from her teaching job and sent to prison after having an affair with one of her students. In December 2005, alongside her Hollyoaks cast mates Jodi Albert and Sarah Jayne Dunn, she appeared in an exercise video, Hollyoaks Get Fit. At the 2006 British Soap Awards, Bastian and Chris Fountain won the award for Best Storyline. She departed from the series in 2007. Bastian then appeared on television in Cavegirl, A Touch of Frost, Twenty Four 7, and Here After.
Bastian joined the long-running ITV police drama The Bill as PC Sally Armstrong in 2007, and departed in late 2009. In 2009, Bastian was a contestant on Strictly Come Dancing, departing in the semi-final, where she was partnered with Brian Fortuna. In week 11, she severely bruised the bones of her foot while training, but the medical team gave her the all clear to go ahead and perform. Bastian and Fortuna finished in third place out of sixteen couples. The pair danced again in the Strictly Come Dancing Christmas Special in 2009, and won, having scored 40/40 for their Viennese Waltz.
In 2011, Bastian starred in the UK touring version of Bill Kenwright's production of Verdict by Agatha Christie, playing alter-ego Helen Rollander. In late 2018, it was announced that Bastian had joined the cast of the BBC daytime soap opera Doctors as Becky Clarke. Her first episode as Becky aired on 5 February 2019. Bastian made an unannounced departure from Doctors in the episode broadcast on 6 November 2019, and confirmed after the episode aired that she had left the series.
Bastian became engaged to musician Tom Clay in 2013. In February 2019, she married actor David O'Mahony. In October 2019, she announced she was pregnant with their first child, and as a result, departed from the cast of Doctors. On 17 March 2020, she announced the arrival of their daughter, Isla.
Ali Bastian at IMDb
 </original_body>
 <spacy_body>
  Bastian was signed to {ORG[Storm Models]}, and has worked for {PERSON[Littlewoods]} within a new range called {PERSON[Drama Queens]}. Bastian joined the {ORG[Channel 4]} soap opera {ORG[Hollyoaks]} in {DATE[2001]} as {PERSON[Becca Dean]}. She was involved in a controversial storyline where her character was fired from her teaching job and sent to prison after having an affair with {CARDINAL[one]} of her students. In {DATE[December 2005]}, alongside her {ORG[Hollyoaks]} cast mates {PERSON[Jodi Albert]} and {PERSON[Sarah Jayne Dunn]}, she appeared in an exercise video, {ORG[Hollyoaks Get Fit]}. At the {DATE[2006]} {ORG[British Soap Awards]}, {GPE[Bastian]} and {PERSON[Chris Fountain]} won the award for Best Storyline. She departed from the series in {DATE[2007]}. Bastian then appeared on television in {ORG[Cavegirl]}, {WORK_OF_ART[A Touch of Frost]}, {CARDINAL[Twenty Four]} 7, and Here After.
{NORP[Bastian]} joined the long-running {ORG[ITV]} police drama {WORK_OF_ART[The Bill]} as PC {PERSON[Sally Armstrong]} in {DATE[2007]}, and departed in {DATE[late 2009]}. In {DATE[2009]}, {GPE[Bastian]} was a contestant on {WORK_OF_ART[Strictly Come Dancing]}, departing in the semi-final, where she was partnered with {PERSON[Brian Fortuna]}. In {DATE[week 11]}, she severely bruised the bones of her foot while training, but the medical team gave her the all clear to go ahead and perform. Bastian and {ORG[Fortuna]} finished in {ORDINAL[third]} place out of {CARDINAL[sixteen]} couples. The pair danced again in {ORG[the Strictly Come Dancing Christmas Special]} in {DATE[2009]}, and won, having scored {CARDINAL[40/40]} for their Viennese Waltz.
In {DATE[2011]}, {NORP[Bastian]} starred in the {GPE[UK]} touring version of {PERSON[Bill Kenwright's]} production of {GPE[Verdict]} by {PERSON[Agatha Christie]}, playing alter-ego {PERSON[Helen Rollander]}. In {DATE[late 2018]}, it was announced that {NORP[Bastian]} had joined the cast of the {ORG[BBC]} daytime soap opera Doctors as {PERSON[Becky Clarke]}. Her {ORDINAL[first]} episode as Becky aired on {DATE[5 February 2019]}. Bastian made an unannounced departure from Doctors in the episode broadcast on {DATE[6 November 2019]}, and confirmed after the episode aired that she had left the series.
{NORP[Bastian]} became engaged to musician {PERSON[Tom Clay]} in {DATE[2013]}. In {DATE[February 2019]}, she married actor {PERSON[David O'Mahony]}. In {DATE[October 2019]}, she announced she was pregnant with their {ORDINAL[first]} child, and as a result, departed from the cast of {ORG[Doctors]}. On {DATE[17 March 2020]}, she announced the arrival of their daughter, {ORG[Isla]}.
{PERSON[Ali Bastian]} at IMDb
 </spacy_body>
</doc>