<?xml version="1.0" encoding="utf-8"?>
<doc>
 <title>
  Alice Hollister
 </title>
 <original_abstract>
  Alice Hollister (born Rosalie Alice Amélie Berger, September 28, 1886 – February 24, 1973) was an American silent film actress who appeared in around 90 films between 1910 and 1925. She is known for her roles in movies such as From the Manger to the Cross and The Vampire.
 </original_abstract>
 <spacy_abstract>
  {PERSON[Alice Hollister]} (born {PERSON[Rosalie Alice Amélie Berger]}, {DATE[September 28, 1886]} – {DATE[February 24, 1973]}) was an {NORP[American]} silent film actress who appeared in around 90 films {DATE[between 1910 and 1925]}. She is known for her roles in movies such as From the Manger to the {ORG[Cross]} and The Vampire.
 </spacy_abstract>
 <original_body>
  Born in Worcester, Massachusetts, Hollister was the last of six siblings. Her parents Pierre Napoleon Berger, a grocery clerk, and Marie Alphonse Foisy were both of French-Canadian ancestry. Convent educated in the United States and Canada, in 1905 she began to work as an artist and lived with her brother Henry in Manhattan, along with his wife and three children.
On November of the same year, she married George K. Hollister who a few years later became a pioneer cinematographer with Kalem Studios in New York City. When Kalem Studios began sending a film crew to Florida in the wintertime, Alice Hollister accompanied her husband. She began appearing in film in 1910, at first because of the small crew and the frequent need for a female in a bit part. However, she liked acting and went on to appear in many films, the last in 1925.

One of Hollister's most important roles was that of Mary Magdalene in the film From the Manger to the Cross (1912). Filmed on location in Palestine, this film has been selected for preservation in the United States National Film Registry. The Vampire (1913)  made her the first recognized vamp in cinema, predating Theda Bara in A Fool There Was (1915). For that role, she was dubbed "the original vampire". She reprised the character in The Vampire's Trail (1914) and The Lotus Woman (1916), her last film for Kalem. In her later career, she mainly appeared in supporting roles.
Her husband died in 1952 and she died in 1973, aged 86, in Costa Mesa, California. She was affected by dementia and vision loss in her old age. They are interred together in the Great Mausoleum, Columbarium of Solace at Forest Lawn Memorial Park Cemetery in Glendale, California.
Alice and George K. Hollister had a daughter, Doris Ethel (1906–1990), and a son, George Jr. (1908–1976), both child actors. Doris married cartoonist Walter Lantz in 1930 but divorced several years later. George Jr. would later embark on a photography career.
The Further Adventures of the Girl Spy (1910)
By a Woman's Wit (1911)
The Colleen Bawn (1911)
The Fishermaid of Ballydavid (1911)
His Mother (1912)
The Vagabonds (1912)
Far From Erin's Isle (1912)
You Remember Ellen (1912)
Driving Home the Cows (1912)
An Arabian Tragedy (1912)
A Prisoner of the Harem (1912)
The Poacher's Pardon (1912)
From the Manger to the Cross (1912)
The Kerry Gow (1912)
Ireland, the Oppressed (1912)
The Shaughraun (1912)
A Sawmill Hazard (1913)
A Desperate Chance (1913)
The Scimitar of the Prophet (1913)
The Vampire (1913)
The Vampire's Trail (1914)
A Celebrated Case (1914)
The Siren's Reign (1915)
The Lotus Woman (1916)
Her Better Self (1917)
The Great Lover (1920)
Milestones (1920)
A Voice in the Dark (1921)
A Wise Fool (1921)
The Forgotten Law (1922)
Married Flirts (1924)
The Dancers (1925)
Alice Hollister at IMDb
 </original_body>
 <spacy_body>
  Born in {GPE[Worcester]}, {GPE[Massachusetts]}, {PERSON[Hollister]} was the last of {CARDINAL[six]} siblings. Her parents {PERSON[Pierre Napoleon Berger]}, a grocery clerk, and {PERSON[Marie Alphonse Foisy]} were both of {NORP[French]}-Canadian ancestry. Convent educated in {GPE[the United States]} and {GPE[Canada]}, in {DATE[1905]} she began to work as an artist and lived with her brother {PERSON[Henry]} in {GPE[Manhattan]}, along with his wife and {CARDINAL[three]} children.
On {DATE[November of the same year]}, she married {PERSON[George K. Hollister]} who {DATE[a few years later]} became a pioneer cinematographer with {ORG[Kalem Studios]} in {GPE[New York City]}. When {ORG[Kalem Studios]} began sending a film crew to {GPE[Florida]} in the wintertime, {PERSON[Alice Hollister]} accompanied her husband. She began appearing in film in {DATE[1910]}, at {ORDINAL[first]} because of the small crew and the frequent need for a female in a bit part. However, she liked acting and went on to appear in many films, the last in {DATE[1925]}.

{CARDINAL[One]} of {PERSON[Hollister]}'s most important roles was that of {PERSON[Mary Magdalene]} in the film {WORK_OF_ART[From the Manger to the Cross]} ({DATE[1912]}). Filmed on location in {GPE[Palestine]}, this film has been selected for preservation in {ORG[the United States National Film Registry]}. The Vampire ({DATE[1913]})  made her the {ORDINAL[first]} recognized vamp in cinema, predating {GPE[Theda Bara]} in A Fool There Was ({DATE[1915]}). For that role, she was dubbed "the original vampire". She reprised the character in {WORK_OF_ART[The Vampire's Trail]} ({DATE[1914]}) and {ORG[The Lotus Woman]} ({DATE[1916]}), her last film for {LOC[Kalem]}. In her later career, she mainly appeared in supporting roles.
Her husband died in {DATE[1952]} and she died in {DATE[1973]}, aged {DATE[86]}, in {GPE[Costa Mesa]}, {GPE[California]}. She was affected by dementia and vision loss in her old age. They are interred together in {ORG[the Great Mausoleum]}, Columbarium of Solace at {FAC[Forest Lawn Memorial Park Cemetery]} in {GPE[Glendale]}, {GPE[California]}.
{PERSON[Alice]} and {PERSON[George K. Hollister]} had a daughter, {PERSON[Doris Ethel]} ({CARDINAL[1906–1990]}), and a son, {PERSON[George Jr.]} ({CARDINAL[1908–1976]}), both child actors. {PERSON[Doris]} married cartoonist {PERSON[Walter Lantz]} in {DATE[1930]} but divorced {DATE[several years later]}. {PERSON[George Jr.]} would later embark on a photography career.
{WORK_OF_ART[The Further Adventures of the Girl Spy (1910]})
By a Woman's Wit ({DATE[1911]})
{WORK_OF_ART[The Colleen Bawn]} ({DATE[1911]})
The Fishermaid of Ballydavid ({DATE[1911]})
His Mother ({DATE[1912]})
The Vagabonds ({DATE[1912]})
Far From Erin's Isle ({DATE[1912]})
You Remember Ellen ({DATE[1912]})
{WORK_OF_ART[Driving Home the Cows]} (1912)
An Arabian Tragedy ({DATE[1912]})
A Prisoner of the {PERSON[Harem]} ({DATE[1912]})
The Poacher's Pardon ({DATE[1912]})
From the Manger to the {ORG[Cross]} ({DATE[1912]})
{PERSON[The Kerry Gow]} (1912)
Ireland, the {GPE[Oppressed]} ({DATE[1912]})
The Shaughraun ({DATE[1912]})
A {ORG[Sawmill Hazard]} ({DATE[1913]})
{WORK_OF_ART[A Desperate Chance]} ({DATE[1913]})
{WORK_OF_ART[The Scimitar of the Prophet]} ({DATE[1913]})
The Vampire ({DATE[1913]})
{WORK_OF_ART[The Vampire's Trail]} ({DATE[1914]})
A Celebrated Case ({DATE[1914]})
{WORK_OF_ART[The Siren's Reign]} ({DATE[1915]})
{ORG[The Lotus Woman]} ({DATE[1916]})
Her Better Self ({DATE[1917]})
{ORG[The Great Lover]} ({DATE[1920]})
Milestones ({DATE[1920]})
A Voice in the Dark ({DATE[1921]})
A Wise Fool ({DATE[1921]})
{WORK_OF_ART[The Forgotten Law]} ({DATE[1922]})
Married Flirts ({DATE[1924]})
The {ORG[Dancers]} ({DATE[1925]})
{PERSON[Alice Hollister]} at IMDb
 </spacy_body>
</doc>