<?xml version="1.0" encoding="utf-8"?>
<doc>
 <title>
  Alice Hirson
 </title>
 <original_abstract>
  Alice Hirson (born March 10, 1929) is an American actress best known for her roles on television. She began her career on stage, before roles on daytime soap operas. She is best known for her roles as Mavis Anderson in the CBS prime time soap opera Dallas and as Lois Morgan, the mother of the title character on the ABC sitcom Ellen.
 </original_abstract>
 <spacy_abstract>
  {PERSON[Alice Hirson]} (born {DATE[March 10, 1929]}) is an {NORP[American]} actress best known for her roles on television. She began her career on stage, before roles on {TIME[daytime]} soap operas. She is best known for her roles as {PERSON[Mavis Anderson]} in the {ORG[CBS]} prime time soap opera {GPE[Dallas]} and as {PERSON[Lois Morgan]}, the mother of the title character on the {ORG[ABC]} sitcom {PERSON[Ellen]}.
 </spacy_abstract>
 <original_body>
  Hirson was born Alice Thorsell in New York City. In 1954, she met actor Stephen Elliott. Although Hirson and Elliott were longtime friends, the two did not start a relationship until the 1980s ; they were married from 1980 until Elliott's death in 2005. She began her career on off-Broadway stage, before roles in 1960s plays  Traveller Without Luggage and The Investigation.
Hirson began her television career appearing on the classic anthology series Hallmark Hall of Fame and Starlight Theatre. From 1969 to 1970, she was a regular cast member on the CBS daytime soap opera The Edge of Night, playing the role of Stephanie Martin. She played the role of Marcia Davis on Another World and its spin-off Somerset from 1970 to 1972. From 1972 to 1976, Hirson starred as Eileen Riley Siegel on ABC's One Life to Live. She also had a recurring role on General Hospital in 1982.After leaving daytime television, Hirson began playing supporting roles on prime time. In 1977, she appeared in made-for-television movies The Death of Richie, Alexander: The Other Side of Dawn, and Having Babies II, and the following year co-starred opposite Cicely Tyson in A Woman Called Moses. Hirson also guest-starred on Maude, The Waltons, Family, Barnaby Jones, Flamingo Road, Barney Miller, Quincy, M.E., St. Elsewhere, Hotel, and Full House. From 1982 to 1988, Hirson played the recurring role of Mavis Anderson, friend and confidante of Miss Ellie Ewing (Barbara Bel Geddes) in the CBS prime time soap opera, Dallas.
In 1992, Hirson was a regular cast member on the short-lived NBC sitcom Home Fires starring Kate Burton. From 1994 to 1998, she played the role of Lois Morgan, the mother of Ellen DeGeneres' character on the ABC comedy series, Ellen. From 1996 to 2006, she appeared in eight episodes of The WB family drama series, 7th Heaven playing Jenny Jackson, mother of Annie Camden (Catherine Hicks), whose illness and death occurred as the series began in 1996. She also had recurring roles on Murphy Brown and The Secret Life of the American Teenager, and guest-starred on Law &amp; Order, ER, NYPD Blue, Judging Amy, Just Shoot Me!, and Cold Case.
During her career, Hirson has appeared in a number of movies. She made her film debut in the 1971 crime comedy The Gang That Couldn't Shoot Straight. In 1979, she appeared in the horror film Nightwing and played the First Lady of the United States in the comedy-drama Being There. She also appeared in Private Benjamin, Revenge of the Nerds, Mass Appeal, Blind Date, Bride of Boogedy, The Big Picture, The Glass House, and The Lost.
Alice Hirson at IMDb
 </original_body>
 <spacy_body>
  {ORG[Hirson]} was born {PERSON[Alice Thorsell]} in {GPE[New York City]}. In {DATE[1954]}, she met actor {PERSON[Stephen Elliott]}. Although {ORG[Hirson and Elliott]} were longtime friends, the {CARDINAL[two]} did not start a relationship until {DATE[the 1980s]} ; they were married from {DATE[1980]} until {PERSON[Elliott]}'s death in {DATE[2005]}. She began her career on off-{FAC[Broadway]} stage, before roles in {DATE[1960s]} plays  {LOC[Traveller Without Luggage and The Investigation]}.
{PERSON[Hirson]} began her television career appearing on the classic anthology series {ORG[Hallmark Hall of Fame]} and {WORK_OF_ART[Starlight Theatre]}. {DATE[From 1969 to 1970]}, she was a regular cast member on the {ORG[CBS]} daytime soap opera {WORK_OF_ART[The Edge of Night]}, playing the role of {PERSON[Stephanie Martin]}. She played the role of {PERSON[Marcia Davis]} on {ORG[Another World]} and its spin-off {ORG[Somerset]} from {DATE[1970 to 1972]}. From {DATE[1972 to 1976]}, {ORG[Hirson]} starred as {PERSON[Eileen Riley Siegel]} on {ORG[ABC]}'s {WORK_OF_ART[One Life to Live]}. She also had a recurring role on {ORG[General Hospital]} in {CARDINAL[1982.After]} leaving {TIME[daytime]} television, {PERSON[Hirson]} began playing supporting roles on prime time. In {DATE[1977]}, she appeared in made-for-television movies {WORK_OF_ART[The Death of Richie, Alexander: The Other Side of Dawn]}, and Having Babies II, and {DATE[the following year]} co-starred opposite {PERSON[Cicely Tyson]} in A Woman Called Moses. {PERSON[Hirson]} also guest-starred on {WORK_OF_ART[Maude, The Waltons, Family, Barnaby Jones]}, {FAC[Flamingo Road]}, {PERSON[Barney Miller]}, {GPE[Quincy]}, {GPE[M.E.]}, St. Elsewhere, {ORG[Hotel]}, and {ORG[Full House]}. {DATE[From 1982 to 1988]}, {PERSON[Hirson]} played the recurring role of {PERSON[Mavis Anderson]}, friend and confidante of Miss {PERSON[Ellie Ewing]} ({PERSON[Barbara Bel Geddes]}) in the {ORG[CBS]} prime time soap opera, {GPE[Dallas]}.
In {DATE[1992]}, {PERSON[Hirson]} was a regular cast member on the short-lived {ORG[NBC]} sitcom {PERSON[Home Fires]} starring {PERSON[Kate Burton]}. {DATE[From 1994 to 1998]}, she played the role of {PERSON[Lois Morgan]}, the mother of {PERSON[Ellen DeGeneres']} character on the {ORG[ABC]} comedy series, {PERSON[Ellen]}. {DATE[From 1996 to 2006]}, she appeared in {CARDINAL[eight]} episodes of The {ORG[WB]} family drama series, {ORDINAL[7th]} Heaven playing {PERSON[Jenny Jackson]}, mother of {ORG[Annie Camden]} ({PERSON[Catherine Hicks]}), whose illness and death occurred as the series began in {DATE[1996]}. She also had recurring roles on {PERSON[Murphy Brown]} and {WORK_OF_ART[The Secret Life of the American Teenager]}, and guest-starred on {ORG[Law &amp; Order]}, ER, NYPD Blue, Judging {PERSON[Amy]}, {WORK_OF_ART[Just Shoot Me]}!, and {WORK_OF_ART[Cold Case]}.
During her career, {ORG[Hirson]} has appeared in a number of movies. She made her film debut in the {DATE[1971]} crime comedy {WORK_OF_ART[The Gang That Couldn't Shoot Straight]}. In {DATE[1979]}, she appeared in the horror film Nightwing and played the {ORDINAL[First]} Lady of {GPE[the United States]} in the comedy-drama Being There. She also appeared in Private {PERSON[Benjamin]}, {PERSON[Revenge]} of the Nerds, Mass Appeal, Blind Date, Bride of Boogedy, {WORK_OF_ART[The Big Picture]}, {WORK_OF_ART[The Glass House]}, and {WORK_OF_ART[The Lost]}.
{PERSON[Alice Hirson]} at IMDb
 </spacy_body>
</doc>