<?xml version="1.0" encoding="utf-8"?>
<doc>
 <title>
  Alice Gale
 </title>
 <original_abstract>
  Alice Gale (5 December 1858 – 27 March 1941) was an American actress.
 </original_abstract>
 <spacy_abstract>
  {PERSON[Alice Gale]} ({DATE[5 December 1858]} – {DATE[27 March 1941]}) was an {NORP[American]} actress.
 </spacy_abstract>
 <original_body>
  Working with stock theater troupes such as the Grand Stock Company, the Girard Stock Company, and Creston Clarke's company, Gale performed on stage for four decades before making her first film, Sins of Men (1916). She appeared in 11 films between 1916 and 1919, of which only two survive.
Gale was born in Philadelphia, Pennsylvania, and died in Harrisburg, Pennsylvania.
Alice Gale at IMDb
Alice Gale at the Internet Broadway Database
 </original_body>
 <spacy_body>
  Working with stock theater troupes such as {ORG[the Grand Stock Company]}, {ORG[the Girard Stock Company]}, and {ORG[Creston Clarke's]} company, {ORG[Gale]} performed on stage for {DATE[four decades]} before making her {ORDINAL[first]} film, {WORK_OF_ART[Sins of Men]} ({DATE[1916]}). She appeared in {CARDINAL[11]} films {DATE[between 1916 and 1919]}, of which {CARDINAL[only two]} survive.
Gale was born in {GPE[Philadelphia]}, {GPE[Pennsylvania]}, and died in {GPE[Harrisburg]}, {GPE[Pennsylvania]}.
{PERSON[Alice Gale]} at IMDb
{WORK_OF_ART[Alice Gale]} at the Internet Broadway Database
 </spacy_body>
</doc>