<?xml version="1.0" encoding="utf-8"?>
<doc>
 <title>
  Alice Chapin
 </title>
 <original_abstract>
  Alice Chapin or Alice Ferris (August 28, 1857 – July 5, 1934) was an American actress, playwright and suffragette active in England. She returned to America and played roles in silent films.
 </original_abstract>
 <spacy_abstract>
  {PERSON[Alice Chapin]} or {PERSON[Alice Ferris]} ({DATE[August 28, 1857 – July 5, 1934]}) was an {NORP[American]} actress, playwright and suffragette active in {GPE[England]}. She returned to {GPE[America]} and played roles in silent films.
 </spacy_abstract>
 <original_body>
  Chapin was born in Keene, New Hampshire, to Ephraim Atlas Chapin, who had interests in the railroad, and to Josephine, née Clark. Alice had an elder brother Alfred, who was elected as a Democrat to the 52nd United States Congress.
After 1868 she moved to Brooklyn, where she was successful in amateur dramatics whilst her brother became a successful politician and lawyer. She made an unsuccessful marriage with a realtor, and her name was briefly Ellis until she obtained a divorce in June 1888. She now had a son, Harold Chapin, and she moved to England taking with her a large inheritance from her mother. In England she had a daughter, Elsie Chapin.In London her new life involved professional acting. She appeared in important productions, including one production, The Websters, with Harold and his wife to be, Calypso Valetta, at the Royalty Theatre. On a more amateur and political basis she was an active member of the Actresses' Franchise League. The league included many notable actresses amongst their members, and with their help the League produced suffrage plays. Chapin wrote and adapted some of the plays.Chapin was also a militant suffragette within the Women's Freedom League, and she was sentenced to jail in 1911. She and Alison Neilans splashed chemicals over the ballot papers in the 1909 Bermondsey by-election. The protest was intended to highlight that the Prime Minister had refused to see a deputation. Chapin was successful in damaging many ballot papers and Neilans damaged a few. All of the ballot papers were still readable and John Dumphreys was elected. However, presiding officer George Thorley had the chemicals splashed in his eye. At their trials the doctors said that Thorley may have a haze over his eyes for life. The suffragettes believed that Thorley had exaggerated his injury and the damage that may have been done was due to him applying ammonia after the incident in an attempt to alleviate any damage.Chapin and Neilans were tried at the Old Bailey, and Neilans later published an account of their defence. Chapin was given a larger sentence than Neilans, but she was released two days after her under the "King's Pardon".Meanwhile, her son, Harold, was following in her career. He was acting but also writing and staging plays in London. He joined the Royal Army Medical Corps despite being an American. He was wounded and killed whilst volunteering to fetch the wounded at the Battle of Loos in 1915. The loss of his talent was compared to the death of Rupert Brooke. Alice appeared alongside Gerald du Maurier, Sydney Fairbrother, and Calypso Valetta in a memorial presentation of four of his plays. One of the plays, The Philosopher of Butterbiggens, was later recreated in Provincetown, Massachusetts, with Elsie Chapin as the director.Alice Chapin returned to America and by 1917 was appearing in silent films. She had a number of appearances until 1925 alongside other actors including Bebe Daniels and Gladys Leslie.
Chapin died in Keene, New Hampshire, in 1934.
Shame (with E.H.C. Oliphant 1892)
The Wrong Legs (1896)
A Knight Errant (1906)
The Happy Medium (with P. Gaye, 1909)
Outlawed (Court, 1911) a dramatisation, with Mabel Collins, of the novel by Collins and Women's Freedom League leader Charlotte Despard.
Thais (1917)
The Spreading Dawn (1917)
Anne of Little Smoky (1921)
Icebound (1924)
Daughters of the Night (1924)
Manhattan (1924)
Argentine Love (1924)
Youth for Sale (1924)
The Crowded Hour (1925)
Pearl of Love (1925)
Alice Chapin at IMDb
 </original_body>
 <spacy_body>
  {GPE[Chapin]} was born in {GPE[Keene]}, {GPE[New Hampshire]}, to {PERSON[Ephraim Atlas Chapin]}, who had interests in the railroad, and to {PERSON[Josephine]}, née {PERSON[Clark]}. {PERSON[Alice]} had an elder brother {PERSON[Alfred]}, who was elected as a {NORP[Democrat]} to the {ORDINAL[52nd]} {ORG[United States Congress]}.
After {DATE[1868]} she moved to {GPE[Brooklyn]}, where she was successful in amateur dramatics whilst her brother became a successful politician and lawyer. She made an unsuccessful marriage with a realtor, and her name was briefly {PERSON[Ellis]} until she obtained a divorce in {DATE[June 1888]}. She now had a son, {PERSON[Harold Chapin]}, and she moved to {GPE[England]} taking with her a large inheritance from her mother. In {GPE[England]} she had a daughter, {PERSON[Elsie Chapin]}.In {GPE[London]} her new life involved professional acting. She appeared in important productions, including {CARDINAL[one]} production, The {WORK_OF_ART[Websters]}, with {PERSON[Harold]} and his wife to be, {PERSON[Calypso Valetta]}, at {FAC[the Royalty Theatre]}. On a more amateur and political basis she was an active member of {ORG[the Actresses' Franchise League]}. The league included many notable actresses amongst their members, and with their help the {ORG[League]} produced suffrage plays. {ORG[Chapin]} wrote and adapted some of the plays.{ORG[Chapin]} was also a militant suffragette within {ORG[the Women's Freedom League]}, and she was sentenced to jail in {DATE[1911]}. She and {PERSON[Alison Neilans]} splashed chemicals over the ballot papers in the {DATE[1909]} {PERSON[Bermondsey]} by-election. The protest was intended to highlight that the Prime Minister had refused to see a deputation. {ORG[Chapin]} was successful in damaging many ballot papers and {NORP[Neilans]} damaged a few. All of the ballot papers were still readable and {PERSON[John Dumphreys]} was elected. However, presiding officer {PERSON[George Thorley]} had the chemicals splashed in his eye. At their trials the doctors said that {PERSON[Thorley]} may have a haze over his eyes for life. The suffragettes believed that {PERSON[Thorley]} had exaggerated his injury and the damage that may have been done was due to him applying ammonia after the incident in an attempt to alleviate any damage.{ORG[Chapin]} and {PRODUCT[Neilans]} were tried at the Old Bailey, and {PRODUCT[Neilans]} later published an account of their defence. {ORG[Chapin]} was given a larger sentence than {PRODUCT[Neilans]}, but she was released {DATE[two days]} after her under the "King's Pardon".Meanwhile, her son, {PERSON[Harold]}, was following in her career. He was acting but also writing and staging plays in {GPE[London]}. He joined {ORG[the Royal Army Medical Corps]} despite being an {NORP[American]}. He was wounded and killed whilst volunteering to fetch the wounded at {WORK_OF_ART[the Battle of Loos]} in {DATE[1915]}. The loss of his talent was compared to the death of {PERSON[Rupert Brooke]}. Alice appeared alongside {PERSON[Gerald du Maurier]}, {PERSON[Sydney Fairbrother]}, and {PERSON[Calypso Valetta]} in a memorial presentation of {CARDINAL[four]} of his plays. {CARDINAL[One]} of the plays, The Philosopher of {GPE[Butterbiggens]}, was later recreated in {GPE[Provincetown]}, {GPE[Massachusetts]}, with {PERSON[Elsie Chapin]} as the director.{PERSON[Alice Chapin]} returned to {GPE[America]} and by {DATE[1917]} was appearing in silent films. She had a number of appearances until {DATE[1925]} alongside other actors including {PERSON[Bebe Daniels]} and {PERSON[Gladys Leslie]}.
{ORG[Chapin]} died in {GPE[Keene]}, {GPE[New Hampshire]}, in {DATE[1934]}.
Shame (with E.H.C. Oliphant {DATE[1892]})
The Wrong Legs ({DATE[1896]})
A Knight Errant ({DATE[1906]})
{WORK_OF_ART[The Happy Medium]} (with {PERSON[P. Gaye]}, {DATE[1909]})
Outlawed ({ORG[Court]}, {DATE[1911]}) a dramatisation, with {PERSON[Mabel Collins]}, of the novel by {PERSON[Collins]} and {ORG[Women's Freedom League]} leader {PERSON[Charlotte Despard]}.
Thais ({DATE[1917]})
{PERSON[The Spreading Dawn]} ({DATE[1917]})
Anne of {PERSON[Little Smoky]} ({DATE[1921]})
Icebound ({CARDINAL[1924]})
Daughters of the Night ({DATE[1924]})
{GPE[Manhattan]} ({CARDINAL[1924]})
{WORK_OF_ART[Argentine Love]} ({CARDINAL[1924]})
Youth for Sale ({CARDINAL[1924]})
{WORK_OF_ART[The Crowded Hour]} ({DATE[1925]})
Pearl of Love ({DATE[1925]})
{PERSON[Alice Chapin]} at IMDb
 </spacy_body>
</doc>