<?xml version="1.0" encoding="utf-8"?>
<doc>
 <title>
  Alice Calhoun
 </title>
 <original_abstract>
  Alice Beatrice Calhoun (November 21, 1900 – June 3, 1966) was an American silent film actress.
 </original_abstract>
 <spacy_abstract>
  {PERSON[Alice Beatrice Calhoun]} ({DATE[November 21, 1900 – June 3, 1966]}) was an {NORP[American]} silent film actress.
 </spacy_abstract>
 <original_body>
  Born in Cleveland, Ohio, she made her film debut in an uncredited role in 1918 and went on to appear in another forty-seven films between then and 1929. As a star with Vitagraph in New York City, she moved with the company when it relocated to Hollywood. In  the comedy, The Man Next Door (1923), Calhoun plays Bonnie Bell. A critic complimented her on being pretty and playing her role successfully. The Man From Brodney's (1923) is a movie which displays the fencing talent of actor J. Warren Kerrigan. Directed by David Smith for Vitagraph, the film is based on a novel by George Barr McCutcheon. Calhoun plays Princess Genevra. Between Friends (1924) is a motion picture adapted from a story by Robert W. Chambers. Anna Q. Nilsson and Norman Kerry are part of a cast in which Calhoun plays an artist's model. Among her other movies titles are Pampered Youth (1925), The Power of the Weak (1926), Savage Passions (1927), and Bride of the Desert (1929).
Like a number of other stars at the time, her voice did not lend itself to sound and her one performance in a talkie came in an uncredited role in 1934.
Her first husband was Mendel Silberberg, a Los Angeles, California attorney. They were married in May 1926 and he filed a divorce petition in July. Silberberg charged that Calhoun was engaged to another man at the time of their wedding. Their marriage was annulled.In 1925 Calhoun had invested in a movie theater. With her second husband Max Chotiner, whom she married secretly in Ventura, California on December 28, 1926, she became owner of a chain of theatres in the Los Angeles area. Highly successful, Calhoun and her husband were benefactors of a number of local charities. Chotiner later became an investment broker. They divorced in 1938.
Calhoun died in Los Angeles in 1966 of cancer, aged 65. She was survived by her husband of thirty-nine years and a brother, Joseph C. Calhoun, of Cleveland. She is interred with her husband in the Forest Lawn Memorial Park Cemetery in Glendale, California.
For her contributions to the film industry, Calhoun was inducted into the Hollywood Walk of Fame with a motion pictures star located at 6815 Hollywood Boulevard.

Alice Calhoun at IMDb
Alice Calhoun at AllMovie
Alice Calhoun at Find a Grave
"Alice Calhoun". Stars of the Photoplay. Chicago: Photoplay. 1924.
Wing, Ruth (1923). "Alice Calhoun". The Blue Book of the Screen. Hollywood, California. Archived from the original on 2011-09-26. Retrieved 2010-01-18.
 </original_body>
 <spacy_body>
  Born in {GPE[Cleveland]}, {GPE[Ohio]}, she made her film debut in an uncredited role in {DATE[1918]} and went on to appear in another {CARDINAL[forty-seven]} films between then and {DATE[1929]}. As a star with {ORG[Vitagraph]} in {GPE[New York City]}, she moved with the company when it relocated to {GPE[Hollywood]}. In  the comedy, {WORK_OF_ART[The Man Next Door]} (1923), {PERSON[Calhoun]} plays {PERSON[Bonnie Bell]}. A critic complimented her on being pretty and playing her role successfully. {PERSON[The Man From Brodney's]} (1923) is a movie which displays the fencing talent of actor {PERSON[J. Warren Kerrigan]}. Directed by {PERSON[David Smith]} for {ORG[Vitagraph]}, the film is based on a novel by {PERSON[George Barr McCutcheon]}. {PERSON[Calhoun]} plays {ORG[Princess Genevra]}. Between Friends (1924) is a motion picture adapted from a story by {PERSON[Robert W. Chambers]}. {PERSON[Anna Q. Nilsson]} and {PERSON[Norman Kerry]} are part of a cast in which {PERSON[Calhoun]} plays an artist's model. Among her other movies titles are {PERSON[Pampered Youth]} ({DATE[1925]}), {WORK_OF_ART[The Power of the Weak]} ({DATE[1926]}), {PERSON[Savage Passions]} ({DATE[1927]}), and {ORG[Bride of the Desert]} ({DATE[1929]}).
Like a number of other stars at the time, her voice did not lend itself to sound and her {CARDINAL[one]} performance in a talkie came in an uncredited role in {DATE[1934]}.
Her {ORDINAL[first]} husband was {PERSON[Mendel Silberberg]}, a {GPE[Los Angeles]}, {GPE[California]} attorney. They were married in {DATE[May 1926]} and he filed a divorce petition in {DATE[July]}. Silberberg charged that {PERSON[Calhoun]} was engaged to another man at the time of their wedding. Their marriage was annulled.In {DATE[1925]} {PRODUCT[Calhoun]} had invested in a movie theater. With her {ORDINAL[second]} husband {PERSON[Max Chotiner]}, whom she married secretly in {GPE[Ventura]}, {GPE[California]} on {DATE[December 28, 1926]}, she became owner of a chain of theatres in the {GPE[Los Angeles]} area. Highly successful, {PERSON[Calhoun]} and her husband were benefactors of a number of local charities. Chotiner later became an investment broker. They divorced in {DATE[1938]}.
{PERSON[Calhoun]} died in {GPE[Los Angeles]} in {DATE[1966]} of cancer, aged {DATE[65]}. She was survived by her husband of {DATE[thirty-nine years]} and a brother, {PERSON[Joseph C. Calhoun]}, of {GPE[Cleveland]}. She is interred with her husband in {LAW[the Forest Lawn Memorial Park Cemetery]} in {GPE[Glendale]}, {GPE[California]}.
For her contributions to the film industry, {PERSON[Calhoun]} was inducted into {ORG[the Hollywood Walk of Fame]} with a motion pictures star located at {DATE[6815]} {FAC[Hollywood Boulevard]}.

{PERSON[Alice Calhoun]} at IMDb
{PERSON[Alice Calhoun]} at AllMovie
{PERSON[Alice Calhoun]} at Find a Grave
"{PERSON[Alice Calhoun]}". {WORK_OF_ART[Stars of the Photoplay]}. {GPE[Chicago]}: Photoplay. 1924.
Wing, {PERSON[Ruth]} ({DATE[1923]}). "{PERSON[Alice Calhoun]}". {WORK_OF_ART[The Blue Book of the Screen]}. {GPE[Hollywood]}, {GPE[California]}. Archived from the original on {DATE[2011-09-26]}. Retrieved {DATE[2010-01-18]}.
 </spacy_body>
</doc>