<?xml version="1.0" encoding="utf-8"?>
<doc>
 <title>
  Alice Fleming
 </title>
 <original_abstract>
  Alice Fleming, (August 9, 1882 – December 6, 1952)  was a character actress in many films who also enjoyed considerable success on Broadway. She is best remembered as the Duchess, Wild Bill Elliott’s aunt in the Republic Pictures' Red Ryder Western features.
 </original_abstract>
 <spacy_abstract>
  {PERSON[Alice Fleming]}, ({DATE[August 9, 1882 – December 6, 1952]})  was a character actress in many films who also enjoyed considerable success on {FAC[Broadway]}. She is best remembered as the {ORG[Duchess]}, {PERSON[Wild Bill Elliott’s]} aunt in {ORG[the Republic Pictures']} {ORG[Red Ryder Western]} features.
 </spacy_abstract>
 <original_body>
  Red Ryder
Vigilantes of Dodge City
Alice Fleming at IMDb
The Character Actresses, Alice Fleming, The Old Coral
 </original_body>
 <spacy_body>
  {ORG[Red Ryder]}
Vigilantes of {ORG[Dodge City]}
{PERSON[Alice Fleming]} at IMDb
{WORK_OF_ART[The Character Actresses]}, {PERSON[Alice Fleming]}, {WORK_OF_ART[The Old Coral]}
 </spacy_body>
</doc>