<?xml version="1.0" encoding="utf-8"?>
<doc>
 <title>
  Alice Patten
 </title>
 <original_abstract>
  Alice Patten is an English actress, and the daughter of Chris Patten, Baron Patten of Barnes, a prominent British Conservative politician and the last Governor of Hong Kong. She has played a key role in the Bollywood film Rang De Basanti (2006). Her role earned her praise from film critics in India. She lived in Hong Kong from 1992 to 1997.
 </original_abstract>
 <spacy_abstract>
  {PERSON[Alice Patten]} is an {LANGUAGE[English]} actress, and the daughter of {PERSON[Chris Patten]}, {PERSON[Baron Patten]} of {ORG[Barnes]}, a prominent {ORG[British Conservative]} politician and the last Governor of {GPE[Hong Kong]}. She has played a key role in the {GPE[Bollywood]} film {PERSON[Rang De Basanti]} ({DATE[2006]}). Her role earned her praise from film critics in {GPE[India]}. She lived in {GPE[Hong Kong]} from {DATE[1992]} to {DATE[1997]}.
 </spacy_abstract>
 <original_body>
  Patten was educated at Island School in Hong Kong
and at Queens' College, Cambridge.
Her first major role after graduation was Eugenie in Vincent in Brixton in the West End.In 2004, she appeared in Jonathan Creek as Gillian Bailey.
In 2005 and 2006, she appeared in English Touring Theatre's Hamlet, playing Ophelia opposite Ed Stoppard's Prince of Denmark.
In 2006, she appeared in the Bollywood film Rang De Basanti as Sue McKinley, a young British woman who comes to India to make a documentary film about the British rule in the Indian subcontinent. In 2008, she played Thea in Hedda, a new version of Ibsen's Hedda Gabler, at London's Gate Theatre and, in 2009, she guest-starred as Arthur's mother Ygraine in the BBC fantasy drama series Merlin.
Patten also played the role of Vicky Anderson, in an episode of New Tricks, the daughter of an English-born Hong Kong businessman, Douglas Anderson, who had been involved in questionable building deals in Hong Kong, shortly before the end of British rule in 1997.
Alice Patten at IMDb
Alice Patten interview on Rang De Basanti in BBC
 </original_body>
 <spacy_body>
  Patten was educated at {ORG[Island School]} in {GPE[Hong Kong]}
and at {ORG[Queens' College, Cambridge]}.
Her first major role after graduation was {PERSON[Eugenie]} in {GPE[Vincent]} in {GPE[Brixton]} in {LOC[the West End]}.In {DATE[2004]}, she appeared in {GPE[Jonathan Creek]} as {PERSON[Gillian Bailey]}.
In {DATE[2005]} and {DATE[2006]}, she appeared in {LANGUAGE[English]} {FAC[Touring Theatre's]} {ORG[Hamlet]}, playing {PERSON[Ophelia]} opposite {PERSON[Ed Stoppard's]} Prince of {GPE[Denmark]}.
In {DATE[2006]}, she appeared in the {GPE[Bollywood]} film {PERSON[Rang De Basanti]} as {PERSON[Sue McKinley]}, a young {NORP[British]} woman who comes to {GPE[India]} to make a documentary film about the {NORP[British]} rule in the {NORP[Indian]} subcontinent. In {DATE[2008]}, she played {ORG[Thea]} in {GPE[Hedda]}, a new version of {GPE[Ibsen]}'s {PERSON[Hedda Gabler]}, at {GPE[London]}'s {FAC[Gate Theatre]} and, in {DATE[2009]}, she guest-starred as {PERSON[Arthur]}'s mother {PERSON[Ygraine]} in the {ORG[BBC]} fantasy drama series {PERSON[Merlin]}.
Patten also played the role of {PERSON[Vicky Anderson]}, in an episode of New Tricks, the daughter of an {LANGUAGE[English]}-born {GPE[Hong Kong]} businessman, {PERSON[Douglas Anderson]}, who had been involved in questionable building deals in {GPE[Hong Kong]}, shortly before the end of {NORP[British]} rule in {DATE[1997]}.
Alice Patten at IMDb
Alice Patten interview on {PERSON[Rang De Basanti]} in {ORG[BBC]}
 </spacy_body>
</doc>