<?xml version="1.0" encoding="utf-8"?>
<doc>
 <title>
  Alicia Lagano
 </title>
 <original_abstract>
  Alicia Lagano is an American actress. She is perhaps best known for her role as Cristina Castelli on the NBC Saturday morning series All About Us (2001) and Selena on the Lifetime television drama The Client List (2012–13).
 </original_abstract>
 <spacy_abstract>
  {PERSON[Alicia Lagano]} is an {NORP[American]} actress. She is perhaps best known for her role as {PERSON[Cristina Castelli]} on the {ORG[NBC]} {DATE[Saturday]} {TIME[morning]} series {WORK_OF_ART[All About Us (]}{DATE[2001]}) and {PERSON[Selena]} on the Lifetime television drama {WORK_OF_ART[The Client List]} ({DATE[2012–13]}).
 </spacy_abstract>
 <original_body>
  Lagano was born Brooklyn, New York. She is of Italian and Irish descent. At age ten, Lagano moved to Portland, Oregon. She later attended Beaverton High School before graduating from Wilson High School in 1997. She then moved to Los Angeles, California to pursue an acting career.
In addition to her appearance in All About Us, some of her other television acting credits include ER, Bones, Judging Amy, Without a Trace, Lie to Me, CSI: Crime Scene Investigation, Dexter (two episodes as Nikki Wald; 2009) and Prison Break (two episodes as Agatha Warren; 2009). In 2011, she was cast as Selena in Lifetime television drama The Client List, starring Jennifer Love Hewitt.
Alicia Lagano at IMDb
Alicia Lagano on Twitter
 </original_body>
 <spacy_body>
  {PERSON[Lagano]} was born {GPE[Brooklyn]}, {GPE[New York]}. She is of {NORP[Italian]} and {NORP[Irish]} descent. At {DATE[age ten]}, {PERSON[Lagano]} moved to {GPE[Portland]}, {GPE[Oregon]}. She later attended {ORG[Beaverton High School]} before graduating from {ORG[Wilson High School]} in {DATE[1997]}. She then moved to {GPE[Los Angeles]}, {GPE[California]} to pursue an acting career.
In addition to her appearance in All About Us, some of her other television acting credits include ER, Bones, {PERSON[Judging Amy]}, {WORK_OF_ART[Without a Trace, Lie to Me]}, {ORG[CSI]}: Crime Scene Investigation, {PERSON[Dexter]} ({CARDINAL[two]} episodes as {PERSON[Nikki Wald]}; {DATE[2009]}) and {ORG[Prison Break]} ({CARDINAL[two]} episodes as {PERSON[Agatha Warren]}; {DATE[2009]}). In {DATE[2011]}, she was cast as {WORK_OF_ART[Selena in Lifetime]} television drama {WORK_OF_ART[The Client List]}, starring {PERSON[Jennifer Love Hewitt]}.
{PERSON[Alicia Lagano]} at IMDb
{PERSON[Alicia Lagano]} on Twitter
 </spacy_body>
</doc>