<?xml version="1.0" encoding="utf-8"?>
<doc>
 <title>
  Alice Mann
 </title>
 <original_abstract>
  Alice Mann (October 10, 1899 – March 2, 1986) was an American silent film actress.
 </original_abstract>
 <spacy_abstract>
  {PERSON[Alice Mann]} ({DATE[October 10, 1899 – March 2, 1986]}) was an {NORP[American]} silent film actress.
 </spacy_abstract>
 <original_body>
  Mann began her film career in late 1915 with the Lubin Manufacturing Company, appearing in six shorts before the production company ceased operations the following year. She then moved to Vitagraph Studios, appearing in ten shorts in 1916 and 1917, many with veteran vaudeville actor Jimmy Aubrey and nine of which were directed by nascent film comedian/director Larry Semon. Roscoe Arbuckle then cast her in three of his early Comique shorts (produced by Joseph M. Schenck) made with Buster Keaton. Her best-known film appearances are with Arbuckle and Keaton in Coney Island, His Wedding Night, and Oh Doctor! when she was only 17 years of age.
When the Comique production company relocated to California in late 1917, Alice remained in the New York City metro area. In addition to Lubin, Vitagraph and the Comique Comedy Paramount film unit, she also worked with New York-based McClure Productions. She received top billing in the film drama The Water Lily, released by Triangle Pictures in 1919. and directed by George Ridgwell. Ridgwell also directed Alice and her older sister, actress Frances (Frankie) Mann (July 3, 1892 – June 23, 1969), in Fruits of Passion (1919). Frankie's husband Donald Hall also appeared in the film.
Subsequent appearances include Scrambled Wives, the last movie by famed screen and stage waif Marguerite Clark. Alice Mann's film career apparently ended in 1925 and, like many early cinema actresses, she vanished into history. Only seven of her credited thirty films are known to survive. In 1921, she married Sidney G. Ash.
There and Back (1916) -- extant
Rips and Rushes (1917) -- extant
The Third Ingredient (1917) -- presumed lost
Worries and Wobbles (1917) -- extant
His Wedding Night (1917) -- extant
Oh Doctor! (1917) -- extant
Coney Island (1917) -- extant
A Pair of Sixes (1918) -- presumed lost
Help! Help! Police! (1919) -- presumed lost
The Water Lily (1919) -- extant
Fruits of Passion (1919) -- presumed lost
Scrambled Wives (1921) -- presumed lost
Perjury (1921) -- presumed lost
The Family Closet (1921)
West of the Water Tower (1923) -- presumed lost
Unrestrained Youth (1925) -- presumed lost
Young, Jr., Robert. Roscoe "Fatty" Arbuckle : a bio-bibliography. Westport, Conn. : Greenwood Press, 1994. ISBN 0313265372
Nunn, William Curtis. Marguerite Clark, America's Darling of Broadway and the Silent Screen." Ft. Worth, TX: Texas Christian University Press, 1981. ISBN 978-0-912646-69-5
Alice Mann at IMDb
 </original_body>
 <spacy_body>
  {PERSON[Mann]} began her film career in {DATE[late 1915]} with {ORG[the Lubin Manufacturing Company]}, appearing in {CARDINAL[six]} shorts before the production company ceased operations {DATE[the following year]}. She then moved to {ORG[Vitagraph Studios]}, appearing in {CARDINAL[ten]} shorts in {DATE[1916]} and {DATE[1917]}, many with veteran {PERSON[vaudeville]} actor {PERSON[Jimmy Aubrey]} and {CARDINAL[nine]} of which were directed by nascent film comedian/director {PERSON[Larry Semon]}. {PERSON[Roscoe Arbuckle]} then cast her in {CARDINAL[three]} of his early {PERSON[Comique]} shorts (produced by {PERSON[Joseph M. Schenck]}) made with {PERSON[Buster Keaton]}. Her best-known film appearances are with {ORG[Arbuckle and Keaton]} in {LOC[Coney Island]}, His Wedding Night, and Oh Doctor! when she was {DATE[only 17 years of age]}.
When the {PERSON[Comique]} production company relocated to {GPE[California]} in {DATE[late 1917]}, {PERSON[Alice]} remained in the {GPE[New York City]} metro area. In addition to {GPE[Lubin]}, {PERSON[Vitagraph]} and the {ORG[Comique Comedy Paramount]} film unit, she also worked with {GPE[New York]}-based {ORG[McClure Productions]}. She received top billing in the film drama {WORK_OF_ART[The Water Lily]}, released by {ORG[Triangle Pictures]} in {DATE[1919]}. and directed by {PERSON[George Ridgwell]}. {ORG[Ridgwell]} also directed {PERSON[Alice]} and her older sister, actress {PERSON[Frances]} ({PERSON[Frankie]}) {PERSON[Mann]} ({DATE[July 3, 1892]} – {DATE[June 23, 1969]}), in {WORK_OF_ART[Fruits of Passion]} ({DATE[1919]}). {PERSON[Frankie]}'s husband {PERSON[Donald Hall]} also appeared in the film.
Subsequent appearances include {WORK_OF_ART[Scrambled Wives]}, the last movie by famed screen and stage waif {PERSON[Marguerite Clark]}. {PERSON[Alice Mann's]} film career apparently ended in {DATE[1925]} and, like many early cinema actresses, she vanished into history. {CARDINAL[Only seven]} of her credited {CARDINAL[thirty]} films are known to survive. In {DATE[1921]}, she married {PERSON[Sidney G. Ash]}.
There and Back ({DATE[1916]}) -- extant
{PERSON[Rips]} and {PERSON[Rushes]} ({DATE[1917]}) -- extant
{ORG[The Third Ingredient]} ({DATE[1917]}) -- presumed lost
Worries and Wobbles ({DATE[1917]}) -- extant
His Wedding Night ({DATE[1917]}) -- extant
Oh Doctor! ({DATE[1917]}) -- extant
{PERSON[Coney Island]} ({DATE[1917]}) -- extant
{WORK_OF_ART[A Pair of Sixes]} ({DATE[1918]}) -- presumed lost
Help! Help! Police! ({DATE[1919]}) -- presumed lost
{WORK_OF_ART[The Water Lily]} (1919) -- extant
{WORK_OF_ART[Fruits of Passion (1919]}) -- presumed lost
Scrambled Wives (1921) -- presumed lost
Perjury ({DATE[1921]}) -- presumed lost
{WORK_OF_ART[The Family Closet]} (1921)
West of {FAC[the Water Tower]} ({DATE[1923]}) -- presumed lost
Unrestrained Youth ({DATE[1925]}) -- presumed lost
{GPE[Young]}, {PERSON[Jr.]}, {PERSON[Robert]}. Roscoe "Fatty" Arbuckle : a bio-bibliography. {GPE[Westport]}, {GPE[Conn.]} : {ORG[Greenwood Press]}, {DATE[1994]}. ISBN {CARDINAL[0313265372]}
Nunn, {PERSON[William Curtis]}. {PERSON[Marguerite Clark]}, {GPE[America]}'s Darling of {FAC[Broadway]} and the Silent Screen." Ft. Worth, TX: {ORG[Texas Christian University Press]}, {DATE[1981]}. ISBN {CARDINAL[978]}-0-912646-69-5
{PERSON[Alice Mann]} at IMDb
 </spacy_body>
</doc>