<?xml version="1.0" encoding="utf-8"?>
<doc>
 <title>
  Alicyn Packard
 </title>
 <original_abstract>
  Alicyn Packard (born September 27, 1979) is an American voice actress, writer and retired stand up comedian nominated for a 2014 Voice Arts Award. As of 2004-2005, she provided the voice of Bulb from Disney Channel's Magnet-Tude. She also voices the characters Little Miss Sunshine, Little Miss Naughty, and Little Miss Whoops on the Cartoon Network animated series The Mr. Men Show. She also stars as Cadet Robyn on the Sprout network show Space Racers and as Alma on the Sprout network show The Extraordinary Adventures of Poppy Cat and wrote an episode of the show's second season. She plays Toodles on The Tom and Jerry Show, and Connor and Caitlin on Olivia. She also played Jibanyan on Yo-kai Watch.
Ms. Packard is the voice of the female blood elf in the video game World of Warcraft. She has also voiced Pericci in Star Ocean: The First Departure and the characters of Luce Valenci and Altyria Jono in Vandal Hearts: Flames of Judgment.
 </original_abstract>
 <spacy_abstract>
  {ORG[Alicyn Packard]} (born {DATE[September 27, 1979]}) is an {NORP[American]} voice actress, writer and retired stand up comedian nominated for a {DATE[2014]} Voice Arts Award. As of {DATE[2004-2005]}, she provided the voice of Bulb from {ORG[Disney Channel's]} Magnet-Tude. She also voices the characters {WORK_OF_ART[Little Miss Sunshine]}, Little Miss Naughty, and Little Miss Whoops on the {ORG[Cartoon Network]} animated series The Mr. {PERSON[Men Show]}. She also stars as {PERSON[Cadet Robyn]} on the Sprout network show {PRODUCT[Space Racers]} and as {PERSON[Alma]} on the Sprout network show {WORK_OF_ART[The Extraordinary Adventures of Poppy Cat]} and wrote an episode of the show's {DATE[second season]}. She plays Toodles on The {PERSON[Tom]} and {PERSON[Jerry Show]}, and {PERSON[Connor]} and {PERSON[Caitlin]} on {PERSON[Olivia]}. She also played {NORP[Jibanyan]} on {ORG[Yo-kai Watch]}.
Ms. {PERSON[Packard]} is the voice of the female blood elf in the video game {WORK_OF_ART[World of Warcraft]}. She has also voiced {ORG[Pericci]} in {LOC[Star Ocean]}: The First Departure and the characters of {PERSON[Luce Valenci]} and {PERSON[Altyria Jono]} in Vandal Hearts: Flames of Judgment.
 </spacy_abstract>
 <original_body>
  Packard was born and raised in Hanson, Massachusetts, and began her career in nearby Boston. She later attended Emerson College, earning a Bachelor of Arts in Visual Media Arts with a concentration in New Media. At Emerson she was a DJ at WERS, the college's radio station which at the time was the nation's #1 college radio station in the nation (17). At WERS she created the electronic music program Revolutions which she co-hosted with the Grammy-nominated producer Morgan Page.
Packard's work at WERS brought her to the attention of local casting directors and she soon began her voice over career in local radio commercials and promos. She then worked at publisher Prentice-Hall as the voice of their e-learning textbooks. She moved to Los Angeles to complete her degree through Emerson College Los Angeles Program.
Animation

Live Action 

Video Games
On March 29, 2012, Packard filed a lawsuit against Moët Hennessy, makers of Belvedere vodka for misappropriating her image by including it in an online ad campaign; the image was taken from a short online comedy video,  "Awkward Moments: The Baby Picture", produced by Strickly Viral Productions. In the context of the ad, the appropriated image depicts the character portrayed by Packard as trying to escape the clutches of what appears to be a sexually aggressive man; Belvedere added the tagline, "Unlike some people, Belvedere always goes down smoothly." Packard's filing also alleges negligent infliction of emotional distress, claiming that the repercussions of being associated with the ad "have been huge." While the ad appeared only briefly on March 23 and was removed shortly thereafter, with Belvedere brand president Charles Gibb issuing a public apology subsequent to the ad's retraction, as of the lawsuit's filing, neither the brand nor the parent company had offered an apology to Packard for either the misappropriation or any of the subsequent negative fallout. Packard's lawsuit was filed under California Civil Code § 3344, the so-called California Celebrities Rights Act of 1985, which prohibits unauthorized use of personal images or likenesses for promotional purposes.
Official Website (www.alicynpackard.com)
Alicyn Packard at IMDb
 </original_body>
 <spacy_body>
  Packard was born and raised in {GPE[Hanson]}, {GPE[Massachusetts]}, and began her career in nearby {GPE[Boston]}. She later attended {ORG[Emerson College]}, earning {ORG[a Bachelor of Arts]} in Visual Media Arts with a concentration in {GPE[New Media]}. At {ORG[Emerson]} she was a DJ at WERS, the college's radio station which at the time was the nation's {MONEY[#1]} college radio station in the nation ({CARDINAL[17]}). At {GPE[WERS]} she created the electronic music program Revolutions which she co-hosted with the {LOC[Grammy]}-nominated producer {ORG[Morgan Page]}.
{ORG[Packard]}'s work at {ORG[WERS]} brought her to the attention of local casting directors and she soon began her voice over career in local radio commercials and promos. She then worked at publisher {ORG[Prentice-Hall]} as the voice of their e-learning textbooks. She moved to {GPE[Los Angeles]} to complete her degree through {ORG[Emerson College Los Angeles Program]}.
Animation

Live Action 

Video Games
On {DATE[March 29, 2012]}, {ORG[Packard]} filed a lawsuit against {PERSON[Moët Hennessy]}, makers of {ORG[Belvedere]} vodka for misappropriating her image by including it in an online ad campaign; the image was taken from a short online comedy video,  "{WORK_OF_ART[Awkward Moments: The Baby Picture]}", produced by {ORG[Strickly Viral Productions]}. In the context of the ad, the appropriated image depicts the character portrayed by {ORG[Packard]} as trying to escape the clutches of what appears to be a sexually aggressive man; {ORG[Belvedere]} added the tagline, "Unlike some people, {ORG[Belvedere]} always goes down smoothly." {ORG[Packard]}'s filing also alleges negligent infliction of emotional distress, claiming that the repercussions of being associated with the ad "have been huge." While the ad appeared only briefly on {DATE[March 23]} and was removed shortly thereafter, with {ORG[Belvedere]} brand president {PERSON[Charles Gibb]} issuing a public apology subsequent to the ad's retraction, as of the lawsuit's filing, neither the brand nor the parent company had offered an apology to {ORG[Packard]} for either the misappropriation or any of the subsequent negative fallout. {ORG[Packard]}'s lawsuit was filed under {LAW[California Civil Code]} § {PRODUCT[3344]}, the so-called {LAW[California Celebrities Rights Act]} of {DATE[1985]}, which prohibits unauthorized use of personal images or likenesses for promotional purposes.
Official Website (www.alicynpackard.com)
{ORG[Alicyn Packard]} at IMDb
 </spacy_body>
</doc>