<?xml version="1.0" encoding="utf-8"?>
<doc>
 <title>
  Alice Drummond
 </title>
 <original_abstract>
  Alice Elizabeth Drummond (née Ruyter, May 21, 1928 – November 30, 2016) was an American actress. A veteran Off-Broadway performer, she was nominated in 1970 for the Tony Award for Best Featured Actress in a Play for her performance as Mrs. Lee in The Chinese by Murray Schisgal. She may be best known as Alice, the librarian, in the opening scenes of the 1984 horror-comedy Ghostbusters.
 </original_abstract>
 <spacy_abstract>
  {PERSON[Alice Elizabeth Drummond]} (née {PERSON[Ruyter]}, {DATE[May 21, 1928 –]} {DATE[November 30, 2016]}) was an {NORP[American]} actress. A veteran {PRODUCT[Off-Broadway]} performer, she was nominated in {DATE[1970]} for the Tony Award for Best Featured Actress in a Play for her performance as Mrs. {PERSON[Lee]} in The {NORP[Chinese]} by {PERSON[Murray Schisgal]}. She may be best known as {PERSON[Alice]}, the librarian, in the opening scenes of the {DATE[1984]} horror-comedy {WORK_OF_ART[Ghostbusters]}.
 </spacy_abstract>
 <original_body>
  Alice Elizabeth Ruyter was born in Pawtucket, Rhode Island in 1928, the daughter of Sarah Irene (née Alker), a secretary, and Arthur Ruyter, an auto mechanic. She graduated from Pembroke College (the women's college of Brown University) in 1950.
Drummond played Nurse Jackson on the TV series Dark Shadows in 1967 and was a regular on the CBS soap opera, Where the Heart Is, on which she originated the role of Loretta Jardin, which she played until the series ended in 1973.  She also appeared in a short-term role on another CBS soap opera, As the World Turns. She appeared in guest roles on television series including Kate &amp; Allie, Law &amp; Order, Boston Legal and Yes, Dear.
One of Drummond's notable movie roles is a librarian haunted and frightened by a poltergeist at the beginning of the feature film Ghostbusters. She gave an endearing portrayal of a temporarily animated catatonic patient in 1990's Awakenings. She also served as the senior citizen stereotype in the movie Furry Vengeance. Other notable appearances include Ace Ventura: Pet Detective, To Wong Foo Thanks for Everything, Julie Newmar and Pieces of April.
Alice Ruyter married Paul Drummond in 1951. They resided in Manhattan, New York City, New York. They separated in 1975 and divorced in 1976.She died on November 30, 2016 from complications of a fall at her home in The Bronx, New York City, at age 88.She was a lifelong liberal Democrat and she adhered to Judaism.
Alice Drummond at IMDb
Alice Drummond at the Internet Broadway Database
 </original_body>
 <spacy_body>
  {PERSON[Alice Elizabeth Ruyter]} was born in {GPE[Pawtucket]}, {GPE[Rhode Island]} in {DATE[1928]}, the daughter of {PERSON[Sarah Irene]} ({PERSON[née Alker]}), a secretary, and {PERSON[Arthur Ruyter]}, an auto mechanic. She graduated from {ORG[Pembroke College]} (the women's college of {ORG[Brown University]}) in {DATE[1950]}.
{PERSON[Drummond]} played {PERSON[Nurse Jackson]} on the TV series {PERSON[Dark Shadows]} in {DATE[1967]} and was a regular on the {ORG[CBS]} soap opera, Where the Heart Is, on which she originated the role of {PERSON[Loretta Jardin]}, which she played until the series ended in {DATE[1973]}.  She also appeared in a short-term role on another {ORG[CBS]} soap opera, As {ORG[the World Turns]}. She appeared in guest roles on television series including {ORG[Kate &amp; Allie, Law &amp; Order]}, {ORG[Boston Legal]} and {ORG[Yes, Dear]}.
{CARDINAL[One]} of {PERSON[Drummond]}'s notable movie roles is a librarian haunted and frightened by a poltergeist at the beginning of the feature film {WORK_OF_ART[Ghostbusters]}. She gave an endearing portrayal of a temporarily animated catatonic patient in {DATE[1990]}'s {ORG[Awakenings]}. She also served as the senior citizen stereotype in the movie {PERSON[Furry Vengeance]}. Other notable appearances include {ORG[Ace Ventura]}: {WORK_OF_ART[Pet Detective]}, To {PERSON[Wong Foo]} Thanks for Everything, {PERSON[Julie Newmar]} and Pieces of {DATE[April]}.
{PERSON[Alice Ruyter]} married {PERSON[Paul Drummond]} in {DATE[1951]}. They resided in {GPE[Manhattan]}, {GPE[New York City]}, {GPE[New York]}. They separated in {DATE[1975]} and divorced in 1976.She died on {DATE[November 30, 2016]} from complications of a fall at her home in {LOC[The Bronx]}, {GPE[New York City]}, at {FAC[age 88.She]} was a lifelong liberal {NORP[Democrat]} and she adhered to {GPE[Judaism]}.
{PERSON[Alice Drummond]} at IMDb
{PERSON[Alice Drummond]} at the Internet Broadway Database
 </spacy_body>
</doc>