<?xml version="1.0" encoding="utf-8"?>
<doc>
 <title>
  Alicia Leigh Willis
 </title>
 <original_abstract>
  Alicia Leigh Willis (born March 1, 1978) is an American actress. She is known for her roles in soap operas.
 </original_abstract>
 <spacy_abstract>
  {PERSON[Alicia Leigh Willis]} (born {DATE[March 1, 1978]}) is an {NORP[American]} actress. She is known for her roles in soap operas.
 </spacy_abstract>
 <original_body>
  Alicia was born in Atlanta, Georgia.  She is one of four children. Sisters Kimberly and Tiffany, and brother Ryan. Her father is actor David E. Willis and her mother is Leigh Willis.
Alicia currently resides in Aliso Viejo, California.
She portrayed Alli Fowler on the NBC soap opera Another World from 1998 to 1999.  From December 2001 to February 2006, Willis played Courtney Matthews on the ABC soap opera, General Hospital.  She was nominated for two Daytime Emmy awards for her work on GH.
Willis also had a recurring role as Corey Conway on the WB Network series 7th Heaven. In October 2006, Willis guest starred on CSI: Miami. She starred as Elizabeth, the title role of the 2007 MyNetworkTV telenovela American Heiress.
Official website
Alicia Leigh Willis at IMDb
 </original_body>
 <spacy_body>
  {ORG[Alicia]} was born in {GPE[Atlanta]}, {GPE[Georgia]}.  She is {CARDINAL[one]} of {CARDINAL[four]} children. Sisters Kimberly and {GPE[Tiffany]}, and brother {PERSON[Ryan]}. Her father is actor {PERSON[David E. Willis]} and her mother is {PERSON[Leigh Willis]}.
{GPE[Alicia]} currently resides in {GPE[Aliso Viejo]}, {GPE[California]}.
She portrayed {PERSON[Alli Fowler]} on the {ORG[NBC]} soap opera {ORG[Another World]} from {DATE[1998]} to {DATE[1999]}.  From {DATE[December 2001]} to {DATE[February 2006]}, {PERSON[Willis]} played {PERSON[Courtney Matthews]} on the {ORG[ABC]} soap opera, {ORG[General Hospital]}.  She was nominated for {CARDINAL[two]} {TIME[Daytime]} Emmy awards for her work on GH.
{PERSON[Willis]} also had a recurring role as {FAC[Corey Conway]} on the {EVENT[WB Network series]} {ORDINAL[7th]} Heaven. In {DATE[October 2006]}, {ORG[Willis]} guest starred on {ORG[CSI]}: {GPE[Miami]}. She starred as {PERSON[Elizabeth]}, the title role of the {DATE[2007]} MyNetworkTV telenovela {ORG[American Heiress]}.
Official website
{PERSON[Alicia Leigh Willis]} at IMDb
 </spacy_body>
</doc>