<?xml version="1.0" encoding="utf-8"?>
<doc>
 <title>
  Alice Tissot
 </title>
 <original_abstract>
  Alice Tissot (1 January 1890 – 5 May 1971) was a French actress.
 </original_abstract>
 <spacy_abstract>
  {PERSON[Alice Tissot]} ({DATE[1 January 1890]} – {DATE[5 May 1971]}) was a {NORP[French]} actress.
 </spacy_abstract>
 <original_body>
  Media related to Alice Tissot at Wikimedia Commons
Alice Tissot on data.bnf.fr
Alice Tissot at IMDb
 </original_body>
 <spacy_body>
  Media related to {PERSON[Alice Tissot]} at {ORG[Wikimedia Commons]}
{PERSON[Alice Tissot]} on {PERSON[data.bnf.fr]}
{PERSON[Alice Tissot]} at IMDb
 </spacy_body>
</doc>