<?xml version="1.0" encoding="utf-8"?>
<doc>
 <title>
  Alice Reinheart
 </title>
 <original_abstract>
  Alice Reinheart (May 6, 1910 – June 10, 1993) was an American actress, best known for her work in old-time radio. An article in the September 1940 issue of Radio and Television Mirror magazine described her as "pert, vivacious, beautiful and talented in writing and music as well as acting."
 </original_abstract>
 <spacy_abstract>
  {PERSON[Alice Reinheart]} ({DATE[May 6, 1910 –]} {DATE[June 10, 1993]}) was an {NORP[American]} actress, best known for her work in old-time radio. An article in the {DATE[September 1940]} issue of {ORG[Radio and Television Mirror]} magazine described her as "pert, vivacious, beautiful and talented in writing and music as well as acting."
 </spacy_abstract>
 <original_body>
  Reinheart was born May 6, 1910, in San Francisco, California and grew up in Winnemucca, Nevada. She was called "a child prodigy, [who] gave piano concerts when she was 12." Reinheart "traveled extensively in Europe" before she was 16 years old. Later, she studied journalism at the University of Wisconsin, studied drama and languages at the University of California and studied piano at the San Francisco Conservatory of Music.
Reinheart's debut on radio came in 1928 on KYA in San Francisco, California. She went on to appear in both soap operas and prime-time dramatic programs. A 1936 news brief reported, "She has appeared in as many as 12 programs in one week." She was perhaps best known for her role of Chichi in Life Can Be Beautiful (1938-1946).Reinheart's other work on radio included roles in One Man's Family, The Woman in My House, Nona from Nowhere, Wendy Warren and the News, Young Doctor Malone, Treasury Agent, Front Page Farrell, Romance, Inc., Call the Police, Casey, Press Photographer, Her Honor, Nancy James, John's Other Wife, Gang Busters, On Broadway, and The Court of Human Relations. She and her husband, Les Tremayne, had a morning talk show, The Tremaynes, in the late 1940s.,Reinheart's vocal talents for radio included her ability to scream in a way "fit to send cold shivers up and down the backs of the unseen audience, fit to make one's hair stand on end." A newspaper article reported, "Alice Reinheart has [a] vocal range of three and one-half octaves [and] can scream ten full notes above high C" and that she "can drive the studio control needle up to 60 decibels, which is tops for the measuring instrument."One of Reinheart's radio roles led to a compliment from British royalty. After an episode of The March of Time had Reinheart portraying the Duchess of Windsor, Reinheart "subsequently was invited to a reception by the Duchess, who was pleased by the portrayal."
Beginning when she was 15, Reinheart acted for two years in stock productions with the Players Guild in San Francisco, California. Her Broadway credits include Papavert (1931-1932), Foolscap (1933), The Mask and the Face (1933), The Drums Begin (1933), The Wooden Slipper (1934), Journey to Jerusalem (1940), and Leaf and Bough (1949).
During a trip abroad, Reinheart "made moving picture shorts in English, German, and French." A brief item in a 1932 issue of the trade publication Film Daily reported that she "appeared in several shorts and feature productions for Ufa while in Berlin." Her first appearance in an American film was in The Sky Hawk, produced at the Brooklyn Vitaphone studio (not to be confused with The Sky Hawk, produced in 1929 by Fox Film Corporation). Feature films in which she appeared included The Lieutenant Wore Skirts, Bachelor Flat, and The Iron Sheriff.In 1941, Reinheart participated in a blend of stage and film. She was in the cast of Journey to Jerusalem, which was filmed and made available "throughout the land" for exhibition by "more than 25,000 owners and renters of 16 millimeter sound-equipped projectors" as part of a project called Theater-on-Film Inc.
Reinheart appeared in a number of television programs, including Dragnet, The Donna Reed Show, The Danny Thomas Show, Get Smart, I Dream of Jeannie, and Mission Impossible.
Reinheart was an avid reader, so much so that a 1940 magazine article said, "her own home is practically a library with living-quarters attached. She has a large collection of fine editions, and a four-volume scrapbook which she began in 1928, into which she copies in her own handwriting excerpts from the world's greatest literature."On September 26, 1938, Reinheart married William Burke Miller, who had won a Pulitzer Prize when he was a newspaper reporter. They met when he was night manager at NBC. Her second marriage was to actor Les Tremayne on December 11, 1945.In the 1970s, Reinheart moved to Farmington, Connecticut. She was president of the Farmington Historical Society.
Reinheart died June 10, 1993, at the Brightview Convalescent Home in Avon, Connecticut. She had no survivors.
Alice Reinheart at IMDb
Alice Reinheart at Find a Grave
 </original_body>
 <spacy_body>
  {ORG[Reinheart]} was born {DATE[May 6, 1910]}, in {GPE[San Francisco]}, {GPE[California]} and grew up in {GPE[Winnemucca]}, {GPE[Nevada]}. She was called "a child prodigy, [who] gave piano concerts when she was {DATE[12]}." {WORK_OF_ART[Reinheart]} "traveled extensively in {LOC[Europe]}" before she was {DATE[16 years old]}. Later, she studied journalism at {ORG[the University of Wisconsin]}, studied drama and languages at {ORG[the University of California]} and studied piano at {FAC[the San Francisco Conservatory of Music]}.
{PERSON[Reinheart]}'s debut on radio came in {DATE[1928]} on {ORG[KYA]} in {GPE[San Francisco]}, {GPE[California]}. She went on to appear in both soap operas and prime-time dramatic programs. A {DATE[1936]} news brief reported, "She has appeared in {CARDINAL[as many as 12]} programs in {DATE[one week]}." She was perhaps best known for her role of {ORG[Chichi]} in Life Can Be Beautiful (1938-1946).Reinheart's other work on radio included roles in {CARDINAL[One]} Man's Family, The Woman in My House, {PERSON[Nona]} from {GPE[Nowhere]}, {PERSON[Wendy Warren]} and the {ORG[News]}, Young Doctor {PERSON[Malone]}, {ORG[Treasury]} Agent, Front Page Farrell, {ORG[Romance, Inc.]}, {ORG[Call the Police]}, {PERSON[Casey]}, {PERSON[Press Photographer]}, Her Honor, {PERSON[Nancy James]}, {PERSON[John]}'s Other Wife, {PERSON[Gang Busters]}, On {FAC[Broadway]}, and {ORG[The Court of Human Relations]}. She and her husband, {PERSON[Les Tremayne]}, had a {TIME[morning]} talk show, The Tremaynes, in {DATE[the late 1940s]}.,Reinheart's vocal talents for radio included her ability to scream in a way "fit to send cold shivers up and down the backs of the unseen audience, fit to make one's hair stand on end." A newspaper article reported, "{PERSON[Alice Reinheart]} has [a] vocal range of {CARDINAL[three and one-half]} octaves [and] can scream {CARDINAL[ten]} full notes above high C" and that she "can drive the studio control needle {CARDINAL[up to 60]} decibels, which is tops for the measuring instrument.{CARDINAL["One]} of {ORG[Reinheart]}'s radio roles led to a compliment from {NORP[British]} royalty. After an episode of The March of Time had {PERSON[Reinheart]} portraying the Duchess of Windsor, Reinheart "subsequently was invited to a reception by the {ORG[Duchess]}, who was pleased by the portrayal."
Beginning when she was {DATE[15]}, {PERSON[Reinheart]} acted for {DATE[two years]} in stock productions with {FAC[the Players Guild]} in {GPE[San Francisco]}, {GPE[California]}. Her {FAC[Broadway]} credits include {PERSON[Papavert]} ({DATE[1931-1932]}), {PERSON[Foolscap]} ({DATE[1933]}), The Mask and the Face ({DATE[1933]}), {WORK_OF_ART[The Drums Begin]} ({DATE[1933]}), {ORG[The Wooden Slipper]} ({DATE[1934]}), {PERSON[Journey]} to {GPE[Jerusalem]} ({DATE[1940]}), and Leaf and Bough ({DATE[1949]}).
During a trip abroad, {PERSON[Reinheart]} "made moving picture shorts in {LANGUAGE[English]}, {NORP[German]}, and {NORP[French]}." A brief item in a {DATE[1932]} issue of the trade publication {ORG[Film Daily]} reported that she "appeared in several shorts and feature productions for {ORG[Ufa]} while in {GPE[Berlin]}." Her {ORDINAL[first]} appearance in an {NORP[American]} film was in {WORK_OF_ART[The Sky Hawk]}, produced at the {FAC[Brooklyn Vitaphone]} studio (not to be confused with {ORG[The Sky Hawk]}, produced in {DATE[1929]} by {ORG[Fox Film Corporation]}). Feature films in which she appeared included {WORK_OF_ART[The Lieutenant Wore Skirts]}, {PERSON[Bachelor Flat]}, and {ORG[The Iron Sheriff]}.In {DATE[1941]}, {ORG[Reinheart]} participated in a blend of stage and film. She was in the cast of {PERSON[Journey]} to {GPE[Jerusalem]}, which was filmed and made available "throughout the land" for exhibition by "{CARDINAL[more than 25,000]} owners and renters of {QUANTITY[16 millimeter]} sound-equipped projectors" as part of a project called {ORG[Theater-on-Film Inc.]}
{ORG[Reinheart]} appeared in a number of television programs, including {PERSON[Dragnet]}, {WORK_OF_ART[The Donna Reed Show]}, The Danny Thomas Show, Get Smart, I Dream of {PERSON[Jeannie]}, and Mission Impossible.
{PERSON[Reinheart]} was an avid reader, so much so that a {DATE[1940]} magazine article said, "her own home is practically a library with living-quarters attached. She has a large collection of fine editions, and a {CARDINAL[four]}-volume scrapbook which she began in {DATE[1928]}, into which she copies in her own handwriting excerpts from the world's greatest literature."On {DATE[September 26, 1938]}, {PERSON[Reinheart]} married {PERSON[William Burke Miller]}, who had won {WORK_OF_ART[a Pulitzer Prize]} when he was a newspaper reporter. They met when he was night manager at {ORG[NBC]}. Her {ORDINAL[second]} marriage was to actor {PERSON[Les Tremayne]} on {DATE[December 11]}, 1945.In {DATE[the 1970s]}, {ORG[Reinheart]} moved to {GPE[Farmington]}, {GPE[Connecticut]}. She was president of {ORG[the Farmington Historical Society]}.
{PERSON[Reinheart]} died {DATE[June 10, 1993]}, at {FAC[the Brightview Convalescent Home]} in {GPE[Avon]}, {GPE[Connecticut]}. She had no survivors.
{PERSON[Alice Reinheart]} at IMDb
{PERSON[Alice Reinheart]} at Find a Grave
 </spacy_body>
</doc>