<?xml version="1.0" encoding="utf-8"?>
<doc>
 <title>
  Alice B. Russell
 </title>
 <original_abstract>
  Alice Burton Russell (June 30, 1889 – January 1, 1985) was an African-American actress, producer, and the wife of director Oscar Micheaux. She appeared in several films directed by her husband.
 </original_abstract>
 <spacy_abstract>
  {PERSON[Alice Burton Russell]} ({DATE[June 30, 1889]} – {DATE[January 1, 1985]}) was an {NORP[African-American]} actress, producer, and the wife of director {PERSON[Oscar Micheaux]}. She appeared in several films directed by her husband.
 </spacy_abstract>
 <original_body>
  She was born in Maxton, North Carolina. Her parents were Mrs. M. J. Russell and Robert Russell, who was a prominent newspaper editor, publisher, and politician.She was mentioned often as A. Burton Russell in credits. She produced three films by her husband and worked as miscellaneous crew in two films.
Russell and Micheaux married on March 20, 1926, in Montclair, New Jersey.She was buried in an unmarked grave in Greenwood Cemetery in Rye, New York.
As actress:

The Broken Violin  (1928)
Wages of Sin (1929)
When Men Betray (1929)
Easy Street (1930)
A Daughter of the Congo (1930)
Veiled Aristocrats (1932)
Ten Minutes to Live (1932)
The Girl from Chicago (1932)
Harlem After Midnight (1934)
Murder in Harlem (1935)
God's Step Children (1938)
Birthright (1939)
The Betrayal (1948)As producer:

Darktown Revue (1931)
Murder in Harlem (1935)
Birthright (1939)As miscellaneous crew:

Ten Minutes to Live (1932)
Swing! (1938)
Oscar Micheaux
Alice B. Russell at IMDb
Alice B. Russell at the Women Film Pioneers Project
 </original_body>
 <spacy_body>
  She was born in {GPE[Maxton]}, {GPE[North Carolina]}. Her parents were Mrs. {PERSON[M. J. Russell]} and {PERSON[Robert Russell]}, who was a prominent newspaper editor, publisher, and politician.She was mentioned often as {PERSON[A. Burton Russell]} in credits. She produced {CARDINAL[three]} films by her husband and worked as miscellaneous crew in {CARDINAL[two]} films.
{PERSON[Russell]} and {PERSON[Micheaux]} married on {DATE[March 20, 1926]}, in {GPE[Montclair]}, {GPE[New Jersey]}.She was buried in an unmarked grave in {GPE[Greenwood Cemetery]} in {GPE[Rye]}, {GPE[New York]}.
As actress:

{PRODUCT[The Broken Violin]}  ({DATE[1928]})
Wages of {ORG[Sin (1929]})
When {PERSON[Men Betray]} ({DATE[1929]})
Easy Street ({DATE[1930]})
{WORK_OF_ART[A Daughter of the Congo]} (1930)
Veiled Aristocrats ({DATE[1932]})
{TIME[Ten Minutes to Live (1932]})
The Girl from {GPE[Chicago]} ({DATE[1932]})
{PERSON[Harlem After Midnight]} ({DATE[1934]})
Murder in {LOC[Harlem]} ({DATE[1935]})
God's Step Children (1938)
{TIME[Birthright]} ({DATE[1939]})
The Betrayal ({CARDINAL[1948)As]} producer:

Darktown Revue ({DATE[1931]})
Murder in {LOC[Harlem]} ({DATE[1935]})
Birthright ({CARDINAL[1939)As]} miscellaneous crew:

{TIME[Ten Minutes]} to Live (1932)
Swing! (1938)
{PERSON[Oscar Micheaux]}
{PERSON[Alice B. Russell]} at IMDb
{PERSON[Alice B. Russell]} at {ORG[the Women Film Pioneers Project]}
 </spacy_body>
</doc>