<?xml version="1.0" encoding="utf-8"?>
<doc>
 <title>
  Aline Towne
 </title>
 <original_abstract>
  Fern Aline Waller (née Eggen, 7 November 1919 – 2 February 1996), known as Aline Towne, was an American film and television actress, best remembered for her lead roles in 1950s Republic serials, such as Radar Men from the Moon.
 </original_abstract>
 <spacy_abstract>
  {PERSON[Fern Aline Waller]} (née {PERSON[Eggen]}, {DATE[7 November 1919]} – {DATE[2 February 1996]}), known as {PERSON[Aline Towne]}, was an {NORP[American]} film and television actress, best remembered for her lead roles in {DATE[1950s]} Republic serials, such as {ORG[Radar Men]} from the {PERSON[Moon]}.
 </spacy_abstract>
 <original_body>
  Towne was born in Saint Paul, Minnesota.
Towne appeared in dozens of roles on television, in series such as Lassie, Leave It to Beaver,  Sea Hunt, Wagon Train, Maverick, The Lone Ranger, and The Donna Reed Show. In 1952 she played Lara, Superman's mother in the first episode of the Adventures of Superman.  She also had a small speaking role (billed as Fern Eggen) in White Heat (1949).
She died in Burbank, California in 1996.
Aline Towne at IMDb
Aline Towne at Rotten Tomatoes
 </original_body>
 <spacy_body>
  {ORG[Towne]} was born in {GPE[Saint Paul]}, {GPE[Minnesota]}.
Towne appeared in {CARDINAL[dozens]} of roles on television, in series such as {ORG[Lassie]}, Leave It to Beaver,  {PERSON[Sea Hunt]}, {ORG[Wagon Train]}, {PERSON[Maverick]}, {PERSON[The Lone Ranger]}, and {WORK_OF_ART[The Donna Reed Show]}. In {DATE[1952]} she played {PRODUCT[Lara]}, {ORG[Superman]}'s mother in the {ORDINAL[first]} episode of the Adventures of {ORG[Superman]}.  She also had a small speaking role (billed as {PERSON[Fern Eggen]}) in {ORG[White Heat]} ({DATE[1949]}).
She died in {GPE[Burbank]}, {GPE[California]} in {DATE[1996]}.
{PERSON[Aline Towne]} at IMDb
{PERSON[Aline Towne]} at Rotten Tomatoes
 </spacy_body>
</doc>