<?xml version="1.0" encoding="utf-8"?>
<doc>
 <title>
  Aline MacMahon
 </title>
 <original_abstract>
  Aline Laveen MacMahon (May 3, 1899 – October 12, 1991) was an American actress. Her career began on stage in 1921. She worked extensively in film and television until her retirement in 1975. She was nominated for an Academy Award for Best Supporting Actress for her performance in Dragon Seed (1944).
 </original_abstract>
 <spacy_abstract>
  {PERSON[Aline Laveen MacMahon]} ({DATE[May 3, 1899 – October 12, 1991]}) was an {NORP[American]} actress. Her career began on stage in {DATE[1921]}. She worked extensively in film and television until her retirement in {DATE[1975]}. She was nominated for an Academy Award for Best Supporting Actress for her performance in {ORG[Dragon Seed]} ({DATE[1944]}).
 </spacy_abstract>
 <original_body>
  MacMahon was born in McKeesport, Pennsylvania, to William Marcus MacMahon and Jennie (née Simon). Her father was an editor with the Associated Press and the editor of Munsey's Magazine.Her parents married on July 14, 1898, in Columbus, Ohio. Her father died on September 6, 1931. Her mother, an avid bell collector, died in 1984, aged 106.MacMahon was entertaining as early as 1908, when a newspaper article reported "a series of songs and dances by Aline MacMahon" at St. Jude's Church in Brooklyn.
MacMahon was raised in Brooklyn in New York City and educated at public school 103, Erasmus Hall High School (Brooklyn) and Barnard College.
MacMahon made her professional debut in 1914.She began appearing on Broadway in 1921 in The Madras House. (Another source says that her first Broadway performance was in The Mirage in 1921.) Her Broadway credits include 24 shows. Her first film role was the Pre-Code Five Star Final (1931); she alternated between Broadway and Hollywood throughout her career.Screen World Presents the Encyclopedia of Hollywood Film Actors states of MacMahon (in part): "She proved to be a fine, sympathetic actress with a quick wit and tart tongue who then moved into character roles with ease as she became plumper and more motherly looking."
On March 28, 1928, MacMahon married Clarence Stein, an architect and city planner, who founded the Regional Planning Association. For long periods throughout their marriage, she lived in Los Angeles, while Stein lived in New York City. He died in 1975. They had no children. MacMahon was chairwoman of the Equity Library Theater in 1950. She organized productions for community theaters and was active in relief charities.
MacMahon died in 1991, aged 92, of pneumonia in New York City, seven years after the death of her mother Jennie, who died at age 106 in 1984.
The New York Public Library has a collection of MacMahon's papers that document various aspects of her life. They are housed in the library's Billy Rose Theatre Division.
The 1910 United States Federal Census for Brooklyn, New York, April 16, 1910, Enumeration District 1409, Sheet 5.
The 1920 United States Federal Census for Manhattan Assembly District 13, January 25, 1920, Enumeration District 943, Sheet 9A.
U.S. Passport Applications 1795–1925, Roll 1533-6376-6749, March 19–21, 1921 (Ancestry.com)

Aline MacMahon at IMDb 
Aline MacMahon at AllMovie 
Aline MacMahon at the TCM Movie Database 
Aline MacMahon discography at Discogs
Aline MacMahon at the Internet Broadway Database 
Aline MacMahon at the Internet Off-Broadway Database
Aline MacMahon at Find a Grave 
Literature on Aline MacMahon
Aline MacMahon papers, 1899-1989, held by the Billy Rose Theatre Division, New York Public Library for the Performing Arts
 </original_body>
 <spacy_body>
  {ORG[MacMahon]} was born in {GPE[McKeesport]}, {GPE[Pennsylvania]}, to {PERSON[William Marcus MacMahon]} and {PERSON[Jennie]} ({PERSON[née Simon]}). Her father was an editor with {ORG[the Associated Press]} and the editor of {ORG[Munsey's Magazine]}.Her parents married on {DATE[July 14, 1898]}, in {GPE[Columbus]}, {GPE[Ohio]}. Her father died on {DATE[September 6, 1931]}. Her mother, an avid bell collector, died in {DATE[1984]}, aged {ORG[106.MacMahon]} was entertaining as early as {DATE[1908]}, when a newspaper article reported "a series of songs and dances by {NORP[Aline MacMahon]}" at {GPE[St. Jude's]} Church in {GPE[Brooklyn]}.
{ORG[MacMahon]} was raised in {GPE[Brooklyn]} in {GPE[New York City]} and educated at public school {CARDINAL[103]}, {ORG[Erasmus Hall High School (Brooklyn]}) and {ORG[Barnard College]}.
{ORG[MacMahon]} made her professional debut in 1914.She began appearing on {FAC[Broadway]} in {DATE[1921]} in {LOC[The Madras House]}. (Another source says that her first {FAC[Broadway]} performance was in The {ORG[Mirage]} in {DATE[1921]}.) Her {FAC[Broadway]} credits include {CARDINAL[24]} shows. Her {ORDINAL[first]} film role was the Pre-Code Five Star Final ({DATE[1931]}); she alternated between {FAC[Broadway]} and {GPE[Hollywood]} throughout her career.{ORG[Screen World Presents the Encyclopedia of Hollywood Film Actors]} states of {ORG[MacMahon]} (in part): "She proved to be a fine, sympathetic actress with a quick wit and tart tongue who then moved into character roles with ease as she became plumper and more motherly looking."
On {DATE[March 28, 1928]}, {ORG[MacMahon]} married {PERSON[Clarence Stein]}, an architect and city planner, who founded {ORG[the Regional Planning Association]}. For long periods throughout their marriage, she lived in {GPE[Los Angeles]}, while {PERSON[Stein]} lived in {GPE[New York City]}. He died in {DATE[1975]}. They had no children. {ORG[MacMahon]} was chairwoman of {ORG[the Equity Library Theater]} in {DATE[1950]}. She organized productions for community theaters and was active in relief charities.
{ORG[MacMahon]} died in {DATE[1991]}, aged {DATE[92]}, of pneumonia in {GPE[New York City]}, {DATE[seven years]} after the death of her mother {PERSON[Jennie]}, who died at {DATE[age 106 in 1984]}.
{ORG[The New York Public Library]} has a collection of {ORG[MacMahon]}'s papers that document various aspects of her life. They are housed in the library's {PERSON[Billy Rose]} {ORG[Theatre Division]}.
The {DATE[1910]} {ORG[United States Federal Census for]} {GPE[Brooklyn]}, {GPE[New York]}, {DATE[April 16, 1910]}, {LOC[Enumeration District]} {DATE[1409]}, Sheet {CARDINAL[5]}.
The {DATE[1920]} {ORG[United States Federal Census]} for {ORG[Manhattan Assembly District]} 13, {DATE[January 25, 1920]}, {LOC[Enumeration District]} 943, Sheet {CARDINAL[9A.]}
{GPE[U.S.]} Passport Applications 1795–1925, Roll {DATE[1533-6376-6749]}, {DATE[March 19–21, 1921]} ({ORG[Ancestry.com]})

{PERSON[Aline MacMahon]} at IMDb 
{PERSON[Aline MacMahon]} at {ORG[AllMovie]} 
{PERSON[Aline MacMahon]} at the {ORG[TCM]} Movie Database 
{PERSON[Aline MacMahon]} discography at {WORK_OF_ART[Discogs
Aline]} MacMahon at the Internet {FAC[Broadway]} Database 
Aline MacMahon at {FAC[the Internet Off-Broadway Database]}
{PERSON[Aline]} MacMahon at Find a Grave 
Literature on {PERSON[Aline MacMahon]}
{PERSON[Aline MacMahon]} papers, {DATE[1899-1989]}, held by the Billy Rose {ORG[Theatre Division]}, {GPE[New York Public Library]} for {ORG[the Performing Arts]}
 </spacy_body>
</doc>