<?xml version="1.0" encoding="utf-8"?>
<doc>
 <title>
  Aline Waites
 </title>
 <original_abstract>
  Aline Waites is an English actress, director, producer, reviewer and writer.
 </original_abstract>
 <spacy_abstract>
  {PERSON[Aline Waites]} is an {LANGUAGE[English]} actress, director, producer, reviewer and writer.
 </spacy_abstract>
 <original_body>
  Aline Waites was born in Kingston upon Hull, educated at Froebel House School, and studied for the theatre at Webber Douglas Academy. Before her grown-up training, she was already skilled in dancing, singing and modelling and had written a prize-winning comedy.
On graduation she won the Silver Medal and a BBC contract, and at the BBC was lucky to work with famous actors of the day, including John Gielgud to whose Ernest Worthing she played Cecily in The Importance of Being Earnest. She played Gwen, the daughter of Mrs Dale for many years in the BBC's famous fictional diarist in Mrs Dale's Diary, later known as The Dales. Her mother was first Ellis Powell and later Jessie Matthews. Latterly, single-again Gwen took increased prominence as the parental characters aged, with her choice of new husband a major cliff-hanger just before the serial ended.
As a stage actress, Aline Waites did many tours and seasons, including Rep at Torquay, Bournemouth, Southampton and Bangor in Northern Ireland. Favourite roles were Marilyn Monroe in The White Whore, Jane Eyre and Melanie in Gone with the Wind 2.
On television she debuted as Lottie in The Puppet Master, a live transmission in 1956. She played Nurse Joan Edwards in Emergency Ward 10, and was in A Life of Bliss and other drama productions.
She started Aba Daba Music Hall, the first fully professional pub theatre company, at the Mother Redcap, Camden Town, and from 1970 at the Pindar of Wakefield Theatre in Gray's Inn Road. This venue (now the Water Rats) was purpose built for the company. In 1980 she produced a political twice nightly revue for Kennedy's in the Kings Road called Downstairs at Kennedy's. A new project at Underneath The Arches in Southwark, begun in 1991, continued until 1996.  The music hall performances were at first traditional, but soon became well known for their radical nature.
Her life partner for many years was Robin Hunter.  With him she created political pantomimes each year for the Pindar, The Arches and the Canal Cafe Theatre. Together they wrote twenty five shows. With Robin Hunter and John Gould she wrote Hit the Fan or Not the News Revue, performed at the Canal Cafe.
She wrote Stairway to Paradise, a musical biography of Marilyn Monroe, with music arranged by David Wykes, which was performed at The Arches and the Canal Cafe.
She has organised big charity performances at venues including The Old Vic, the Shaftesbury Theatre, the May Fair Theatre and Charing Cross Music Hall – also shows in Scandinavia, France, Germany, Canada, and the USA.
Her company did three summer seasons in Copenhagen, and toured major cities in Denmark many times throughout the seventies.
Presentations included Gone with the Wind 2 (nineteen productions in various venues) and Road to Casablanca, which were written with Robin Hunter and David Kelsey. Fanny's Revenge with music by Jeff Clarke and Death on the Isle – music by Antony Feldman – were Waites/Hunter musical comedies.
Non-music theatre was represented by her production of Pinter's The Birthday Party for a tour of Denmark.
She has also written comedy sketches for the younger generation, including the Brighton Revue Company.
She co-wrote, with Robin Hunter and David Wykes, The Illustrated Victorian Songbook, Michael Joseph 1985. Her novel A Thing Called Joe was published in 2016, quickly followed by the next book She That Plays the Queen.  Other writing projects, both books and plays, are in preparation.
As a director of plays, her productions include Waiting in the Wings, Noël Coward's play set in an actress's retirement home – with a cast of eighteen on a small stage – as well as Coward's Still Life and Red Peppers.
Aline Waites has been a reviewer and interviewer for Plays and Players national theatre magazine, and other journals. She now reviews for the Ham and High (the Hampstead and Highgate Express), for Remotegoat, and elsewhere. She took a BA hons lit degree from the Open University in 2005.
She was for several years on the North West Branch Committee of Equity.  She is also a member of Writers and Artists, Actors' Benevolent Fund, Writers' Guild of Great Britain and Musical Theatre Network.
Radio Times Archive, BBC Caversham
Theatre World Annual ed by Frances Stephens, pub Rockliff, London, successive years
The Stage Yearbook pub Carson &amp; Comerford, London, successive years
Radio Times Annual pub BBC 1956, pp 44–47: Round the Dale Country
Mrs Dale's Diary: Gwen's Love Story pub Chambers, London &amp; Edinburgh, and  BBC 1961
The Illustrated Victorian Songbook by Hunter, Waites &amp; Wykes, pub Michael Joseph 1985
Aline Waites at IMDb
 </original_body>
 <spacy_body>
  {PERSON[Aline Waites]} was born in {GPE[Kingston upon Hull]}, educated at {ORG[Froebel House School]}, and studied for the theatre at {ORG[Webber Douglas Academy]}. Before her grown-up training, she was already skilled in dancing, singing and modelling and had written a prize-winning comedy.
On graduation she won {LOC[the Silver Medal]} and a {ORG[BBC]} contract, and at the {ORG[BBC]} was lucky to work with famous actors of {DATE[the day]}, including {PERSON[John Gielgud]} to whose {PERSON[Ernest Worthing]} she played Cecily in {LOC[The Importance of Being Earnest]}. She played {PERSON[Gwen]}, the daughter of Mrs {PERSON[Dale]} for {DATE[many years]} in the {ORG[BBC]}'s famous fictional diarist in {WORK_OF_ART[Mrs Dale's Diary]}, later known as The Dales. Her mother was first {PERSON[Ellis Powell]} and later {PERSON[Jessie Matthews]}. Latterly, single-again {PERSON[Gwen]} took increased prominence as the parental characters aged, with her choice of new husband a major cliff-hanger just before the serial ended.
As a stage actress, {PERSON[Aline Waites]} did many tours and seasons, including {ORG[Rep]} at {GPE[Torquay]}, {PERSON[Bournemouth]}, {GPE[Southampton]} and {GPE[Bangor]} in {GPE[Northern Ireland]}. Favourite roles were {PERSON[Marilyn Monroe]} in {ORG[The White Whore]}, {PERSON[Jane Eyre]} and {PERSON[Melanie]} in Gone with the Wind 2.
On television she debuted as Lottie in The Puppet Master, a live transmission in {DATE[1956]}. She played {PERSON[Nurse Joan Edwards]} in Emergency Ward 10, and was in {WORK_OF_ART[A Life of Bliss]} and other drama productions.
She started {ORG[Aba Daba Music Hall]}, the first fully professional pub theatre company, at {FAC[the Mother Redcap]}, {GPE[Camden Town]}, and from {DATE[1970]} at {FAC[the Pindar of Wakefield Theatre]} in {FAC[Gray's Inn Road]}. This venue (now {WORK_OF_ART[the Water Rats]}) was purpose built for the company. In {DATE[1980]} she produced a political twice {DATE[nightly]} {PERSON[revue]} for {PERSON[Kennedy]}'s in {FAC[the Kings Road]} called Downstairs at {PERSON[Kennedy]}'s. A new project at Underneath The Arches in {PERSON[Southwark]}, begun in {DATE[1991]}, continued until {DATE[1996]}.  The music hall performances were at {ORDINAL[first]} traditional, but soon became well known for their radical nature.
Her life partner for {DATE[many years]} was {PERSON[Robin Hunter]}.  With him she created political pantomimes {DATE[each year]} for the {ORG[Pindar]}, The Arches and {FAC[the Canal Cafe Theatre]}. Together they wrote {CARDINAL[twenty five]} shows. With {PERSON[Robin Hunter]} and {PERSON[John Gould]} she wrote Hit the Fan or Not {WORK_OF_ART[the News Revue]}, performed at {FAC[the Canal Cafe]}.
She wrote {PERSON[Stairway]} to Paradise, a musical biography of {PERSON[Marilyn Monroe]}, with music arranged by {PERSON[David Wykes]}, which was performed at {WORK_OF_ART[The Arches]} and {FAC[the Canal Cafe]}.
She has organised big charity performances at venues including {WORK_OF_ART[The Old Vic]}, {FAC[the Shaftesbury Theatre]}, {FAC[the May Fair Theatre]} and {ORG[Charing Cross Music Hall]} – also shows in {LOC[Scandinavia]}, {GPE[France]}, {GPE[Germany]}, {GPE[Canada]}, and the {GPE[USA]}.
Her company did {DATE[three summer seasons]} in {ORG[Copenhagen]}, and toured major cities in {GPE[Denmark]} many times throughout {DATE[the seventies]}.
Presentations included Gone with {WORK_OF_ART[the Wind 2]} (nineteen productions in various venues) and {WORK_OF_ART[Road to Casablanca]}, which were written with {PERSON[Robin Hunter]} and {PERSON[David Kelsey]}. Fanny's Revenge with music by {PERSON[Jeff Clarke]} and Death on the Isle – music by {PERSON[Antony Feldman]} – were {ORG[Waites/Hunter]} musical comedies.
Non-music theatre was represented by her production of {ORG[Pinter's The Birthday Party]} for a tour of {GPE[Denmark]}.
She has also written comedy sketches for the younger generation, including {ORG[the Brighton Revue Company]}.
She co-wrote, with {PERSON[Robin Hunter]} and {PERSON[David Wykes]}, {ORG[The Illustrated Victorian Songbook]}, {PERSON[Michael Joseph]} {DATE[1985]}. Her novel {WORK_OF_ART[A Thing Called Joe]} was published in {DATE[2016]}, quickly followed by the next book She {WORK_OF_ART[That Plays the Queen]}.  Other writing projects, both books and plays, are in preparation.
As a director of plays, her productions include {WORK_OF_ART[Waiting in the Wings, Noël Coward's]} play set in an actress's retirement home – with a cast of {CARDINAL[eighteen]} on a small stage – as well as {ORG[Coward's Still Life and Red Peppers]}.
{PERSON[Aline Waites]} has been a reviewer and interviewer for Plays and Players national theatre magazine, and other journals. She now reviews for the Ham and High (the Hampstead and {ORG[Highgate Express]}), for {PERSON[Remotegoat]}, and elsewhere. She took a {ORG[BA]} hons lit degree from {ORG[the Open University]} in {DATE[2005]}.
She was for {DATE[several years]} on {ORG[the North West Branch Committee of Equity]}.  She is also a member of {ORG[Writers and Artists, Actors' Benevolent Fund]}, {ORG[Writers' Guild]} of {GPE[Great Britain]} and {FAC[Musical Theatre Network]}.
{ORG[Radio Times Archive]}, {ORG[BBC Caversham]}
{ORG[Theatre World]} {DATE[Annual]} ed by {PERSON[Frances Stephens]}, pub {PERSON[Rockliff]}, {GPE[London]}, {DATE[successive years]}
{ORG[The Stage Yearbook]} pub {ORG[Carson &amp; Comerford]}, {GPE[London]}, {DATE[successive years]}
{ORG[Radio Times]} {DATE[Annual]} pub {ORG[BBC]} {DATE[1956]}, pp 44–47: Round the Dale Country
Mrs Dale's {WORK_OF_ART[Diary: Gwen's Love Story pub Chambers, London &amp; Edinburgh]}, and  {ORG[BBC]} {DATE[1961]}
The Illustrated Victorian Songbook by {PERSON[Hunter]}, Waites &amp; Wykes, pub {PERSON[Michael Joseph]} {DATE[1985]}
Aline Waites at IMDb
 </spacy_body>
</doc>