<?xml version="1.0" encoding="utf-8"?>
<doc>
 <title>
  Alison LaPlaca
 </title>
 <original_abstract>
  Alison La Placa (born December 16, 1959) is an American actress best known for the role of acid-tongued yuppie Linda Phillips in the Fox sitcoms Duet and its spin-off Open House, both of which aired in the late 1980s.
 </original_abstract>
 <spacy_abstract>
  {PERSON[Alison La Placa]} (born {DATE[December 16, 1959]}) is an {NORP[American]} actress best known for the role of acid-tongued yuppie {PERSON[Linda Phillips]} in the {ORG[Fox]} sitcoms {ORG[Duet]} and its spin-off {ORG[Open House]}, both of which aired in {DATE[the late 1980s]}.
 </spacy_abstract>
 <original_body>
  La Placa is a graduate of Stevenson High School in Lincolnshire, Illinois, a suburb of Chicago. She attended Illinois Wesleyan University, where she majored in drama. She performed in a circus show, Circus Fantastic, at Marriott's Great America, now Six Flags Great America.
Before moving to Los Angeles La Placa worked as a cocktail waitress at Chicago's Palmer House on Michigan Ave.
Shortly after moving to Hollywood, La Placa landed the part of Elyse in television sitcom version of Barry Levinson's film Diner. That pilot did not get picked up, and soon thereafter La Placa got a part in the made-for-TV movie Listen to Your Heart (1983).
The following year La Placa earned a regular spot on Suzanne Pleshette Is Maggie Briggs (1984). She had a small part in Fletch (1985) and she subsequently played Linda Phillips on the series Duet (from 1987 to 1989) and Open House (from 1989 to 1990). LaPlaca also played opposite Kirstie Alley in the 1990 movie Madhouse, with co-star John Larroquette.La Placa has guest-starred on series including ER, Cheers, Family Ties, Desperate Housewives, and Friends (as Rachel's boss, Joanna). She was a regular on Stat (1991), The Jackie Thomas Show (1992), Tom (1994), and the NBC sitcom The John Larroquette Show (from 1994 to 1996). La Placa has also guest-starred on animated series such as Johnny Bravo.
She has been married to TV actor/director Philip Charles MacKenzie (her costar on Open House) since 1992.She also played the character of Andrea in the TV series Boston Legal in two episodes in season 4 ("Glow in the Dark" and "Rescue Me"). She also appeared in Malcolm in the Middle as Barbara in the episode "Convention" and in a recurring role on ’Til Death as Beth, Joy's coworker.
Alison La Placa at AllMovie
Alison La Placa at IMDb
 </original_body>
 <spacy_body>
  {ORG[La Placa]} is a graduate of {ORG[Stevenson High School]} in {GPE[Lincolnshire]}, {GPE[Illinois]}, a suburb of {GPE[Chicago]}. She attended {ORG[Illinois Wesleyan University]}, where she majored in drama. She performed in a circus show, {ORG[Circus Fantastic]}, at {FAC[Marriott's Great America]}, now {TIME[Six Flags Great America]}.
Before moving to {GPE[Los Angeles]} La Placa worked as a cocktail waitress at {GPE[Chicago]}'s {FAC[Palmer House]} on {FAC[Michigan Ave]}.
Shortly after moving to {GPE[Hollywood]}, {ORG[La Placa]} landed the part of {GPE[Elyse]} in television sitcom version of {PERSON[Barry Levinson's]} film {PERSON[Diner]}. That pilot did not get picked up, and soon thereafter {PERSON[La Placa]} got a part in the made-for-TV movie Listen to Your Heart ({DATE[1983]}).
The following year {ORG[La Placa]} earned a regular spot on {PERSON[Suzanne Pleshette]} Is {PERSON[Maggie Briggs]} ({DATE[1984]}). She had a small part in {GPE[Fletch]} ({DATE[1985]}) and she subsequently played {PERSON[Linda Phillips]} on the series {PERSON[Duet]} (from 1987 to 1989) and {ORG[Open House]} (from {DATE[1989 to 1990]}). {ORG[LaPlaca]} also played opposite {ORG[Kirstie Alley]} in the {DATE[1990]} movie {GPE[Madhouse]}, with co-star {PERSON[John Larroquette]}.{PERSON[La Placa]} has guest-starred on series including ER, {ORG[Cheers, Family Ties]}, {ORG[Desperate Housewives]}, and {ORG[Friends]} (as {PERSON[Rachel]}'s boss, {PERSON[Joanna]}). She was a regular on {ORG[Stat]} ({DATE[1991]}), The Jackie Thomas Show ({DATE[1992]}), {PERSON[Tom]} ({DATE[1994]}), and the {ORG[NBC]} sitcom {PERSON[The John Larroquette Show]} (from {DATE[1994 to 1996]}). {ORG[La Placa]} has also guest-starred on animated series such as {PERSON[Johnny Bravo]}.
She has been married to TV actor/director {PERSON[Philip Charles MacKenzie]} (her costar on {ORG[Open House]}) since 1992.She also played the character of {PERSON[Andrea]} in the TV series {ORG[Boston Legal]} in {CARDINAL[two]} episodes in {DATE[season 4]} ({WORK_OF_ART["Glow in the Dark"]} and "{WORK_OF_ART[Rescue Me]}"). She also appeared in {PERSON[Malcolm]} in {LOC[the Middle as Barbara]} in the episode "{WORK_OF_ART[Convention]}" and in a recurring role on {WORK_OF_ART[’Til Death as Beth, Joy's coworker]}.
{PERSON[Alison La Placa]} at {ORG[AllMovie]}
{PERSON[Alison La Placa]} at IMDb
 </spacy_body>
</doc>