<?xml version="1.0" encoding="utf-8"?>
<doc>
 <title>
  Alison Leggatt
 </title>
 <original_abstract>
  Alison Joy Leggatt (7 February 1904 – 15 July 1990) was an English character actress.
 </original_abstract>
 <spacy_abstract>
  {PERSON[Alison Joy Leggatt]} ({DATE[7 February 1904]} – {DATE[15 July 1990]}) was an {LANGUAGE[English]} character actress.
 </spacy_abstract>
 <original_body>
  Born in the Kensington district of London, Leggatt trained under Elsie Fogerty at the Central School of Speech and Drama, then based in the Royal Albert Hall, London.  Leggatt spent the early part of her career primarily on the stage. Her performance in Miles Malleson's The Fanatics in 1927 launched her, according to The New York Times, as "one of the most promising theatrical newcomers of her generation". Other stage work included the original 1931 Drury Lane production of Cavalcade by Noël Coward. Her first major film credit was as Aunt Sylvia in This Happy Breed (1944), Noël Coward's homage to the British working class. She was known for playing a variety of disapproving in-laws, motherly landladies, nosy neighbours and helpful housekeepers. She played opposite Petula Clark three times, in Here Come the Huggetts (1948), The Card (1952) and Goodbye, Mr. Chips (1969). In the John Schlesinger film version of Far from the Madding Crowd (1967) she played Mrs Hurst; her final screen appearance was in the Sherlock Holmes film The Seven-Per-Cent Solution (1976).Additional theatre work included appearances at Stratford, as well as the original West End productions of Bernard Shaw's Geneva in 1938; T.S. Eliot's The Cocktail Party and The Confidential Clerk in 1950 and 1954; John Osborne's Epitaph for George Dillon in 1958 (and its Broadway transfer); Harold Pinter's A Slight Ache in 1961; and N. F. Simpson's One Way Pendulum in 1959 (and its 1964 film version).Leggatt's television credits include Jonathan Miller’s production of Alice’s Adventures in Wonderland’’ (1966) (as the Queen of Hearts) and the 1975 mini-series Edward the Seventh, in which she portrayed Queen Victoria's mother, the Duchess of Kent.
Alison Leggatt died of natural causes in London, aged 86.
Nine till Six (1932) - Freda
This Happy Breed (1944) - Aunt Sylvia
Waterloo Road (1945) - Ruby
It's Hard to Be Good (1948) - Mrs. Buck
Here Come the Huggetts (1948) - Miss Perks
A Boy, a Girl and a Bike (1949) - Mrs. Howarth
Marry Me! (1949) - Miss Beamish
The Miniver Story (1950) - Mrs. Foley (uncredited)
Encore (1951) - Freda Ramsay (segment "The Ant and the Grasshopper")
The Card (1952) - Mrs. Cotterill (uncredited)
Noose for a Lady (1953) - Mrs. Langdon-Humphries
Touch and Go (1955) - Alice Fairbright
Woman Possessed (1958) - Emma
Never Take Sweets from a Stranger (1960) - Martha
Goodbye Again (1961) - Alice
The Day of the Triffids (1962) - Miss Coker
Nothing But the Best (1964) - Mrs. Brewster
One Way Pendulum (1964) - Mrs. Groomkirby
Far from the Madding Crowd (1967) - Mrs. Hurst
Goodbye, Mr. Chips (1969) - Headmaster's Wife
The Hireling (1973)
The Seven-Per-Cent Solution (1976) - Mrs. Hudson
Alison Leggatt at IMDb
Alison Leggatt at the Internet Broadway Database
 </original_body>
 <spacy_body>
  Born in the {GPE[Kensington]} district of {GPE[London]}, {GPE[Leggatt]} trained under {PERSON[Elsie Fogerty]} at {ORG[the Central School of Speech]} and {GPE[Drama]}, then based in {FAC[the Royal Albert Hall]}, {GPE[London]}.  {PERSON[Leggatt]} spent the early part of her career primarily on the stage. Her performance in {PERSON[Miles Malleson's]} {WORK_OF_ART[The Fanatics]} in {DATE[1927]} launched her, according to {ORG[The New York Times]}, as "{CARDINAL[one]} of the most promising theatrical newcomers of her generation". Other stage work included the original {DATE[1931]} {EVENT[Drury Lane]} production of {ORG[Cavalcade]} by {ORG[Noël Coward]}. Her {ORDINAL[first]} major film credit was as {PERSON[Aunt Sylvia]} in {WORK_OF_ART[This Happy Breed]} ({DATE[1944]}), {ORG[Noël Coward's]} homage to the {NORP[British]} working class. She was known for playing a variety of disapproving in-laws, motherly landladies, nosy neighbours and helpful housekeepers. She played opposite {PERSON[Petula Clark]} {CARDINAL[three]} times, in Here Come the Huggetts ({DATE[1948]}), {ORG[The Card (1952]}) and Goodbye, Mr. {PERSON[Chips]} ({DATE[1969]}). In the {PERSON[John Schlesinger]} film version of {WORK_OF_ART[Far from the Madding Crowd (1967]}) she played {PERSON[Mrs Hurst]}; her final screen appearance was in the {WORK_OF_ART[Sherlock Holmes]} film The {CARDINAL[Seven]}-Per-Cent Solution ({QUANTITY[1976).Additional theatre]} work included appearances at {GPE[Stratford]}, as well as the original West End productions of {PERSON[Bernard Shaw's]} {GPE[Geneva]} in {DATE[1938]}; {ORG[T.S. Eliot's]} {ORG[The Cocktail Party]} and {ORG[The Confidential Clerk]} in {DATE[1950]} and {DATE[1954]}; {PERSON[John Osborne's]} {WORK_OF_ART[Epitaph for George Dillon]} in {DATE[1958]} (and its {FAC[Broadway]} transfer); {PERSON[Harold Pinter's]} A Slight Ache in {DATE[1961]}; and {PERSON[N. F. Simpson's]} {CARDINAL[One]} Way Pendulum in {DATE[1959]} (and its {DATE[1964]} film {ORG[version).Leggatt]}'s television credits include {PERSON[Jonathan Miller]}’s production of {WORK_OF_ART[Alice’s Adventures in Wonderland’]}’ (1966) (as {WORK_OF_ART[the Queen of Hearts]}) and the {DATE[1975]} mini-series {PERSON[Edward the]} {ORDINAL[Seventh]}, in which she portrayed {PERSON[Queen Victoria's]} mother, {PERSON[the Duchess of Kent]}.
{PERSON[Alison Leggatt]} died of natural causes in {GPE[London]}, aged {DATE[86]}.
{CARDINAL[Nine]} till {DATE[Six (1932]}) - Freda
{PERSON[This Happy Breed]} ({DATE[1944]}) - Aunt Sylvia
Waterloo Road ({DATE[1945]}) - Ruby
It's {WORK_OF_ART[Hard to Be Good]} (1948) - Mrs. {PERSON[Buck]}
Here Come the Huggetts ({DATE[1948]}) - Miss Perks
{PERSON[A Boy]}, a Girl and a Bike ({DATE[1949]}) - Mrs. {PERSON[Howarth]}
Marry Me! ({DATE[1949]}) - Miss Beamish
{ORG[The Miniver Story]} ({DATE[1950]}) - Mrs. {PERSON[Foley]} (uncredited)
Encore ({DATE[1951]}) - Freda Ramsay (segment "{WORK_OF_ART[The Ant and the Grasshopper]}")
{WORK_OF_ART[The Card (1952]}) - Mrs. {PERSON[Cotterill]} (uncredited)
Noose for a Lady (1953) - Mrs. {PERSON[Langdon]}-Humphries
Touch and Go ({DATE[1955]}) - Alice Fairbright
Woman Possessed ({DATE[1958]}) - Emma
Never Take Sweets from a {PRODUCT[Stranger]} ({DATE[1960]}) - Martha
Goodbye Again ({DATE[1961]}) - Alice
The Day of the Triffids ({DATE[1962]}) - Miss Coker
Nothing But the Best ({DATE[1964]}) - Mrs. Brewster
{CARDINAL[One]} Way Pendulum ({DATE[1964]}) - Mrs. {PERSON[Groomkirby]}
Far from the Madding Crowd ({DATE[1967]}) - Mrs. Hurst
Goodbye, Mr. {PERSON[Chips]} ({DATE[1969]}) {WORK_OF_ART[- Headmaster's Wife
The Hireling]} ({DATE[1973]})
The {CARDINAL[Seven]}-Per-Cent Solution ({DATE[1976]}) - Mrs. {PERSON[Hudson]}
{PERSON[Alison Leggatt]} at IMDb
{PERSON[Alison Leggatt]} at {FAC[the Internet Broadway Database]}
 </spacy_body>
</doc>