<?xml version="1.0" encoding="utf-8"?>
<doc>
 <title>
  Alison Sweeney
 </title>
 <original_abstract>
  Alison Ann Sweeney (born September 19, 1976) is an American actress, reality show host, director and author. Sweeney is best known for her portrayal of Samantha "Sami" Brady on the NBC soap opera Days of Our Lives, a role she played under contract with the show from January 6, 1993 to October 30, 2014. In this role, she earned a Daytime Emmy Award nomination, four Soap Opera Digest Awards and a Fan Voted Daytime Emmy Award. After making sporadic appearances since then, she return as series regular in 2021 in the series. In 2007, she became the host of The Biggest Loser in its fourth season, and left the series at the end of the 16th season in 2015.
 </original_abstract>
 <spacy_abstract>
  {PERSON[Alison Ann Sweeney]} (born {DATE[September 19, 1976]}) is an {NORP[American]} actress, reality show host, director and author. {PERSON[Sweeney]} is best known for her portrayal of Samantha "Sami" {PERSON[Brady]} on the {ORG[NBC]} soap opera {WORK_OF_ART[Days of Our Lives]}, a role she played under contract with the show from {DATE[January 6, 1993 to October 30, 2014]}. In this role, she earned a {EVENT[Daytime Emmy Award]} nomination, {CARDINAL[four]} {ORG[Soap Opera Digest Awards]} and a Fan Voted {WORK_OF_ART[Daytime Emmy Award]}. After making sporadic appearances since then, she return as series regular in {DATE[2021]} in the series. In {DATE[2007]}, she became the host of The Biggest Loser in {DATE[its fourth season]}, and left the series at {DATE[the end of the 16th season]} in {DATE[2015]}.
 </spacy_abstract>
 <original_body>
  Sweeney is of Irish descent and has two brothers. She studied Economics at UCLA but left due to her commitment to Days of Our Lives. On July 8, 2000, Sweeney married David Sanov, after dating for nearly three years. The couple has two children: a son born on February 25, 2005, and a daughter born on January 12, 2009. The family currently lives in Los Angeles.
Her television debut was at age five in a Kodak advertisement. A few years later, she was in the episode "I Can't Help Saying Goodbye" of the horror series Tales from the Darkside, playing a young girl who could sense when others were going to die shortly before their deaths. In 1988, she appeared on the short-lived ABC sitcom Family Man, and the following year, was cast as Christy McCray on Brand New Life, a miniseries from future X-Files creator Chris Carter that aired within NBC's Magical World of Disney in October 1989. The miniseries, which co-starred Barbara Eden as Sweeney's mother and Don Murray as her new stepfather, was considered for pick-up as a stand-alone series beyond its Disney tryout, but the regular series never materialized.
On January 6, 1993, then 16-year-old Sweeney first appeared in the role of Samantha "Sami" Brady in the NBC soap opera Days of Our Lives—a show of which she was a fan.In the 1990s, Sweeney struggled with her weight. She eventually was a US dress size 12 (UK dress size 16), not obese by medical standards, but still larger than her television peers. She documented all the tabloid talk and personal anguish in her 2004 memoir, All The Days of My Life (So Far).In 2002, she appeared on a celebrity episode of the NBC reality game show Fear Factor. She has appeared in other NBC shows such as Friends, where she played an actress on Days of Our Lives, and Las Vegas. In 2007, she joined the Jerry Lewis MDA Telethon as a co-host for the live television broadcast. She returned to her co-hosting duties for the 2008, 2009, and 2010 telethons.In 2007, Sweeney took over hosting duties on The Biggest Loser, replacing Caroline Rhea since the fourth season. She was surprised but happy to be offered the role, where she is able to cheer on contestants and share their victories.Sweeney has written three books: "The Star Attraction" (released in May 2013), "Scared Scriptless: A Novel" (released in June 2014) and "Opportunity Knocks" (released in April 2016).In July 2013, Sweeney appeared in Second Chances, a Hallmark Original Movie, alongside Days co-star Greg Vaughan. The movie was filmed before Sweeney and Vaughn became siblings on Days of Our Lives.On January 20, 2014, Sweeney announced on The Ellen DeGeneres Show that after 21 years of being on the air on Days of Our Lives, she will be leaving the show, to focus on spending more time with her family, as well as more time to work on her other show, The Biggest Loser. She stated in the interview that she would be on the show throughout 2014, and that she would like her character on the show to have a happy ending with a Breaking Bad twist.On July 9, 2014, it was announced that Sweeney would be joining General Hospital behind the scenes as a director, starting later that month On April 26, 2015, Sweeney announced that she will be returning to Days of Our Lives to be part of the show's 50th anniversary celebrations.From 2015 to 2017, Sweeney has appeared in the Hallmark Movies &amp; Mysteries film series Murder, She Baked,  based on Joanne Fluke's books.
On August 25, 2015, it was announced that Sweeney would not be returning to The Biggest Loser.Beginning on October 13, 2017, Sweeney reprised her long-term role as Sami Brady on Days of Our Lives, over 24 years after her first appearance as a teenaged Sami Brady.
She was most recently seen playing podcast host Alex McPherson in Hallmark Movies &amp; Mysteries film series Chronicle Mysteries, which started in 2019, with a fifth movie in 2021.
Alison Sweeney at IMDb
Alison Sweeney on Facebook
 </original_body>
 <spacy_body>
  Sweeney is of {NORP[Irish]} descent and has {CARDINAL[two]} brothers. She studied Economics at {ORG[UCLA]} but left due to her commitment to Days of Our Lives. On {DATE[July 8, 2000]}, {PERSON[Sweeney]} married {PERSON[David Sanov]}, after dating for {DATE[nearly three years]}. The couple has {CARDINAL[two]} children: a son born on {DATE[February 25, 2005]}, and a daughter born on {DATE[January 12, 2009]}. The family currently lives in {GPE[Los Angeles]}.
Her television debut was at {DATE[age five]} in a {ORG[Kodak]} advertisement. {DATE[A few years later]}, she was in the episode "{WORK_OF_ART[I Can't Help Saying Goodbye]}" of the horror series Tales from the Darkside, playing a young girl who could sense when others were going to die shortly before their deaths. In {DATE[1988]}, she appeared on the short-lived {ORG[ABC]} sitcom {PERSON[Family Man]}, and {DATE[the following year]}, was cast as {PERSON[Christy McCray]} on Brand New Life, a miniseries from future X-Files creator {PERSON[Chris Carter]} that aired within {ORG[NBC]}'s {ORG[Magical World of Disney]} in {DATE[October 1989]}. The miniseries, which co-starred {PERSON[Barbara Eden]} as {PERSON[Sweeney]}'s mother and {PERSON[Don Murray]} as her new stepfather, was considered for pick-up as a stand-alone series beyond its {ORG[Disney]} tryout, but the regular series never materialized.
On {DATE[January 6, 1993]}, then {DATE[16-year-old]} {PERSON[Sweeney]} {ORDINAL[first]} appeared in the role of Samantha "Sami" Brady in the {ORG[NBC]} soap opera Days of Our Lives—a show of which she was a fan.In {DATE[the 1990s]}, {PERSON[Sweeney]} struggled with her weight. She eventually was a {GPE[US]} dress size {CARDINAL[12]} ({GPE[UK]} dress size {CARDINAL[16]}), not {NORP[obese]} by medical standards, but still larger than her television peers. She documented all the tabloid talk and personal anguish in her {DATE[2004]} memoir, {WORK_OF_ART[All The Days of My Life (So Far).In 2002]}, she appeared on a celebrity episode of the {ORG[NBC]} reality game show {WORK_OF_ART[Fear Factor]}. She has appeared in other {ORG[NBC]} shows such as {PRODUCT[Friends]}, where she played an actress on {WORK_OF_ART[Days of Our Lives]}, and {GPE[Las Vegas]}. In {DATE[2007]}, she joined {ORG[the Jerry Lewis MDA Telethon]} as a co-host for the live television broadcast. She returned to her co-hosting duties for {DATE[the 2008, 2009]}, and {DATE[2010]} telethons.In {DATE[2007]}, {PERSON[Sweeney]} took over hosting duties on The Biggest Loser, replacing {PERSON[Caroline Rhea]} since {DATE[the fourth season]}. She was surprised but happy to be offered the role, where she is able to cheer on contestants and share their victories.{PERSON[Sweeney]} has written {CARDINAL[three]} books: "{WORK_OF_ART[The Star Attraction]}" (released in {DATE[May 2013]}), "Scared Scriptless: A Novel" (released in {DATE[June 2014]}) and "{WORK_OF_ART[Opportunity Knocks]}" (released in {DATE[April 2016).In July 2013]}, {PERSON[Sweeney]} appeared in {ORG[Second Chances]}, a Hallmark Original Movie, alongside {DATE[Days]} co-star {PERSON[Greg Vaughan]}. The movie was filmed before {PERSON[Sweeney]} and {NORP[Vaughn]} became siblings on {DATE[Days]} of Our Lives.On {DATE[January 20, 2014]}, {PERSON[Sweeney]} announced on {WORK_OF_ART[The Ellen DeGeneres Show]} that after {DATE[21 years]} of being on the air on {WORK_OF_ART[Days of Our Lives]}, she will be leaving the show, to focus on spending more time with her family, as well as more time to work on her other show, {PERSON[The Biggest Loser]}. She stated in the interview that she would be on the show throughout {DATE[2014]}, and that she would like her character on the show to have a happy ending with a Breaking Bad twist.On {DATE[July 9, 2014]}, it was announced that {PERSON[Sweeney]} would be joining {ORG[General Hospital]} behind the scenes as a director, starting {DATE[later that month]} On {DATE[April 26, 2015]}, {PERSON[Sweeney]} announced that she will be returning to Days of Our Lives to be part of the show's {ORDINAL[50th]} anniversary celebrations.{DATE[From 2015 to 2017]}, {PERSON[Sweeney]} has appeared in the Hallmark Movies &amp; Mysteries film series {WORK_OF_ART[Murder, She Baked]},  based on {PERSON[Joanne Fluke's]} books.
On {DATE[August 25, 2015]}, it was announced that {PERSON[Sweeney]} would not be returning to The Biggest Loser.Beginning on {DATE[October 13, 2017]}, {PERSON[Sweeney]} reprised her long-term role as {PERSON[Sami Brady]} on {WORK_OF_ART[Days of Our Lives]}, over {DATE[24 years]} after her {ORDINAL[first]} appearance as a teenaged {PERSON[Sami Brady]}.
She was most recently seen playing podcast host {PERSON[Alex McPherson]} in {ORG[Hallmark Movies &amp; Mysteries]} film series {WORK_OF_ART[Chronicle Mysteries]}, which started in {DATE[2019]}, with a {ORDINAL[fifth]} movie in {DATE[2021]}.
{PERSON[Alison Sweeney]} at IMDb
{PERSON[Alison Sweeney]} on {ORG[Facebook]}
 </spacy_body>
</doc>