<?xml version="1.0" encoding="utf-8"?>
<doc>
 <title>
  Alison Eastwood
 </title>
 <original_abstract>
  Alison Eastwood (born May 22, 1972) is an American actress. After three uncredited roles between 1980 and 1997, she appeared as Mandy, the love interest of John Cusack in Midnight in the Garden of Good and Evil (1997).
 </original_abstract>
 <spacy_abstract>
  {PERSON[Alison Eastwood]} (born {DATE[May 22, 1972]}) is an {NORP[American]} actress. After {CARDINAL[three]} uncredited roles {DATE[between 1980 and 1997]}, she appeared as {PERSON[Mandy]}, the love interest of {PERSON[John Cusack]} in Midnight in the Garden of Good and Evil ({DATE[1997]}).
 </spacy_abstract>
 <original_body>
  Eastwood was born in Santa Monica, California, the daughter of Margaret Neville Johnson and actor-director Clint Eastwood. She has a brother, Kyle, and six known paternal half-siblings: Laurie, Kimber, Scott, Kathryn, Francesca, and Morgan.Eastwood attended Santa Catalina School in Monterey, California, and Stevenson School in Pebble Beach. In 1990, aged 18, Eastwood enrolled at UC Santa Barbara to study acting; she did not graduate.
Eastwood landed some professional acting roles during her childhood and preadolescent years, making an uncredited movie debut at the age of seven in Bronco Billy (1980). Her acting in the 1984 thriller Tightrope earned her a Young Artist Award nomination. She has also worked as a runway and magazine model in Paris, posing for several European fashion magazines and Vogue (U.S. edition). She posed nude in the February 2003 issue of Playboy.Since then, Eastwood has again appeared onscreen. Her film credits include Midnight in the Garden of Good and Evil (1997), Just a Little Harmless Sex (1998), Black and White (1999), Friends &amp; Lovers (1999), If You Only Knew (2000), Power Play (2002), Poolhall Junkies (2003), I'll Be Seeing You (2004), Once Fallen (2010), and The Mule (2018).
Eastwood made her directorial debut with Rails &amp; Ties (2007), starring Kevin Bacon and Marcia Gay Harden.She has her own clothing line, called the Eastwood Ranch Apparel. She is the founder of the Eastwood Ranch Foundation, a non-profit animal welfare organization.On the small screen, she appeared in the Nat Geo Wild TV program Animal Intervention. She has also been featured on the reality TV series Chainsaw Gang as one of the sculptor's girlfriends. The sculptor is Stacy Poitras, whom she married on March 15, 2013.Eastwood's cover of "Come Rain or Come Shine", which she is shown performing part of in Midnight in the Garden of Good and Evil, is included on the movie's soundtrack.Eastwood directed the romantic drama film Battlecreek (2017), starring Bill Skarsgård, Paula Malcomson, and Claire van der Boom.
Alison Eastwood at IMDb
 </original_body>
 <spacy_body>
  Eastwood was born in {GPE[Santa Monica]}, {GPE[California]}, the daughter of {PERSON[Margaret Neville Johnson]} and actor-director {PERSON[Clint Eastwood]}. She has a brother, {PERSON[Kyle]}, and {CARDINAL[six]} known paternal {CARDINAL[half]}-siblings: {GPE[Laurie]}, {PERSON[Kimber]}, {PERSON[Scott]}, {PERSON[Kathryn]}, {ORG[Francesca]}, and {PERSON[Morgan]}.Eastwood attended {ORG[Santa Catalina School]} in {GPE[Monterey]}, {GPE[California]}, and {ORG[Stevenson School]} in {GPE[Pebble Beach]}. In {DATE[1990]}, aged {DATE[18]}, {PERSON[Eastwood]} enrolled at UC {GPE[Santa Barbara]} to study acting; she did not graduate.
Eastwood landed some professional acting roles during her childhood and preadolescent {DATE[years]}, making an uncredited movie debut at {DATE[the age of seven]} in {PERSON[Bronco Billy]} ({DATE[1980]}). Her acting in the {DATE[1984]} thriller {PERSON[Tightrope]} earned her a Young Artist Award nomination. She has also worked as a runway and magazine model in {GPE[Paris]}, posing for several {NORP[European]} fashion magazines and {ORG[Vogue]} ({GPE[U.S.]} edition). She posed nude in the {DATE[February 2003]} issue of {ORG[Playboy]}.Since then, {ORG[Eastwood]} has again appeared onscreen. Her film credits include {WORK_OF_ART[Midnight]} in the Garden of Good and Evil ({DATE[1997]}), Just a Little Harmless Sex ({DATE[1998]}), Black and White ({DATE[1999]}), {ORG[Friends &amp; Lovers]} ({DATE[1999]}), If You Only Knew ({DATE[2000]}), Power Play ({DATE[2002]}), {PERSON[Poolhall Junkies]} ({DATE[2003]}), I'll Be Seeing You ({DATE[2004]}), Once Fallen ({DATE[2010]}), and The Mule ({DATE[2018]}).
Eastwood made her directorial debut with {ORG[Rails &amp; Ties]} ({DATE[2007]}), starring {PERSON[Kevin Bacon]} and {PERSON[Marcia Gay Harden]}.She has her own clothing line, called the Eastwood Ranch Apparel. She is the founder of {ORG[the Eastwood Ranch Foundation]}, a non-profit animal welfare organization.On the small screen, she appeared in {ORG[the Nat Geo Wild TV]} program {ORG[Animal Intervention]}. She has also been featured on the reality TV series {PERSON[Chainsaw Gang]} as {CARDINAL[one]} of the sculptor's girlfriends. The sculptor is {PERSON[Stacy Poitras]}, whom she married on {DATE[March 15]}, 2013.Eastwood's cover of "{WORK_OF_ART[Come Rain or Come Shine]}", which she is shown performing part of in {WORK_OF_ART[Midnight in the Garden of Good and Evil]}, is included on the movie's soundtrack.Eastwood directed the romantic drama film Battlecreek ({DATE[2017]}), starring {PERSON[Bill Skarsgård]}, {PERSON[Paula Malcomson]}, and {PERSON[Claire van der Boom]}.
Alison Eastwood at IMDb
 </spacy_body>
</doc>