<?xml version="1.0" encoding="utf-8"?>
<doc>
 <title>
  Alistair Petrie
 </title>
 <original_abstract>
  Alistair Petrie (born 30 September 1970) is a British actor. He has starred in The Bank Job (2008), Cloud Atlas (2012), Rush (2013) and Rogue One: A Star Wars Story (2016). Petrie has also starred in the Channel 4 television series Utopia, the BBC One television series' The Night Manager, Sherlock, and Undercover and as Mr. Groff in the Netflix original comedy-drama series Sex Education.
 </original_abstract>
 <spacy_abstract>
  {PERSON[Alistair Petrie]} (born {DATE[30 September 1970]}) is a {NORP[British]} actor. He has starred in {ORG[The Bank Job (]}{DATE[2008]}), {PERSON[Cloud Atlas]} ({DATE[2012]}), {PERSON[Rush]} ({DATE[2013]}) and Rogue One: A Star Wars Story ({DATE[2016]}). {PERSON[Petrie]} has also starred in the {ORG[Channel 4]} television series Utopia, the {ORG[BBC]} {CARDINAL[One]} television series{WORK_OF_ART[' The Night Manager, Sherlock]}, and {WORK_OF_ART[Undercover]} and as Mr. {PERSON[Groff]} in the {ORG[Netflix]} original comedy-drama series {WORK_OF_ART[Sex Education]}.
 </spacy_abstract>
 <original_body>
  Petrie was born 30 September 1970 in Catterick, North Riding of Yorkshire. He was brought up in the Middle East, mainland Europe and East Africa. His father was an RAF fighter pilot. 
He trained at the London Academy of Music and Dramatic Art.
He spent his early career in theatre around the country before joining the RSC where productions included Shakespeare's Troilus and Cressida and Henrik Ibsen's Brand opposite Ralph Fiennes. In 2005, he joined the National Theatre, where he stayed for 28 months performing in His Dark Materials, Shakespeare's Henry IV alongside Sir Michael Gambon and David Edgar's Playing With Fire. In 2007 he appeared in Marc Munden's The Mark of Cain, The Whistleblowers and Cranford. As well as other TV work such as Emma and The Forsyte Saga: To Let, he has also appeared in the music video for "Bellissimo" by Ilya, directed by the Guard Brothers (January 2004). Other theatre work includes The Earl of Wessex in the 2015 West End Production of Shakespeare in Love. In 2008, Petrie played the lead role of Man in Mine, Shared Experience's at the West Yorkshire Playhouse, Leeds.
He also starred in the BBC production of The Forsyte Saga as George Forsyte, as well as in the 2009 film The Duchess, also the 2010 horror-film Devil's Playground.  Petrie has appeared as Philip Lisle in The Bank Job, as Felix Finch in the 2012 film Cloud Atlas, Stirling Moss in Rush and General Davits Draven in Rogue One: A Star Wars Story.
Also in television, Petrie has portrayed Geoff in Channel 4's Utopia, Alexander "Sandy" Langbourne in The Night Manager, Robert Greenlaw in BBC1's Undercover. He has played the role of Major James Sholto in the second episode of Season 3 of the BBC TV series Sherlock, aired on 5 January 2014. In 2019, Petrie began playing Mr. Groff in the Netflix original comedy-drama series Sex Education.
Petrie is married to actress Lucy Scott, with whom he has three sons.Petrie is an Ambassador for Borne, a medical research charity looking to identify the causes of premature birth.
Alistair Petrie at IMDb
Roxanne Vacca Management - Alistair Petrie Profile
 </original_body>
 <spacy_body>
  {PERSON[Petrie]} was born {CARDINAL[30]} {DATE[September 1970]} in {GPE[Catterick]}, {GPE[North Riding]} of Yorkshire. He was brought up in {LOC[the Middle East]}, mainland {LOC[Europe]} and {GPE[East Africa]}. His father was an {ORG[RAF]} fighter pilot. 
He trained at {ORG[the London Academy of Music and Dramatic Art]}.
He spent his early career in theatre around the country before joining the {ORG[RSC]} where productions included {PERSON[Shakespeare]}'s {WORK_OF_ART[Troilus and Cressida]} and {PERSON[Henrik Ibsen's]} Brand opposite {PERSON[Ralph Fiennes]}. In {DATE[2005]}, he joined {FAC[the National Theatre]}, where he stayed for {DATE[28 months]} performing in His Dark Materials, {PERSON[Shakespeare]}'s {PERSON[Henry IV]} alongside Sir {PERSON[Michael Gambon]} and {PERSON[David Edgar's]} {WORK_OF_ART[Playing With Fire]}. In {DATE[2007]} he appeared in {PERSON[Marc Munden's]} {WORK_OF_ART[The Mark of Cain, The Whistleblowers and Cranford]}. As well as other TV work such as {PERSON[Emma]} and {WORK_OF_ART[The Forsyte Saga: To Let]}, he has also appeared in the music video for "{GPE[Bellissimo]}" by {NORP[Ilya]}, directed by {ORG[the Guard Brothers]} ({DATE[January 2004]}). Other theatre work includes {LOC[The Earl of Wessex]} in the {CARDINAL[2015]} West End Production of {PERSON[Shakespeare]} in {GPE[Love]}. In {DATE[2008]}, {PERSON[Petrie]} played the lead role of {WORK_OF_ART[Man in Mine]}, Shared Experience's at the West Yorkshire Playhouse, {ORG[Leeds]}.
He also starred in the {ORG[BBC]} production of {WORK_OF_ART[The Forsyte Saga]} as {PERSON[George Forsyte]}, as well as in the {DATE[2009]} film {WORK_OF_ART[The Duchess]}, also the {CARDINAL[2010]} horror-film {WORK_OF_ART[Devil's Playground]}.  {PERSON[Petrie]} has appeared as {ORG[Philip Lisle]} in {ORG[The Bank Job]}, as {PERSON[Felix Finch]} in the {DATE[2012]} film {PERSON[Cloud Atlas]}, {PERSON[Stirling Moss]} in {GPE[Rush]} and General Davits Draven in Rogue {CARDINAL[One]}: A {WORK_OF_ART[Star Wars Story]}.
Also in television, {PERSON[Petrie]} has portrayed {PERSON[Geoff]} in {ORG[Channel 4's]} {ORG[Utopia]}, {PERSON[Alexander "Sandy" Langbourne in The Night Manager]}, {PERSON[Robert Greenlaw]} in BBC1's Undercover. He has played the role of Major {PERSON[James Sholto]} in the {ORDINAL[second]} episode of {DATE[Season 3]} of the {ORG[BBC TV]} series {ORG[Sherlock]}, aired on {DATE[5 January 2014]}. In {DATE[2019]}, {PERSON[Petrie]} began playing Mr. {PERSON[Groff]} in the {GPE[Netflix]} original comedy-drama series {ORG[Sex Education]}.
{PERSON[Petrie]} is married to actress {PERSON[Lucy Scott]}, with whom he has {CARDINAL[three]} sons.{PERSON[Petrie]} is an Ambassador for {PERSON[Borne]}, a medical research charity looking to identify the causes of premature birth.
{PERSON[Alistair Petrie]} at IMDb
Roxanne Vacca Management - Alistair {PERSON[Petrie Profile]}
 </spacy_body>
</doc>