<?xml version="1.0" encoding="utf-8"?>
<doc>
 <title>
  Alisa Reyes
 </title>
 <original_abstract>
  Alisa Adriana Reyes (born February 3, 1981) is an American actress, best known for three seasons that she appeared on Nickelodeon's All That (1994–97) and providing the voice of LaCienega Boulevardez in the Disney Channel original series, The Proud Family (2001-05) and its 2022 revival.
 </original_abstract>
 <spacy_abstract>
  {PERSON[Alisa Adriana Reyes]} (born {DATE[February 3, 1981]}) is an {NORP[American]} actress, best known for {DATE[three seasons]} that she appeared on {ORG[Nickelodeon]}'s All That (1994–97) and providing the voice of {PERSON[LaCienega Boulevardez]} in the {ORG[Disney Channel]} original series, {ORG[The Proud Family]} ({DATE[2001-05]}) and its {DATE[2022]} revival.
 </spacy_abstract>
 <original_body>
  Reyes started modeling at the age of eight, and attended The Professional Performing Arts School, where she focused on musical theatre. In 1992, she appeared in Mariah Carey's music video Make It Happen. In 1994, Reyes became one of the original cast members of the Nickelodeon sketch comedy show All That.After All That, Reyes was then cast in the NBC Saturday morning sitcom One World. She has also made guest appearances on HBO's Six Feet Under, Lifetime's Strong Medicine, PBS' The American Family, NYPD Blue, and Boston Public.
Reyes also provided the voice of LaCienega Boulevardez in the Disney Channel animated series The Proud Family from 2001–2005. She will be reprising the role in the series continuation The Proud Family: Louder and Prouder on Disney+.Reyes also worked as a DJ for Playboy Radio on Sirius Satellite Radio and XM Satellite Radio (Channel 99) and as a host for PlayboyU online and on air shows.
2000: Won YoungStar Award Best Young Actress/Performance in a Saturday Morning TV Series for: "One World" (1998)
1999: Nominated YoungStar Award Best Performance by a Young Actress in a Saturday Morning TV Program for: "One World" (1998)
Da Jammies (2015) ... MoMo (voice, season 1)
My Trip Back to the Dark Side (2012) Misty Rae
My Trip to the Dark Side (2011) Misty Rae
DaZe: Vol. Too (2009) (post-production) as Amy
Players (formerly Pledge of Allegiance) (2002)
Contradictions of the Heart (2006) (completed) .... Ellen
4-Bidden (2007) Sydney
The Doorman (2007)  Girl at Yoga Class
Without a Trace Angelina Torres (1 episode, 2006)
Freezerburn (2005)  Angie
Cuts  Monica (1 episode, 2005)
The Proud Family Movie (2005) (TV) (voice)  LaCienega Boulevardez
The Proud Family  LaCienega Boulevardez (45 episodes, 2001–2005)
Pledge of Allegiance (aka Red Zone) (2003) Rachel
Six Feet Under  Julie (1 episode, 2004)
A Sight for Sore Eyes (2004) Laura Sanchez
ER (1 episode, 2003)
Boston Public  Trina Sanchez (3 episodes, 2002)
NYPD Blue  Luisa Salazar (1 episode, 2002)
American Family Young Vangie Gonzalez / ... (5 episodes, 2002)
Passions  Syd Valentine (10 episodes, 2002–2003)
V.I.P. (1 episode, 2001)
The Bold and the Beautiful Ginger (1 episode, 2001)
Spyder Games (2001) Rocio Conejo (unknown episodes)
One World Marci Blake (39 episodes, 1998–2001)
Strong Medicine  Sonia (1 episode, 2000)
All That (1994-1997, 2019-present) Regular Performer (1994–1997), guest (2019-present)
The Proud Family Movie (2005) (TV) (performer: "Together Makes it Better")
The John Kerwin Show Herself (1 episode, 2005) Herself
The Making of A Sight for Sore Eyes (2003) Herself
Search Party Celebrity Contestant (2 episodes, 2000)
All That Herself/guest star/Kiki (some episodes, 1999/2019-present)
Figure It Out (1997) TV Series  Herself/panelist (1997)
Reading Rainbow  Herself (1 episode, 1991)
Alisa Reyes' Official Website
Alisa Reyes at IMDb
 </original_body>
 <spacy_body>
  {ORG[Reyes]} started modeling at {DATE[the age of eight]}, and attended {ORG[The Professional Performing Arts School]}, where she focused on musical theatre. In {DATE[1992]}, she appeared in {GPE[Mariah]} {PERSON[Carey]}'s music video Make It Happen. In {DATE[1994]}, {ORG[Reyes]} became {CARDINAL[one]} of the original cast members of the {ORG[Nickelodeon]} sketch comedy show All That.After All That, {PERSON[Reyes]} was then cast in the NBC {DATE[Saturday]} {TIME[morning]} sitcom {WORK_OF_ART[One World]}. She has also made guest appearances on {ORG[HBO]}'s {QUANTITY[Six Feet]} Under, {FAC[Lifetime's Strong Medicine]}, {ORG[PBS]}' The American Family, NYPD Blue, and {ORG[Boston Public]}.
{ORG[Reyes]} also provided the voice of {ORG[LaCienega Boulevardez]} in {ORG[the Disney Channel]} animated series {WORK_OF_ART[The Proud Family]} from {CARDINAL[2001–2005]}. She will be reprising the role in the series continuation {WORK_OF_ART[The Proud Family:]} Louder and Prouder on Disney+.Reyes also worked as a DJ for {ORG[Playboy Radio on Sirius Satellite Radio]} and {ORG[XM Satellite Radio (Channel 99]}) and as a host for {GPE[PlayboyU]} online and on air shows.
{DATE[2000]}: Won YoungStar Award Best Young Actress/Performance in a {WORK_OF_ART[Saturday Morning TV Series]} for: "{CARDINAL[One]} World" ({DATE[1998]})
{DATE[1999]}: Nominated YoungStar Award Best Performance by a Young Actress in a {WORK_OF_ART[Saturday Morning TV Program for:]} "{CARDINAL[One]} World" ({DATE[1998]})
{PERSON[Da Jammies]} (2015) ... {PERSON[MoMo]} (voice, season 1)
My Trip Back to the Dark Side ({DATE[2012]}) {PERSON[Misty Rae]}
My Trip to the Dark Side ({DATE[2011]}) {PERSON[Misty Rae]}
DaZe: {PERSON[Vol]}. Too ({DATE[2009]}) (post-production) as {PERSON[Amy]}
Players (formerly {WORK_OF_ART[Pledge of Allegiance]}) ({DATE[2002]})
Contradictions of the Heart ({DATE[2006]}) (completed) .... {PERSON[Ellen
4-Bidden]} ({DATE[2007]}) Sydney
The Doorman ({DATE[2007]})  Girl at Yoga Class
Without a Trace Angelina Torres ({CARDINAL[1]} episode, {DATE[2006]})
Freezerburn ({DATE[2005]})  Angie
Cuts  {PERSON[Monica]} ({CARDINAL[1]} episode, {DATE[2005]})
The Proud Family Movie ({DATE[2005]}) (TV) (voice)  {PERSON[LaCienega Boulevardez]}
The Proud Family  LaCienega Boulevardez ({CARDINAL[45]} episodes, {CARDINAL[2001–2005]})
Pledge of {ORG[Allegiance]} (aka Red Zone) ({DATE[2003]}) Rachel
{QUANTITY[Six Feet]} Under  {PERSON[Julie]} ({CARDINAL[1]} episode, {DATE[2004]})
A Sight for Sore Eyes ({DATE[2004]}) {PERSON[Laura Sanchez]}
ER ({CARDINAL[1]} episode, {DATE[2003]})
{ORG[Boston Public  Trina Sanchez]} ({CARDINAL[3]} episodes, {DATE[2002]})
NYPD Blue  Luisa Salazar ({CARDINAL[1]} episode, {DATE[2002]})
{NORP[American]} Family Young {PERSON[Vangie Gonzalez]} / ... ({CARDINAL[5]} episodes, {DATE[2002]})
Passions  Syd Valentine ({CARDINAL[10]} episodes, {CARDINAL[2002–2003]})
V.I.P. ({CARDINAL[1]} episode, {DATE[2001]})
The {PERSON[Bold]} and the Beautiful Ginger ({CARDINAL[1]} episode, {DATE[2001]})
{EVENT[Spyder Games]} ({DATE[2001]}) {PERSON[Rocio Conejo]} (unknown episodes)
{CARDINAL[One]} World {PERSON[Marci Blake]} ({CARDINAL[39]} episodes, {CARDINAL[1998–2001]})
Strong Medicine  {GPE[Sonia]} ({CARDINAL[1]} episode, {DATE[2000]})
All That ({DATE[1994-1997]}, 2019-present) {ORG[Regular Performer]} ({CARDINAL[1994–1997]}), guest (2019-present)
The Proud Family Movie ({DATE[2005]}) (TV) (performer: "{WORK_OF_ART[Together Makes it Better]}")
{WORK_OF_ART[The John Kerwin Show Herself]} ({CARDINAL[1]} episode, {DATE[2005]}) Herself
The Making of A Sight for Sore Eyes ({DATE[2003]}) Herself
Search Party Celebrity Contestant ({CARDINAL[2]} episodes, {DATE[2000]})
All That Herself/guest star/Kiki (some episodes, {DATE[1999/2019-present]})
Figure It Out ({DATE[1997]}) TV Series  Herself/panelist ({DATE[1997]})
{PERSON[Reading Rainbow]}  Herself ({CARDINAL[1]} episode, {DATE[1991]})
{PERSON[Alisa Reyes']} Official Website
{PERSON[Alisa Reyes]} at IMDb
 </spacy_body>
</doc>