<?xml version="1.0" encoding="utf-8"?>
<doc>
 <title>
  Alison Skipworth
 </title>
 <original_abstract>
  Alison Skipworth (born Alison Mary Elliott Margaret Groom; 25 July 1863–5 July 1952) was an English stage and screen actress.
 </original_abstract>
 <spacy_abstract>
  {PERSON[Alison Skipworth]} (born {PERSON[Alison Mary Elliott Margaret Groom]}; {DATE[25 July 1863–5 July 1952]}) was an {LANGUAGE[English]} stage and screen actress.
 </spacy_abstract>
 <original_body>
  Skipworth was born in London. She was the daughter of Dr. Richard Ebenezer Groom and Elizabeth Rodgers, and she had a private education.
Alison Skipworth made her first stage appearance at Daly's Theatre in London in 1894, in A Gaiety Girl. Her first American performance came the following year at the Broadway Theatre in New York City. She sang in light opera in An Artist's Model. In this production she served as understudy to Marie Tempest. After performing in two London plays, Skipworth returned to the United States, and made it her home. She joined the company of Daniel Frohman at the Lyceum. There she made her debut as Mrs. Ware in The Princess and the Butterfly in 1897.
In 1905 and 1906 Skipworth toured with Viola Allen in three productions of Shakespeare, Cymbeline, Twelfth Night, and As You Like It. In the following years she played with James K. Hackett and John Drew, Jr., among other theatre celebrities. Productions in which she was featured are The Torch-Bearers, The Swan, The Enchanted April, The Grand Duchess and the Waiter, Mrs. Dane's Defence and Marseilles.
Skipworth appeared in her first film in 1912, A Mardi Gras Mix-Up. The same year she performed in The Pilgrimage, Into the Jungle, and A Political Kidnapping. She excelled in the new sound medium in films which arrived at the close of the 1920s. In 1930 she made her first talkie, Strictly Unconventional. Skipworth appeared opposite W. C. Fields as his foil in four films: If I Had a Million (1932), Tillie and Gus (1933), Alice in Wonderland (1933), and Six of a Kind (1934). Her film career continued until 1938 with many major supporting roles. Her later screen credits include The Casino Murder Case, The Girl from 10th Avenue, King of the Newsboys, Wide Open Faces, and Ladies in Distress.
In 1882, Skipworth married Frank Markham Skipworth, an artist for whom she modeled; they later divorced. Nicknamed "Skippy", Skipworth resided in an ordinary Hollywood flat, drove a Ford, and drank tea daily in her own garden each afternoon when she was not working.
Skipworth died of natural causes in 1952 at her home in New York City, three weeks short of her 89th birthday.
The Times-News (Burlington, North Carolina), "Hollywood Gossip", 19 December 1933, page 7.
The New York Times, "Alison Skipworth, actress, Dies at 88", 7 July 1952, page 21.
Winnipeg Free Press, "Lyceum", 23 January 1936, page 24.
Alison Skipworth at the Internet Broadway Database 
Alison Skipworth at IMDb
"Alison Skipworth". Find a Grave. Retrieved 14 September 2010.
Alison Skipworth(Aveleyman)
Alison Skipworth in 1904(Minneapolis Journal May 14, 1904)
the cast of "The Swan" 1924, Skipworth 2nd from right bottom row
Skipworth probably again in 1904(archived) (*note her hair and attire matches the newspaper photo from the Minneapolis Journal May 14 1904)
 </original_body>
 <spacy_body>
  Skipworth was born in {GPE[London]}. She was the daughter of Dr. {PERSON[Richard Ebenezer Groom]} and {PERSON[Elizabeth Rodgers]}, and she had a private education.
{PERSON[Alison Skipworth]} made her {ORDINAL[first]} stage appearance at {PERSON[Daly]}'s {FAC[Theatre]} in {GPE[London]} in {DATE[1894]}, in {PERSON[A Gaiety Girl]}. Her {ORDINAL[first]} {NORP[American]} performance came {DATE[the following year]} at {FAC[the Broadway Theatre]} in {GPE[New York City]}. She sang in light opera in {WORK_OF_ART[An Artist's Model]}. In this production she served as understudy to {ORG[Marie Tempest]}. After performing in {CARDINAL[two]} {GPE[London]} plays, {ORG[Skipworth]} returned to {GPE[the United States]}, and made it her home. She joined the company of {PERSON[Daniel Frohman]} at the {ORG[Lyceum]}. There she made her debut as Mrs. {PERSON[Ware]} in {WORK_OF_ART[The Princess and the Butterfly]} in {DATE[1897]}.
In {DATE[1905]} and {DATE[1906]} Skipworth toured with {PERSON[Viola Allen]} in {CARDINAL[three]} productions of {PERSON[Shakespeare]}, Cymbeline, {PERSON[Twelfth Night]}, and As You Like It. In {DATE[the following years]} she played with {PERSON[James K. Hackett]} and {PERSON[John Drew]}, {PERSON[Jr.]}, among other theatre celebrities. Productions in which she was featured are {ORG[The Torch-Bearers]}, The Swan, {WORK_OF_ART[The Enchanted April]}, {ORG[The Grand Duchess]} and {WORK_OF_ART[the Waiter]}, Mrs. {PERSON[Dane]}'s Defence and {PRODUCT[Marseilles]}.
Skipworth appeared in her {ORDINAL[first]} film in {DATE[1912]}, A {PERSON[Mardi Gras Mix-Up]}. {DATE[The same year]} she performed in {WORK_OF_ART[The Pilgrimage]}, Into the {PERSON[Jungle]}, and {WORK_OF_ART[A Political Kidnapping]}. She excelled in the new sound medium in films which arrived at the close of {DATE[the 1920s]}. In {DATE[1930]} she made her {ORDINAL[first]} talkie, Strictly Unconventional. Skipworth appeared opposite {PERSON[W. C. Fields]} as his foil in {CARDINAL[four]} films: If I Had a Million ({DATE[1932]}), {PERSON[Tillie]} and {PERSON[Gus]} ({DATE[1933]}), Alice in {GPE[Wonderland]} ({DATE[1933]}), and {CARDINAL[Six]} of a Kind ({DATE[1934]}). Her film career continued until {DATE[1938]} with many major supporting roles. Her later screen credits include {WORK_OF_ART[The Casino Murder Case, The Girl]} from {ORDINAL[10th]} {FAC[Avenue]}, King of the Newsboys, Wide Open Faces, and Ladies in {ORG[Distress]}.
In {DATE[1882]}, {ORG[Skipworth]} married {PERSON[Frank Markham Skipworth]}, an artist for whom she modeled; they later divorced. Nicknamed "{WORK_OF_ART[Skippy]}", {ORG[Skipworth]} resided in an ordinary {GPE[Hollywood]} flat, drove a {ORG[Ford]}, and drank tea daily in her own garden {TIME[each afternoon]} when she was not working.
Skipworth died of natural causes in {DATE[1952]} at her home in {GPE[New York City]}, {DATE[three weeks]} short of her {ORDINAL[89th]} birthday.
{ORG[The Times-News]} ({GPE[Burlington]}, {GPE[North Carolina]}), "{PERSON[Hollywood Gossip]}", {DATE[19 December 1933]}, page {CARDINAL[7]}.
{ORG[The New York Times]}, "{PERSON[Alison Skipworth]}, actress, Dies at {CARDINAL[88]}", {DATE[7 July 1952]}, page {CARDINAL[21]}.
{ORG[Winnipeg Free Press]}, "{WORK_OF_ART[Lyceum]}", {DATE[23 January 1936]}, page {CARDINAL[24]}.
{PERSON[Alison Skipworth]} at {FAC[the Internet Broadway Database]} 
{PERSON[Alison Skipworth]} at IMDb
"{WORK_OF_ART[Alison Skipworth]}". Find a Grave. Retrieved {DATE[14 September 2010]}.
{PERSON[Alison]} Skipworth(Aveleyman)
{PERSON[Alison Skipworth]} in 1904(Minneapolis {ORG[Journal]} {DATE[May 14, 1904]})
the cast of {WORK_OF_ART["The Swan" 1924, Skipworth 2nd]} from right bottom row
Skipworth probably again in {DATE[1904(archived]}) (*note her hair and attire matches the newspaper photo from {ORG[the Minneapolis Journal]} {DATE[May 14 1904]})
 </spacy_body>
</doc>