<?xml version="1.0" encoding="utf-8"?>
<doc>
 <title>
  Alison Whyte
 </title>
 <original_abstract>
  Alison Whyte (born 1968 in Tasmania) is an Australian actress best known for her roles on the Australian television series Frontline and Satisfaction.
 </original_abstract>
 <spacy_abstract>
  {PERSON[Alison Whyte]} (born {DATE[1968]} in {GPE[Tasmania]}) is an {NORP[Australian]} actress best known for her roles on the {NORP[Australian]} television series {WORK_OF_ART[Frontline and Satisfaction]}.
 </spacy_abstract>
 <original_body>
  A former student of classical ballet, Whyte graduated from the Victorian College of the Arts before rising to prominence on Australian television for her role as the moralising producer Emma Ward on Frontline, the ABC's parody of current affairs programs – a role for which she won the 1997 Silver Logie Award for Most Outstanding Actress. From 2007 to 2010 she played Lauren, the housewife-turned-prostitute on Satisfaction. She won the 2008 Silver Logie Award for Most Outstanding Actress for this role.
Her other television roles have included the legal comedy-drama Marshall Law in 2002 with Lisa McCune and William McInnes, and Good Guys Bad Guys. She has also guest starred in an episode of City Homicide. Whyte's film roles include the two-actor film Saturday Night, with Aaron Pedersen, and The Dressmaker directed by Jocelyn Moorhouse. Whyte is also one of Australia's leading stage actors, with roles in A Midsummer Night's Dream, Twelfth Night and Much Ado About Nothing. In 2008, she appeared in a production of David Williamson's play Don's Party at the Sydney Opera House. 
In 2010, Whyte won Best Female Actor in Supporting Role in a Play at the 10th Annual Helpmann Awards for her portrayal of Queen Elizabeth in Richard III, directed by Simon Phillips. She was also nominated for Best Female Actor in a Play in 2014 for The Bloody Chamber, and in 2017 for Faith Healer.
From 1995 to 2007 Whyte and her husband Fred Whitlock ran the Terminus Hotel in Abbotsford, Melbourne. The couple then went on to own the Yarra Glen Grand Hotel, in the Yarra Valley, before selling it in 2015. 
Whyte has visited Vietnam and Cambodia as a spokesperson for Oxfam.
Alison Whyte at IMDb
Australian Television Information Archive
Jill Stark, "Pub with guilt-free beer" in The Age, Sept 22, 2005
Alison Whyte's character Lauren from Satisfaction
 </original_body>
 <spacy_body>
  A former student of classical ballet, {PERSON[Whyte]} graduated from {ORG[the Victorian College of the Arts]} before rising to prominence on {NORP[Australian]} television for her role as the moralising producer {PERSON[Emma Ward on Frontline]}, the {ORG[ABC]}'s parody of current affairs programs – a role for which she won the {DATE[1997]} {PERSON[Silver Logie Award]} for Most Outstanding Actress. From {DATE[2007 to]} {DATE[2010]} she played {ORG[Lauren]}, the housewife-turned-prostitute on {ORG[Satisfaction]}. She won the {DATE[2008]} {PERSON[Silver Logie Award]} for Most Outstanding Actress for this role.
Her other television roles have included the legal comedy-drama {PERSON[Marshall Law]} in {DATE[2002]} with {PERSON[Lisa McCune]} and {PERSON[William McInnes]}, and {WORK_OF_ART[Good Guys Bad Guys]}. She has also guest starred in an episode of City Homicide. {PERSON[Whyte]}'s film roles include the {CARDINAL[two]}-actor film {WORK_OF_ART[Saturday Night]}, with {PERSON[Aaron Pedersen]}, and The {PERSON[Dressmaker]} directed by {PERSON[Jocelyn Moorhouse]}. {PERSON[Whyte]} is also {CARDINAL[one]} of {GPE[Australia]}'s leading stage actors, with roles in {WORK_OF_ART[A Midsummer Night's Dream, Twelfth Night]} and {PERSON[Much Ado About Nothing]}. In {DATE[2008]}, she appeared in a production of {PERSON[David Williamson's]} play {WORK_OF_ART[Don's Party]} at {FAC[the Sydney Opera House]}. 
In {DATE[2010]}, {PERSON[Whyte]} won Best Female Actor in Supporting Role in a Play at the {ORDINAL[10th]} {EVENT[Annual Helpmann Awards]} for her portrayal of {PERSON[Queen Elizabeth]} in {PERSON[Richard III]}, directed by {PERSON[Simon Phillips]}. She was also nominated for Best Female Actor in a Play in {DATE[2014]} for {ORG[The Bloody Chamber]}, and in {DATE[2017]} for {PERSON[Faith Healer]}.
{DATE[From 1995 to 2007]} {PERSON[Whyte]} and her husband {PERSON[Fred Whitlock]} ran {ORG[the Terminus Hotel]} in {GPE[Abbotsford]}, {GPE[Melbourne]}. The couple then went on to own {ORG[the Yarra Glen Grand Hotel]}, in {LOC[the Yarra Valley]}, before selling it in {DATE[2015]}. 
{PERSON[Whyte]} has visited {GPE[Vietnam]} and {GPE[Cambodia]} as a spokesperson for Oxfam.
{PERSON[Alison Whyte]} at IMDb
{NORP[Australian]} Television Information Archive
{PERSON[Jill Stark]}, "Pub with guilt-free beer" in The Age, {DATE[Sept 22, 2005]}
{PERSON[Alison Whyte's]} character {PERSON[Lauren]} from {ORG[Satisfaction]}
 </spacy_body>
</doc>