<?xml version="1.0" encoding="utf-8"?>
<doc>
 <title>
  Allan Lurie
 </title>
 <original_abstract>
  Allan Lurie (July 25, 1923 – March 10, 2015) was an American voice actor. He was also known as Al Laurie and Bert Stewart. He was the father of Peter Lurie, also a voice actor.
 </original_abstract>
 <spacy_abstract>
  {PERSON[Allan Lurie]} ({DATE[July 25, 1923]} – {DATE[March 10, 2015]}) was an {NORP[American]} voice actor. He was also known as {PERSON[Al Laurie]} and {PERSON[Bert Stewart]}. He was the father of {PERSON[Peter Lurie]}, also a voice actor.
 </spacy_abstract>
 <original_body>
  Lurie is best known for his voice-over for Mezmaron in the 1982 cartoon Pac-Man and as Uglor the Alien in Space Stars. His name has constantly been shown in Hanna-Barbera cartoon credits, mostly as an additional voice.
He later died on March 10, 2015.
A Pup Named Scooby-Doo - Additional Voices
Midnight Patrol: Adventures in the Dream Zone - Additional Voices
Pac-Man - Mezmaron
Pink Panther and Sons - Additional Voices
Space Stars - Uglor
The Adventures of Don Coyote and Sancho Panda - Additional Voices
The Flintstone Kids - Additional Voices
The Jetsons - Additional Voices (1985–1987)
The New Yogi Bear Show - Additional Voices
The Smurfs - Additional Voices
Tom &amp; Jerry Kids - Additional Voices
Hollyrock-a-Bye Baby - Additional Voices
Blood Omen 2 (2002) - Bishop
Metal Gear Solid (1998) - Kenneth Baker
Metal Gear Solid: The Twin Snakes (2004) - Kenneth Baker
Allan Lurie at IMDb
Allan Lurie  at Anime News Network's encyclopedia
 </original_body>
 <spacy_body>
  {PERSON[Lurie]} is best known for his voice-over for {ORG[Mezmaron]} in the {DATE[1982]} cartoon Pac-Man and as Uglor {WORK_OF_ART[the Alien in Space Stars]}. His name has constantly been shown in {ORG[Hanna-Barbera]} cartoon credits, mostly as an additional voice.
He later died on {DATE[March 10, 2015]}.
A Pup Named Scooby-Doo - Additional Voices
Midnight Patrol: Adventures in the Dream Zone - Additional Voices
Pac-Man - Mezmaron
Pink Panther and Sons - Additional Voices
Space Stars - Uglor
The Adventures of {ORG[Don Coyote]} and Sancho Panda - Additional Voices
The Flintstone Kids - Additional Voices
The Jetsons - Additional Voices ({CARDINAL[1985–1987]})
The New Yogi Bear Show - Additional Voices
The Smurfs - Additional Voices
Tom &amp; Jerry Kids - Additional Voices
{WORK_OF_ART[Hollyrock]}-a-Bye Baby - Additional Voices
Blood Omen 2 (2002) - Bishop
Metal Gear Solid ({DATE[1998]}) - {PERSON[Kenneth Baker]}
Metal Gear Solid: {WORK_OF_ART[The Twin Snakes]} ({DATE[2004]}) - {PERSON[Kenneth Baker]}
{PERSON[Allan Lurie]} at IMDb
{PERSON[Allan Lurie]}  at {ORG[Anime News Network's]} encyclopedia
 </spacy_body>
</doc>