<?xml version="1.0" encoding="utf-8"?>
<doc>
 <title>
  Allan Havey
 </title>
 <original_abstract>
  Allan Havey (born September 19, 1954) is an American stand-up comic and actor. He started his career as a comedian in New York City in 1981.
 </original_abstract>
 <spacy_abstract>
  {PERSON[Allan Havey]} (born {DATE[September 19, 1954]}) is an {NORP[American]} stand-up comic and actor. He started his career as a comedian in {GPE[New York City]} in {DATE[1981]}.
 </spacy_abstract>
 <original_body>
  Allan Havey at IMDb
Official Website of Allan Havey
 </original_body>
 <spacy_body>
  {PERSON[Allan Havey]} at IMDb
Official Website of {PERSON[Allan Havey]}
 </spacy_body>
</doc>