<?xml version="1.0" encoding="utf-8"?>
<doc>
 <title>
  Allan Jones (actor)
 </title>
 <original_abstract>
  Allan Jones (October 14, 1907 – June 27, 1992) was an American actor and tenor.
Jones is best remembered as the male romantic lead actor in the first two films in which the Marx Brothers (with Groucho Marx, Harpo Marx and Chico Marx) starred for Metro-Goldwyn-Mayer, A Night at the Opera (1935) and A Day at the Races (1937), as well as the   film musicals Show Boat (1936)  and The Firefly (1937), in which he introduced what became his signature song, "The Donkey Serenade".
 </original_abstract>
 <spacy_abstract>
  {PERSON[Allan Jones]} ({DATE[October 14, 1907]} – {DATE[June 27, 1992]}) was an {NORP[American]} actor and tenor.
{PERSON[Jones]} is best remembered as the male romantic lead actor in the {ORDINAL[first]} {CARDINAL[two]} films in which {ORG[the Marx Brothers]} (with {PERSON[Groucho Marx]}, {PERSON[Harpo Marx]} and {PERSON[Chico Marx]}) starred for {ORG[Metro-Goldwyn-Mayer]}, A Night at the Opera ({DATE[1935]}) and {DATE[A Day]} at the Races ({DATE[1937]}), as well as the   film musicals {WORK_OF_ART[Show Boat]} ({DATE[1936]})  and {ORG[The Firefly]} ({DATE[1937]}), in which he introduced what became his signature song, "{WORK_OF_ART[The Donkey Serenade]}".
 </spacy_abstract>
 <original_body>
  Jones was born in Old Forge, Pennsylvania and raised in Scranton Pennsylvania where he graduated from Central High School. His father and grandfather were Welsh coal miners, and he worked in coal mines early in his adult life. He left that occupation to study voice at New York University.In an interview in 1973, Jones recalled that his father and grandfather were musically talented: "My father had a beautiful tenor voice. So did my grandfather...Grandfather taught violin, voice and piano when he could. My father sang every chance he could get and realized his ambition through me."
Jones appeared on Broadway a few times, including 1933's Roberta and the short-lived 1934 revival of Bitter Sweet after debuting in Boccacio in 1931.
Jones starred in many film musicals during the 1930s and 1940s. The best-known of these were the original film version of Show Boat (1936), and The Firefly (1937) in which he sang what would become his signature song: "The Donkey Serenade". He is best remembered today as the romantic lead opposite Kitty Carlisle and Maureen O'Sullivan respectively, in the first two films the Marx Brothers starred in for Metro-Goldwyn-Mayer: A Night at the Opera (1935) and A Day at the Races (1937), filling a straight-man role opened by the departure of Zeppo Marx from the team.
His appearance in A Night at the Opera was well received and, as a result, he won the coveted role of Gaylord Ravenal in the 1936 film version of Show Boat (opposite Irene Dunne) over such screen musical favorites as Nelson Eddy and John Boles. It would be Jones's most distinguished screen portrayal in which, under the direction of James Whale, he displayed fine dramatic acting ability, as well as his obvious singing talent.
Jones made a brief appearance in the 1936 Nelson Eddy–Jeanette MacDonald film Rose Marie, singing music from Charles Gounod's Romeo et Juliette and Giacomo Puccini's Tosca, but according to Merchant of Dreams, Charles Higham's biography of Louis B. Mayer, Eddy, who apparently considered Jones a rival and a potential threat, asked that most of Jones's footage in Rose Marie be cut—including his rendition of the great Puccini aria E lucevan le stelle—and MGM agreed to Eddy's demand. Jones's final film for MGM was Everybody Sing (1938) opposite Judy Garland and Fanny Brice, in which he introduced the pop standard "The One I Love".
In 1940, Jones moved to Universal Pictures for two musicals:  The Boys from Syracuse, with the stage score (severely cut) by Richard Rodgers and Lorenz Hart, and One Night in the Tropics with a score by Jerome Kern and Dorothy Fields, which was also the screen debut of Abbott and Costello. After these two films, he slipped to leads in several "B" musicals, at Paramount,  and Universal, including a reunion with his A Night At The Opera co-star Kitty Carlisle in Larceny with Music (1943). The same year he made a guest appearance, as himself, in the Olsen and Johnson musical Crazy House, where he again performed "The Donkey Serenade".
Jones recorded prodigiously throughout his career, primarily for RCA Victor. His 1938 recording of The Donkey Serenade ranks third among all-time sales of single records by RCA Victor.
In the mid-1940s, Jones and pianist Frankie Carle starred in the Old Gold Show on CBS radio.
Jones continued performing until the 1980s, starring in stage productions of Man of La Mancha, Paint Your Wagon, Guys and Dolls and Carousel. In 1980, he appeared on the TV show The Love Boat with his son (Jack Jones) as Jack's estranged father.
He also bred and raised race horses on his ranch in California.
Jones was married four times. His wives included Hervey, Maria Villavincie, and Mary Florsheim (granddaughter of Milton S. Florsheim). He was married to actress Irene Hervey from 1936 to 1957. American pop singer Jack Jones is their son.
Jones died of lung cancer at Lenox Hill Hospital in New York City in June 1992, at age 84.
Martyn, Marguerite (August 19, 1932). "A New Muny Opera Hero" St. Louis Post-DispatchAllan Jones Tribute
Allan Jones at IMDb
Allan Jones at the Internet Broadway Database 
"Allan Jones". Find a Grave. Retrieved September 14, 2010.
Photographs of Allan Jones
 </original_body>
 <spacy_body>
  {PERSON[Jones]} was born in {GPE[Old Forge]}, {GPE[Pennsylvania]} and raised in {GPE[Scranton Pennsylvania]} where he graduated from {ORG[Central High School]}. His father and grandfather were {ORG[Welsh]} coal miners, and he worked in coal mines early in his adult life. He left that occupation to study voice at {ORG[New York University]}.In an interview in {DATE[1973]}, {PERSON[Jones]} recalled that his father and grandfather were musically talented: "My father had a beautiful tenor voice. So did my grandfather...Grandfather taught violin, voice and piano when he could. My father sang every chance he could get and realized his ambition through me."
Jones appeared on {FAC[Broadway]} a few times, including {DATE[1933]}'s Roberta and the short-lived {DATE[1934]} revival of {ORG[Bitter Sweet]} after debuting in Boccacio in {DATE[1931]}.
Jones starred in many film musicals during the {DATE[1930s]} and {DATE[1940s]}. The best-known of these were the original film version of {WORK_OF_ART[Show Boat]} ({DATE[1936]}), and The {ORG[Firefly]} ({DATE[1937]}) in which he sang what would become his signature song: {WORK_OF_ART["The Donkey Serenade"]}. He is best remembered {DATE[today]} as the romantic lead opposite {ORG[Kitty Carlisle]} and {PERSON[Maureen O'Sullivan]} respectively, in the {ORDINAL[first]} {CARDINAL[two]} films the {ORG[Marx Brothers]} starred in for {PRODUCT[Metro-Goldwyn-Mayer]}: A Night at the Opera ({DATE[1935]}) and {DATE[A Day]} at the Races ({DATE[1937]}), filling a straight-man role opened by the departure of {PERSON[Zeppo Marx]} from the team.
His appearance in {WORK_OF_ART[A Night]} at the Opera was well received and, as a result, he won the coveted role of Gaylord Ravenal in the {DATE[1936]} film version of {WORK_OF_ART[Show Boat]} (opposite {PERSON[Irene Dunne]}) over such screen musical favorites as {PERSON[Nelson Eddy]} and {PERSON[John Boles]}. It would be {PERSON[Jones]}'s most distinguished screen portrayal in which, under the direction of {PERSON[James Whale]}, he displayed fine dramatic acting ability, as well as his obvious singing talent.
{PERSON[Jones]} made a brief appearance in the {DATE[1936]} {PERSON[Nelson Eddy]}–{PERSON[Jeanette MacDonald]} film {GPE[Rose Marie]}, singing music from {PERSON[Charles Gounod's]} {PERSON[Romeo et Juliette]} and {PERSON[Giacomo Puccini's]} Tosca, but according to {ORG[Merchant of Dreams]}, {PERSON[Charles Higham's]} biography of {PERSON[Louis B. Mayer]}, {PERSON[Eddy]}, who apparently considered {PERSON[Jones]} a rival and a potential threat, asked that most of {PERSON[Jones]}'s footage in {GPE[Rose Marie]} be cut—including his rendition of the great {PERSON[Puccini]} aria E lucevan le stelle—and {ORG[MGM]} agreed to {ORG[Eddy]}'s demand. {PERSON[Jones]}'s final film for {ORG[MGM]} was {PERSON[Everybody Sing]} ({DATE[1938]}) opposite {PERSON[Judy Garland]} and {ORG[Fanny Brice]}, in which he introduced the pop standard "{WORK_OF_ART[The One I Love]}".
In {DATE[1940]}, {ORG[Jones]} moved to {ORG[Universal Pictures]} for {CARDINAL[two]} musicals:  {WORK_OF_ART[The Boys from Syracuse]}, with the stage score (severely cut) by {PERSON[Richard Rodgers]} and {ORG[Lorenz Hart]}, and {WORK_OF_ART[One Night]} in the {ORG[Tropics]} with a score by {PERSON[Jerome Kern]} and {PERSON[Dorothy Fields]}, which was also the screen debut of {PERSON[Abbott]} and {ORG[Costello]}. After these {CARDINAL[two]} films, he slipped to leads in several "B" musicals, at {ORG[Paramount]},  and {ORG[Universal]}, including a reunion with his {WORK_OF_ART[A Night]} At The Opera co-star Kitty Carlisle in {GPE[Larceny]} with {GPE[Music]} ({DATE[1943]}). {DATE[The same year]} he made a guest appearance, as himself, in the {PERSON[Olsen]} and {ORG[Johnson musical Crazy House]}, where he again performed "{WORK_OF_ART[The Donkey Serenade]}".
Jones recorded prodigiously throughout his career, primarily for {ORG[RCA Victor]}. His {DATE[1938]} recording of The Donkey Serenade ranks {ORDINAL[third]} among all-time sales of single records by {ORG[RCA Victor]}.
In {DATE[the mid-1940s]}, {PERSON[Jones]} and pianist {PERSON[Frankie Carle]} starred in {WORK_OF_ART[the Old Gold Show]} on {ORG[CBS]} radio.
Jones continued performing until {DATE[the 1980s]}, starring in stage productions of Man of {GPE[La Mancha]}, {ORG[Paint]} Your {GPE[Wagon]}, {PERSON[Guys]} and Dolls and Carousel. In {DATE[1980]}, he appeared on the TV show {WORK_OF_ART[The Love Boat]} with his son ({PERSON[Jack Jones]}) as {PERSON[Jack]}'s estranged father.
He also bred and raised race horses on his ranch in {GPE[California]}.
{PERSON[Jones]} was married {CARDINAL[four]} times. His wives included {ORG[Hervey, Maria Villavincie]}, and {PERSON[Mary Florsheim]} (granddaughter of {PERSON[Milton S. Florsheim]}). He was married to actress {PERSON[Irene Hervey]} from {DATE[1936 to 1957]}. {NORP[American]} pop singer {PERSON[Jack Jones]} is their son.
{PERSON[Jones]} died of lung cancer at {ORG[Lenox Hill Hospital]} in {GPE[New York City]} in {DATE[June 1992]}, at {DATE[age 84]}.
{PERSON[Martyn]}, {PERSON[Marguerite]} ({DATE[August 19, 1932]}). "A New Muny Opera Hero" St. Louis Post-DispatchAllan Jones Tribute
{PERSON[Allan Jones]} at IMDb
{PERSON[Allan Jones]} at {FAC[the Internet Broadway Database]} 
"{PERSON[Allan Jones]}". Find a Grave. Retrieved {DATE[September 14, 2010]}.
Photographs of {PERSON[Allan Jones]}
 </spacy_body>
</doc>