<?xml version="1.0" encoding="utf-8"?>
<doc>
 <title>
  Allan Miller
 </title>
 <original_abstract>
  Allan Miller is an American actor.
 </original_abstract>
 <spacy_abstract>
  {PERSON[Allan Miller]} is an {NORP[American]} actor.
 </spacy_abstract>
 <original_body>
  Miller was born in Brooklyn, New York, the son of Anna (née Diamond) and Benedict Miller. He served in the U.S. Army after World War II during the occupation of Japan. Noticing an ad in Stars and Stripes that was looking for performers, he began performing in shows to entertain the troops. In 1948, after Miller returned to the U.S., he attended Erwin Piscator's Dramatic Workshop at The New School for Social Research in New York. He then studied acting under Uta Hagen (his classmates included Geraldine Page and Charles Nelson Reilly); and under Lee Strasberg at the Actors Studio (his classmates included James Dean, Marilyn Monroe, and Paul Newman). In 1958, under Strasberg's sponsorship, he began teaching at the Dramatic Workshop. In 1960, he started teaching privately; one of his students was a young Barbra Streisand.He is best known for his appearances on television, including Kojak, The Rockford Files, The Streets of San Francisco, Hawaii Five-O,  Dallas, and The Paper Chase. His film career included roles in Baby Blue Marine (1976), Fun with Dick and Jane (1977) and Star Trek III: The Search for Spock (1984). He has performed on stages across the country and on Broadway. He was producing director of the Back Alley Theatre, which he created and ran with his wife, Laura Zucker, from 1979–1989.
Miller also coaches acting. He has coached Meryl Streep, Geraldine Page, and other actors. He has taught acting at NYU and the Yale School of Drama, and continues to teach at the Actors Studio West. He is the author of the book, A Passion for Acting, and a DVD, Auditioning. He wrote the play, The Fox, based on the D.H. Lawrence novella, which was produced in Los Angeles, Off-Broadway at the Roundabout Theatre in New York City, and continues to be produced in the United States and around the world.
He is a member of the acting branch of the Motion Picture Academy and a former board member of the Screen Actors Guild.
Miller has been married twice. His first wife was actress Anita Cooper, now deceased.  His second wife is Laura Zucker, who for 25 years was executive director of the Los Angeles County Arts Commission.
Baby Blue Marine (1976) - Capt. Bittman
Two-Minute Warning (1976) - Mr. Green
Victory at Entebbe (1976) - Nathan Haroun
Fun with Dick and Jane (1977) - Loan Company Manager
MacArthur (1977) - Colonel Diller
Hawaii Five-O (1977) "Shake Hands with the Man on the Moon" - Frank Devlin
The Champ (1979) - Whitey
Cruising (1980) - Chief of Detectives
Star Trek III: The Search for Spock (1984) - Alien
Brewster's Millions (1985) - Political Newscaster
Warlock (1989) - Detective
Second Chances (1998) - Dr. Rasmussen
Bad Words (2013) - Bald Glasses JudgeMiller has also acted in over 150 TV shows and fifty plays.
Allan Miller at IMDb
Allan Miller Official Site
Allan Miller at the University of Wisconsin's Actors Studio audio collection
 </original_body>
 <spacy_body>
  {ORG[Miller]} was born in {GPE[Brooklyn]}, {GPE[New York]}, the son of {PERSON[Anna]} ({PERSON[née Diamond]}) and {PERSON[Benedict Miller]}. He served in {ORG[the U.S. Army]} after {EVENT[World War II]} during the occupation of {GPE[Japan]}. Noticing an ad in {WORK_OF_ART[Stars and Stripes]} that was looking for performers, he began performing in shows to entertain the troops. In {DATE[1948]}, after {PERSON[Miller]} returned to the {GPE[U.S.]}, he attended {PERSON[Erwin Piscator's]} Dramatic Workshop at {ORG[The New School for Social Research]} in {GPE[New York]}. He then studied acting under {PERSON[Uta Hagen]} (his classmates included {ORG[Geraldine Page]} and {PERSON[Charles Nelson Reilly]}); and under {PERSON[Lee Strasberg]} at {FAC[the Actors Studio]} (his classmates included {PERSON[James Dean]}, {PERSON[Marilyn Monroe]}, and {PERSON[Paul Newman]}). In {DATE[1958]}, under {ORG[Strasberg]}'s sponsorship, he began teaching at the Dramatic Workshop. In {DATE[1960]}, he started teaching privately; {CARDINAL[one]} of his students was a young {FAC[Barbra Streisand]}.He is best known for his appearances on television, including {LOC[Kojak]}, {LAW[The Rockford Files]}, The Streets of {GPE[San Francisco]}, {ORG[Hawaii Five-O]},  {GPE[Dallas]}, and {ORG[The Paper Chase]}. His film career included roles in {ORG[Baby Blue Marine]} ({DATE[1976]}), Fun with {PERSON[Dick]} and {PERSON[Jane]} ({DATE[1977]}) and {WORK_OF_ART[Star Trek III:]} {ORG[The Search for Spock (]}{DATE[1984]}). He has performed on stages across the country and on {FAC[Broadway]}. He was producing director of {ORG[the Back Alley Theatre]}, which he created and ran with his wife, {PERSON[Laura Zucker]}, from {CARDINAL[1979–1989]}.
{PERSON[Miller]} also coaches acting. He has coached {PERSON[Meryl Streep]}, {PERSON[Geraldine Page]}, and other actors. He has taught acting at {ORG[NYU]} and {ORG[the Yale School of Drama]}, and continues to teach at {FAC[the Actors Studio West]}. He is the author of the book, {WORK_OF_ART[A Passion for Acting]}, and a DVD, Auditioning. He wrote the play, The {ORG[Fox]}, based on the {PERSON[D.H. Lawrence novella]}, which was produced in {GPE[Los Angeles]}, {FAC[Off-Broadway]} at {FAC[the Roundabout Theatre]} in {GPE[New York City]}, and continues to be produced in {GPE[the United States]} and around the world.
He is a member of the acting branch of {ORG[the Motion Picture Academy]} and a former board member of {ORG[the Screen Actors Guild]}.
{PERSON[Miller]} has been married twice. His {ORDINAL[first]} wife was actress {PERSON[Anita Cooper]}, now deceased.  His {ORDINAL[second]} wife is {PERSON[Laura Zucker]}, who for {DATE[25 years]} was executive director of {ORG[the Los Angeles County Arts Commission]}.
{ORG[Baby Blue Marine]} ({DATE[1976]}) - Capt. Bittman
{CARDINAL[Two]}-Minute Warning (1976) - Mr. {PERSON[Green
]}Victory at {ORG[Entebbe (1976]}) - Nathan Haroun
Fun with {PERSON[Dick]} and {PERSON[Jane]} ({DATE[1977]}) - Loan Company Manager
{PERSON[MacArthur]} ({DATE[1977]}) - Colonel {PERSON[Diller]}
{ORG[Hawaii Five-O]} ({DATE[1977]}) {WORK_OF_ART["Shake Hands with the Man on the Moon" - Frank Devlin
]}The Champ (1979) - Whitey
Cruising (1980) - Chief of Detectives
Star Trek III: {ORG[The Search for Spock (]}{DATE[1984]}) - Alien
{WORK_OF_ART[Brewster's Millions]} ({DATE[1985]}) - Political Newscaster
Warlock ({DATE[1989]}) - Detective
{ORDINAL[Second]} Chances ({DATE[1998]}) - Dr. {PERSON[Rasmussen]}
Bad Words ({DATE[2013]}) - Bald Glasses JudgeMiller has also acted in {CARDINAL[over 150]} TV shows and {CARDINAL[fifty]} plays.
{PERSON[Allan Miller]} at IMDb
{PERSON[Allan Miller]} Official Site
{PERSON[Allan Miller]} at {ORG[the University of Wisconsin's Actors Studio]} audio collection
 </spacy_body>
</doc>