<?xml version="1.0" encoding="utf-8"?>
<doc>
 <title>
  Allen Case
 </title>
 <original_abstract>
  Allen Case (born Alan Case Lavelle Jones, October 8, 1934 –  August 25, 1986) was an American television actor most noted for the lead role of Deputy Clay McCord in NBC-TV's The Deputy (1959–1961) opposite series regular Henry Fonda, who received top billing, but appeared far less frequently than Case.
 </original_abstract>
 <spacy_abstract>
  Allen Case (born {PERSON[Alan Case Lavelle Jones]}, {DATE[October 8, 1934]} –  {DATE[August 25, 1986]}) was an {NORP[American]} television actor most noted for the lead role of Deputy {PERSON[Clay McCord]} in {ORG[NBC-TV's]} The Deputy ({CARDINAL[1959–1961]}) opposite series regular {PERSON[Henry Fonda]}, who received top billing, but appeared far less frequently than Case.
 </spacy_abstract>
 <original_body>
  Case was born in Dallas, Texas. His parents were retail clothiers Casey Jones and Nadine Allen Jones. He attended Southern Methodist University, but left in his junior year.
After he left SMU, Case sang on a television program in Dallas,and then toured in musicals. Following those experiences, he traveled to New York to audition for the Arthur Godfrey's Talent Scouts program.Case signed a contract with Columbia Records in 1955, and he starred in his first Broadway show, Reuben, Reuben. He also toured with musicals, including South Pacific, Damn Yankees, and My Fair Lady.In addition to starring in The Deputy,:253 Case was one of the "friends" on Arthur Godfrey and His Friends.Case made more than 30 television appearances between 1958 and 1982, often in cowboy roles, such as on the ABC/Warner Bros. Western series, Colt .45, starring Wayde Preston.On September 30, 1958, a year before The Deputy debuted, Case played a hot-headed young deputy, Bud Wilkins, in the episode "Brink of Fear", of the ABC/WB Western series, Sugarfoot, starring Will Hutchins. The episode is a lesson about the line of good and evil in the human heart. Tom Brewster as Sugarfoot attempts, without success, to help his boyhood friend Cully Abbott (Jerry Paris) put aside a lawless past after Abbott is paroled from prison. Others appearing in the episode are Venetia Stevenson, Harry Antrim, and Don Gordon.On December 3, 1959, Case appeared on NBC's The Ford Show, Starring Tennessee Ernie Ford, a variety program with a Country and Western theme.Case made three guest appearances on the CBS courtroom drama series Perry Mason, including the role of defendant Adam Conrad in the 1964 episode, "The Case of the Ruinous Road".
In the 1965–1966 season, Case co-starred as Frank James with Christopher Jones in the ABC Western series The Legend of Jesse James.:593He made a return to Broadway book musicals in 1967 as the third lead in Jule Styne and Arthur Laurents' Hallelujah, Baby!,  and his singing is featured prominently on the original cast album.Buoyed by his role on The Deputy, Case made personal appearances. In 1961, he came to Shreveport, Louisiana, to appear on KWKH radio and at the rodeo, at which he played Johnny Horton's guitar.In 1977, Case guest-starred on Quincy, M.E. in the second-season episode, "A Good Smack in the Mouth", as Stuart Harrison, the father of a runaway boy who crosses Quincy's path.
In 1981, Case played Harold Knitzer in The Life and Times of Eddie Roberts, a syndicated television drama.:600
In the late 1960s, Case went into business manufacturing fur coats for men. Furs used in the coats included wolf, Norwegian seal, muskrat, and sheared rabbit. Prices ranged from $350 to $1,250. During his theatrical career, Case designed his own clothes, and as the menswear market changed, he thought the time was ripe to express his own ideas and designs.
On September 22, 1961, Case married Bobbie Jones. They had a daughter, and they divorced on June 27, 1979.
While on vacation, he died after suffering a heart attack in Truckee, California, at the age of 51.
Allen Case at IMDb
Allen Case at the Internet Broadway Database
 </original_body>
 <spacy_body>
  Case was born in {GPE[Dallas]}, {GPE[Texas]}. His parents were retail clothiers {PERSON[Casey Jones]} and {PERSON[Nadine Allen Jones]}. He attended {ORG[Southern Methodist University]}, but left in {DATE[his junior year]}.
After he left {ORG[SMU]}, Case sang on a television program in {GPE[Dallas]},and then toured in musicals. Following those experiences, he traveled to {GPE[New York]} to audition for {ORG[the Arthur Godfrey's]} Talent Scouts program.Case signed a contract with {ORG[Columbia Records]} in {DATE[1955]}, and he starred in his {ORDINAL[first]} {FAC[Broadway]} show, {PERSON[Reuben]}, {PERSON[Reuben]}. He also toured with musicals, including {GPE[South Pacific]}, {GPE[Damn Yankees]}, and {PRODUCT[My Fair Lady]}.In addition to starring in The Deputy,:253 Case was one of the "friends" on {PERSON[Arthur Godfrey]} and His Friends.Case made {CARDINAL[more than 30]} television appearances {DATE[between 1958 and 1982]}, often in cowboy roles, such as on the {ORG[ABC]}/{ORG[Warner]} Bros. Western series, {PERSON[Colt .45]}, starring {PERSON[Wayde Preston]}.On {DATE[September 30, 1958]}, {DATE[a year]} before The Deputy debuted, Case played a hot-headed young deputy, {PERSON[Bud Wilkins]}, in the episode "{WORK_OF_ART[Brink of Fear]}", of the {ORG[ABC]}/WB Western series, {ORG[Sugarfoot]}, starring {PERSON[Will Hutchins]}. The episode is a lesson about the line of good and evil in the human heart. {PERSON[Tom Brewster]} as Sugarfoot attempts, without success, to help his boyhood friend {PERSON[Cully Abbott]} ({PERSON[Jerry Paris]}) put aside a lawless past after {PERSON[Abbott]} is paroled from prison. Others appearing in the episode are {PERSON[Venetia Stevenson]}, {PERSON[Harry Antrim]}, and {PERSON[Don Gordon]}.On {DATE[December 3, 1959]}, Case appeared on {ORG[NBC]}'s The {ORG[Ford]} Show, Starring {GPE[Tennessee]} {PERSON[Ernie Ford]}, a variety program with a Country and Western theme.Case made {CARDINAL[three]} guest appearances on the {ORG[CBS]} courtroom drama series {PERSON[Perry Mason]}, including the role of defendant {PERSON[Adam Conrad]} in the {DATE[1964]} episode, {WORK_OF_ART["The Case of the Ruinous Road"]}.
In {DATE[the 1965–1966 season]}, Case co-starred as {PERSON[Frank James]} with {PERSON[Christopher Jones]} in the {ORG[ABC]} Western series {WORK_OF_ART[The Legend of Jesse James.:593He]} made a return to {FAC[Broadway]} book musicals in {DATE[1967]} as the {ORDINAL[third]} lead in {PERSON[Jule Styne]} and {ORG[Arthur Laurents']} {NORP[Hallelujah]}, {NORP[Baby]}!,  and his singing is featured prominently on the original cast album.Buoyed by his role on The Deputy, Case made personal appearances. In {DATE[1961]}, he came to {GPE[Shreveport]}, {GPE[Louisiana]}, to appear on KWKH radio and at the rodeo, at which he played {PERSON[Johnny Horton's]} guitar.In {DATE[1977]}, Case guest-starred on Quincy, {GPE[M.E.]} in {DATE[the second-season]} episode, "{WORK_OF_ART[A Good Smack in the Mouth]}", as {PERSON[Stuart Harrison]}, the father of a runaway boy who crosses Quincy's path.
In {DATE[1981]}, Case played {PERSON[Harold Knitzer]} in {ORG[The Life and Times]} of {PERSON[Eddie Roberts]}, a syndicated television {TIME[drama.:600]}
In {DATE[the late 1960s]}, Case went into business manufacturing fur coats for men. Furs used in the coats included {PERSON[wolf]}, {NORP[Norwegian]} seal, muskrat, and sheared rabbit. Prices ranged from ${MONEY[350]} to ${MONEY[1,250]}. During his theatrical career, Case designed his own clothes, and as the menswear market changed, he thought the time was ripe to express his own ideas and designs.
On {DATE[September 22, 1961]}, Case married {PERSON[Bobbie Jones]}. They had a daughter, and they divorced on {DATE[June 27, 1979]}.
While on vacation, he died after suffering a heart attack in {GPE[Truckee]}, {GPE[California]}, at {DATE[the age of 51]}.
{PERSON[Allen Case]} at IMDb
{WORK_OF_ART[Allen Case]} at the Internet Broadway Database
 </spacy_body>
</doc>