<?xml version="1.0" encoding="utf-8"?>
<doc>
 <title>
  Allene Ray
 </title>
 <original_abstract>
  Allene Ray (born Allene Ray Burch; January 2, 1901 – May 5, 1979) was an American film actress.
 </original_abstract>
 <spacy_abstract>
  {PERSON[Allene Ray]} (born {PERSON[Allene Ray Burch]}; {DATE[January 2, 1901]} – {DATE[May 5, 1979]}) was an {NORP[American]} film actress.
 </spacy_abstract>
 <original_body>
  Born in Devine, Texas, Ray grew up on her father's ranch with her four sisters and two brothers. She was learning to ride by age 3, and by age 20 she had become "an accomplished horsewoman."Her first job related to films was selling tickets at a movie theater, and her first appearance on film came when Harry Myers arrived in Texas. He shot two reels of film with Ray before he left. Her next opportunity in film came in 1920 when she won a publishing company's beauty contest after her sister submitted her picture as an entry.
Winning the contest led to her signing with a talent agency, which dropped her last name for professional purposes. She made two films in Texas for the Sawyer and Lubin agency before Metro-Goldwyn-Mayer bought her contract.Ray became a serial heroine for Pathe Pictures, acting and performing stunts that included riding her horse, "teetering on the roofs of buildings and jumping into lakes". She explained during an interview in 1978 that the company did not hire stuntpersons; therefore each actor and actress had to do his or her stunts,Her screen credits include Honeymoon Ranch (1920), West of the Rio Grande (1921) and Partners of the Sunset (1922). The latter she made for the Lubin Corporation. In making The Fortieth Door (1924), Ray decided to wear a brunette wig as the film featured an Egyptian heroine. The serial was made by Pathe. Her film career continued into the era of sound motion pictures with appearances in such films as The Indians Are Coming (1930), Westward Bound (1930) and The Phantom (1931). Ray played the role of a stowaway in Gun Cargo (1949).After she left the film business, Ray worked as a seamstress and a fitter in Temple City, California, after which she enrolled in a real-estate school and passed a test to become a broker. She worked with her husband, who was also a real-estate broker.. After his death, she continued in the business until she retired in 1965.
On July 20, 1925, Ray married film producer Larry Wheeler in Tijuana, Mexico. In 1940 they moved to Temple City, California. They remained married until his death in 1958. She died from cancer in 1979, aged 78, in Temple City, California.
Los Angeles Times, "New Sparkler Comes To Coast", August 27, 1922, p. II37.
Los Angeles Times, "Blonde Brunette Tresses Puzzle for Allene Ray", July 20, 1924, p. B40.
Allene Ray at IMDb
 </original_body>
 <spacy_body>
  Born in {GPE[Devine]}, {GPE[Texas]}, {PERSON[Ray]} grew up on her father's ranch with her {CARDINAL[four]} sisters and {CARDINAL[two]} brothers. She was learning to ride by {DATE[age 3]}, and by {DATE[age 20]} she had become "an accomplished horsewoman."Her {ORDINAL[first]} job related to films was selling tickets at a movie theater, and her {ORDINAL[first]} appearance on film came when {PERSON[Harry Myers]} arrived in {GPE[Texas]}. He shot two reels of film with {PERSON[Ray]} before he left. Her next opportunity in film came in {DATE[1920]} when she won a publishing company's beauty contest after her sister submitted her picture as an entry.
Winning the contest led to her signing with a talent agency, which dropped her last name for professional purposes. She made {CARDINAL[two]} films in {GPE[Texas]} for the {PERSON[Sawyer]} and {PERSON[Lubin]} agency before {FAC[Metro-Goldwyn-Mayer]} bought her contract.{PERSON[Ray]} became a serial heroine for {ORG[Pathe Pictures]}, acting and performing stunts that included riding her horse, "teetering on the roofs of buildings and jumping into lakes". She explained during an interview in {DATE[1978]} that the company did not hire stuntpersons; therefore each actor and actress had to do his or her stunts,Her screen credits include {PERSON[Honeymoon Ranch]} ({DATE[1920]}), {LOC[West]} of {FAC[the Rio Grande]} ({DATE[1921]}) and Partners of the Sunset ({DATE[1922]}). The latter she made for {ORG[the Lubin Corporation]}. In making {WORK_OF_ART[The Fortieth Door]} (1924), {PERSON[Ray]} decided to wear a brunette wig as the film featured an {NORP[Egyptian]} heroine. The serial was made by {ORG[Pathe]}. Her film career continued into the era of sound motion pictures with appearances in such films as The {NORP[Indians]} Are Coming ({DATE[1930]}), {PERSON[Westward Bound]} ({DATE[1930]}) and The Phantom ({DATE[1931]}). {PERSON[Ray]} played the role of a stowaway in {PERSON[Gun Cargo]} ({CARDINAL[1949).After]} she left the film business, {PERSON[Ray]} worked as a seamstress and a fitter in {GPE[Temple City]}, {GPE[California]}, after which she enrolled in a real-estate school and passed a test to become a broker. She worked with her husband, who was also a real-estate broker.. After his death, she continued in the business until she retired in {DATE[1965]}.
On {DATE[July 20, 1925]}, {PERSON[Ray]} married film producer {PERSON[Larry Wheeler]} in {GPE[Tijuana]}, {GPE[Mexico]}. In {DATE[1940]} they moved to {GPE[Temple City]}, {GPE[California]}. They remained married until his death in {DATE[1958]}. She died from cancer in {DATE[1979]}, aged {DATE[78]}, in {GPE[Temple City]}, {GPE[California]}.
{ORG[Los Angeles Times]}, "{WORK_OF_ART[New Sparkler Comes To Coast]}", {DATE[August 27, 1922]}, p. II37.
{ORG[Los Angeles Times]}, "{WORK_OF_ART[Blonde Brunette Tresses Puzzle]} for {PERSON[Allene Ray"]}, {DATE[July 20, 1924]}, p. {LOC[B40]}.
{PERSON[Allene Ray]} at IMDb
 </spacy_body>
</doc>