<?xml version="1.0" encoding="utf-8"?>
<doc>
 <title>
  Allene Roberts
 </title>
 <original_abstract>
  Emma Allene Roberts (September 1, 1928 – May 9, 2019) was an American actress.
 </original_abstract>
 <spacy_abstract>
  {PERSON[Emma Allene Roberts]} ({DATE[September 1, 1928 – May 9, 2019]}) was an {NORP[American]} actress.
 </spacy_abstract>
 <original_body>
  Born in Fairfield, Alabama, Roberts was the daughter of Mr. and Mrs. Frank W. Roberts. In 1941, she won the "America's Most Charming Child" contest sponsored by the New York Daily Mirror, receiving $1,000 in cash and a $1,000 contract with Warner Bros. studio.
Roberts appeared in twelve movies between 1947 and 1954 and on TV in Four Star Playhouse, Adventures of Superman and Dragnet. Her first big picture was The Red House (1947) starring Rory Calhoun, Julie London and Edward G. Robinson. That movie was considered by the critics to be the "sleeper hit" of the year.
Roberts' other films included the film noir pair, Knock on Any Door, Union Station and Bomba on Panther Island.
On May 9, 2019, Roberts died in Huntsville, Alabama, at age 90.
Allene Roberts at IMDb
Allene Roberts at the American Film Institute
Allene Roberts: True to her roots
 </original_body>
 <spacy_body>
  Born in {GPE[Fairfield]}, {GPE[Alabama]}, {PERSON[Roberts]} was the daughter of Mr. and Mrs. {PERSON[Frank W. Roberts]}. In {DATE[1941]}, she won {WORK_OF_ART[the "America's Most Charming Child"]} contest sponsored by {ORG[the New York Daily Mirror]}, receiving ${MONEY[1,000]} in cash and a ${MONEY[1,000]} contract with {ORG[Warner Bros.]} studio.
Roberts appeared in {CARDINAL[twelve]} movies {DATE[between 1947 and 1954]} and on TV in {ORG[Four Star Playhouse]}, Adventures of {GPE[Superman and Dragnet]}. Her {ORDINAL[first]} big picture was {ORG[The Red House]} ({DATE[1947]}) starring {PERSON[Rory Calhoun]}, {PERSON[Julie London]} and {PERSON[Edward G. Robinson]}. That movie was considered by the critics to be the "sleeper hit" of {DATE[the year]}.
{PERSON[Roberts]}' other films included the film noir pair, {WORK_OF_ART[Knock on Any Door, Union Station]} and {GPE[Bomba]} on {GPE[Panther Island]}.
On {DATE[May 9, 2019]}, {PERSON[Roberts]} died in {GPE[Huntsville]}, {GPE[Alabama]}, at {DATE[age 90]}.
{PERSON[Allene Roberts]} at IMDb
{PERSON[Allene Roberts]} at {ORG[the American Film Institute]}
{PERSON[Allene Roberts]}: True to her roots
 </spacy_body>
</doc>