<?xml version="1.0" encoding="utf-8"?>
<doc>
 <title>
  Alley Mills
 </title>
 <original_abstract>
  Allison Mills (born May 9, 1951), also known as Alley Bean, is an American actress best known for her role as Norma Arnold, the mother in the coming-of-age series The Wonder Years, and her current role as Pamela Douglas, the sister of the late Forrester matriarch Stephanie Forrester (Susan Flannery), on the soap opera The Bold and the Beautiful.
 </original_abstract>
 <spacy_abstract>
  {PERSON[Allison Mills]} (born {DATE[May 9, 1951]}), also known as {ORG[Alley Bean]}, is an {NORP[American]} actress best known for her role as {PERSON[Norma Arnold]}, the mother in the coming-of-age series {WORK_OF_ART[The Wonder Years]}, and her current role as {PERSON[Pamela Douglas]}, the sister of the late {PERSON[Forrester]} matriarch {PERSON[Stephanie Forrester]} ({PERSON[Susan Flannery]}), on the soap opera {WORK_OF_ART[The Bold]} and the Beautiful.
 </spacy_abstract>
 <original_body>
  Mills was born in Chicago, Illinois. Her father, Ted Mills, was a television executive, and her stepmother, Genevieve (Ginette Marguerite Auger), was an actress. Mills' mother, Joan (Paterson) Mills Kerr, was an author as well as an editor for American Heritage magazine, and her stepfather, Chester B. Kerr, was a director of Yale University Press. She has one sister, Hilary Mills Loomis, and one brother, Tony Mills.
Mills's husband was film, television, stage actor, and author Orson Bean. Bean was well known for being a long-term celebrity panelist of To Tell the Truth and Match Game. Mills (who is 23 years his junior) was Bean's third wife, and they were married from 1993 until his death in 2020.Her first acting role on television was in the short-lived comedy The Associates, where she played an attorney, opposite Martin Short.
Mills appeared on a special "Celebrity TV Moms" episode of the Anne Robinson version of The Weakest Link, in which she was the second contestant eliminated.
Mills had a recurring role in the television series Dr. Quinn, Medicine Woman as Marjorie Quinn, Dr. Michaela Quinn's sister. She previously appeared in the series as a saloon girl.
Mills joined the cast of The Bold and the Beautiful as Pamela Douglas, the estranged sister of Stephanie Douglas Forrester, in December 2006. She was put under contract, but after making only a handful of appearances, her character went insane, was confined to a mental hospital, and then disappeared from the show in March 2007. Mills reprised the role on recurring status in 2007 and 2008 and has been added to the opening credits as a contract player as of December 2008. In November 2019, it was reported that Mills was now off contract with the show.
Alley Mills at IMDb
 </original_body>
 <spacy_body>
  {ORG[Mills]} was born in {GPE[Chicago]}, {GPE[Illinois]}. Her father, {PERSON[Ted Mills]}, was a television executive, and her stepmother, {PERSON[Genevieve]} ({PERSON[Ginette Marguerite Auger]}), was an actress. {ORG[Mills]}' mother, {PERSON[Joan]} ({PERSON[Paterson]}) {PERSON[Mills Kerr]}, was an author as well as an editor for {ORG[American Heritage]} magazine, and her stepfather, {PERSON[Chester B. Kerr]}, was a director of {ORG[Yale University Press]}. She has {CARDINAL[one]} sister, {PERSON[Hilary Mills Loomis]}, and {CARDINAL[one]} brother, {PERSON[Tony Mills]}.
{ORG[Mills]}'s husband was film, television, stage actor, and author {PERSON[Orson Bean]}. Bean was well known for being a long-term celebrity panelist of To Tell the Truth and Match Game. Mills (who is {DATE[23 years]} his junior) was Bean's {ORDINAL[third]} wife, and they were married from {DATE[1993]} until his death in 2020.Her {ORDINAL[first]} acting role on television was in the short-lived comedy {ORG[The Associates]}, where she played an attorney, opposite {PERSON[Martin Short]}.
Mills appeared on a special "{WORK_OF_ART[Celebrity TV Moms]}" episode of the {PERSON[Anne Robinson]} version of {WORK_OF_ART[The Weakest Link]}, in which she was the {ORDINAL[second]} contestant eliminated.
Mills had a recurring role in the television series Dr. {PERSON[Quinn]}, {PERSON[Medicine Woman]} as {PERSON[Marjorie Quinn]}, Dr. {PERSON[Michaela Quinn]}'s sister. She previously appeared in the series as a saloon girl.
{NORP[Mills]} joined the cast of {WORK_OF_ART[The Bold]} and the Beautiful as {PERSON[Pamela Douglas]}, the estranged sister of {ORG[Stephanie Douglas Forrester]}, in {DATE[December 2006]}. She was put under contract, but after making only a handful of appearances, her character went insane, was confined to a mental hospital, and then disappeared from the show in {DATE[March 2007]}. {ORG[Mills]} reprised the role on recurring status in {DATE[2007]} and {DATE[2008]} and has been added to the opening credits as a contract player as of {DATE[December 2008]}. In {DATE[November 2019]}, it was reported that {ORG[Mills]} was now off contract with the show.
{ORG[Alley Mills]} at IMDb
 </spacy_body>
</doc>