<?xml version="1.0" encoding="utf-8"?>
<doc>
 <title>
  Allison Balson
 </title>
 <original_abstract>
  Allison Balson is an American actress who is also a published singer and songwriter. Her best-known role was that of Nancy Oleson on the Little House on the Prairie series: 611  which she held between 1981 and 1983.
 </original_abstract>
 <spacy_abstract>
  {PERSON[Allison Balson]} is an {NORP[American]} actress who is also a published singer and songwriter. Her best-known role was that of {PERSON[Nancy Oleson]} on {ORG[the Little House]} on the Prairie series: {CARDINAL[611]}  which she held {DATE[between 1981 and 1983]}.
 </spacy_abstract>
 <original_body>
  Balson graduated valedictorian from her high school and went on to receive a bachelor's degree from Princeton University and a master's degree from Trinity College Dublin, Ireland.Balson portrayed Chrissy Roberts in the syndicated TV drama The Life and Times of Eddie Roberts (1980). She also appeared in the film Best Seller (1987).In 1987, Balson's song "I Wonder" was featured in the soundtrack for Legend of the White Horse (CBS/Warner Bros.). In 2005, Balson recorded and released a limited-edition CD. In 2008, she collaborated on writing, producing, engineering, and performing a full-length album through the label Organic Time Records as the duo Allison &amp; Stone. In 2012, Allison began hosting and producing the radio show Music Scene Live, which brings original music of singer-songwriters in live performance and candid dialogue in front of a live audience.In spring 2018, Balson won the title of The Voice of The Ocean on an Emerald Princess Cruise.
She continues to act, sing, publish and write, produce and create films, television and radio projects.
Allison Balson at IMDb
Official website
Music Scene Live Homepage
 </original_body>
 <spacy_body>
  {ORG[Balson]} graduated valedictorian from her high school and went on to receive a bachelor's degree from {ORG[Princeton University]} and a master's degree from {ORG[Trinity College Dublin]}, {GPE[Ireland]}.Balson portrayed {PERSON[Chrissy Roberts]} in the syndicated TV drama {ORG[The Life and Times]} of {PERSON[Eddie Roberts]} ({DATE[1980]}). She also appeared in the film {PERSON[Best Seller]} ({DATE[1987).In 1987]}, {ORG[Balson]}'s song "{WORK_OF_ART[I Wonder]}" was featured in the soundtrack for {WORK_OF_ART[Legend of the White Horse]} ({ORG[CBS/Warner Bros.]}). In {DATE[2005]}, {ORG[Balson]} recorded and released a limited-edition CD. In {DATE[2008]}, she collaborated on writing, producing, engineering, and performing a full-length album through the label {ORG[Organic Time Records]} as {ORG[the duo Allison &amp; Stone]}. In {DATE[2012]}, {ORG[Allison]} began hosting and producing the radio show Music Scene Live, which brings original music of singer-songwriters in live performance and candid dialogue in front of a live audience.In {DATE[spring 2018]}, {ORG[Balson]} won the title of {ORG[The Voice of The Ocean]} on {ORG[an Emerald Princess Cruise]}.
She continues to act, sing, publish and write, produce and create films, television and radio projects.
{PERSON[Allison Balson]} at IMDb
Official website
Music {PERSON[Scene Live Homepage]}
 </spacy_body>
</doc>