<?xml version="1.0" encoding="utf-8"?>
<doc>
 <title>
  A. E. George
 </title>
 <original_abstract>
  A.E. George (22 July 1869 – 10 November 1920) was an English stage actor. He also appeared in three silent films.He was born Albert Edward George in Castle Hill, Lincoln, Lincolnshire, England and died in London in 1920 at the age of 51.
 </original_abstract>
 <spacy_abstract>
  {PERSON[A.E. George]} ({DATE[22 July 1869]} – {DATE[10 November 1920]}) was an {LANGUAGE[English]} stage actor. He also appeared in {CARDINAL[three]} silent films.He was born {PERSON[Albert Edward George]} in {GPE[Castle Hill]}, {GPE[Lincoln]}, {GPE[Lincolnshire]}, {GPE[England]} and died in {GPE[London]} in {DATE[1920]} at {DATE[the age of 51]}.
 </spacy_abstract>
 <original_body>
  Henry VIII (1911)
Brigadier Gerard (1915)
The Vicar of Wakefield (1916)
A. E. George at IMDb
 </original_body>
 <spacy_body>
  {PERSON[Henry VIII]} ({DATE[1911]})
{PERSON[Brigadier Gerard]} ({DATE[1915]})
The Vicar of {GPE[Wakefield]} (1916)
{PERSON[A. E. George]} at IMDb
 </spacy_body>
</doc>