<?xml version="1.0" encoding="utf-8"?>
<doc>
 <title>
  A. E. Matthews
 </title>
 <original_abstract>
  Alfred Edward Matthews  (22 November 1869 – 25 July 1960), known as A. E. Matthews, was an English actor who played numerous character roles on the stage and in film for eight decades. Already middle-aged when films began production, he enjoyed increasing renown from World War II onwards as one of the British cinema's most famous crotchety, and sometimes rascally, old men.
 </original_abstract>
 <spacy_abstract>
  {PERSON[Alfred Edward Matthews]}  ({DATE[22 November 1869]} – {DATE[25 July 1960]}), known as {PERSON[A. E. Matthews]}, was an {LANGUAGE[English]} actor who played numerous character roles on the stage and in film for {DATE[eight decades]}. Already middle-aged when films began production, he enjoyed increasing renown from {EVENT[World War II]} onwards as one of the {NORP[British]} cinema's most famous crotchety, and sometimes rascally, old men.
 </spacy_abstract>
 <original_body>
  Matthews was born in Bridlington, East Riding of Yorkshire, England. Nicknamed "Matty", he was christened Alfred Edward Matthews.
A prominent stage actor by his mid-40s, Matthews was among several theatre figures who then began a film career during the silent era with the British Actors Film Company, a production company that operated between 1916 and 1923.
Matthews toured during World War II in The First Mrs. Fraser, with Dame Marie Tempest and Barry Morse, and was later cast in the extremely popular films Carry On Admiral, Doctor at Large and Around the World in 80 Days, in which he played a mainstay of the Reform Club.
Matthews's other best-known films include The Life and Death of Colonel Blimp, The Million Pound Note (with Gregory Peck), Inn for Trouble, The Magic Box, The Ghosts of Berkeley Square and Just William's Luck.
In 1951 Matthews was made an Officer of the Order of the British Empire by King George VI, and on 15 August 1951 when aged 81 he was interviewed by Roy Plomley as the guest "castaway" on BBC Radio's long-running Desert Island Discs programme. He was Roy Plomley's 100th castaway.In his 89th year, Matthews made national headlines by sitting for several days and nights on the pavement outside his beautiful Georgian home near London, his purpose being to prevent the council from installing a new streetlight, the design of which he felt was totally out of keeping with the neighbourhood and which badly needed improvement. Spike Milligan penned an episode of the Goon Show entitled "The Evils of Bushey Spon" based on the incident. The programme, first broadcast on 17 March 1958, included a guest appearance by Matthews himself at the end of the episode, and this part of the show was ad-libbed after he departed from the script.
Shortly afterwards, on 5 May 1958, Matthews appeared on the live BBC TV programme This Is Your Life, a notable feature of which occurred at the end when he was faded out just as he began to speak directly to the television theatre audience. Having regaled audience and viewers throughout the show with highly engaging reminiscences, there were many press and public complaints to the BBC about the fade out. Host Eamonn Andrews recalled in his autobiography that "Matty had been a bit of a hellion all his life, a loveable, unpredictable rebel whose sense of fun was monumental. I knew I had a tough assignment on my hands once the decision was made to present his 'life'. On transmission, he did just about every solitary thing calculated to wreck the show's intricate timing and drive me up the drapes. He snorted, contradicted, interrupted, laughed, and, at one stage, even stretched out on the couch and said he was going to have a snooze.". On the following day, the Yorkshire Post declared that "There has never been a This Is Your Life quite like it", and a Daily Express article titled Mattie's BBC Fade-Out Angers Viewers wrote that "This was THE life of the whole series."Matthews was still working as an actor right up until his death two years later. He died on 25 July 1960 in Bushey Heath, Hertfordshire, aged 90. A Blue Plaque is displayed on his former home at 38 Little Bushey Lane, WD23 4RN.In 2008 Greg Knight, the Member of Parliament for the East Riding of Yorkshire constituency, (which includes Matthews's birthplace, Bridlington), launched a successful campaign to have his birthplace recognised with a Blue Plaque. A special ceremony to commemorate his life and career was held in the town on 22 November 2008, organised and compered by Knight. It was attended by the ventriloquist Ray Alan, who knew Matthews and who spoke about his memories of him.
Lady Huntworth's Experiment by R.C. Carton (1900)
Bulldog Drummond by Gerald du Maurier (1921)
Spring Meeting by Molly Keane (1938)
They Came to a City by J.B. Priestley (1943)
But for the Grace of God by Frederick Lonsdale (1946)
The Chiltern Hundreds by  William Douglas Home (1947)
The Manor of Northstead by William Douglas Home (1954)
A. E. Matthews at IMDb
A. E. Matthews at the Internet Broadway Database 
Performance details in University of Bristol Theatre Archive
A. E. Matthews Biography
A. E. Matthews appearance on This Is Your Life
 </original_body>
 <spacy_body>
  {ORG[Matthews]} was born in {GPE[Bridlington]}, East Riding of {GPE[Yorkshire]}, {GPE[England]}. Nicknamed "Matty", he was christened {PERSON[Alfred Edward Matthews]}.
A prominent stage actor by {DATE[his mid-40s]}, {PERSON[Matthews]} was among several theatre figures who then began a film career during the silent era with {ORG[the British Actors Film Company]}, a production company that operated {DATE[between 1916 and 1923]}.
Matthews toured during {EVENT[World War II]} in The First Mrs. {PERSON[Fraser]}, with {ORG[Dame Marie Tempest]} and {PERSON[Barry Morse]}, and was later cast in the extremely popular films {WORK_OF_ART[Carry On Admiral, Doctor at Large and Around the World]} in {DATE[80 Days]}, in which he played a mainstay of {ORG[the Reform Club]}.
{ORG[Matthews]}'s other best-known films include {WORK_OF_ART[The Life and Death of Colonel Blimp]}, {ORG[The Million Pound Note]} (with {PERSON[Gregory Peck]}), {PERSON[Inn for Trouble]}, {PRODUCT[The Magic Box]}, {ORG[The Ghosts of Berkeley Square]} and Just William's Luck.
In {DATE[1951]} {ORG[Matthews]} was made {WORK_OF_ART[an Officer of the Order of the British Empire]} by King {PERSON[George VI]}, and on {DATE[15 August 1951]} when aged {DATE[81]} he was interviewed by {PERSON[Roy Plomley]} as the guest "castaway" on {ORG[BBC Radio's]} long-running {ORG[Desert Island Discs]} programme. He was {PERSON[Roy Plomley's]} {ORDINAL[100th]} castaway.In {DATE[his 89th year]}, {ORG[Matthews]} made national headlines by sitting for {DATE[several days]} and {TIME[nights]} on the pavement outside his beautiful {NORP[Georgian]} home near {GPE[London]}, his purpose being to prevent the council from installing a new streetlight, the design of which he felt was totally out of keeping with the neighbourhood and which badly needed improvement. {PERSON[Spike Milligan]} penned an episode of {WORK_OF_ART[the Goon Show]} entitled "{WORK_OF_ART[The Evils of Bushey Spon]}" based on the incident. The programme, {ORDINAL[first]} broadcast on {DATE[17 March 1958]}, included a guest appearance by {ORG[Matthews]} himself at the end of the episode, and this part of the show was ad-libbed after he departed from the script.
Shortly afterwards, on {DATE[5 May 1958]}, {ORG[Matthews]} appeared on the live {ORG[BBC TV]} programme {WORK_OF_ART[This Is Your Life]}, a notable feature of which occurred at the end when he was faded out just as he began to speak directly to the television theatre audience. Having regaled audience and viewers throughout the show with highly engaging reminiscences, there were many press and public complaints to the {ORG[BBC]} about the fade out. Host {PERSON[Eamonn Andrews]} recalled in his autobiography that "{WORK_OF_ART[Matty]} had been a bit of a hellion all his life, a loveable, unpredictable rebel whose sense of fun was monumental. I knew I had a tough assignment on my hands once the decision was made to present his 'life'. On transmission, he did just about every solitary thing calculated to wreck the show's intricate timing and drive me up the drapes. He snorted, contradicted, interrupted, laughed, and, at {CARDINAL[one]} stage, even stretched out on the couch and said he was going to have a snooze.". On {DATE[the following day]}, {ORG[the Yorkshire Post]} declared that "There has never been {WORK_OF_ART[a This]} Is Your Life quite like it", and a {ORG[Daily Express]} article titled {PRODUCT[Mattie's BBC Fade-Out Angers Viewers]} wrote that "This was THE life of the whole series."Matthews was still working as an actor right up until his death {DATE[two years later]}. He died on {DATE[25 July 1960]} in {GPE[Bushey Heath]}, {PERSON[Hertfordshire]}, aged {DATE[90]}. A {GPE[Blue Plaque]} is displayed on his former home at {CARDINAL[38]} Little Bushey Lane, WD23 {DATE[4RN.In 2008]} {PERSON[Greg Knight]}, the Member of {ORG[Parliament]} for {LOC[the East Riding of Yorkshire]} constituency, (which includes {ORG[Matthews]}'s birthplace, {PERSON[Bridlington]}), launched a successful campaign to have his birthplace recognised with a {ORG[Blue Plaque]}. A special ceremony to commemorate his life and career was held in the town on {DATE[22 November 2008]}, organised and compered by {PERSON[Knight]}. It was attended by the ventriloquist {PERSON[Ray Alan]}, who knew {PERSON[Matthews]} and who spoke about his memories of him.
Lady Huntworth's Experiment by {PERSON[R.C. Carton]} ({DATE[1900]})
{PERSON[Bulldog Drummond]} by {PERSON[Gerald du Maurier]} ({DATE[1921]})
{WORK_OF_ART[Spring Meeting]} by {PERSON[Molly Keane]} ({DATE[1938]})
They Came to a City by {PERSON[J.B. Priestley]} ({DATE[1943]})
But for the {PERSON[Grace]} of God by {PERSON[Frederick Lonsdale]} ({DATE[1946]})
{WORK_OF_ART[The Chiltern Hundreds]} by  {PERSON[William Douglas Home]} ({DATE[1947]})
The Manor of Northstead by {PERSON[William Douglas Home]} ({DATE[1954]})
{PERSON[A. E. Matthews]} at IMDb
{PERSON[A. E. Matthews]} at {FAC[the Internet Broadway Database]} 
Performance details in {ORG[University of Bristol Theatre Archive
A. E. Matthews]} Biography
{PERSON[A. E. Matthews]} appearance on This Is {WORK_OF_ART[Your Life]}
 </spacy_body>
</doc>