<?xml version="1.0" encoding="utf-8"?>
<doc>
 <title>
  A. Edward Sutherland
 </title>
 <original_abstract>
  Albert Edward Sutherland (January 5, 1895 – December 31, 1973) was a film director and actor. Born in London, he was from a theatrical family. His father, Al Sutherland, was a theatre manager and producer and his mother,  Julie Ring, was a vaudeville performer. He was a nephew of both Blanche Ring and Thomas Meighan, who was married to Frances Ring, another of his mother's sisters.Sutherland acted in 37 known films early in his career, beginning as a Keystone Cop in Tillie's Punctured Romance (1914), which starred Charles Chaplin, Mabel Normand, and Marie Dressler.
 </original_abstract>
 <spacy_abstract>
  {PERSON[Albert Edward Sutherland]} ({DATE[January 5, 1895]} – {DATE[December 31, 1973]}) was a film director and actor. Born in {GPE[London]}, he was from a theatrical family. His father, {PERSON[Al Sutherland]}, was a theatre manager and producer and his mother,  {PERSON[Julie Ring]}, was a vaudeville performer. He was a nephew of both {FAC[Blanche Ring]} and {PERSON[Thomas Meighan]}, who was married to {PERSON[Frances Ring]}, another of his mother's sisters.{ORG[Sutherland]} acted in {CARDINAL[37]} known films early in his career, beginning as a Keystone Cop in {PERSON[Tillie]}'s Punctured Romance ({DATE[1914]}), which starred {PERSON[Charles Chaplin]}, {PERSON[Mabel Normand]}, and {PERSON[Marie Dressler]}.
 </spacy_abstract>
 <original_body>
  Sutherland was directed by Charles Chaplin in A Woman of Paris (1923), two years before Sutherland began his directing career with the help of Chaplin.
Frequently billed as "Eddie Sutherland," he is best known as a director; he directed more than 50 movies between 1925 and 1956. His breakout film was Behind the Front (1926), which made stars of the two leads and established Sutherland as a comedic director. He had an especially hard time working with Stan Laurel, whom he disliked ("I'd rather eat a tarantula than work with Laurel again"). On the other hand, he became close friends with the more famously acerbic W.C. Fields, with whom he established a lifelong friendship. In 1940, he directed One Night in the Tropics, which was the film debut of Abbott and Costello. Other notable films include Palmy Days, International House, Too Much Harmony, The Flying Deuces, The Navy Comes Through, Dixie, and Follow the Boys.
Sutherland's last directing assignment was working on the Mack &amp; Myer for Hire TV comedies with Joey Faye and Mickey Deems for Sandy Howard TV Productions and Trans-Lux Television in 1965. (Info can be found at www.tvparty.com.)
Sutherland was married five times. Among his wives were Marjorie Daw (from 1923 to 1925) and Louise Brooks (from July 1926 to June 1928). He and Brooks met on the set of It's the Old Army Game, which he directed and which also co-starred his aunt Blanche Ring. Brooks and Sutherland did not have a happy marriage; there were numerous reports on both sides of infidelity. He did not have children in any of his marriages. Sutherland lived in and owned the Calypso Apartments in South Palm Springs, California, where he died in 1973.
A. Edward Sutherland at IMDb
Julie Ring, Eddie's mom, in a series of stage portraits
A. Edward Sutherland at Virtual History
Albert Edward “Eddie” Sutherland at Find a Grave
 </original_body>
 <spacy_body>
  {ORG[Sutherland]} was directed by {PERSON[Charles Chaplin]} in {ORG[A Woman of Paris]} ({DATE[1923]}), {DATE[two years]} before {ORG[Sutherland]} began his directing career with the help of {PERSON[Chaplin]}.
Frequently billed as "{PERSON[Eddie Sutherland]}," he is best known as a director; he directed {CARDINAL[more than 50]} movies {DATE[between 1925 and 1956]}. His breakout film was Behind the Front ({DATE[1926]}), which made stars of the {CARDINAL[two]} leads and established {GPE[Sutherland]} as a comedic director. He had an especially hard time working with {PERSON[Stan Laurel]}, whom he disliked ("I'd rather eat a tarantula than work with {ORG[Laurel]} again"). On the other hand, he became close friends with the more famously acerbic {WORK_OF_ART[W.C. Fields]}, with whom he established a lifelong friendship. In {DATE[1940]}, he directed {WORK_OF_ART[One Night]} in the {ORG[Tropics]}, which was the film debut of {GPE[Abbott]} and {ORG[Costello]}. Other notable films include {ORG[Palmy Days]}, {ORG[International House]}, {PERSON[Too Much Harmony]}, {WORK_OF_ART[The Flying Deuces]}, The Navy Comes Through, Dixie, and Follow the Boys.
{ORG[Sutherland]}'s last directing assignment was working on the {ORG[Mack &amp; Myer]} for {ORG[Hire TV]} comedies with {PERSON[Joey Faye]} and {PERSON[Mickey Deems]} for {ORG[Sandy Howard TV Productions]} and {ORG[Trans-Lux Television]} in {DATE[1965]}. (Info can be found at www.tvparty.com.)
Sutherland was married {CARDINAL[five]} times. Among his wives were {LOC[Marjorie Daw]} (from 1923 to 1925) and {PERSON[Louise Brooks]} (from {DATE[July 1926 to June 1928]}). He and {ORG[Brooks]} met on the set of It's the Old Army Game, which he directed and which also co-starred his aunt {ORG[Blanche Ring]}. {PERSON[Brooks]} and {ORG[Sutherland]} did not have a happy marriage; there were numerous reports on both sides of infidelity. He did not have children in any of his marriages. Sutherland lived in and owned {ORG[the Calypso Apartments]} in {GPE[South Palm Springs]}, {GPE[California]}, where he died in {DATE[1973]}.
{PERSON[A. Edward Sutherland]} at IMDb
{PERSON[Julie Ring]}, {PERSON[Eddie]}'s mom, in a series of stage portraits
{PERSON[A. Edward Sutherland]} at Virtual History
{PERSON[Albert Edward “Eddie” Sutherland]} at Find a Grave
 </spacy_body>
</doc>