<?xml version="1.0" encoding="utf-8"?>
<doc>
 <title>
  A. E. Coleby
 </title>
 <original_abstract>
  Albert Ernest Coleby (1876 – 15 July 1930) was a British film director, actor and screenwriter of the silent era.
 </original_abstract>
 <spacy_abstract>
  {PERSON[Albert Ernest Coleby]} ({DATE[1876 –]} {DATE[15 July 1930]}) was a {NORP[British]} film director, actor and screenwriter of the silent era.
 </spacy_abstract>
 <original_body>
  Peg Woffington (1912)
Mysteries of London (1915)
The Lure of Drink (1915)
Kent, the Fighting Man (1916)
Thelma (1918)
The Secret Woman (1918)
The Silver Lining (1919)
The Call of the Road (1920)
The Way of the World (1920)
The Right to Live (1921)
Long Odds (1922)
The Peacemaker (1922)
The Prodigal Son (1923)
The Mystery of Dr. Fu Manchu (1923)
The Rest Cure (1923)
The Great Prince Shan (1924)
The Flying Fifty-Five (1924)
The Prehistoric Man (1924)
The Moon Diamond (1926)
The Locked Door (1927)
Over the Sticks (1929)
The Secret Woman (1918)
The Way of the World (1920)
The Great Prince Shan (1924)
A. E. Coleby at IMDb
 </original_body>
 <spacy_body>
  {ORG[Peg Woffington]} ({DATE[1912]})
Mysteries of London ({DATE[1915]})
{WORK_OF_ART[The Lure of Drink]} ({DATE[1915]})
{PERSON[Kent]}, {WORK_OF_ART[the Fighting Man (1916]})
{PERSON[Thelma]} ({DATE[1918]})
{WORK_OF_ART[The Secret Woman (1918]})
{PERSON[The Silver Lining]} ({DATE[1919]})
{WORK_OF_ART[The Call of the Road]} ({DATE[1920]})
{WORK_OF_ART[The Way of the World]} ({DATE[1920]})
{WORK_OF_ART[The Right to Live (1921]})
Long Odds ({DATE[1922]})
The Peacemaker ({DATE[1922]})
The Prodigal Son ({DATE[1923]})
The Mystery of Dr. {PERSON[Fu Manchu]} ({DATE[1923]})
{WORK_OF_ART[The Rest Cure]} ({DATE[1923]})
{WORK_OF_ART[The Great Prince Shan]} ({CARDINAL[1924]})
The Flying Fifty-Five ({CARDINAL[1924]})
The Prehistoric Man ({DATE[1924]})
{WORK_OF_ART[The Moon Diamond]} ({DATE[1926]})
{WORK_OF_ART[The Locked Door]} (1927)
Over the {NORP[Sticks]} ({DATE[1929]})
{WORK_OF_ART[The Secret Woman (1918]})
{WORK_OF_ART[The Way of the World]} ({DATE[1920]})
{WORK_OF_ART[The Great Prince Shan]} ({CARDINAL[1924]})
{PERSON[A. E. Coleby]} at IMDb
 </spacy_body>
</doc>