<?xml version="1.0" encoding="utf-8"?>
<doc>
 <title>
  A. J. Langer
 </title>
 <original_abstract>
  Allison Joy Courtenay (née Langer), Countess of Devon, commonly known as A. J. Langer, is an American actress. She is most known for her 3 episode stint on Baywatch playing Caroline Larkin in Season 2 and Rachel/Nancy/Linda in Season 4. She also played Rayanne Graff on the television series My So-Called Life.
 </original_abstract>
 <spacy_abstract>
  {PERSON[Allison Joy Courtenay]} ({PERSON[née Langer]}), Countess of {GPE[Devon]}, commonly known as {PERSON[A. J. Langer]}, is an {NORP[American]} actress. She is most known for her {CARDINAL[3]} episode stint on {ORG[Baywatch]} playing {PERSON[Caroline Larkin]} in {DATE[Season 2]} and {PERSON[Rachel/Nancy/Linda]} in {DATE[Season 4]}. She also played {PERSON[Rayanne Graff]} on the television series {WORK_OF_ART[My So-Called Life]}.
 </spacy_abstract>
 <original_body>
  Allison Joy Langer was born in Columbus, Ohio, daughter of Jewish parents Deana, an audiologist who owned a hearing aid distribution company, and Gary Langer, who worked in sales for a wholesale fashion distributor. She moved to the San Fernando Valley with her family at age five. When she joined an otherwise all-boys baseball team at age eight, her teammates considered the name "Allison" to be too feminine, and began calling her by her initials, "A.J." She has one older brother, Kirk.
After recurring roles on several television shows, including The Wonder Years, Baywatch and Drexell's Class, Langer was cast as Rayanne Graff on My So-Called Life. She also appeared in the cast of the sitcoms It's Like, You Know... and Three Sisters as well as the drama series Eyes. Her film appearances include John Carpenter's Escape From L.A. and Wes Craven's horror film The People Under the Stairs.
In 2011, after a six-year acting hiatus, Langer appeared in 14 episodes of Private Practice in the recurring role of Erica Warner. She left the show in 2012 following the death of her character.
Langer married attorney Charles Courtenay, Lord Courtenay, the son of Hugh Courtenay, 18th Earl of Devon, in a civil ceremony in 2004. A formal wedding took place on April 30, 2005, in Los Angeles, California. Until the death of her father-in-law, Langer held the courtesy title of Lady Courtenay. Following his death, and upon her husband's succession as 19th Earl of Devon, she assumed the title of Countess of Devon. In January 2014, Lord and Lady Devon permanently relocated their family to London, and to the family seat at Powderham Castle in May 2015. The couple have two children, a daughter and a son:

Lady Joscelyn Skye Courtenay (born January 31, 2007)
Jack Haydon Langer Courtenay, Lord Courtenay (born August 2009).In her spare time, the Countess raises awareness and money for the research and treatment of fibromyalgia, from which she herself suffers.
A. J. Langer at IMDb
 </original_body>
 <spacy_body>
  {PERSON[Allison Joy Langer]} was born in {GPE[Columbus]}, {GPE[Ohio]}, daughter of {NORP[Jewish]} parents {GPE[Deana]}, an audiologist who owned a hearing aid distribution company, and {PERSON[Gary Langer]}, who worked in sales for a wholesale fashion distributor. She moved to {GPE[the San Fernando Valley]} with her family at {DATE[age five]}. When she joined an otherwise all-boys baseball team at {DATE[age eight]}, her teammates considered the name "{WORK_OF_ART[Allison]}" to be too feminine, and began calling her by her initials, "A.J." She has one older brother, {PERSON[Kirk]}.
After recurring roles on several television shows, including {ORG[The Wonder Years]}, {ORG[Baywatch]} and {ORG[Drexell]}'s Class, {ORG[Langer]} was cast as {PERSON[Rayanne Graff]} on {ORG[My So-Called Life]}. She also appeared in the cast of the sitcoms It's Like, You Know... and {CARDINAL[Three]} Sisters as well as the drama series Eyes. Her film appearances include {PERSON[John Carpenter's]} Escape From {GPE[L.A.]} and {ORG[Wes Craven's]} horror film {WORK_OF_ART[The People Under the Stairs]}.
In {DATE[2011]}, after a {DATE[six-year]} acting hiatus, {ORG[Langer]} appeared in {CARDINAL[14]} episodes of {WORK_OF_ART[Private Practice]} in the recurring role of {PERSON[Erica Warner]}. She left the show in {DATE[2012]} following the death of her character.
{ORG[Langer]} married attorney {PERSON[Charles Courtenay]}, Lord {PERSON[Courtenay]}, the son of Hugh Courtenay, 18th Earl of {GPE[Devon]}, in a civil ceremony in {DATE[2004]}. A formal wedding took place on {DATE[April 30, 2005]}, in {GPE[Los Angeles]}, {GPE[California]}. Until the death of her father-in-law, {ORG[Langer]} held the courtesy title of {PERSON[Lady Courtenay]}. Following his death, and upon her husband's succession as {DATE[19th Earl]} of {GPE[Devon]}, she assumed the title of {WORK_OF_ART[Countess of Devon]}. In {DATE[January 2014]}, Lord and {PERSON[Lady Devon]} permanently relocated their family to {GPE[London]}, and to the family seat at {FAC[Powderham Castle]} in {DATE[May 2015]}. The couple have {CARDINAL[two]} children, a daughter and a son:

{PERSON[Lady Joscelyn Skye Courtenay]} (born {DATE[January 31, 2007]})
{PERSON[Jack Haydon Langer Courtenay]}, Lord {PERSON[Courtenay]} (born {DATE[August]} 2009).In her spare time, the Countess raises awareness and money for the research and treatment of {GPE[fibromyalgia]}, from which she herself suffers.
{PERSON[A. J. Langer]} at IMDb
 </spacy_body>
</doc>