<?xml version="1.0" encoding="utf-8"?>
<doc>
 <title>
  A. V. Bramble
 </title>
 <original_abstract>
  Albert Victor Bramble (1884–1963) was an English actor and film director. He began his acting career on the stage.  He started acting in films in 1913, and subsequently turned to directing and producing films. He died on 17 May 1963.
 </original_abstract>
 <spacy_abstract>
  {PERSON[Albert Victor Bramble]} ({CARDINAL[1884–1963]}) was an {LANGUAGE[English]} actor and film director. He began his acting career on the stage.  He started acting in films in {DATE[1913]}, and subsequently turned to directing and producing films. He died on {DATE[17 May 1963]}.
 </spacy_abstract>
 <original_body>
  Jimmy (1916)
Fatal Fingers (1916)
When Paris Sleeps (1917)
Profit and the Loss (1917)
The Laughing Cavalier (1917)
Bonnie Mary (1918)
The Single Man (1918)
Her Cross (1919)
A Smart Set (1919)
Heart and Soul (1919)
Wuthering Heights (1920)
Torn Sails (1920)
Mr. Gilfil's Love Story (1920)
Her Benny (1920)
The Will (1921)
The Prince and the Beggarmaid
The Rotters (1921)
The Old Country (1921)
The Bachelor's Club (1921)
The Little Mother (1922)
Shirley (1922)
The Card (1922)
Zeebrugge (1924)
Bodiam Castle and Eric the Slender (1926)
The Man Who Changed His Name (1928)
Shooting Stars (1928)
Chick (1928)
A Lucky Sweep (1932)
The Veteran of Waterloo (1933, short)
Mrs. Dane's Defence (1933)
The Loss of the Birkenhead (1914)
The Idol of Paris (1914)
The Courage of a Coward (1914)
Her Luck in London (1914)
The Suicide Club (1914)
Wild Oats (1915)
The World's Desire (1915)
There's Good in Everyone (1915)
The Mystery of a Hansom Cab (1915)
Shadows (1915)
Motherhood (1915)
Midshipman Easy (1915)
Honeymoon for Three (1915)
Home (1915)
Her Nameless Child (1915)
From Shopgirl to Duchess (1915)
At the Torrent's Mercy (1915)
Another Man's Wife (1915)
The World's Desire (1915)
Florence Nightingale (1915)
Jimmy (1916)
Fatal Fingers (1916)
A Soldier and a Man (1916)
When Paris Sleeps (1917)
Nearer My God to Thee (1917)
Broken Threads (1917)
The Cost of a Kiss (1917)
The Laughing Cavalier (1917)
Towards the Light (1918)
The Touch of a Child (1918)
The Message (1918)
The Hanging Judge (1918)
Becket (1923)
The Rolling Road (1928)
Outcast of the Islands (1952)
A. V. Bramble at IMDb
 </original_body>
 <spacy_body>
  {PERSON[Jimmy]} ({DATE[1916]})
Fatal Fingers ({DATE[1916]})
When {GPE[Paris]} {PERSON[Sleeps]} ({DATE[1917]})
Profit and the Loss ({DATE[1917]})
{WORK_OF_ART[The Laughing Cavalier]} ({DATE[1917]})
{PERSON[Bonnie Mary]} ({DATE[1918]})
{WORK_OF_ART[The Single Man (1918]})
Her Cross ({DATE[1919]})
A Smart Set ({DATE[1919]})
Heart and Soul ({DATE[1919]})
Wuthering Heights ({DATE[1920]})
{GPE[Torn Sails]} ({DATE[1920]})
Mr. {PERSON[Gilfil]}'s {ORG[Love Story]} ({DATE[1920]})
Her {PERSON[Benny]} ({DATE[1920]})
{WORK_OF_ART[The Will (1921]})
{WORK_OF_ART[The Prince and the Beggarmaid
]}The Rotters (1921)
{WORK_OF_ART[The Old Country (1921]})
{ORG[The Bachelor's Club]} ({DATE[1921]})
The Little Mother ({DATE[1922]})
{PERSON[Shirley]} ({DATE[1922]})
The Card ({DATE[1922]})
Zeebrugge ({DATE[1924]})
{PERSON[Bodiam Castle]} and {PERSON[Eric the Slender]} ({DATE[1926]})
{WORK_OF_ART[The Man Who Changed His Name]} (1928)
Shooting Stars (1928)
{PERSON[Chick]} ({DATE[1928]})
{WORK_OF_ART[A Lucky Sweep]} ({DATE[1932]})
{WORK_OF_ART[The Veteran of Waterloo]} ({DATE[1933]}, short)
Mrs. {PERSON[Dane]}'s Defence ({DATE[1933]})
{WORK_OF_ART[The Loss of the Birkenhead]} ({DATE[1914]})
{ORG[The Idol of Paris]} ({DATE[1914]})
{ORG[The Courage of a Coward (1914]})
Her Luck in {GPE[London]} ({DATE[1914]})
{ORG[The Suicide Club]} ({DATE[1914]})
Wild Oats ({DATE[1915]})
{WORK_OF_ART[The World's Desire]} ({DATE[1915]})
There's Good in Everyone ({DATE[1915]})
The Mystery of a Hansom Cab ({DATE[1915]})
{PERSON[Shadows]} ({DATE[1915]})
{PERSON[Motherhood]} ({DATE[1915]})
{PERSON[Midshipman Easy]} ({DATE[1915]})
{PERSON[Honeymoon]} for {CARDINAL[Three]} ({DATE[1915]})
Home ({DATE[1915]})
Her Nameless Child ({DATE[1915]})
From Shopgirl to {ORG[Duchess]} ({DATE[1915]})
At the Torrent's Mercy ({DATE[1915]})
{WORK_OF_ART[Another Man's Wife]} ({DATE[1915]})
The {WORK_OF_ART[World]}'s Desire ({DATE[1915]})
Florence Nightingale ({DATE[1915]})
{WORK_OF_ART[Jimmy]} ({DATE[1916]})
Fatal Fingers ({DATE[1916]})
A {GPE[Soldier]} and a Man ({DATE[1916]})
When {GPE[Paris]} {PERSON[Sleeps]} ({DATE[1917]})
Nearer My God to {PERSON[Thee]} ({DATE[1917]})
Broken Threads ({DATE[1917]})
{WORK_OF_ART[The Cost of a Kiss]} ({DATE[1917]})
{WORK_OF_ART[The Laughing Cavalier]} ({DATE[1917]})
Towards the Light ({DATE[1918]})
{WORK_OF_ART[The Touch of a Child]} ({DATE[1918]})
The Message ({DATE[1918]})
The Hanging Judge ({DATE[1918]})
Becket ({DATE[1923]})
{FAC[The Rolling Road]} ({DATE[1928]})
Outcast of the Islands ({DATE[1952]})
{PERSON[A. V. Bramble]} at IMDb
 </spacy_body>
</doc>