<?xml version="1.0" encoding="utf-8"?>
<doc>
 <title>
  Aaron Jeffery
 </title>
 <original_abstract>
  Aaron C. Jeffery is a Logie Award-winning New Zealand-Australian actor. He is best known for his roles as Terry Watson in Water Rats, as Alex Ryan in McLeod's Daughters, and as Matt "Fletch" Fletcher in Wentworth.
 </original_abstract>
 <spacy_abstract>
  {PERSON[Aaron C. Jeffery]} is a Logie Award-winning {GPE[New Zealand]}-Australian actor. He is best known for his roles as {PERSON[Terry Watson]} in Water Rats, as {PERSON[Alex Ryan]} in {ORG[McLeod's Daughters]}, and as {PERSON[Matt]} "Fletch" Fletcher in {LOC[Wentworth]}.
 </spacy_abstract>
 <original_body>
  Born in Howick, Auckland, Jeffery moved to Australia at the age of 17 and studied acting at NIDA.
Jeffery has been in a relationship with his former McLeod's Daughters co-star Zoe Naylor since 2010. The couple had their first child together, a daughter, in 2012. Jeffery also has another daughter from a previous relationship.
After graduating in 1993 from NIDA, he began his television career on the children's programme Ship to Shore. Jeffery is best known for his role as Alex Ryan in the drama McLeod's Daughters, which he left in 2008. He also appeared in the third season of the New Zealand drama series Outrageous Fortune.
Jeffery appeared in the series Underbelly: Badness as Frank. He wrapped filming on 22 June. Three days later, it was announced Jeffery had joined the cast of Neighbours as Bradley Fox for two months. In October, it was revealed that Jeffery had been cast as a corrections officer in the series Wentworth. He also starred in the Bevan Lee series Between Two Worlds for the Seven Network. In April 2021, it was announced that Jeffery had been cast in the upcoming Netflix thriller series Pieces of Her, which is adapted from the Karin Slaughter novel of the same name.
In both 2004 and 2007, Jeffery won the Silver Logie for Most Popular Actor in a Drama Series for his role on McLeod's Daughters.
Aaron Jeffery on Twitter
Aaron Jeffery at IMDb
 </original_body>
 <spacy_body>
  Born in {GPE[Howick]}, {GPE[Auckland]}, {PERSON[Jeffery]} moved to {GPE[Australia]} at {DATE[the age of 17]} and studied acting at {ORG[NIDA]}.
{PERSON[Jeffery]} has been in a relationship with his former {PERSON[McLeod]}'s Daughters co-star {ORG[Zoe Naylor]} since {DATE[2010]}. The couple had their {ORDINAL[first]} child together, a daughter, in {DATE[2012]}. {PERSON[Jeffery]} also has another daughter from a previous relationship.
After graduating in {DATE[1993]} from {ORG[NIDA]}, he began his television career on the children's programme Ship to Shore. {PERSON[Jeffery]} is best known for his role as {PERSON[Alex Ryan]} in the drama {WORK_OF_ART[McLeod's Daughters]}, which he left in {DATE[2008]}. He also appeared in {DATE[the third season]} of the {GPE[New Zealand]} drama series Outrageous Fortune.
{PERSON[Jeffery]} appeared in the series Underbelly: Badness as {PERSON[Frank]}. He wrapped filming on {DATE[22 June]}. {DATE[Three days later]}, it was announced {PERSON[Jeffery]} had joined the cast of {ORG[Neighbours]} as {PERSON[Bradley Fox]} for {DATE[two months]}. In {DATE[October]}, it was revealed that {PERSON[Jeffery]} had been cast as a corrections officer in the series Wentworth. He also starred in the {GPE[Bevan Lee]} series {WORK_OF_ART[Between Two Worlds for the Seven Network]}. In {DATE[April 2021]}, it was announced that {PERSON[Jeffery]} had been cast in the upcoming {GPE[Netflix]} thriller series {WORK_OF_ART[Pieces of Her]}, which is adapted from the Karin Slaughter novel of the same name.
In both {DATE[2004]} and {DATE[2007]}, {PERSON[Jeffery]} won the Silver Logie for Most Popular Actor in {EVENT[a Drama Series]} for his role on {WORK_OF_ART[McLeod's Daughters]}.
{PERSON[Aaron Jeffery]} on Twitter
{PERSON[Aaron Jeffery]} at IMDb
 </spacy_body>
</doc>