<?xml version="1.0" encoding="utf-8"?>
<doc>
 <title>
  Aaron Lohr
 </title>
 <original_abstract>
  Aaron Lohr (born April 7, 1976) is an American actor.
 </original_abstract>
 <spacy_abstract>
  {PERSON[Aaron Lohr]} (born {DATE[April 7, 1976]}) is an {NORP[American]} actor.
 </spacy_abstract>
 <original_body>
  Lohr was born in Los Angeles, California. He is a graduate of UCLA, where he  majored in theater.
Lohr portrayed the Dancing Boy in Deniece Williams' music video for the song "Let's Hear It for the Boy". He is also in the British television advertisement for Carlsberg Beer. Lohr has also appeared in many Sister, Sister episodes, better known as Marlon in his later appearances in the show.
Lohr became a recognizable player of the Disney Studios stable, appearing in many of their films, including The Mighty Ducks series and Newsies, He provided the singing voice for Max Goof in A Goofy Movie (filling in for Jason Marsden).  In 2000, he starred as Micky Dolenz in the VH1 TV-movie Daydream Believers: The Monkees' Story.He appeared in the 2005 film adaptation of the Tony and Pulitzer Prize winning Broadway musical Rent, directed by Chris Columbus. Lohr played the character Steve and sang vocals for the songs Will I and Life Support on the first disc of the soundtrack for the film. He starred in various roles in Michael John LaChiusa's See What I Wanna See at the New York Public Theater, opposite actress/singer Idina Menzel. Independent film releases include Henry Bean's Noise, Jim Koya Jones' taut psychological thriller The Wreck, and Manslaughter produced by Jim Koya Jones.
More recent work has included many leading roles in New York theater productions. He performed as Matt in the Off-Broadway production of Bare: a Pop Opera.
in 2004. He has appeared in several productions at the Public Theater. His inaugural performance there was in George Wolfe's Radiant Baby in 2003. This led to his starring role in See What I Want To See by Michael John LaChuisa. Lohr also starred in the political drama In Darfur both at the NY Public and Delacorte Theater.
Aaron Lohr, MA, LMFT (California Licensed Marriage and Family Therapist) serves as the Clinical Director of Avalon Malibu Residential Mental Health and Addiction Treatment Center. He has been with Avalon Malibu since its opening in 2012.  He has a Master’s Degree in Criminal Justice from John Jay in New York City and has a Master’s Degree in Psychology from Phillips Graduate University.
In August 2015, Lohr and actress Idina Menzel bought a home located in Encino, Los Angeles, California. Menzel announced on September 23, 2016, via her Twitter account, that she and Lohr were engaged. Menzel announced their marriage via Twitter on September 25, 2017. They were married over the weekend of September 22, 2017. Lohr is the stepfather to Menzel’s son from her relationship with Taye Diggs.
Aaron Lohr at IMDb
 </original_body>
 <spacy_body>
  Lohr was born in {GPE[Los Angeles]}, {GPE[California]}. He is a graduate of {ORG[UCLA]}, where he  majored in theater.
Lohr portrayed the Dancing Boy in {PERSON[Deniece Williams']} music video for the song "{WORK_OF_ART[Let's Hear It for the Boy]}". He is also in the {NORP[British]} television advertisement for {ORG[Carlsberg Beer]}. Lohr has also appeared in many {ORG[Sister, Sister episodes]}, better known as {GPE[Marlon]} in his later appearances in the show.
Lohr became a recognizable player of {ORG[the Disney Studios]} stable, appearing in many of their films, including {WORK_OF_ART[The Mighty Ducks]} series and Newsies, He provided the singing voice for {PERSON[Max Goof]} in {LOC[A Goofy Movie]} (filling in for {PERSON[Jason Marsden]}).  In {DATE[2000]}, he starred as {PERSON[Micky Dolenz]} in the {ORG[VH1 TV]}-movie {PERSON[Daydream Believers]}: The Monkees' Story.He appeared in the {DATE[2005]} film adaptation of the {PERSON[Tony]} and {WORK_OF_ART[Pulitzer Prize]} winning {FAC[Broadway]} musical Rent, directed by {PERSON[Chris Columbus]}. Lohr played the character {PERSON[Steve]} and sang vocals for the songs Will I and Life Support on the {ORDINAL[first]} disc of the soundtrack for the film. He starred in various roles in {PERSON[Michael John LaChiusa's]} {WORK_OF_ART[See What I Wanna See at the New York Public Theater]}, opposite actress/singer {PERSON[Idina Menzel]}. Independent film releases include {PERSON[Henry Bean's]} Noise, {PERSON[Jim Koya Jones']} taut psychological thriller The {LOC[Wreck]}, and {PERSON[Manslaughter]} produced by {PERSON[Jim Koya Jones]}.
More recent work has included many leading roles in {GPE[New York]} theater productions. He performed as {PERSON[Matt]} in the {FAC[Off-Broadway]} production of {WORK_OF_ART[Bare: a Pop Opera]}.
in {DATE[2004]}. He has appeared in several productions at {ORG[the Public Theater]}. His inaugural performance there was in {PERSON[George Wolfe's]} {ORG[Radiant Baby]} in {DATE[2003]}. This led to his starring role in See What I Want To See by {PERSON[Michael John LaChuisa]}. Lohr also starred in the political drama In {GPE[Darfur]} both at {ORG[the NY Public and Delacorte Theater]}.
{PERSON[Aaron Lohr]}, {GPE[MA]}, {ORG[LMFT]} ({GPE[California]} {ORG[Licensed Marriage and Family Therapist]}) serves as the Clinical Director of {ORG[Avalon Malibu Residential Mental Health and Addiction Treatment Center]}. He has been with {PERSON[Avalon Malibu]} since its opening in {DATE[2012]}.  He has {WORK_OF_ART[a Master’s Degree in Criminal Justice]} from {PERSON[John Jay]} in {GPE[New York City]} and has {WORK_OF_ART[a Master’s Degree in Psychology]} from {ORG[Phillips Graduate University]}.
In {DATE[August 2015]}, {ORG[Lohr]} and actress {NORP[Idina Menzel]} bought a home located in {GPE[Encino]}, {GPE[Los Angeles]}, {GPE[California]}. Menzel announced on {DATE[September 23, 2016]}, via her Twitter account, that she and {PERSON[Lohr]} were engaged. Menzel announced their marriage via Twitter on {DATE[September 25, 2017]}. They were married over {DATE[the weekend of September 22, 2017]}. Lohr is the stepfather to {NORP[Menzel]}’s son from her relationship with {ORG[Taye Diggs]}.
{PERSON[Aaron Lohr]} at IMDb
 </spacy_body>
</doc>