<?xml version="1.0" encoding="utf-8"?>
<doc>
 <title>
  Abbie Cornish
 </title>
 <original_abstract>
  Abbie Cornish (born 7 August 1982) is an Australian actress. Cornish is best known for her film roles as Heidi in Somersault (2004), Fanny Brawne in Bright Star (2009), Sweet Pea in Sucker Punch (2011), Lindy in Limitless (2011), as Sarah in Geostorm (2017) and for her work with writer/director Martin McDonagh in Seven Psychopaths (2012) and Three Billboards Outside Ebbing, Missouri (2017). For the latter, Cornish won her first Screen Actors Guild Award as part of the cast. In 2018, she portrayed Cathy Mueller in the first season of Amazon Video series Jack Ryan opposite John Krasinski. She also played Dixy in the film The Virtuoso (2021) alongside Anthony Hopkins.
 </original_abstract>
 <spacy_abstract>
  {PERSON[Abbie Cornish]} (born {DATE[7 August 1982]}) is an {NORP[Australian]} actress. {PERSON[Cornish]} is best known for her film roles as {PERSON[Heidi]} in {PERSON[Somersault]} ({DATE[2004]}), {PERSON[Fanny Brawne]} in {ORG[Bright Star]} ({DATE[2009]}), {PERSON[Sweet Pea]} in Sucker Punch ({DATE[2011]}), {PERSON[Lindy]} in Limitless ({DATE[2011]}), as Sarah in Geostorm ({DATE[2017]}) and for her work with writer/director {PERSON[Martin McDonagh]} in {ORG[Seven Psychopaths]} ({DATE[2012]}) and {CARDINAL[Three]} Billboards Outside Ebbing, {GPE[Missouri]} ({DATE[2017]}). For the latter, {PERSON[Cornish]} won her {ORDINAL[first]} {ORG[Screen Actors Guild Award]} as part of the cast. In {DATE[2018]}, she portrayed {PERSON[Cathy Mueller]} in {DATE[the first season]} of {ORG[Amazon Video]} series {PERSON[Jack Ryan]} opposite {PERSON[John Krasinski]}. She also played {LOC[Dixy]} in the film {WORK_OF_ART[The Virtuoso]} ({DATE[2021]}) alongside {PERSON[Anthony Hopkins]}.
 </spacy_abstract>
 <original_body>
  Abbie Cornish was born on 7 August 1982 in Lochinvar, New South Wales, Australia, as the second of five children of Shelley and Barry Cornish. Her sister, Isabelle Cornish, is also an actress. She grew up on a 70-hectare (170-acre) farm before moving to Newcastle, New South Wales. As a teenager, Cornish was fascinated by independent and foreign films.
Cornish began modelling at age 13 after reaching the finals of a Dolly Magazine competition. In 1999, Cornish was awarded the Australian Film Institute Young Actor's Award for her role in the Australian Broadcasting Corporation's television show Wildside and was offered her first role in a feature film, The Monkey's Mask.
In 2004, Cornish appeared in the award-winning short film Everything Goes with Hugo Weaving. She received the Australian Film Institute Award for Best Actress in a Leading Role, Best Actress at the FCCA and IF Awards and Best Breakthrough Performance at the 2005 Miami International Film Festival for her role in Somersault. Cornish received critical acclaim for her role in Candy, opposite Heath Ledger. She has also starred in A Good Year, Elizabeth: The Golden Age and Kimberly Peirce's  Stop-Loss. In April 2010, Cornish was cast in Limitless, the film adaptation of the novel The Dark Fields, directed by Neil Burger and also starring Bradley Cooper and Robert De Niro.Cornish narrated Zack Snyder's film Sucker Punch, in which she played one of the protagonists.Cornish played the role of Wally in Madonna's film W.E., about Edward VIII and Wallis Simpson. In 2012, she replaced Emily Blunt in the independent film The Girl, which premiered at the Tribeca Film Festival, and starred alongside Woody Harrelson and Colin Farrell in the crime comedy Seven Psychopaths. Cornish co-starred in the 2014 RoboCop reboot, as Clara Murphy, the wife of protagonist Alex Murphy (Joel Kinnaman).
In 2015, she played Agent Katherine Cowles in Solace, a mystery thriller film directed by Afonso Poyart with central performances by Anthony Hopkins, Colin Farrell, and Jeffrey Dean Morgan.In 2016, she filmed The Girl Who Invented Kissing with Luke Wilson.In 2018, she starred in Tom Clancy's Jack Ryan as Cathy Mueller, alongside John Krasinski.In 2019, she starred in the Australian television miniseries Secret Bridesmaids' Business along with Katie McGrath and Georgina Haig.
Cornish is a rapper, singer and songwriter. She has been rapping under the name MC Dusk since 2000 and was part of Australian hip hop group Blades from the age of 18 to 22. In 2015, Cornish supported American rapper Nas on his Australian tour. The same year, she released two new tracks on SoundCloud: "Evolve" featuring Jane Tyrrell and "Way Back Home", which was produced by Suffa from Hilltop Hoods. The songs have since been deleted, and there is no music on her profile as of October, 2020.
She is committed to cruelty-free eating, and in 2006, became an ambassador for Australian animal rights group Voiceless, the animal-protection institute, and was part of a national advertising campaign in 2012.
In 2019, she announced her engagement to mixed martial artist Adel Altamimi.
Pescan: A Feel Good Cookbook (2019, Abrams Books) ISBN 9781419734670
Goodwin, C (28 October 2007). "Pout and about". The Sunday Times. London: Times Newspapers Ltd. Retrieved 28 October 2007.
Abbie Cornish on Instagram
Abbie Cornish at IMDb
 </original_body>
 <spacy_body>
  {PERSON[Abbie Cornish]} was born on {DATE[7 August 1982]} in {GPE[Lochinvar]}, {GPE[New South Wales]}, {GPE[Australia]}, as the {ORDINAL[second]} of {CARDINAL[five]} children of {GPE[Shelley]} and {PERSON[Barry Cornish]}. Her sister, {PERSON[Isabelle Cornish]}, is also an actress. She grew up on a 70-hectare ({MONEY[170-acre]}) farm before moving to {GPE[Newcastle]}, {GPE[New South Wales]}. As a teenager, {NORP[Cornish]} was fascinated by independent and foreign films.
{NORP[Cornish]} began modelling at {DATE[age 13]} after reaching the finals of a {ORG[Dolly Magazine]} competition. In {DATE[1999]}, {NORP[Cornish]} was awarded {ORG[the Australian Film Institute]} {PERSON[Young Actor's Award]} for her role in {ORG[the Australian Broadcasting Corporation's]} television show {FAC[Wildside]} and was offered her {ORDINAL[first]} role in a feature film, {WORK_OF_ART[The Monkey's Mask]}.
In {DATE[2004]}, {NORP[Cornish]} appeared in the award-winning short film {WORK_OF_ART[Everything Goes]} with {PERSON[Hugo Weaving]}. She received {ORG[the Australian Film Institute]} Award for Best Actress in a Leading Role, Best Actress at the {ORG[FCCA]} and IF Awards and Best Breakthrough Performance at the {DATE[2005]} {EVENT[Miami International Film Festival]} for her role in {GPE[Somersault]}. {NORP[Cornish]} received critical acclaim for her role in {PERSON[Candy]}, opposite {PERSON[Heath Ledger]}. She has also starred in {DATE[A Good Year]}, {PERSON[Elizabeth]}: The Golden Age and {ORG[Kimberly Peirce's]}  {ORG[Stop-Loss]}. In {DATE[April 2010]}, {NORP[Cornish]} was cast in {ORG[Limitless]}, the film adaptation of the novel {WORK_OF_ART[The Dark Fields]}, directed by {PERSON[Neil Burger]} and also starring {PERSON[Bradley Cooper]} and {PERSON[Robert De Niro]}.{NORP[Cornish]} narrated {PERSON[Zack Snyder's]} film {WORK_OF_ART[Sucker Punch]}, in which she played one of the protagonists.{NORP[Cornish]} played the role of Wally in {PERSON[Madonna]}'s film {GPE[W.E.]}, about {PERSON[Edward VIII]} and {PERSON[Wallis Simpson]}. In {DATE[2012]}, she replaced {PERSON[Emily Blunt]} in the independent film {WORK_OF_ART[The Girl]}, which premiered at {EVENT[the Tribeca Film Festival]}, and starred alongside {PERSON[Woody Harrelson]} and {PERSON[Colin Farrell]} in the crime comedy {CARDINAL[Seven]} Psychopaths. {NORP[Cornish]} co-starred in the {DATE[2014]} RoboCop reboot, as {PERSON[Clara Murphy]}, the wife of protagonist {PERSON[Alex Murphy]} ({PERSON[Joel Kinnaman]}).
In {DATE[2015]}, she played Agent {PERSON[Katherine Cowles]} in {ORG[Solace]}, a mystery thriller film directed by {ORG[Afonso Poyart]} with central performances by {PERSON[Anthony Hopkins]}, {PERSON[Colin Farrell]}, and {PERSON[Jeffrey Dean Morgan]}.In {DATE[2016]}, she filmed {WORK_OF_ART[The Girl Who Invented Kissing]} with {PERSON[Luke Wilson]}.In {DATE[2018]}, she starred in {PERSON[Tom Clancy]}'s {PERSON[Jack Ryan]} as {PERSON[Cathy Mueller]}, alongside {PERSON[John Krasinski]}.In {DATE[2019]}, she starred in the {NORP[Australian]} television miniseries {ORG[Secret Bridesmaids' Business]} along with {PERSON[Katie McGrath]} and {PERSON[Georgina Haig]}.
{NORP[Cornish]} is a rapper, singer and songwriter. She has been rapping under the name {ORG[MC Dusk]} since {DATE[2000]} and was part of {NORP[Australian]} hip hop group {ORG[Blades]} from {DATE[the age of 18 to 22]}. In {DATE[2015]}, {NORP[Cornish]} supported {NORP[American]} rapper {PERSON[Nas]} on his {NORP[Australian]} tour. {DATE[The same year]}, she released {CARDINAL[two]} new tracks on {ORG[SoundCloud]}: "{WORK_OF_ART[Evolve]}" featuring {PERSON[Jane Tyrrell]} and "{WORK_OF_ART[Way Back Home]}", which was produced by Suffa from {PERSON[Hilltop Hoods]}. The songs have since been deleted, and there is no music on her profile as of {DATE[October, 2020]}.
She is committed to cruelty-free eating, and in {DATE[2006]}, became an ambassador for {NORP[Australian]} animal rights group {PRODUCT[Voiceless]}, the animal-protection institute, and was part of a national advertising campaign in {DATE[2012]}.
In {DATE[2019]}, she announced her engagement to mixed martial artist {PERSON[Adel Altamimi]}.
Pescan: A Feel Good Cookbook ({DATE[2019]}, {ORG[Abrams Books]}) ISBN 9781419734670
Goodwin, C ({DATE[28 October 2007]}). "Pout and about". {ORG[The Sunday Times]}. {GPE[London]}: {ORG[Times Newspapers Ltd.]} Retrieved {CARDINAL[28]} {DATE[October 2007]}.
{PERSON[Abbie Cornish]} on Instagram
{PERSON[Abbie Cornish]} at IMDb
 </spacy_body>
</doc>