<?xml version="1.0" encoding="utf-8"?>
<doc>
 <title>
  Abby Leigh
 </title>
 <original_abstract>
  Abby Leigh is an American artist based in New York City. Her work is held in public collections including the Museum of Modern Art, New York, NY; the Whitney Museum of American Art, New York, NY; the Guggenheim Museum, New York, NY; the Metropolitan Museum of Art, New York, NY; The Hammer Museum, Los Angeles, CA; Houston Museum of Fine Arts, Houston, TX; among others.
 </original_abstract>
 <spacy_abstract>
  {PERSON[Abby Leigh]} is an {NORP[American]} artist based in {GPE[New York City]}. Her work is held in public collections including {ORG[the Museum of Modern Art]}, {GPE[New York]}, {GPE[NY]}; {FAC[the Whitney Museum of]} American Art, {GPE[New York]}, {GPE[NY]}; {ORG[the Guggenheim Museum]}, {GPE[New York]}, {GPE[NY]}; {ORG[the Metropolitan Museum of Art]}, {GPE[New York]}, {GPE[NY]}; {ORG[The Hammer Museum]}, {GPE[Los Angeles]}, {GPE[CA]}; {ORG[Houston Museum of Fine Arts]}, {GPE[Houston]}, {GPE[TX]}; among others.
 </spacy_abstract>
 <original_body>
  Leigh was born and grew up in New York City. Her mother was a mathematician. She attended Brandeis University where she majored in Theater Studies before attending Guildhall School of Music and Drama. She worked briefly as an actress, touring with the National Company of Butterflies are Free, and making numerous commercials. She began to take drawing lessons at the Art Students League in New York, where her teacher, Will Barnet, encouraged her to become a painter.
Leigh's early career flourished in Europe, where she showed extensively in France and Italy, as well as Denmark and Belgium, beginning with her exhibit at the Chapelle de Pénitants Blancs in Vence, France. In the decade following this first solo exhibition in France, Leigh's work was shown in solo exhibitions in Europe thirteen more times, and her career in New York began with a series of solo exhibitions at the Maxwell Davidson Gallery. When Leigh's first solo exhibition with the Betty Cunningham Gallery opened on January 27, 2005, the concentration of her career shifted to America, where her solo exhibitions have been concentrated in recent years.
According to the Betty Cunningham Gallery in New York, which represents her, Leigh's work is held in the following public collections:
Accademia dei Georgofili, Uffizi Galleries, Florence, Italy
Citibank, New York, NY
Collezioni Communali, Bari, Italy
Collezioni Communali, Sabbioneta, Italy
Deloitte &amp; Touche LLP, New York, NY
The Farnsworth Museum of Art, Rockland, ME
Fogg Art Museum, Harvard University, Cambridge, MA
Guggenheim Museum, New York, NY
Armand Hammer Museum, Los Angeles, CA
Museum of Fine Arts, Houston, TX
Hunt Institute of Botanical Documentation, Pittsburgh, PA
Industrial Solvents Corporation, Rye, NY
The Israel Museum, Jerusalem, Israel
The Metropolitan Museum of Art, New York, NY
Midtsønderjyllands Museum, Gram Slot, Gram, Denmark
Montclair Art Museum, Montclair, NJ
Museum of Contemporary Art, Issoudun, France
Grey Art Gallery, New York University, New York, NY
Progressive Art Collection, Mayfield Village, OH
The New York Public Library, New York, NY
Sterling Memorial Library, Yale University, New Haven, CT
The Whitney Museum of American Art, New York, NY
Yale University Art Gallery, New Haven, CT
Speaking about Abby Leigh's "The Eye is the First Circle," a series of painting and ink drawings between 2005 and 2007, Art in America's Susan Rosenberg said "we might well herald myopia as a condition to be cultivated by 21st-century-artist-visionaries.""What is perhaps most remarkable about the drawings in My Personal Atlas is the balance between the lyrically private and the analytic. The unfolding biomorphic flow of these drawings inevitably evokes the introspective surrealism of an artist like Arshile Gorky…"—The Brooklyn Rail"The results resemble…pregnant Robert Ryman canvases that delicately balance the scientific and the artistic"—Artnews


== References ==
 </original_body>
 <spacy_body>
  Leigh was born and grew up in {GPE[New York City]}. Her mother was a mathematician. She attended {ORG[Brandeis University]} where she majored in {ORG[Theater Studies]} before attending {ORG[Guildhall School of Music]} and Drama. She worked briefly as an actress, touring with {ORG[the National Company of Butterflies are Free]}, and making numerous commercials. She began to take drawing lessons at {FAC[the Art Students League]} in {GPE[New York]}, where her teacher, {PERSON[Will Barnet]}, encouraged her to become a painter.
{PERSON[Leigh]}'s early career flourished in {LOC[Europe]}, where she showed extensively in {GPE[France]} and {GPE[Italy]}, as well as {GPE[Denmark]} and {GPE[Belgium]}, beginning with her exhibit at {ORG[the Chapelle de Pénitants Blancs in Vence]}, {GPE[France]}. In {DATE[the decade]} following this {ORDINAL[first]} solo exhibition in {GPE[France]}, {ORG[Leigh]}'s work was shown in solo exhibitions in {LOC[Europe]} {CARDINAL[thirteen]} more times, and her career in {GPE[New York]} began with a series of solo exhibitions at {ORG[the Maxwell Davidson Gallery]}. When {PERSON[Leigh]}'s {ORDINAL[first]} solo exhibition with {ORG[the Betty Cunningham Gallery]} opened on {DATE[January 27, 2005]}, the concentration of her career shifted to {GPE[America]}, where her solo exhibitions have been concentrated in {DATE[recent years]}.
According to {ORG[the Betty Cunningham Gallery]} in {GPE[New York]}, which represents her, Leigh's work is held in the following public collections:
Accademia dei {PERSON[Georgofili]}, Uffizi Galleries, {GPE[Florence]}, {GPE[Italy]}
{ORG[Citibank]}, {GPE[New York]}, NY
{PERSON[Collezioni Communali]}, {GPE[Bari]}, {GPE[Italy]}
{PERSON[Collezioni Communali]}, {GPE[Sabbioneta]}, {GPE[Italy]}
{ORG[Deloitte &amp; Touche]} {ORG[LLP]}, {GPE[New York]}, NY
{ORG[The Farnsworth Museum of Art]}, Rockland, ME
{ORG[Fogg Art Museum]}, {ORG[Harvard University]}, {GPE[Cambridge]}, {GPE[MA]}
{FAC[Guggenheim Museum]}, {GPE[New York]}, {ORG[NY
]}Armand Hammer Museum, {GPE[Los Angeles]}, CA
Museum of Fine Arts, {GPE[Houston]}, {ORG[TX
Hunt Institute of Botanical Documentation]}, {GPE[Pittsburgh]}, PA
Industrial Solvents Corporation, {PERSON[Rye]}, NY
{ORG[The Israel Museum]}, {GPE[Jerusalem]}, {GPE[Israel]}
{ORG[The Metropolitan Museum of Art]}, {GPE[New York]}, {ORG[NY
Midtsønderjyllands Museum]}, {PERSON[Gram Slot]}, {PERSON[Gram]}, {ORG[Denmark
Montclair Art Museum]}, {ORG[Montclair]}, {ORG[NJ
Museum of Contemporary Art]}, {GPE[Issoudun]}, {GPE[France]}
Grey Art Gallery, {ORG[New York University]}, {GPE[New York]}, NY
Progressive Art Collection, {GPE[Mayfield Village]}, OH
{ORG[The New York Public Library]}, {GPE[New York]}, {ORG[NY
]}Sterling Memorial Library, {ORG[Yale University]}, {GPE[New Haven]}, {GPE[CT]}
{ORG[The Whitney Museum of American Art]}, {GPE[New York]}, {ORG[NY]}
{ORG[Yale University Art Gallery]}, {GPE[New Haven]}, CT
Speaking about {PERSON[Abby Leigh's]} "{WORK_OF_ART[The Eye is the First Circle]}," a series of painting and ink drawings {DATE[between 2005 and 2007]}, Art in {GPE[America]}'s {PERSON[Susan Rosenberg]} said "we might well herald myopia as a condition to be cultivated by {DATE[21st-century]}-artist-visionaries.""What is perhaps most remarkable about the drawings in {LAW[My Personal Atlas]} is the balance between the lyrically private and the analytic. The unfolding biomorphic flow of these drawings inevitably evokes the introspective surrealism of an artist like {PERSON[Arshile Gorky]}…"—The {GPE[Brooklyn]} Rail"The results resemble…pregnant {PERSON[Robert Ryman]} canvases that delicately balance the scientific and the {ORG[artistic"—Artnews]}


== References ==
 </spacy_body>
</doc>