<?xml version="1.0" encoding="utf-8"?>
<doc>
 <title>
  Abby Dalton
 </title>
 <original_abstract>
  Gladys Marlene Wasden (August 15, 1932 – November 23, 2020), known professionally as Abby Dalton, was an American actress, known for her television roles on the sitcoms Hennesey (1959–1962) and The Joey Bishop Show (1962–1965), and the primetime soap opera Falcon Crest (1981–1986).
 </original_abstract>
 <spacy_abstract>
  {PERSON[Gladys Marlene Wasden]} ({DATE[August 15, 1932]} – {DATE[November 23, 2020]}), known professionally as {PERSON[Abby Dalton]}, was an {NORP[American]} actress, known for her television roles on the sitcoms {PERSON[Hennesey]} ({DATE[1959–1962]}) and The Joey Bishop Show ({DATE[1962–1965]}), and the primetime soap opera {ORG[Falcon Crest]} ({DATE[1981–1986]}).
 </spacy_abstract>
 <original_body>
  Dalton was born Gladys Marlene Wasden on August 15, 1932 in Las Vegas, Nevada. Dalton had three children by her marriage to Jack Smith, including Kathleen Kinmont, an actress who closely resembles her mother. Kinmont was married to Lorenzo Lamas, Dalton's onscreen son in Falcon Crest.
Dalton made numerous appearances on television. James Garner and Clint Eastwood engaged in a fist fight over Dalton's character in the episode "Duel at Sundown" of Maverick. In 1958, she played the love interest of a gunfighter on Have Gun Will Travel, starring Richard Boone. She appeared as Eloise Barton in an episode of the Western series Jefferson Drum, starring Jeff Richards.
In January 1959, Dalton was cast as Elizabeth Bingham in the episode "The Desperadoes" of the series Sugarfoot, starring Will Hutchins in the title role. 

From 1959 to 1962, Dalton played nurse Martha Hale on Hennesey (she was nominated for Emmy Award for her role) with Jackie Cooper in the title role, and she portrayed Joey Bishop's wife on The Joey Bishop Show from 1962 to 1965. As the Hennesey series was ending, The Joey Bishop Show was preparing for the start of its second season on NBC. Dalton played the role of Ellie Barnes, the wife of Joey Barnes (Bishop). As the season began on September 15, 1962, Dalton and Bishop are shown as newlyweds Ellie and Joey Barnes. Hennesey's finale was aired two days later on September 17, 1962, with Martha Hale's marriage to Chick Hennesey. Hence, Dalton portrayed being married to two different television sitcom characters on two different networks within two days.
Dalton was a semi-regular panelist on NBC and syndicated Match Game and appeared in the early years of Hollywood Squares. Dalton also appeared on Super Password, with Bert Convy as the host, and guest-starred on the interview program Here's Hollywood.

Dalton was cast in the original pilot for what became the ABC series Barney Miller as Barney's wife. However, this version of the pilot, for a show titled The Days and Nights of Captain Barney Miller, was rejected by the network, and the role was recast with Barbara Barrie. In 1977, she appeared in an episode of the crime drama The Feather and Father Gang.
In the 1980s, Dalton played winemaker Julia Cumson on Falcon Crest. In the show, Julia is the daughter of Angela Channing (Jane Wyman) and the mother of Lance Cumson (Lorenzo Lamas). Julia was at quiet odds with her mother, Angela, and for the show's first two seasons, she was troubled, but a nonviolent person. In the second-season finale, however, she was revealed to be a killer. Much of the third season focused on her dealing with life both in prison and a mental institution, and toward the end of the season, her character escaped from the mental institution to try to kill her mother. Julia was believed to have been killed in the second to last episode, but soon into the fourth season, she was revealed to be still alive. She returned sporadically during the fifth and sixth seasons, but did not reappear after 1986. After leaving the series, Dalton had guest-starring roles on Hotel and Murder, She Wrote.
Dalton also was a TV game player and regular on Stump the Stars (1964), PDQ (1970) and Match Game (1973-74). She appeared on The Rifleman in the episode "The Marshal" as hotel clerk Nancy Moore.
In 1957, Dalton played roles in the Roger Corman films Teenage Doll, Carnival Rock, and The Saga of the Viking Women and Their Voyage to the Waters of the Great Sea Serpent. Her first leading role was in the 1957 film Rock All Night produced by American International Pictures. The following year, she starred in Stakeout on Dope Street, Girls on the Loose, The High Cost of Loving and Cole Younger, Gunfighter. In 1966, Dalton played Calamity Jane in The Plainsman with Don Murray, and appeared in the rarely-seen film A Whale of a Tale (1976), with William Shatner and Marty Allen. Her later films included the Don "The Dragon" Wilson movie CyberTracker (1994), Buck and the Magic Bracelet (1999), and the horror film Prank (2008).
Dalton died on November 23, 2020 in Los Angeles, California after a long illness.
Abby Dalton at IMDb
 </original_body>
 <spacy_body>
  {PERSON[Dalton]} was born Gladys {PERSON[Marlene Wasden]} on {DATE[August 15, 1932]} in {GPE[Las Vegas]}, {GPE[Nevada]}. {PERSON[Dalton]} had {CARDINAL[three]} children by her marriage to {PERSON[Jack Smith]}, including {PERSON[Kathleen Kinmont]}, an actress who closely resembles her mother. {ORG[Kinmont]} was married to {PERSON[Lorenzo Lamas]}, {PERSON[Dalton]}'s onscreen son in {ORG[Falcon Crest]}.
{PERSON[Dalton]} made numerous appearances on television. {PERSON[James Garner]} and {ORG[Clint Eastwood]} engaged in a fist fight over {PERSON[Dalton]}'s character in the episode "{WORK_OF_ART[Duel at Sundown" of Maverick]}. In {DATE[1958]}, she played the love interest of a gunfighter on Have Gun Will Travel, starring {PERSON[Richard Boone]}. She appeared as {PERSON[Eloise Barton]} in an episode of {EVENT[the Western series]} {PERSON[Jefferson Drum]}, starring {PERSON[Jeff Richards]}.
In {DATE[January 1959]}, {PERSON[Dalton]} was cast as {PERSON[Elizabeth Bingham]} in the episode "{WORK_OF_ART[The Desperadoes]}" of the series Sugarfoot, starring {PERSON[Will Hutchins]} in the title role. 

From {DATE[1959 to 1962]}, {PERSON[Dalton]} played nurse {PERSON[Martha Hale]} on Hennesey (she was nominated for {PERSON[Emmy Award]} for her role) with {PERSON[Jackie Cooper]} in the title role, and she portrayed {PERSON[Joey Bishop's]} wife on {WORK_OF_ART[The Joey Bishop Show]} from {DATE[1962 to 1965]}. As {EVENT[the Hennesey series]} was ending, {WORK_OF_ART[The Joey Bishop Show]} was preparing for the start of its second season on {ORG[NBC]}. {PERSON[Dalton]} played the role of {PERSON[Ellie Barnes]}, the wife of {PERSON[Joey Barnes]} (Bishop). As the season began on {DATE[September 15, 1962]}, {PERSON[Dalton]} and {ORG[Bishop]} are shown as newlyweds {PERSON[Ellie]} and {PERSON[Joey Barnes]}. {PERSON[Hennesey]}'s finale was aired {DATE[two days later]} on {DATE[September 17, 1962]}, with {PERSON[Martha Hale's]} marriage to {PERSON[Chick Hennesey]}. Hence, {PERSON[Dalton]} portrayed being married to {CARDINAL[two]} different television sitcom characters on {CARDINAL[two]} different networks within {DATE[two days]}.
{PERSON[Dalton]} was a semi-regular panelist on {ORG[NBC]} and syndicated {PERSON[Match Game]} and appeared in {DATE[the early years]} of {GPE[Hollywood Squares]}. {PERSON[Dalton]} also appeared on {ORG[Super Password]}, with {PERSON[Bert Convy]} as the host, and guest-starred on the interview program Here's {GPE[Hollywood]}.

{PERSON[Dalton]} was cast in the original pilot for what became the {ORG[ABC]} series {PERSON[Barney Miller]} as {PERSON[Barney]}'s wife. However, this version of the pilot, for a show titled {DATE[The Days]} and Nights of Captain {PERSON[Barney Miller]}, was rejected by the network, and the role was recast with {PERSON[Barbara Barrie]}. In {DATE[1977]}, she appeared in an episode of the crime drama {WORK_OF_ART[The Feather]} and Father Gang.
In {DATE[the 1980s]}, {PERSON[Dalton]} played winemaker {PERSON[Julia Cumson]} on {ORG[Falcon Crest]}. In the show, {GPE[Julia]} is the daughter of {PERSON[Angela Channing]} ({PERSON[Jane Wyman]}) and the mother of {PERSON[Lance Cumson]} ({PERSON[Lorenzo Lamas]}). {PERSON[Julia]} was at quiet odds with her mother, {PERSON[Angela]}, and for the show's {ORDINAL[first]} two seasons, she was troubled, but a nonviolent person. In the {DATE[second-season]} finale, however, she was revealed to be a killer. Much of {DATE[the third season]} focused on her dealing with life both in prison and a mental institution, and toward {DATE[the end of the season]}, her character escaped from the mental institution to try to kill her mother. {PERSON[Julia]} was believed to have been killed in the {ORDINAL[second]} to last episode, but soon into {DATE[the fourth season]}, she was revealed to be still alive. She returned sporadically during {DATE[the fifth and sixth seasons]}, but did not reappear after {DATE[1986]}. After leaving the series, {PERSON[Dalton]} had guest-starring roles on {ORG[Hotel and Murder]}, She Wrote.
{PERSON[Dalton]} also was a TV game player and regular on Stump the Stars ({DATE[1964]}), {ORG[PDQ]} ({DATE[1970]}) and {PERSON[Match Game]} ({DATE[1973-74]}). She appeared on The Rifleman in the episode "{WORK_OF_ART[The Marshal]}" as hotel clerk {PERSON[Nancy Moore]}.
In {DATE[1957]}, {PERSON[Dalton]} played roles in the {PERSON[Roger Corman]} films {WORK_OF_ART[Teenage Doll]}, {GPE[Carnival Rock]}, and {WORK_OF_ART[The Saga of the Viking Women and Their Voyage to the Waters of the Great Sea Serpent]}. Her {ORDINAL[first]} leading role was in the {DATE[1957]} film {WORK_OF_ART[Rock All Night]} produced by {ORG[American International Pictures]}. {DATE[The following year]}, she starred in {GPE[Stakeout on Dope Street]}, {PERSON[Girls]} on the Loose, The High Cost of Loving and Cole Younger, {PERSON[Gunfighter]}. In {DATE[1966]}, {PERSON[Dalton]} played {PERSON[Calamity Jane]} in The {WORK_OF_ART[Plainsman]} with {PERSON[Don Murray]}, and appeared in the rarely-seen film {WORK_OF_ART[A Whale of a Tale]} ({DATE[1976]}), with {PERSON[William Shatner]} and {PERSON[Marty Allen]}. Her later films included {PERSON[the Don]} "The Dragon" {ORG[Wilson]} movie CyberTracker ({DATE[1994]}), {PERSON[Buck]} and {PRODUCT[the Magic Bracelet]} ({DATE[1999]}), and the horror film {ORG[Prank]} ({DATE[2008]}).
{PERSON[Dalton]} died on {DATE[November 23, 2020]} in {GPE[Los Angeles]}, {GPE[California]} after a long illness.
{PERSON[Abby Dalton]} at IMDb
 </spacy_body>
</doc>