<?xml version="1.0" encoding="utf-8"?>
<doc>
 <title>
  Abby Rakic-Platt
 </title>
 <original_abstract>
  Abby Rakic-Platt (born 3 May 1993) is a British actress best known for her performances in the television series The Story of Tracy Beaker on the children's channel CBBC as Jackie Hopper. She appeared in a 2010 Sainsbury's Christmas advert.
 </original_abstract>
 <spacy_abstract>
  {PERSON[Abby Rakic-Platt]} (born {DATE[3 May 1993]}) is a {NORP[British]} actress best known for her performances in the television series {WORK_OF_ART[The Story of Tracy Beaker]} on the children's channel {ORG[CBBC]} as {PERSON[Jackie Hopper]}. She appeared in a {DATE[2010]} {ORG[Sainsbury]}'s {DATE[Christmas]} advert.
 </spacy_abstract>
 <original_body>
  She attended Highams Park School and Grey Coat Hospital secondary school, both in London, England, and has four younger siblings, Maddie, Jaime and Eloise Rakic-Platt who are also actresses. Rakic-Platt's maternal grandfather is from Yugoslavia. Rakic-Platt was trained at the Anna Scher Theatre School, attending from the age of 7 or 8 to 18. Rakic-Platt lives in Walthamstow with her father, a taxi driver, and her mother, a school secretary.
Abby Rakic-Platt at IMDb
Abby Rakic-Platt on Twitter
 </original_body>
 <spacy_body>
  She attended {ORG[Highams Park School]} and {ORG[Grey Coat Hospital]} secondary school, both in {GPE[London]}, {GPE[England]}, and has {CARDINAL[four]} younger siblings, {GPE[Maddie]}, {PERSON[Jaime]} and {GPE[Eloise Rakic-Platt]} who are also actresses. {PERSON[Rakic-Platt's]} maternal grandfather is from {GPE[Yugoslavia]}. {PERSON[Rakic-Platt]} was trained at {ORG[the Anna Scher Theatre School]}, attending from {DATE[the age of 7]} or 8 to 18. {PERSON[Rakic-Platt]} lives in {GPE[Walthamstow]} with her father, a taxi driver, and her mother, a school secretary.
{PERSON[Abby Rakic-Platt]} at IMDb
{PERSON[Abby Rakic-Platt]} on Twitter
 </spacy_body>
</doc>