<?xml version="1.0" encoding="utf-8"?>
<doc>
 <title>
  Abdelhafid Metalsi
 </title>
 <original_abstract>
  Abdelhafid Metalsi (born 1969) is an Arabic actor, of Kabyle descent and Algerian ethnicity, who lives in France and was naturalized as French. He is best known for his starring role as the dedicated Capitaine Kader Chérif in the French police series Cherif.
 </original_abstract>
 <spacy_abstract>
  {PERSON[Abdelhafid Metalsi]} (born {DATE[1969]}) is an {NORP[Arabic]} actor, of {PERSON[Kabyle]} descent and {NORP[Algerian]} ethnicity, who lives in {GPE[France]} and was naturalized as {LANGUAGE[French]}. He is best known for his starring role as the dedicated {PERSON[Capitaine Kader Chérif]} in the {NORP[French]} police series {PERSON[Cherif]}.
 </spacy_abstract>
 <original_body>
  Born in Algeria in 1969, Abdelhafid Metalsi moved to France at age one, in Champagne province, where he grew up. He lived in the Orgeval district in Reims for part of his childhood. He began training as an actor at the Chaillot National Theater which gave him the chance to work on stage and act in television shows such as Spiral season 4 (Canal+) or Spin (France 2). Metalsi is especially known for his role as captain Kader Chérif, the lead character in the cop show Cherif which has been broadcast on the France 2 network since October 25, 2013.
2000 : L'Electron libre
2003 : Hymne à la gazelle, (short film)
2005 : Zim and Co.
2005 : Nuit noire, 17 octobre 1961, (TV film)
2005 : Groupe flag, (TV series)
2005 : Le Tigre et la Neige
2005 : Munich
2006 : En el hoyo, (short film)
2006 : La Jungle
2006 : Pour l'amour de Dieu, (TV film)
2006 : Femmes de loi, (TV series)
2006 : Mauvaise Foi
2006 : Mafiosa, le clan, (TV series)
2007 : Tout est bon dans le cochon, (short film)
2007 : Michou d'Auber
2007 : L'Ennemi intime
2007 : Andalucia
2007 : L'Affaire Ben Barka, (TV film)
2007 : La Commune, (TV series)
2008 : Un roman policier
2008 : Terre de lumière, (TV series)
2008 : L'Instinct de mort
2008 : Un si beau voyage
2008 : Versailles
2009 : Le choix de Myriam, (TV film)
2009 : Adieu Gary
2009 : Le Siffleur
2010 : Alice Nevers, le juge est une femme, (TV series)
2010 : Des hommes et des dieux
2010 : Les Mains libres
2010 : The Assault
2011 : L'Exercice de l'État
2011 : Une nouvelle vie
2012 : Il était une fois, une fois
2012 : Spin (Les Hommes de l'ombre) (TV servies)
2012 : L'Affaire Gordji : Histoire d'une cohabitation, (TV film)
2012 : Engrenages, (TV series)
2012 : Au nom d'Athènes, (TV film)
2013 : Les Invincibles
2013 : Cherif, (TV series)
Femmes fatales on the subject of Sénèque and Shakespeare, directed by Élisabeth Chailloux, Théâtre des Quartiers d’Ivry
La vie qui va, directed by Yves Guerre, Compagnie Arc-en-Ciel
Le point de vue de la vache sacrée by Sholby, directed by Alexis Monceaux
Andromaque by Jean Racine, directed by Abdelhafid Metalsi
Festival Séries Mania : the 2013 best actor in a French television series for Cherif.


== References ==
 </original_body>
 <spacy_body>
  Born in {GPE[Algeria]} in {DATE[1969]}, {ORG[Abdelhafid Metalsi]} moved to {GPE[France]} at age one, in {GPE[Champagne province]}, where he grew up. He lived in the Orgeval district in {GPE[Reims]} for part of his childhood. He began training as an actor at {ORG[the Chaillot National Theater]} which gave him the chance to work on stage and act in television shows such as Spiral season 4 (Canal+) or {PERSON[Spin]} ({GPE[France]} {CARDINAL[2]}). Metalsi is especially known for his role as captain {PERSON[Kader Chérif]}, the lead character in the cop show {PRODUCT[Cherif]} which has been broadcast on the {GPE[France]} 2 network since {DATE[October 25, 2013]}.
{CARDINAL[2000]} : {PERSON[L'Electron]} libre
{DATE[2003]} : Hymne à la gazelle, (short film)
{DATE[2005]} : {ORG[Zim and Co.]}
{DATE[2005]} : {ORG[Nuit]} noire, {CARDINAL[17]} octobre {DATE[1961]}, (TV film)
{DATE[2005]} : Groupe flag, (TV series)
{DATE[2005]} : {WORK_OF_ART[Le Tigre et la]} Neige
{DATE[2005]} : {GPE[Munich]}
{DATE[2006]} : En el hoyo, (short film)
{DATE[2006]} : {PERSON[La Jungle]}
2006 : {PERSON[Pour l'amour de Dieu]}, (TV film)
{DATE[2006]} : {PERSON[Femmes de loi]}, (TV series)
{DATE[2006]} : Mauvaise Foi
{DATE[2006]} : {NORP[Mafiosa]}, le clan, (TV series)
2007 : Tout est bon dans {PERSON[le cochon]}, (short film)
{DATE[2007]} : {GPE[Michou]} d'Auber
2007 : {PERSON[L'Ennemi]} intime
{DATE[2007]} : Andalucia
{DATE[2007]} : {PERSON[L'Affaire Ben Barka]}, (TV film)
{DATE[2007]} : {GPE[La Commune]}, (TV series)
{DATE[2008]} : {ORG[Un]} roman policier
{DATE[2008]} : {PRODUCT[Terre de lumière]}, (TV series)
{DATE[2008]} : {PERSON[L'Instinct de mort]}
{DATE[2008]} : Un si beau voyage
{DATE[2008]} : Versailles
{DATE[2009]} : {GPE[Le]} choix de Myriam, (TV film)
{CARDINAL[2009]} : Adieu Gary
2009 : {EVENT[Le Siffleur
2010]} : {PERSON[Alice Nevers]}, {GPE[le juge est une femme]}, (TV series)
{DATE[2010]} : Des hommes et des dieux
{DATE[2010]} : {ORG[Les Mains]} libres
{DATE[2010]} : The Assault
2011 : {ORG[L'Exercice de l'État]}
{DATE[2011]} : Une nouvelle vie
{DATE[2012]} : Il était une fois, une fois
{DATE[2012]} : {PERSON[Spin]} ({PERSON[Les Hommes de l'ombre]}) (TV servies)
{DATE[2012]} : {PERSON[L'Affaire]} Gordji : Histoire d'une cohabitation, (TV film)
{DATE[2012]} : Engrenages, (TV series)
2012 : Au nom {NORP[d'Athènes]}, (TV film)
{DATE[2013]} : {GPE[Les Invincibles]}
{DATE[2013]} : Cherif, (TV series)
Femmes fatales on the subject of {PERSON[Sénèque]} and {PERSON[Shakespeare]}, directed by {PERSON[Élisabeth Chailloux]}, Théâtre des Quartiers d’Ivry
La vie {GPE[qui va]}, directed by {PERSON[Yves Guerre]}, {PERSON[Compagnie Arc-en-Ciel]}
{GPE[Le point de vue de la vache]} sacrée by {GPE[Sholby]}, directed by {PERSON[Alexis Monceaux]}
Andromaque by {PERSON[Jean Racine]}, directed by {ORG[Abdelhafid Metalsi
Festival Séries]} Mania : the {DATE[2013]} best actor in a {NORP[French]} television series for {LOC[Cherif]}.


== References ==
 </spacy_body>
</doc>