<?xml version="1.0" encoding="utf-8"?>
<doc>
 <title>
  Abdellatif Kechiche
 </title>
 <original_abstract>
  Abdellatif Kechiche (French: [abdɛlatif keʃiʃ]; Arabic: عبد اللطيف كشيش, born 7 December 1960) is a Tunisian-French actor, film director and screenwriter. He made his directorial debut in 2000 with La Faute à Voltaire, which he also wrote. Known for his naturalistic style, he has been awarded several times at the César Awards and won the Palme d’Or at the 2013 Cannes film festival for his film Blue Is the Warmest Colour.
 </original_abstract>
 <spacy_abstract>
  {PERSON[Abdellatif Kechiche]} ({NORP[French]}: [{PERSON[abdɛlatif]} keʃiʃ]; {LANGUAGE[Arabic]}: {CARDINAL[عبد]} {PERSON[اللطيف كشيش]}, born {DATE[7 December 1960]}) is a {NORP[Tunisian]}-French actor, film director and screenwriter. He made his directorial debut in {DATE[2000]} with {ORG[La Faute à Voltaire]}, which he also wrote. Known for his naturalistic style, he has been awarded several times at the César Awards and won the {GPE[Palme]} d’Or at the {DATE[2013]} Cannes film festival for his film {WORK_OF_ART[Blue Is the Warmest Colour]}.
 </spacy_abstract>
 <original_body>
  Born in Tunis, Tunisia, Kechiche emigrated with his parents to Nice, France when he was six years old. Passionate about theater, he took drama classes at the Antibes Conservatory. He performed several shows on the Cote d’Azur, most notably a play by Federico Garcia Lorca in 1978 and a play by Eduardo Manet the following year. He was equally as dedicated to directing as he was to performing in theater, he presented The Architect at the Avignon Festival in 1981.
In film, his first acting role was in Abdelkrim Bahioul’s Mint Tea, where he played a young Algerian immigrant who moved to Paris to make his fortune.André Téchiné hired him in 1987 in The Innocents where he played a gigolo with Sandrine Bonnaire and Jean-Claude Brialy. Thanks to Nouri Bouzid’s film Bezness , he won the best male actor award at the Namur Festival in 1992. That same year he met his companion, Ghalya Lacroix, with whom he would collaborate with in writing and editing his future projects.  
As an actor, his introduction to most English-speaking audiences was starring as Ashade the taxi driver in the 2005 psychological thriller Sorry, Haters, an "official selection" in both the Toronto International and American Film Institute's film festivals.
He was decorated by the government of Zine El Abidine Ben Ali in 2005 and in 2008.
In 2003, he wrote and directed Games of Love and Chance (L’Esquive) with amateur actors and an extremely limited budget. The film follows a group of high school students from the Parisian suburbs who rehearse a Marivaux play for their French class. The film was an honorable success for an author’s film without known actors; it was hailed by critics as one of the biggest French films of the year 2004. The film won four awards at the, 30th César awards in 2005: Best film, best director, and best screenplay. Sara Forestier a lead actress won the César for most promising actress for her role in Games of Love and Chance.
He then directed The Secret of the Grain (La Graine et le mulet) in 2006, which evokes the journey of a worker of Maghrebian origin who wants to establish a restaurant in the port of Sete as an inheritance for his family, but meets French bureaucratic opposition. He presented The Secret of the Grain at the 64th Mostra del Cinema in Venice for which he was awarded the Special Jury Prize.  The film also received the FIPRESCI Prize, the Louis Delluc Prize and the César Awards for Best Film and Best Director.Kechiche’s next film was selected at the Venice Film Festival 2010, titled Black Venus (Vénus Noire) in reference to the “Vénus Hottentote” (Saartjie Baartman). The film follows the life of Sarah Baartman, a Khoikhoi woman from the early 19th century who was exhibited in Europe for her voluptuous figure and objectified by European women. The film’s critical reception was positive, despite only receiving one nomination at the César Awards in 2011.His 2013 film Blue Is the Warmest Colour won the Palme d'Or and the FIPRESCI Prize at the 2013 Cannes Film Festival. Several days later a controversy erupted about Kechiche's work methods; technicians on the film accused him of harassment, unpaid overtime and violations of labour laws. The two main actresses, Léa Seydoux and Adèle Exarchopoulos, who were also awarded the Palme d'Or, had complained about Kechiche's behavior during the shooting but later, in an extensive interview, claimed that although he was difficult to work with it had been worth it, as he was a great filmmaker. The film also won Best International Independent Film at the British Independent Film Awards in 2013.
Denby, David (12 January 2009). "The Current Cinema: Survivors". The New Yorker. 84 (44): 72–73. Retrieved 27 March 2009. Review of The Secret of the Grain.
Abdellatif Kechiche at IMDb
 </original_body>
 <spacy_body>
  Born in {ORG[Tunis]}, {GPE[Tunisia]}, {ORG[Kechiche]} emigrated with his parents to {GPE[Nice]}, {GPE[France]} when he was {DATE[six years old]}. Passionate about theater, he took drama classes at {FAC[the Antibes Conservatory]}. He performed several shows on the {LOC[Cote]} d’Azur, most notably a play by {PERSON[Federico Garcia Lorca]} in {DATE[1978]} and a play by {PERSON[Eduardo Manet]} {DATE[the following year]}. He was equally as dedicated to directing as he was to performing in theater, he presented The Architect at {EVENT[the Avignon Festival]} in {DATE[1981]}.
In film, his {ORDINAL[first]} acting role was in {PERSON[Abdelkrim Bahioul’s]} Mint Tea, where he played a young {NORP[Algerian]} immigrant who moved to {GPE[Paris]} to make his fortune.{PERSON[André Téchiné]} hired him in {DATE[1987]} in The Innocents where he played a gigolo with {PERSON[Sandrine Bonnaire]} and {ORG[Jean-Claude Brialy]}. Thanks to {ORG[Nouri Bouzid]}’s film {WORK_OF_ART[Bezness]} , he won the best male actor award at {EVENT[the Namur Festival]} in {DATE[1992]}. {DATE[That same year]} he met his companion, {PERSON[Ghalya Lacroix]}, with whom he would collaborate with in writing and editing his future projects.  
As an actor, his introduction to most {LANGUAGE[English]}-speaking audiences was starring as Ashade the taxi driver in the {DATE[2005]} psychological thriller Sorry, {ORG[Haters]}, an "official selection" in both {ORG[the Toronto International]} and {ORG[American Film Institute's]} film festivals.
He was decorated by the government of {PERSON[Zine El Abidine Ben Ali]} in {DATE[2005]} and in {DATE[2008]}.
In {DATE[2003]}, he wrote and directed Games of Love and Chance (L’Esquive) with amateur actors and an extremely limited budget. The film follows a group of high school students from the {NORP[Parisian]} suburbs who rehearse a {PERSON[Marivaux]} play for their {NORP[French]} class. The film was an honorable success for an author’s film without known actors; it was hailed by critics as one of the biggest {NORP[French]} films of {DATE[the year 2004]}. The film won {CARDINAL[four]} awards at the, {ORDINAL[30th]} César awards in {DATE[2005]}: Best film, best director, and best screenplay. {PERSON[Sara Forestier]} a lead actress won the {ORG[César]} for most promising actress for her role in Games of Love and Chance.
He then directed {WORK_OF_ART[The Secret of the Grain]} (La Graine et le mulet) in {DATE[2006]}, which evokes the journey of a worker of {NORP[Maghrebian]} origin who wants to establish a restaurant in the port of {GPE[Sete]} as an inheritance for his family, but meets {NORP[French]} bureaucratic opposition. He presented {WORK_OF_ART[The Secret of the Grain at the 64th Mostra del Cinema]} in {GPE[Venice]} for which he was awarded {WORK_OF_ART[the Special Jury Prize]}.  The film also received {WORK_OF_ART[the FIPRESCI Prize]}, {FAC[the Louis Delluc Prize]} and {WORK_OF_ART[the César Awards for Best Film]} and Best Director.{ORG[Kechiche]}’s next film was selected at {EVENT[the Venice Film Festival 2010]}, titled {EVENT[Black Venus]} ({PERSON[Vénus Noire]}) in reference to {WORK_OF_ART[the “Vénus Hottentote”]} ({ORG[Saartjie Baartman]}). The film follows the life of {PERSON[Sarah Baartman]}, a {ORG[Khoikhoi]} woman from {DATE[the early 19th century]} who was exhibited in {LOC[Europe]} for her voluptuous figure and objectified by {NORP[European]} women. The film’s critical reception was positive, despite only receiving {CARDINAL[one]} nomination at {FAC[the César Awards]} in 2011.His {DATE[2013]} film Blue Is the Warmest Colour won {PERSON[the Palme d'Or]} and {WORK_OF_ART[the FIPRESCI Prize]} at the 2013 {EVENT[Cannes Film Festival]}. {DATE[Several days later]} a controversy erupted about {ORG[Kechiche]}'s work methods; technicians on the film accused him of harassment, unpaid overtime and violations of labour laws. The {CARDINAL[two]} main actresses, {PERSON[Léa Seydoux]} and {ORG[Adèle Exarchopoulos]}, who were also awarded the {PERSON[Palme d'Or]}, had complained about {ORG[Kechiche]}'s behavior during the shooting but later, in an extensive interview, claimed that although he was difficult to work with it had been worth it, as he was a great filmmaker. The film also won {ORG[Best International Independent Film]} at {ORG[the British Independent Film Awards]} in {DATE[2013]}.
{PERSON[Denby]}, {PERSON[David]} ({DATE[12 January 2009]}). "{WORK_OF_ART[The Current Cinema: Survivors]}". {ORG[The New Yorker]}. {CARDINAL[84]} ({CARDINAL[44]}): 72–73. Retrieved {CARDINAL[27]} {DATE[March 2009]}. Review of {WORK_OF_ART[The Secret of the Grain]}.
{PERSON[Abdellatif Kechiche]} at IMDb
 </spacy_body>
</doc>