<?xml version="1.0" encoding="utf-8"?>
<doc>
 <title>
  Abigail Mavity
 </title>
 <original_abstract>
  Abigail Elizabeth Mavity (born March 4, 1993) is an American actress who has appeared on a number of television series and commercials, as well as in feature films.
 </original_abstract>
 <spacy_abstract>
  Abigail {PERSON[Elizabeth Mavity]} (born {DATE[March 4, 1993]}) is an {NORP[American]} actress who has appeared on a number of television series and commercials, as well as in feature films.
 </spacy_abstract>
 <original_body>
  Abigail was born in Mesa, Arizona, the youngest of ten children (her siblings are: Kevin, Shannon, Sara, Jake, Emily, Justin, Matt, Nate, and Nick). In January 1999 she moved from Arizona to Los Angeles to further her acting career. 
Since that time, she has appeared regularly in numerous films and television shows, as well as many commercials and voice-over roles. She was nominated for a Young Artist Award in 2003 for her role as Kathy Martin on the series Haunted with Matthew Fox, and Mark Hoppus from the group Blink-182. She was also nominated for a Young Artist Award for her recurring role as Lisa Grubner on the Disney XD series Zeke and Luther. She has had leading parts in two Hallmark movies.
L.A. Noire (2011) as Michelle Moller
Abigail Mavity at IMDb
Interview at Portrait Magazine
Interview at Teen Magazine
 </original_body>
 <spacy_body>
  {ORG[Abigail]} was born in {ORG[Mesa]}, {GPE[Arizona]}, the youngest of {CARDINAL[ten]} children (her siblings are: {PERSON[Kevin]}, {FAC[Shannon]}, {GPE[Sara]}, {GPE[Jake]}, {GPE[Emily]}, {GPE[Justin]}, {PERSON[Matt]}, Nate, and {PERSON[Nick]}). In {DATE[January 1999]} she moved from {GPE[Arizona]} to {GPE[Los Angeles]} to further her acting career. 
Since that time, she has appeared regularly in numerous films and television shows, as well as many commercials and voice-over roles. She was nominated for a Young Artist Award in {DATE[2003]} for her role as {PERSON[Kathy Martin]} on the series Haunted with {PERSON[Matthew Fox]}, and {PERSON[Mark Hoppus]} from the group Blink-182. She was also nominated for a Young Artist Award for her recurring role as {PERSON[Lisa Grubner]} on the {ORG[Disney]} XD series {PERSON[Zeke]} and {PERSON[Luther]}. She has had leading parts in {CARDINAL[two]} {ORG[Hallmark]} movies.
{PERSON[L.A. Noire]} ({DATE[2011]}) as {PERSON[Michelle Moller]}
{PERSON[Abigail Mavity]} at IMDb
Interview at {ORG[Portrait Magazine]}
Interview at {ORG[Teen Magazine]}
 </spacy_body>
</doc>