<?xml version="1.0" encoding="utf-8"?>
<doc>
 <title>
  Abner Biberman
 </title>
 <original_abstract>
  Abner Warren Biberman (April 1, 1909 – June 20, 1977) was an American actor, director, and screenwriter.
 </original_abstract>
 <spacy_abstract>
  {PERSON[Abner Warren Biberman]} ({DATE[April 1, 1909 –]} {DATE[June 20, 1977]}) was an {NORP[American]} actor, director, and screenwriter.
 </spacy_abstract>
 <original_body>
  Biberman was born in Milwaukee, Wisconsin, later moving to Philadelphia, Pennsylvania. He gained early acting experience as a student at the Tome School for Boys prep school. He also attended the University of Pennsylvania.
He was sometimes credited under the pseudonym Joel Judge.
Biberman died at his home in San Diego, California. His obituary in The New York Times gave his age as 69. He was survived by his wife and three sons.
1954 : The Golden Mistress

Abner Biberman at IMDb
Abner Biberman at AllMovie
Abner Biberman at the Internet Broadway Database 
Abner Biberman at Find a Grave
 </original_body>
 <spacy_body>
  {ORG[Biberman]} was born in {GPE[Milwaukee]}, {GPE[Wisconsin]}, later moving to {GPE[Philadelphia]}, {GPE[Pennsylvania]}. He gained early acting experience as a student at {ORG[the Tome School for Boys prep school]}. He also attended {ORG[the University of Pennsylvania]}.
He was sometimes credited under the pseudonym Joel Judge.
{PERSON[Biberman]} died at his home in {GPE[San Diego]}, {GPE[California]}. His obituary in {ORG[The New York Times]} gave his age as {DATE[69]}. He was survived by his wife and {CARDINAL[three]} sons.
{DATE[1954]} : {FAC[The Golden Mistress]}

{PERSON[Abner Biberman]} at IMDb
{PERSON[Abner Biberman]} at {ORG[AllMovie]}
{PERSON[Abner Biberman]} at {FAC[the Internet Broadway Database]} 
{PERSON[Abner Biberman]} at Find a Grave
 </spacy_body>
</doc>