<?xml version="1.0" encoding="utf-8"?>
<doc>
 <title>
  Acquanetta
 </title>
 <original_abstract>
  Acquanetta (born Mildred Davenport; July 17, 1921 – August 16, 2004), nicknamed "The Venezuelan Volcano", was an American B-movie actress during the 1940s and 1950s. Acquanetta was most known for her "exotic" beauty.
 </original_abstract>
 <spacy_abstract>
  Acquanetta (born {PERSON[Mildred Davenport]}; {DATE[July 17, 1921]} – {DATE[August 16, 2004]}), nicknamed "{WORK_OF_ART[The Venezuelan Volcano]}", was an {NORP[American]} B-movie actress during {DATE[the 1940s and]} {DATE[1950s]}. Acquanetta was most known for her "exotic" beauty.
 </spacy_abstract>
 <original_body>
  The facts of Acquanetta's origins are not known with certainty. Although accounts differ (some giving her birth-name as Mildred Davenport, from Norristown, Pennsylvania), Acquanetta claimed she was born Burnu Acquanetta, meaning "Burning Fire/Deep Water", in Ozone, Wyoming. Orphaned from her Arapaho parents when she was two (or three), she lived briefly with another family before being taken in by an artistic couple with whom she remained until she made the choice to live independently at the age of fifteen. Other accounts suggest her ethnicity was African American; her career was followed closely by the African American press. In 1942, LIFE magazine noted her mysterious origins, but reported that she had lived with a Spanish family in Spanish Harlem posing as a Venezuelan before moving to Mexico, then Venezuela to obtain citizenship. The article suggests that the Arapaho orphan story was invented because she was unable to produce any identification for the Screen Actors Guild.According to the 1940 US Census, she had five siblings, including a sister, Kathryn Davenport, and a brother, Horace Davenport, who was, according to the Pennsylvania Bar Association, "the first African-American judge in Montgomery County."
Acquanetta started her career as a model in New York City with Harry Conover and John Robert Powers. She signed with Universal Studios in 1942 and acted mostly in B-movies, including Arabian Nights, The Sword of Monte Cristo, Captive Wild Woman and Jungle Woman, in which Universal attempted to create a female monster movie series with Acquanetta as a transformative ape. After her contract with Universal expired, Acquanetta signed on with Monogram Pictures but did not appear in any movies; she then signed with RKO where she acted in her only big-budget movie, Tarzan and the Leopard Woman.
In 1947, Acquanetta and "Mexican-Jewish millionaire" Luciano Baschuk had a son, Sergei (variously Sergio), who died of cancer in 1952 at age five, after the couple's bitter divorce in 1950, where she lost her suit for half his fortune when no record of their marriage could be produced. In 1950, Acquanetta married painter and illustrator Henry Clive, who was 40 years her senior, and returned to acting. The couple were divorced in 1953. That year she  retired from films and became a disk jockey for radio station KPOL (AM) in Los Angeles.By 1955 she had married Jack Ross, a car dealer who later ran for governor of Arizona in 1970 and 1974. The couple settled in Mesa, Arizona, and she returned to a degree of celebrity by appearing with Ross in his local television advertisements, and also by hosting a local television show called Acqua's Corner that accompanied the Friday late-night movies.  The couple were prominent citizens, donating to the Phoenix Symphony and the construction of Mesa Lutheran Hospital and founding Stagebrush Theatre.  She and Ross had four sons together, Lance, Tom, Jack Jr. and Rex, before divorcing in the early 1980s. In 1987, Acquanetta sold the Mesa Grande ruins to the city of Mesa. An apocryphal Phoenix legend has Acquanetta, upon learning of her husband's infidelity, filling the interior of his Lincoln Continental convertible with concrete.Acquanetta wrote a book of poetry, published in 1974, titled The Audible Silence. She did not smoke, and did not drink alcohol, tea, or coffee. In 1987, the all-female band The Aquanettas adopted (and adapted) their name from hers. Acquanetta succumbed to complications of Alzheimer's disease on August 16, 2004, at Hawthorn Court in Ahwatukee, Arizona. She was 83. She is buried in Paradise Memorial Gardens in East Shea, Scottsdale, Arizona.Acquanetta's obituary inspired the composer Michael Gordon to collaborate with librettist Deborah Artman on the opera Acquanetta (2005/2017). Produced by Beth Morrison Projects, the chamber version received its world premiere at the Prototype Festival in Brooklyn, New York, in January, 2018.
Acquanetta, based on her life, premiered as a Grand Opera in 2006 in Aachen, Germany. The chamber version of Acquanetta had its world premiere at the 2018 Prototype Festival, followed by a subsequent run at Bard SummerScape in 2019.
Price, Michael H.; Wooley, John (September 3, 2018). Fantasies in the Sand: Birth of the Beach Party Box-Office Bonanza. CreateSpace Independent Publishing Platform. ISBN 978-1723281068. — Features Acquanetta and her connection to the beach party films
Acquanetta at Find a Grave
Acquanetta at IMDb
Acquanetta at AllMovie
 </original_body>
 <spacy_body>
  The facts of {ORG[Acquanetta]}'s origins are not known with certainty. Although accounts differ (some giving her birth-name as {PERSON[Mildred Davenport]}, from {GPE[Norristown]}, {GPE[Pennsylvania]}), {NORP[Acquanetta]} claimed she was born {PERSON[Burnu Acquanetta]}, meaning "{WORK_OF_ART[Burning Fire/Deep Water]}", in {GPE[Ozone]}, {GPE[Wyoming]}. Orphaned from her {NORP[Arapaho]} parents when she was {CARDINAL[two]} (or {CARDINAL[three]}), she lived briefly with another family before being taken in by an artistic couple with whom she remained until she made the choice to live independently at the age of {CARDINAL[fifteen]}. Other accounts suggest her ethnicity was {NORP[African American]}; her career was followed closely by the {NORP[African]} {NORP[American]} press. In {DATE[1942]}, {ORG[LIFE]} magazine noted her mysterious origins, but reported that she had lived with a {NORP[Spanish]} family in {NORP[Spanish]} {PERSON[Harlem]} posing as a {NORP[Venezuelan]} before moving to {GPE[Mexico]}, then {GPE[Venezuela]} to obtain citizenship. The article suggests that the {NORP[Arapaho]} orphan story was invented because she was unable to produce any identification for {ORG[the Screen Actors Guild]}.According to the {DATE[1940]} {EVENT[US Census]}, she had {CARDINAL[five]} siblings, including a sister, {PERSON[Kathryn Davenport]}, and a brother, {PERSON[Horace Davenport]}, who was, according to {ORG[the Pennsylvania Bar Association]}, "the {ORDINAL[first]} {NORP[African-American]} judge in {GPE[Montgomery County]}."
{PERSON[Acquanetta]} started her career as a model in {GPE[New York City]} with {PERSON[Harry Conover]} and {PERSON[John Robert Powers]}. She signed with {ORG[Universal Studios]} in {DATE[1942]} and acted mostly in B-movies, including {PERSON[Arabian Nights]}, {WORK_OF_ART[The Sword of Monte Cristo]}, Captive {PERSON[Wild Woman]} and {PERSON[Jungle Woman]}, in which {ORG[Universal]} attempted to create a female monster movie series with {NORP[Acquanetta]} as a transformative ape. After her contract with {ORG[Universal]} expired, {PERSON[Acquanetta]} signed on with {ORG[Monogram Pictures]} but did not appear in any movies; she then signed with {ORG[RKO]} where she acted in her only big-budget movie, {PERSON[Tarzan]} and {ORG[the Leopard Woman]}.
In {DATE[1947]}, {NORP[Acquanetta]} and "{NORP[Mexican]}-Jewish millionaire" {PERSON[Luciano Baschuk]} had a son, {ORG[Sergei]} (variously {PERSON[Sergio]}), who died of cancer in {DATE[1952]} at {DATE[age five]}, after the couple's bitter divorce in {DATE[1950]}, where she lost her suit for {CARDINAL[half]} his fortune when no record of their marriage could be produced. In {DATE[1950]}, {NORP[Acquanetta]} married painter and illustrator {PERSON[Henry Clive]}, who was {DATE[40 years]} her senior, and returned to acting. The couple were divorced in {DATE[1953]}. {DATE[That year]} she  retired from films and became a disk jockey for radio station {ORG[KPOL]} (AM) in {GPE[Los Angeles]}.By {DATE[1955]} she had married {PERSON[Jack Ross]}, a car dealer who later ran for governor of {GPE[Arizona]} in {DATE[1970]} and {DATE[1974]}. The couple settled in {ORG[Mesa]}, {GPE[Arizona]}, and she returned to a degree of celebrity by appearing with {PERSON[Ross]} in his local television advertisements, and also by hosting a local television show called {PERSON[Acqua]}'s {PRODUCT[Corner]} that accompanied the {DATE[Friday]} {TIME[late-night]} movies.  The couple were prominent citizens, donating to {ORG[the Phoenix Symphony]} and the construction of {ORG[Mesa Lutheran Hospital]} and founding {FAC[Stagebrush Theatre]}.  She and {PERSON[Ross]} had {CARDINAL[four]} sons together, {ORG[Lance]}, {PERSON[Tom]}, {PERSON[Jack Jr.]} and {PERSON[Rex]}, before divorcing in {DATE[the early 1980s]}. In {DATE[1987]}, {ORG[Acquanetta]} sold the {ORG[Mesa Grande]} ruins to the city of {ORG[Mesa]}. An apocryphal {GPE[Phoenix]} legend has {NORP[Acquanetta]}, upon learning of her husband's infidelity, filling the interior of his {ORG[Lincoln Continental]} convertible with concrete.{PERSON[Acquanetta]} wrote a book of poetry, published in {DATE[1974]}, titled {WORK_OF_ART[The Audible Silence]}. She did not smoke, and did not drink alcohol, tea, or coffee. In {DATE[1987]}, the all-female band The {NORP[Aquanettas]} adopted (and adapted) their name from hers. {NORP[Acquanetta]} succumbed to complications of Alzheimer's disease on {DATE[August 16, 2004]}, at {ORG[Hawthorn Court]} in {GPE[Ahwatukee]}, {GPE[Arizona]}. She was {DATE[83]}. She is buried in {LOC[Paradise Memorial Gardens]} in {GPE[East Shea]}, {GPE[Scottsdale]}, {GPE[Arizona]}.{PERSON[Acquanetta]}'s obituary inspired the composer {PERSON[Michael Gordon]} to collaborate with librettist {PERSON[Deborah Artman]} on the opera {PERSON[Acquanetta]} ({DATE[2005/2017]}). Produced by {PERSON[Beth Morrison Projects]}, the chamber version received its world premiere at {EVENT[the Prototype Festival]} in {GPE[Brooklyn]}, {GPE[New York]}, in {DATE[January, 2018]}.
{ORG[Acquanetta]}, based on her life, premiered as a Grand Opera in {DATE[2006]} in {GPE[Aachen]}, {GPE[Germany]}. The chamber version of {PERSON[Acquanetta]} had its world premiere at the {DATE[2018]} {EVENT[Prototype Festival]}, followed by a subsequent run at {ORG[Bard SummerScape]} in {DATE[2019]}.
Price, {PERSON[Michael H.]}; {PERSON[Wooley]}, {PERSON[John]} ({DATE[September 3, 2018]}). Fantasies in the Sand: Birth of {ORG[the Beach Party Box-Office Bonanza]}. {ORG[CreateSpace Independent Publishing Platform]}. {ORG[ISBN]} 978-1723281068. — Features Acquanetta and her connection to the beach party films
{WORK_OF_ART[Acquanetta at Find a Grave
]}Acquanetta at IMDb
{NORP[Acquanetta]} at {ORG[AllMovie]}
 </spacy_body>
</doc>