<?xml version="1.0" encoding="utf-8"?>
<doc>
 <title>
  Ada Dwyer Russell
 </title>
 <original_abstract>
  Ada Dwyer Russell (1863–1952) was an American actress who performed on stage in Broadway and London and became the muse to her poet lover Amy Lowell.
 </original_abstract>
 <spacy_abstract>
  {PERSON[Ada Dwyer Russell]} ({CARDINAL[1863–1952]}) was an {NORP[American]} actress who performed on stage in {FAC[Broadway]} and {GPE[London]} and became the muse to her poet lover {PERSON[Amy Lowell]}.
 </spacy_abstract>
 <original_body>
  Dwyer was born in 1863 to a recently baptized Mormon Salt Lake City bookkeeper James Dwyer and his wife Sara Ann Hammer. In 1893 at the age of thirty she married Boston-born actor Harold Russell (lived 1859–1927), and they had a daughter Lorna the next year. Their marriage fell apart soon after Lorna's birth and they entered a lifelong separation, though, never legally divorcing. Although no record exists of Dwyer renouncing the Mormon religion she was raised in, she ceased involvement, and her father was asked to resign in 1913 by top leaders after telling other Salt Lake members that same-sex sexual activity was not a sin.
Nearly two decades after separating from Russell, she met writer Amy Lowell in 1912 while on an acting tour in Boston for a play. Dwyer moved in with Lowell in 1914 and their long-term lesbian relationship, or "Boston marriage" (the term for a 19th-century romantic female relationship) would last over a decade until Lowell's death in 1925. Lowell lovingly referred to Dwyer as "the lady of the moon" and loved Dwyer's daughter and grandchildren as her own. Unfortunately, most of the primary document letters of communication between the two were destroyed by Ada at Amy's request, leaving much unknown about the details of their life together as they had to hide the nature of their relationship.
Russell was the subject of many of Lowell's poems, and Lowell wanted to dedicate her books to Dwyer who refused except for one time in a non-poetry book in which Lowell wrote, "To A.D.R., This, and all my books. A.L." Examples of these love poems to Dwyer include the Taxi, Absence, In a Garden, Madonna of the Evening Flowers, Opal, and Aubade. Amy admitted to John Livingston Lowes that Dwyer was the subject of her series of romantic poems titled "Two Speak Together". Lowell's poems about Dwyer have been called the most explicit and elegant lesbian love poetry during the time between the ancient Sappho and poets of the 1970s.
The Hervey Allen Papers at the University of Pittsburgh containing correspondence with Dwyer
 Media related to Ada Dwyer Russell at Wikimedia Commons
 </original_body>
 <spacy_body>
  Dwyer was born in {DATE[1863]} to a recently baptized {ORG[Mormon Salt Lake City]} bookkeeper {PERSON[James Dwyer]} and his wife {PERSON[Sara Ann Hammer]}. In {DATE[1893]} at {DATE[the age of thirty]} she married {GPE[Boston]}-born actor {PERSON[Harold Russell]} (lived {CARDINAL[1859–1927]}), and they had a daughter {PERSON[Lorna]} {DATE[the next year]}. Their marriage fell apart soon after {GPE[Lorna]}'s birth and they entered a lifelong separation, though, never legally divorcing. Although no record exists of {PERSON[Dwyer]} renouncing the {NORP[Mormon]} religion she was raised in, she ceased involvement, and her father was asked to resign in {DATE[1913]} by top leaders after telling other {LOC[Salt Lake]} members that same-sex sexual activity was not a sin.
{DATE[Nearly two decades]} after separating from {PERSON[Russell]}, she met writer {PERSON[Amy Lowell]} in {DATE[1912]} while on an acting tour in {GPE[Boston]} for a play. Dwyer moved in with {PERSON[Lowell]} in {DATE[1914]} and their long-term lesbian relationship, or "{GPE[Boston]} marriage" (the term for a {DATE[19th-century]} romantic female relationship) would last over {DATE[a decade]} until {PERSON[Lowell]}'s death in {DATE[1925]}. {PERSON[Lowell]} lovingly referred to {PERSON[Dwyer]} as "the lady of the moon" and loved {PERSON[Dwyer]}'s daughter and grandchildren as her own. Unfortunately, most of the primary document letters of communication between the {CARDINAL[two]} were destroyed by {PERSON[Ada]} at {PERSON[Amy]}'s request, leaving much unknown about the details of their life together as they had to hide the nature of their relationship.
{PERSON[Russell]} was the subject of many of {PERSON[Lowell]}'s poems, and {PERSON[Lowell]} wanted to dedicate her books to {PERSON[Dwyer]} who refused except for {CARDINAL[one]} time in a non-poetry book in which {PERSON[Lowell]} wrote, "To A.D.R., This, and all my books. {PERSON[A.L.]}" Examples of these love poems to {PERSON[Dwyer]} include the Taxi, Absence, In a Garden, {PERSON[Madonna]} of {EVENT[the Evening Flowers]}, Opal, and {PERSON[Aubade]}. {PERSON[Amy]} admitted to {PERSON[John Livingston Lowes]} that {PERSON[Dwyer]} was the subject of her series of romantic poems titled "{CARDINAL[Two]} Speak Together". {PERSON[Lowell]}'s poems about {PERSON[Dwyer]} have been called the most explicit and elegant lesbian love poetry during the time between the ancient {NORP[Sappho]} and poets of {DATE[the 1970s]}.
{WORK_OF_ART[The Hervey Allen Papers]} at {ORG[the University of Pittsburgh]} containing correspondence with {PERSON[Dwyer]}
 Media related to {PERSON[Ada Dwyer Russell]} at {ORG[Wikimedia Commons]}
 </spacy_body>
</doc>