<?xml version="1.0" encoding="utf-8"?>
<doc>
 <title>
  Ada Williams (actress)
 </title>
 <original_abstract>
  Ada Williams (June 2, 1913 – August 12, 1975) was an American film actress.
She was the daughter of Calvin Williams of Knoxville, Kentucky.

In 1927, she won the Miss Florida beauty contest, and became first runner-up in the Miss United States contest.Her film career began with a role was in Joy Street (1929) for the William Fox Film corporation. As she was 16 at the time, her contract needed to be validated by the California court system. She was chaperoned by her mother, A. G. Williams. In 1929, at the age of 18, she was married to William Thomas Ince, a son of a movie producer. She took the name Ada Ince, which appeared in her subsequent film credits.

They were divorced in 1934. The following year, she was married to Ray Dodge, a middle-distance runner who competed in the 1924 Summer Olympics. Their daughters were named Diana Ada and Darlene Rae Dodge.
 </original_abstract>
 <spacy_abstract>
  {PERSON[Ada Williams]} ({DATE[June 2, 1913]} – {DATE[August 12, 1975]}) was an {NORP[American]} film actress.
She was the daughter of {PERSON[Calvin Williams]} of {GPE[Knoxville]}, {GPE[Kentucky]}.

In {DATE[1927]}, she won the Miss {GPE[Florida]} beauty contest, and became {ORDINAL[first]} runner-up in the Miss {GPE[United States]} contest.Her film career began with a role was in {FAC[Joy Street]} ({DATE[1929]}) for {ORG[the William Fox Film]} corporation. As she was {DATE[16]} at the time, her contract needed to be validated by the {GPE[California]} court system. She was chaperoned by her mother, {PERSON[A. G. Williams]}. In {DATE[1929]}, at {DATE[the age of 18]}, she was married to {PERSON[William Thomas Ince]}, a son of a movie producer. She took the name {PERSON[Ada Ince]}, which appeared in her subsequent film credits.

They were divorced in {DATE[1934]}. {DATE[The following year]}, she was married to {PERSON[Ray Dodge]}, a middle-distance runner who competed in the {DATE[1924]} {EVENT[Summer Olympics]}. Their daughters were named {PERSON[Diana Ada]} and {PERSON[Darlene Rae Dodge]}.
 </spacy_abstract>
 <original_body>
  Joy Street (1929) as Beverly
Common Clay (1930) as Hugh's sister
The Vanishing Shadow (1934, Serial) as Gloria Grant
The Fighting Rookie (1934) as Molly Malone
Frontier Days (1934) as Beth Wilson
Stolen Harmony (1935) as Girl in Sextette (uncredited)
Rainbow's End (1935) as Gwen Gibson (final film role)
Ada Williams at IMDb
"Heroine of the Month for June 2006, Ada Ince". Tom Gault's Serial Experience. Archived from the original on 2010-11-30. Retrieved 2010-02-02.
 </original_body>
 <spacy_body>
  {PERSON[Joy Street]} ({DATE[1929]}) as Beverly
{PERSON[Common Clay]} ({DATE[1930]}) as {PERSON[Hugh]}'s sister
{WORK_OF_ART[The Vanishing Shadow]} ({DATE[1934]}, Serial) as {PERSON[Gloria Grant]}
The Fighting Rookie ({DATE[1934]}) as {PERSON[Molly Malone]}
{ORG[Frontier Days]} ({DATE[1934]}) as {PERSON[Beth Wilson]}
{PERSON[Stolen Harmony]} ({DATE[1935]}) as Girl in {NORP[Sextette]} (uncredited)
Rainbow's End ({DATE[1935]}) as {PERSON[Gwen Gibson]} (final film role)
{PERSON[Ada Williams]} at IMDb
{WORK_OF_ART["Heroine of the Month for June 2006]}, {PERSON[Ada Ince"]}. {PERSON[Tom Gault's]} Serial Experience. Archived from the original on {DATE[2010-11-30]}. Retrieved {DATE[2010-02-02]}.
 </spacy_body>
</doc>