<?xml version="1.0" encoding="utf-8"?>
<doc>
 <title>
  Ada Adini
 </title>
 <original_abstract>
  Ada Adini (1855 – February 1924) was an American operatic soprano who had an active international career from 1876 up into the first decade of the 20th century. She possessed a large, expressive voice which enabled her to sing a broad range of roles that extended from the coloratura soprano repertoire to dramatic soprano parts. She made five recordings with Fonotipia Records in Paris in 1905.
 </original_abstract>
 <spacy_abstract>
  {PERSON[Ada Adini]} ({DATE[1855]} – {DATE[February 1924]}) was an {NORP[American]} operatic soprano who had an active international career from {DATE[1876]} up into {DATE[the first decade of the 20th century]}. She possessed a large, expressive voice which enabled her to sing a broad range of roles that extended from the coloratura soprano repertoire to dramatic soprano parts. She made {CARDINAL[five]} recordings with {ORG[Fonotipia Records]} in {GPE[Paris]} in {DATE[1905]}.
 </spacy_abstract>
 <original_body>
  Born Adele Chapman in Boston, Adini studied singing with Giovanni Sbriglia and Pauline Viardot in Paris. She married the Spanish tenor Antonio Aramburo while studying in Paris. She made her professional opera debut in 1876 at the opera house in Varese, Italy in the title role of Giacomo Meyerbeer's Dinorah. She was then active with the Mapleson Company in New York City, making her debut with the company in 1879 as Gilda in Giuseppe Verdi's Rigoletto at the Academy of Music with Aramburo as the Duke of Mantua. She was later heard with the company as Leonora in Verdi's Il trovatore to her husband's Manrico.
In 1882 she joined Bartolomeo Merelli's traveling opera troupe with whom she performed in Berlin (1882) and Prague (1883). From 1887–1890 she was committed to the Palais Garnier where she notably created the role of the Duchesse d'Étampes in the world premiere of Camille Saint-Saëns' Ascanio (1890).In 1893 Adini sang Brünnhilde in the Italian premiere of Richard Wagner's Die Walküre at La Scala. She later repeated the role at the Teatro Regio di Torino (1898) and the Teatro Costanzi (1899). In 1894 and 1897 she was heard successfully at the Royal Opera House in London as Donna Anna in Wolfgang Amadeus Mozart's Don Giovanni. She sang the role of Frédegonde in the world premiere of César Franck's Ghiselle at the Opéra de Monte-Carlo in 1896.
Her second husband was the opera librettist and writer Paul Milliet. He wrote the libretto for Jules Massenet's Hérodiade in which she sang the role of Salomé in Monte-Carlo in 1903 with Emma Calvé in the title role. Some of the other roles Adini performed on stage were Anita in La Navarraise, Brunehild in Sigurd, Catherine d'Aragon in Henry VIII, Charlotte in Werther, Chimène in Le Cid, Countess Almaviva in The Marriage of Figaro, Desdemona in Otello, Isolde in Tristan und Isolde, Rachel in La Juive, Sélika in L'Africaine, Simonetta in I Medici, Valentine in Les Huguenots, and Venus in Tannhäuser.After retiring from the stage Adini was active as a singing teacher. One of her notable pupils was the Spanish mezzo-soprano Maria Gay. She died in Dieppe, Seine-Maritime in 1924. Opera commettor Michael Scott summarises her career and evaluates her recordings in The Record of Singing (Duckworth, London, 1977).


== References ==
 </original_body>
 <spacy_body>
  {PERSON[Born Adele Chapman]} in {GPE[Boston]}, {PERSON[Adini]} studied singing with {ORG[Giovanni Sbriglia]} and {GPE[Pauline Viardot]} in {GPE[Paris]}. She married the {NORP[Spanish]} tenor {PERSON[Antonio Aramburo]} while studying in {GPE[Paris]}. She made her professional opera debut in {DATE[1876]} at {FAC[the opera house]} in {GPE[Varese]}, {GPE[Italy]} in the title role of {ORG[Giacomo Meyerbeer's]} Dinorah. She was then active with {ORG[the Mapleson Company]} in {GPE[New York City]}, making her debut with the company in {DATE[1879]} as {PERSON[Gilda]} in {GPE[Giuseppe Verdi's]} {ORG[Rigoletto at the Academy of Music with Aramburo]} as the Duke of {GPE[Mantua]}. She was later heard with the company as {GPE[Leonora]} in {GPE[Verdi]}'s {FAC[Il]} trovatore to her husband's Manrico.
In {DATE[1882]} she joined {PERSON[Bartolomeo Merelli's]} traveling opera troupe with whom she performed in {GPE[Berlin]} ({DATE[1882]}) and {GPE[Prague]} ({DATE[1883]}). From {CARDINAL[1887–1890]} she was committed to {ORG[the Palais Garnier]} where she notably created the role of {ORG[the Duchesse d'Étampes]} in the world premiere of {FAC[Camille Saint-Saëns]}' {GPE[Ascanio]} (1890).In 1893 {WORK_OF_ART[Adini]} sang Brünnhilde in the {NORP[Italian]} premiere of {PERSON[Richard Wagner's]} {PERSON[Die Walküre]} at {PERSON[La Scala]}. She later repeated the role at {FAC[the Teatro Regio di Torino]} ({DATE[1898]}) and {ORG[the Teatro Costanzi]} ({DATE[1899]}). In {DATE[1894]} and {DATE[1897]} she was heard successfully at {FAC[the Royal Opera House]} in {GPE[London]} as {PERSON[Donna Anna]} in {GPE[Wolfgang]} Amadeus {PERSON[Mozart]}'s {PERSON[Don Giovanni]}. She sang the role of {PERSON[Frédegonde]} in the world premiere of {FAC[César Franck's]} {GPE[Ghiselle]} at the {GPE[Opéra]} de Monte-Carlo in {DATE[1896]}.
Her {ORDINAL[second]} husband was the opera librettist and writer {PERSON[Paul Milliet]}. He wrote the libretto for {ORG[Jules Massenet's]} {FAC[Hérodiade]} in which she sang the role of {GPE[Salomé]} in {FAC[Monte-Carlo]} in {DATE[1903]} with {GPE[Emma Calvé]} in the title role. Some of the other roles {PERSON[Adini]} performed on stage were {PERSON[Anita]} in {GPE[La Navarraise]}, Brunehild in {NORP[Sigurd]}, {PERSON[Catherine d'Aragon]} in {GPE[Henry]} VIII, {PERSON[Charlotte]} in Werther, {PERSON[Chimène]} in {LOC[Le Cid]}, Countess Almaviva in {WORK_OF_ART[The Marriage of Figaro]}, {GPE[Desdemona]} in {GPE[Otello]}, {GPE[Isolde]} in {GPE[Tristan]} und {GPE[Isolde]}, {GPE[Rachel]} in {GPE[La Juive]}, {PERSON[Sélika]} in {GPE[L'Africaine]}, {FAC[Simonetta]} in I {GPE[Medici]}, {PERSON[Valentine]} in {FAC[Les Huguenots]}, and {FAC[Venus]} in {LOC[Tannhäuser]}.After retiring from the stage {PERSON[Adini]} was active as a singing teacher. {CARDINAL[One]} of her notable pupils was the {NORP[Spanish]} mezzo-soprano {PERSON[Maria Gay]}. She died in {ORG[Dieppe, Seine-Maritime]} in {DATE[1924]}. {ORG[Opera]} commettor {PERSON[Michael Scott]} summarises her career and evaluates her recordings in {WORK_OF_ART[The Record of Singing (Duckworth]}, {GPE[London]}, {DATE[1977]}).


== References ==
 </spacy_body>
</doc>