<?xml version="1.0" encoding="utf-8"?>
<doc>
 <title>
  Adalberto Rodríguez
 </title>
 <original_abstract>
  Adalberto Rodríguez (January 22, 1934 – April 16, 1995), better known as Machuchal, was a Puerto Rican actor and comedian.
Rodríguez was born in the town of Sabana Grande, in southwest Puerto Rico. In his boyhood years he imitated animal sounds for his elementary school peers. His "Machuchal" stage name is that of the Sabana Grande barrio where he grew up. He enjoyed calling himself "El alcalde de Machuchal", (the Mayor of Machuchal). The joke not only prevailed, it also helped launch him into stardom.
At age 17 and following high school, (1951), Adalberto Rodríguez moved to Río Piedras to enter the University of Puerto Rico with a view to obtaining a bachelor's degree in business administration, and then, to pursue the career of attorney. Shortly after and at the same time, he worked as an announcer on radio station WIAC.
Machuchal was drafted to the military service in 1953 and served in the United States Army with the 82nd Airborne Division in Fort Bragg, North Carolina. He also fought in the Korean War. After his discharge in 1955 Rodríguez went back to Puerto Rico and resumed his studies in business administration at UPR, which he finished in 1957.
Rodríguez played the role of Puerto Rico's mountain man, known as Jíbaro. He would wear the typical Jíbaro straw hat and the farmer's typical shirt for many years on his daily appearances on Telemundo Puerto Rico's midday show, El Show de las 12.
Rodríguez also participated in La Taberna India, (The "India" Tavern), a show that was sponsored for many years by the Puerto Rican beer of the same name. When La Taberna India moved to WAPA-TV in 1985-having by then become "La Taberna Budweiser", Machuchal also moved to Telemundo Puerto Rico's fiercest rival.
Rodríguez once prompted Mexican comedian Cantinflas to compliment him, saying that nobody in the world made him laugh like Machuchal did. Machuchal also participated in some movies, including Machuchal En Nueva York and El Agente 0.
Rodríguez also worked alongside other Puerto Rican show business figures, such as Tommy Muñiz, José Miguel Agrelot, Elin Ortiz, Sonia Noemí, and Eddie Miró.
 </original_abstract>
 <spacy_abstract>
  {PERSON[Adalberto Rodríguez]} ({DATE[January 22, 1934]} – {DATE[April 16, 1995]}), better known as {PERSON[Machuchal]}, was a {GPE[Puerto]} {NORP[Rican]} actor and comedian.
{PERSON[Rodríguez]} was born in the town of {GPE[Sabana Grande]}, in southwest {GPE[Puerto Rico]}. In his boyhood years he imitated animal sounds for his elementary school peers. His "{PERSON[Machuchal]}" stage name is that of the Sabana Grande barrio where he grew up. He enjoyed calling himself "El alcalde de Machuchal", (the Mayor of {PERSON[Machuchal]}). The joke not only prevailed, it also helped launch him into stardom.
At {DATE[age 17]} and following high school, ({DATE[1951]}), {PERSON[Adalberto Rodríguez]} moved to {GPE[Río Piedras]} to enter {ORG[the University of Puerto Rico]} with a view to obtaining a bachelor's degree in business administration, and then, to pursue the career of attorney. Shortly after and at the same time, he worked as an announcer on radio station {ORG[WIAC]}.
{PERSON[Machuchal]} was drafted to the military service in {DATE[1953]} and served in {GPE[the United States Army]} with {ORG[the 82nd Airborne Division]} in {GPE[Fort Bragg]}, {GPE[North Carolina]}. He also fought in {EVENT[the Korean War]}. After his discharge in {DATE[1955]} Rodríguez went back to {GPE[Puerto Rico]} and resumed his studies in business administration at {ORG[UPR]}, which he finished in {DATE[1957]}.
{PERSON[Rodríguez]} played the role of {GPE[Puerto Rico's]} mountain man, known as {ORG[Jíbaro]}. He would wear the typical {ORG[Jíbaro]} straw hat and the farmer's typical shirt for {DATE[many years]} on his daily appearances on {ORG[Telemundo Puerto Rico's]} {TIME[midday]} show, {ORG[El Show de las 12]}.
{PERSON[Rodríguez]} also participated in {GPE[La Taberna]} {GPE[India]}, (The "India" Tavern), a show that was sponsored for {DATE[many years]} by the {GPE[Puerto]} {NORP[Rican]} beer of the same name. When {GPE[La Taberna]} {GPE[India]} moved to {ORG[WAPA-TV]} in {DATE[1985]}-having by then become "{WORK_OF_ART[La Taberna Budweiser]}", {PERSON[Machuchal]} also moved to {GPE[Telemundo Puerto Rico's]} fiercest rival.
{PERSON[Rodríguez]} once prompted {NORP[Mexican]} comedian {PERSON[Cantinflas]} to compliment him, saying that nobody in the world made him laugh like {PERSON[Machuchal]} did. {PERSON[Machuchal]} also participated in some movies, including {ORG[Machuchal En]} {GPE[Nueva York]} and {ORG[El Agente 0]}.
{PERSON[Rodríguez]} also worked alongside other {GPE[Puerto]} Rican show business figures, such as {PERSON[Tommy Muñiz]}, {PERSON[José Miguel Agrelot]}, {PERSON[Elin Ortiz]}, {PERSON[Sonia Noemí]}, and {PERSON[Eddie Miró]}.
 </spacy_abstract>
 <original_body>
  Rodriguez participated in many movies, most of them Puerto Rican productions but also in Mexican-Puerto Rican co-productions. He often played "Machuchal" or versions of the "Machuchal" character in them.

Lamento Borincano
El Alcalde de Machuchal (1964, as Triburcio Perez)
Los Expatriados (1964)
Millonario a Go Go (1965, as "Machuchal")
C.65 (1965, short film)
Rosa, La Tequilera (1967, he played two roles, those of "Machuchal" and of Graziano)
El Curandero del Pueblo (1968, as Machuchal)
Machuchal , Agente O en New York (1970, as "Machuchal", this time a policeman)
Poor But Honest (1973)
Mulato (1974)
Eva, ¿qué hace ese hombre en tu cama? (1975)
Adalberto Rodríguez died on abril 16, 1995 in Hato Rey, Puerto Rico. He was buried at the Sabana Grande Masonic Cemetery in his hometown Sabana Grande, Puerto Rico. It's unknown the cause of Machuchal's passing.
List of Puerto Ricans
Sonia Noemí
Adalberto Rodríguez at IMDb
 </original_body>
 <spacy_body>
  {ORG[Rodriguez]} participated in many movies, most of them Puerto Rican productions but also in {NORP[Mexican]}-Puerto Rican co-productions. He often played "{PERSON[Machuchal]}" or versions of the "{WORK_OF_ART[Machuchal]}" character in them.

{PERSON[Lamento Borincano]}
{ORG[El Alcalde de Machuchal]} ({DATE[1964]}, as {PERSON[Triburcio Perez]})
{PERSON[Los Expatriados]} ({DATE[1964]})
Millonario a Go Go ({DATE[1965]}, as "{WORK_OF_ART[Machuchal]}")
C.65 ({DATE[1965]}, short film)
{PERSON[Rosa]}, {ORG[La Tequilera]} ({DATE[1967]}, he played {CARDINAL[two]} roles, those of "{WORK_OF_ART[Machuchal]}" and of {PERSON[Graziano]})
{ORG[El Curandero del Pueblo]} ({DATE[1968]}, as {PERSON[Machuchal]})
Machuchal , Agente O en {GPE[New York]} ({DATE[1970]}, as "{WORK_OF_ART[Machuchal]}", this time a policeman)
Poor But Honest ({DATE[1973]})
{PERSON[Mulato]} ({DATE[1974]})
Eva, {PERSON[¿qué hace]} ese hombre en tu cama? ({DATE[1975]})
Adalberto Rodríguez died on {DATE[abril 16, 1995]} in {LOC[Hato Rey]}, {GPE[Puerto Rico]}. He was buried at {ORG[the Sabana Grande Masonic Cemetery]} in his hometown {PERSON[Sabana Grande]}, {GPE[Puerto Rico]}. It's unknown the cause of {ORG[Machuchal]}'s passing.
List of {GPE[Puerto Ricans]}
{PERSON[Sonia Noemí]}
{GPE[Adalberto]} Rodríguez at IMDb
 </spacy_body>
</doc>