<?xml version="1.0" encoding="utf-8"?>
<doc>
 <title>
  Adam Baldwin
 </title>
 <original_abstract>
  Adam Baldwin (born February 27, 1962) is an American actor. He starred in Full Metal Jacket (1987) as Animal Mother, as well as in the television series Firefly and its continuation film Serenity as Jayne Cobb. His roles include Stillman in Ordinary People (1980), Colonel John Casey in Chuck, and Mike Slattery in The Last Ship.
 </original_abstract>
 <spacy_abstract>
  {PERSON[Adam Baldwin]} (born {DATE[February 27, 1962]}) is an {NORP[American]} actor. He starred in {WORK_OF_ART[Full Metal Jacket]} ({DATE[1987]}) as {ORG[Animal Mother]}, as well as in the television series Firefly and its continuation film {PERSON[Serenity]} as {PERSON[Jayne Cobb]}. His roles include {PERSON[Stillman]} in Ordinary People ({DATE[1980]}), Colonel {PERSON[John Casey]} in {PERSON[Chuck]}, and {PERSON[Mike Slattery]} in {EVENT[The Last Ship]}.
 </spacy_abstract>
 <original_body>
  Baldwin was born in Winnetka, Illinois, and studied at New Trier Township High School East in Winnetka.
Appearing in a large number of films since 1980, Baldwin rose to prominence as the troubled outcast Ricky Linderman in My Bodyguard (1980) and moved on to bigger roles in D.C. Cab (1983), Full Metal Jacket (1987), Predator 2 (1989), Next of Kin (1989), Deadbolt (1992), Independence Day (1996), The Patriot (2000), and Serenity (2005)—in which he reprises his role as the mercenary Jayne Cobb from the television series Firefly.
His other work includes Radio Flyer (1992), From the Earth to the Moon (1998), The X-Files (Knowle Rohrer), The Cape, Men in Black: The Series, Stargate SG-1, Angel, The Inside, NCIS, and the 2005 remake of The Poseidon Adventure. He also starred in the ABC series Day Break as Chad Shelten in 2006.
Baldwin parodied the Ricky Linderman character in the 2008 film Drillbit Taylor. He is also known for NBC's Chuck, in which he played John Casey, one of the lead characters for the five season run of the show.
In season four of Castle, Baldwin was reunited with former Firefly castmate Nathan Fillion. He played Detective Ethan Slaughter in the 21st episode called "Headhunters" which aired April 16, 2012. He returned to Castle in season eight, episode six "Cool Boys".
Baldwin won a SyFy Genre Award in 2006 for Best Supporting Actor/Television for his role as Jayne Cobb in the television series Firefly.Baldwin was cast as Superman in Superman: Doomsday, which is based on DC Comics' The Death of Superman. He also voices the character in the massively multiplayer online game DC Universe Online.
Baldwin has a role as a voice actor in the Xbox 360 games Halo 3 and Halo 3: ODST, the latter putting him in the role of Corporal Taylor "Dutch" Miles.  Baldwin also appears as a voice actor in Half Life 2: Episode 2 for various resistance soldiers and citizens. Along with his Chuck co-star, Yvonne Strahovski, he also appeared in Mass Effect 2, playing the role of Quarian Marine squad leader Kal'Reegar.
He has three children with his wife, Ami Julius.He is a supporter of Ride 2 Recovery, a bike-riding organization set up for the rehabilitation of wounded veterans. He participated in the 2009 "Don't Mess With Texas Challenge" bike ride.
Politically, he states that he re-examined his liberal views after being given a copy of David Horowitz's book Radical Son.  He now considers himself a "small government conservative libertarian", and has contributed to The Huffington Post.In late 2015 Baldwin endorsed Ted Cruz for the 2016 United States presidential election via Twitter.
Baldwin has sometimes been credited with originating the hashtag #GamerGate near the end of August 2014 by posting the hashtag on Twitter alongside a pair of videos that, as part of wider criticisms, repeated earlier allegations against Zoe Quinn and Nathan Grayson.His role in the GamerGate controversy led to a petition to prevent Baldwin from appearing as a guest at the Supanova Pop Culture Expo in 2015. The convention's management decided to keep Baldwin as a guest.
Adam Baldwin at IMDb
Adam Baldwin on Twitter 
Adam Baldwin at TV Guide
Adam Baldwin at AllMovie
 </original_body>
 <spacy_body>
  {GPE[Baldwin]} was born in {GPE[Winnetka]}, {GPE[Illinois]}, and studied at {GPE[New Trier Township High School East]} in {GPE[Winnetka]}.
Appearing in a large number of films since {DATE[1980]}, {GPE[Baldwin]} rose to prominence as the troubled outcast {PERSON[Ricky Linderman]} in My {PERSON[Bodyguard]} ({DATE[1980]}) and moved on to bigger roles in {GPE[D.C.]} Cab ({DATE[1983]}), Full Metal Jacket ({DATE[1987]}), Predator 2 ({DATE[1989]}), Next of Kin ({DATE[1989]}), {PERSON[Deadbolt]} ({DATE[1992]}), {EVENT[Independence Day (1996]}), {WORK_OF_ART[The Patriot]} ({DATE[2000]}), and Serenity (2005)—in which he reprises his role as the mercenary {PERSON[Jayne Cobb]} from the television series {ORG[Firefly]}.
His other work includes {ORG[Radio Flyer]} ({DATE[1992]}), From the {LOC[Earth]} to the Moon ({DATE[1998]}), {PRODUCT[The X-Files]} ({PERSON[Knowle Rohrer]}), The Cape, Men in Black: The {EVENT[Series]}, Stargate SG-1, {GPE[Angel]}, The Inside, {ORG[NCIS]}, and the {DATE[2005]} remake of {WORK_OF_ART[The Poseidon Adventure]}. He also starred in the {ORG[ABC]} series {PERSON[Day Break]} as {PERSON[Chad Shelten]} in {DATE[2006]}.
{PERSON[Baldwin]} parodied the Ricky Linderman character in the {DATE[2008]} film Drillbit Taylor. He is also known for {ORG[NBC]}'s {PERSON[Chuck]}, in which he played {PERSON[John Casey]}, {CARDINAL[one]} of the lead characters for {DATE[the five season]} run of the show.
In {DATE[season four]} of {ORG[Castle, Baldwin]} was reunited with former {ORG[Firefly]} castmate {PERSON[Nathan Fillion]}. He played {PERSON[Detective Ethan Slaughter]} in the {ORDINAL[21st]} episode called "Headhunters" which aired {DATE[April 16, 2012]}. He returned to {ORG[Castle]} in {ORDINAL[season]} {CARDINAL[eight]}, episode {CARDINAL[six]} {WORK_OF_ART["Cool Boys"]}.
{PERSON[Baldwin]} won {WORK_OF_ART[a SyFy Genre Award]} in {DATE[2006]} for {ORG[Best Supporting Actor/Television]} for his role as {PERSON[Jayne Cobb]} in the television series {PERSON[Firefly]}.{PERSON[Baldwin]} was cast as {FAC[Superman]} in {WORK_OF_ART[Superman]}: {PERSON[Doomsday]}, which is based on {ORG[DC Comics']} {WORK_OF_ART[The Death of Superman]}. He also voices the character in the massively multiplayer online game DC Universe Online.
{GPE[Baldwin]} has a role as a voice actor in the {GPE[Xbox]} {CARDINAL[360]} games {PERSON[Halo 3 and]} Halo {CARDINAL[3]}: {ORG[ODST]}, the latter putting him in the role of Corporal {PERSON[Taylor "Dutch" Miles]}.  {PERSON[Baldwin]} also appears as a voice actor in {PRODUCT[Half Life 2]}: Episode {CARDINAL[2]} for various resistance soldiers and citizens. Along with his {PERSON[Chuck]} co-star, {PERSON[Yvonne Strahovski]}, he also appeared in Mass Effect 2, playing the role of {ORG[Quarian Marine]} squad leader {PERSON[Kal'Reegar]}.
He has {CARDINAL[three]} children with his wife, {PERSON[Ami Julius]}.He is a supporter of {ORG[Ride 2 Recovery]}, a bike-riding organization set up for the rehabilitation of wounded veterans. He participated in the {DATE[2009]} "Don't Mess With Texas Challenge" bike ride.
Politically, he states that he re-examined his liberal views after being given a copy of {PERSON[David Horowitz's]} book {WORK_OF_ART[Radical Son]}.  He now considers himself a "small government conservative libertarian", and has contributed to {ORG[The Huffington Post]}.In late 2015 {PERSON[Baldwin]} endorsed {PERSON[Ted Cruz]} for the {DATE[2016]} {GPE[United States]} presidential election via Twitter.
{GPE[Baldwin]} has sometimes been credited with originating the hashtag #{ORG[GamerGate]} near {DATE[the end of August 2014]} by posting the hashtag on Twitter alongside a pair of videos that, as part of wider criticisms, repeated earlier allegations against {ORG[Zoe Quinn]} and {PERSON[Nathan Grayson]}.His role in the {ORG[GamerGate]} controversy led to a petition to prevent {GPE[Baldwin]} from appearing as a guest at {EVENT[the Supanova Pop Culture Expo]} in {DATE[2015]}. The convention's management decided to keep {PERSON[Baldwin]} as a guest.
{PERSON[Adam Baldwin]} at IMDb
{PERSON[Adam Baldwin]} on Twitter 
{PERSON[Adam Baldwin]} at {FAC[TV Guide]}
{PERSON[Adam Baldwin]} at {ORG[AllMovie]}
 </spacy_body>
</doc>