<?xml version="1.0" encoding="utf-8"?>
<doc>
 <title>
  Adamae Vaughn
 </title>
 <original_abstract>
  Adamae Vaughn (November 8, 1905 – September 11, 1943), also billed as Ada Mae Vaughn, was an American actress.
 </original_abstract>
 <spacy_abstract>
  {PERSON[Adamae Vaughn]} ({DATE[November 8, 1905 –]} {DATE[September 11, 1943]}), also billed as {PERSON[Ada Mae Vaughn]}, was an {NORP[American]} actress.
 </spacy_abstract>
 <original_body>
  Her sister was film actress Alberta Vaughn. Adamae was at first Alberta's manager and chaperone. When the studio needed a brunette, Adamae, a blonde, sent her sister.
Vaughn was named a WAMPAS Baby Star of 1927. She was in nine movies between 1921 and 1936, including The Courtship of Miles Standish (1923) and The Last Edition (1925). Dancing Sweeties (1930) was produced by First National Pictures and Vitaphone and  featured Sue Carol and Grant Withers. Vaughn played Emma O'Neil.
In September 1929, she was a member of a Warner Brothers review featuring sisters who were actresses. Together with Alberta, she was featured with Dolores Costello, Helene Costello, Shirley Mason, Viola Dana, Loretta Young, Sally Blane, and others.
She married Albert R. Hindman, a Los Angeles, California, businessman, in May 1926. They divorced in October 1927. A reconciliation schedule for early 1928 was cancelled.In June 1934, Vaughn wed Hollywood automobile executive Joseph Valentine Roul Fleur D'Anvray (also known as Viscount D'Anvray), who came from a noble family in Anvray, France. He was a French author and a representative of General Motors in Europe. After their marriage, Vaughn accompanied her husband to live in France. They divorced in October 1940.
In April 1937, Vaughn underwent abdominal surgery, which left her with multiple adhesions. Complications from this operation eventually landed her in the Hollywood Hospital located in Studio City, California. Vaughn died on September 11, 1943, from an intestinal blockage.
Los Angeles Times, "New Baby Stars Stud Hollywood Firmamament", January 7, 1927, page A1.
Los Angeles Times, "Film Girls Cast In Bride Roles", January 24, 1928, page A5.
Los Angeles Times, "Baby Star To Be Guest", June 12, 1929, page A18.
Los Angeles Times, "Film Actress Will Be Bride", June 13, 1934, page A1.
Los Angeles Times, "Mrs. Adamae Vaughn", September 14, 1943, page 18.
The New York Times, "Mamoulian's Camera",  September 22, 1929, X5.
Syracuse Herald, "Baby Star Will Become Bride of French Nobleman", Sunday Morning, May 26, 1929, Fourth Section, page 10.
The Washington Post, "Will Osborne And A Breezy Camera Play", July 20, 1930, page A2.
Ada Mae Vaughn at the TCM Movie Database"Adamae Vaughn". Actress. Find a Grave. September 11, 1943.
 </original_body>
 <spacy_body>
  Her sister was film actress {PERSON[Alberta Vaughn]}. Adamae was at {ORDINAL[first]} {GPE[Alberta]}'s manager and chaperone. When the studio needed a brunette, {ORG[Adamae]}, a blonde, sent her sister.
{ORG[Vaughn]} was named a {ORG[WAMPAS Baby Star]} of {DATE[1927]}. She was in {CARDINAL[nine]} movies {DATE[between 1921 and 1936]}, including {WORK_OF_ART[The Courtship of Miles Standish]} ({DATE[1923]}) and {WORK_OF_ART[The Last Edition]} ({DATE[1925]}). Dancing Sweeties ({DATE[1930]}) was produced by {ORG[First National Pictures]} and {ORG[Vitaphone]} and  featured {PERSON[Sue Carol]} and {PERSON[Grant Withers]}. {NORP[Vaughn]} played {PERSON[Emma O'Neil]}.
In {DATE[September 1929]}, she was a member of a {ORG[Warner Brothers]} review featuring sisters who were actresses. Together with {GPE[Alberta]}, she was featured with {PERSON[Dolores Costello]}, {PERSON[Helene Costello]}, {PERSON[Shirley Mason]}, {PERSON[Viola Dana]}, {ORG[Loretta Young]}, {PERSON[Sally Blane]}, and others.
She married {PERSON[Albert R. Hindman]}, a {GPE[Los Angeles]}, {GPE[California]}, businessman, in {DATE[May 1926]}. They divorced in {DATE[October 1927]}. A reconciliation schedule for {DATE[early 1928]} was cancelled.In {DATE[June 1934]}, {NORP[Vaughn]} wed {GPE[Hollywood]} automobile executive {PERSON[Joseph Valentine Roul Fleur D'Anvray]} (also known as {PERSON[Viscount D'Anvray]}), who came from a noble family in {GPE[Anvray]}, {GPE[France]}. He was a {NORP[French]} author and a representative of {ORG[General Motors]} in {LOC[Europe]}. After their marriage, {ORG[Vaughn]} accompanied her husband to live in {GPE[France]}. They divorced in {DATE[October 1940]}.
In {DATE[April 1937]}, {ORG[Vaughn]} underwent abdominal surgery, which left her with multiple adhesions. Complications from this operation eventually landed her in {FAC[the Hollywood Hospital]} located in {GPE[Studio City]}, {GPE[California]}. Vaughn died on {DATE[September 11, 1943]}, from an intestinal blockage.
{ORG[Los Angeles Times]}, "New Baby Stars Stud {GPE[Hollywood]} Firmamament", {DATE[January 7, 1927]}, page {CARDINAL[A1]}.
Los Angeles Times, "{WORK_OF_ART[Film Girls Cast In Bride Roles]}", {DATE[January 24, 1928]}, page A5.
{ORG[Los Angeles Times]}, "{WORK_OF_ART[Baby Star]} To Be Guest", {DATE[June 12, 1929]}, page A18.
{ORG[Los Angeles Times]}, "{WORK_OF_ART[Film Actress Will Be Bride]}", {DATE[June 13, 1934]}, page {CARDINAL[A1]}.
Los Angeles Times, "Mrs. {PERSON[Adamae Vaughn]}", {DATE[September 14, 1943]}, page {CARDINAL[18]}.
{ORG[The New York Times]}, "{GPE[Mamoulian]}'s {ORG[Camera]}",  {DATE[September 22, 1929]}, X5.
Syracuse {PERSON[Herald]}, "{WORK_OF_ART[Baby Star Will Become Bride of French Nobleman"]}, {DATE[Sunday]} Morning, {DATE[May 26, 1929]}, Fourth Section, page {CARDINAL[10]}.
{ORG[The Washington Post]}, "{PERSON[Will Osborne]} And A Breezy Camera Play", {DATE[July 20, 1930]}, page A2.
{PERSON[Ada Mae Vaughn]} at the TCM Movie Database"Adamae Vaughn". {PERSON[Actress]}. Find a Grave. {DATE[September 11, 1943]}.
 </spacy_body>
</doc>