<?xml version="1.0" encoding="utf-8"?>
<doc>
 <title>
  Adam Williams (actor)
 </title>
 <original_abstract>
  Adam Williams (born Adam William Berg, November 26, 1922 – December 4, 2006) was an American film and television actor.
 </original_abstract>
 <spacy_abstract>
  {PERSON[Adam Williams]} (born {PERSON[Adam William Berg]}, {DATE[November 26, 1922]} – {DATE[December 4, 2006]}) was an {NORP[American]} film and television actor.
 </spacy_abstract>
 <original_body>
  Born Adam William Berg in Wall Lake, Iowa and raised in New York City. A veteran "bad guy" actor of 1950s film and TV, he began his career after distinguished World War II military service as a United States Navy pilot, for which he received the Navy Cross. In 1952, Williams played the lead, a Los Angeles woman killer, in the film Without Warning! In 1953, he was cast as Larry, a car bomber, in The Big Heat. He had a leading role in the 1958 science fiction movie The Space Children. Other notable film roles include the psychiatrist in Fear Strikes Out (1957) and Valerian in North by Northwest (1959).
An accomplished pilot, Williams also worked as an examiner for the FAA.
During the 1950s and 1960s, he appeared on dozens of television series, including the syndicated Sheriff of Cochise, set in Arizona and starring John Bromfield, and Have Gun – Will Travel in the episode "The Reasonable Man". He portrayed private detective and murderer Jason Beckmeyer in the 1957 Perry Mason episode "The Case of the Runaway Corpse." In 1961, he was cast as Jim Gates in the episode "Frontier Week" on Joanne Dru's sitcom Guestward, Ho!, set on a dude ranch in New Mexico. In 1960, he played the role of a sailor hitching a ride in The Twilight Zone season 1 episode "The Hitch-Hiker", where he is picked up by a terrified driver played by Inger Stevens, who is compelled to pick him up so that he may offer protection and safety to her from a mysterious hitchhiker who shows up at various times and places along the road while she travels across country. Many reviewers have cited this episode as one of The Twilight Zone's "10 Greatest" of the series. He had also appeared in the Twilight Zone episode "A Most Unusual Camera". Between 1959 and 1967 he appeared in six episodes of The Rifleman and in four episodes of Bonanza, and in 1961 as Adam in "A Rope for Charlie Munday", in the ABC adventure series The Islanders. He was cast as Burley Keller in the 1961 episode "The Persecuted" of the ABC/Warner Brothers western series Lawman. He guest-starred in an episode of the 1961 NBC series The Americans, based on family conflicts stemming from the American Civil War, and in an episode of the 1961 series The Asphalt Jungle. One of his later roles was in the 1976 television movie Helter Skelter.
On December 4, 2006, Williams died in Los Angeles of lymphoma at the age of 84. He was cremated.
Schallert, Edwin (March 25, 1953). "Big-Game Hunter Brings African Film; Top Heavy Goes to Adam Williams". Los Angeles Times. p. 25.
Childress, Fred (October 30, 1953). "Direction Adds Tense Excitement To 'Big Heat' on Palace Screen". Youngstown Vindicator. p. 14.
"Actor 'Rocketing' Up". The Miami News. July 26, 1958. p. 7A. Adam Williams, one of the industry's fastest-rising actors, portrays a rocket expert in Paramount's "The Space Children."
"Victor Jory 'Shot' by Western Actor". Los Angeles Times. November 11, 1961. p. 19. Observers said a gun in the hands of actor Adam Williams discharged accidentally at a range of 6 in., inflicting powder burns.
Adam Williams at IMDb
Adam Williams at the TCM Movie Database
 </original_body>
 <spacy_body>
  {PERSON[Born Adam William Berg]} in {LOC[Wall Lake]}, {GPE[Iowa]} and raised in {GPE[New York City]}. A veteran "bad guy" actor of {DATE[1950s]} film and TV, he began his career after distinguished {EVENT[World War II]} military service as a {ORG[United States Navy]} pilot, for which he received {ORG[the Navy Cross]}. In {DATE[1952]}, {PERSON[Williams]} played the lead, a {GPE[Los Angeles]} woman killer, in the film {WORK_OF_ART[Without Warning!]} In {DATE[1953]}, he was cast as {PERSON[Larry]}, a car bomber, in {WORK_OF_ART[The Big Heat]}. He had a leading role in the {DATE[1958]} science fiction movie {WORK_OF_ART[The Space Children]}. Other notable film roles include the psychiatrist in {ORG[Fear Strikes Out]} ({DATE[1957]}) and {NORP[Valerian]} in {GPE[North by Northwest]} ({DATE[1959]}).
An accomplished pilot, {PERSON[Williams]} also worked as an examiner for the {ORG[FAA]}.
During {DATE[the 1950s and 1960s]}, he appeared on {CARDINAL[dozens]} of television series, including {WORK_OF_ART[the syndicated Sheriff of Cochise]}, set in {GPE[Arizona]} and starring {PERSON[John Bromfield]}, and {ORG[Have Gun –]} Will Travel in the episode "{WORK_OF_ART[The Reasonable Man]}". He portrayed private detective and murderer {PERSON[Jason Beckmeyer]} in the {DATE[1957]} {EVENT[Perry Mason]} episode {WORK_OF_ART["The Case of the Runaway Corpse]}." In {DATE[1961]}, he was cast as {PERSON[Jim Gates]} in the episode "{WORK_OF_ART[Frontier Week]}" on {PERSON[Joanne Dru's]} sitcom {PERSON[Guestward]}, {PERSON[Ho]}!, set on a dude ranch in {GPE[New Mexico]}. In {DATE[1960]}, he played the role of a sailor hitching a ride in {WORK_OF_ART[The Twilight Zone season 1]} episode "{WORK_OF_ART[The Hitch-Hiker]}", where he is picked up by a terrified driver played by {PERSON[Inger Stevens]}, who is compelled to pick him up so that he may offer protection and safety to her from a mysterious hitchhiker who shows up at various times and places along the road while she travels across country. Many reviewers have cited this episode as {CARDINAL[one]} of {WORK_OF_ART[The Twilight Zone's]} "10 Greatest" of the series. He had also appeared in {WORK_OF_ART[the Twilight Zone episode "]}{WORK_OF_ART[A Most Unusual Camera]}". {DATE[Between 1959 and 1967]} he appeared in {CARDINAL[six]} episodes of The Rifleman and in {CARDINAL[four]} episodes of {ORG[Bonanza]}, and in {DATE[1961]} as {PERSON[Adam]} in {WORK_OF_ART["A Rope for Charlie Munday"]}, in the {ORG[ABC]} adventure series The {ORG[Islanders]}. He was cast as {PERSON[Burley Keller]} in the {DATE[1961]} episode "{WORK_OF_ART[The Persecuted]}" of the {ORG[ABC]}/{ORG[Warner Brothers]} western series Lawman. He guest-starred in an episode of the {DATE[1961]} {ORG[NBC]} series The {NORP[Americans]}, based on family conflicts stemming from {EVENT[the American Civil War]}, and in an episode of the {DATE[1961]} series {WORK_OF_ART[The Asphalt Jungle]}. {CARDINAL[One]} of his later roles was in the {DATE[1976]} television movie {PERSON[Helter Skelter]}.
On {DATE[December 4, 2006]}, {PERSON[Williams]} died in {GPE[Los Angeles]} of lymphoma at {DATE[the age of 84]}. He was cremated.
{PERSON[Schallert]}, {PERSON[Edwin]} ({DATE[March 25, 1953]}). "Big-Game Hunter Brings African Film; {WORK_OF_ART[Top Heavy Goes]} to {PERSON[Adam Williams]}". {ORG[Los Angeles Times]}. p. {CARDINAL[25]}.
Childress, {PERSON[Fred]} ({DATE[October 30, 1953]}). "{WORK_OF_ART[Direction Adds Tense Excitement]} To 'Big Heat' on {PERSON[Palace Screen]}". {PERSON[Youngstown Vindicator]}. p. {CARDINAL[14]}.
"Actor 'Rocketing' Up". {ORG[The Miami News]}. {DATE[July 26, 1958]}. p. 7A. {PERSON[Adam Williams]}, {CARDINAL[one]} of the industry's fastest-rising actors, portrays a rocket expert in {ORG[Paramount]}'s "{WORK_OF_ART[The Space Children]}."
"{WORK_OF_ART[Victor Jory 'Shot' by Western Actor]}". {ORG[Los Angeles Times]}. {DATE[November 11, 1961]}. p. {CARDINAL[19]}. Observers said a gun in the hands of actor {PERSON[Adam Williams]} discharged accidentally at a range of {CARDINAL[6]} in., inflicting powder burns.
{PERSON[Adam Williams]} at IMDb
{PERSON[Adam Williams]} at the TCM Movie Database
 </spacy_body>
</doc>