<?xml version="1.0" encoding="utf-8"?>
<doc>
 <title>
  Adam Garcia
 </title>
 <original_abstract>
  Adam Gabriel Garcia (born 1 June 1973) is an Australian stage, television, and film actor who is best known for lead roles in musicals such as Saturday Night Fever and Kiss Me, Kate. He is also a trained tap dancer and singer. Garcia has been nominated twice at the Laurence Olivier Awards in 1999 and 2013.
 </original_abstract>
 <spacy_abstract>
  {PERSON[Adam Gabriel Garcia]} (born {DATE[1 June 1973]}) is an {NORP[Australian]} stage, television, and film actor who is best known for lead roles in musicals such as {WORK_OF_ART[Saturday Night Fever and Kiss Me]}, {PERSON[Kate]}. He is also a trained tap dancer and singer. {PERSON[Garcia]} has been nominated twice at {FAC[the Laurence Olivier Awards]} in {DATE[1999]} and {DATE[2013]}.
 </spacy_abstract>
 <original_body>
  Garcia was born in 1973 to Jean Balharry and Fabio Garcia in Wahroonga, New South Wales. His mother, Jean, is Australian and his father, Fabio, is of Colombian descent. Garcia's mother is a retired physiotherapist. Garcia attended Knox Grammar School where he completed his high school education. He also received formal tap dance training at Capital Dance Studio in Sydney, Australia. Garcia attended Sydney University but did not complete his education as he left the university to take the role of Slide in the production of the musical Hot Shoe Shuffle, which toured Australia for two years before transferring to London, England. On 26 March 2015, Garcia married his long time girlfriend Nathalia Chubin in London. Chubin worked as a senior marketing executive for PlayStation previously.
Garcia began his film career in 1997, playing the role of Jones in Brian Gilbert's Wilde. Garcia played Tony Manero in the stage version of Saturday Night Fever, which premiered on 5 May 1998 at the London Palladium, and closed on 26 February 2000. He was nominated for his work in the play at the Laurence Olivier Award for Best Actor in a Musical category in 1999, but lost to the cast of Kat and the Kings. Garcia also reached number 15 in the UK Singles Chart in 1998, with his cover version of the Bee Gees song "Night Fever", taken from the film version of Saturday Night Fever (1977). In 2000, he played a major role in his second feature-film, Coyote Ugly. Later that year, Garcia also appeared in Dein Perry's Bootmen, playing the lead role. In 2003, he voiced the title character in the film Kangaroo Jack, but was not credited for that role. In 2004, he also played alongside Lindsay Lohan and Megan Fox in Confessions of a Teenage Drama Queen, as the character Stu Wolff, a drunk rock star, who is part of the band Sidarthur and is, in Lola's words, "a greater poet than Shakespeare". Between 2006 and 2007, Garcia played the character of Fiyero in the original West End production of Wicked alongside Idina Menzel, Kerry Ellis and Helen Dallimore. He previously played the same role during the show's early Broadway theatre workshops in 2000. Garcia appeared in two ITV dramas, Britannia High  and Mr Eleven, in 2008. In January 2010, Garcia appeared with Ashley Banjo and Kimberly Wyatt as a judge on the British reality show, Got To Dance. He was a judge in the four seasons of the competition from 2010 to 2012 and then in 2014. In 2011, Garcia co-starred with Mischa Barton in The Hen Do, but the film never left the cutting room floor. In 2012, he appeared in Cole Porter's musical Kiss Me, Kate at the Chichester Festival Theatre, directed by Trevor Nunn and choreographed by Stephen Meare. Garcia was nominated for his role at the 2013 Laurence Olivier Awards in the category Best Performance in a Supporting Role in a Musical.Garcia appeared in Threesome, a 2011 British television sitcom which began airing on 17 October 2011 on Comedy Central. Garcia became the fourth judge during the thirteenth season of the Australian version of Dancing with the Stars. In 2016, Garcia began an Australian national tour production of Singin’ in the Rain as Don Lockwood, but was injured on stage in Melbourne which ended his run. Later that year he played Father Damian Karras in the first UK production of The Exorcist, opening at the Birmingham Rep and transferring to the West End in 2017. He also filmed on location for Murder on the Orient Express. In 2018, Garcia was cast in Dance Boss, an Australian reality television dance competition on the Seven Network presented by Dannii Minogue. He judged the competition alongside singer and dancer Timomatic and actress and performer Sharni Vinson. Later that year he played the Artilleryman in the 40th anniversary tour of Jeff Wayne’s War of the Worlds, to critical acclaim. In 2019, he filmed Death on the Nile, and in December starred in a pantomime in Ipswich, England as Prince Charming.

Adam Garcia at IMDb
 </original_body>
 <spacy_body>
  {PERSON[Garcia]} was born in {DATE[1973]} to {PERSON[Jean Balharry]} and {PERSON[Fabio Garcia]} in {GPE[Wahroonga]}, {GPE[New South Wales]}. His mother, {PERSON[Jean]}, is {NORP[Australian]} and his father, {PERSON[Fabio]}, is of {NORP[Colombian]} descent. {PERSON[Garcia]}'s mother is a retired physiotherapist. {PERSON[Garcia]} attended {ORG[Knox Grammar School]} where he completed his high school education. He also received formal tap dance training at {ORG[Capital Dance Studio]} in {GPE[Sydney]}, {GPE[Australia]}. {PERSON[Garcia]} attended {ORG[Sydney University]} but did not complete his education as he left the university to take the role of {ORG[Slide]} in the production of the musical {ORG[Hot Shoe Shuffle]}, which toured {GPE[Australia]} for {DATE[two years]} before transferring to {GPE[London]}, {GPE[England]}. On {DATE[26 March 2015]}, {PERSON[Garcia]} married his long time girlfriend {WORK_OF_ART[Nathalia Chubin]} in {GPE[London]}. {PERSON[Chubin]} worked as a senior marketing executive for {ORG[PlayStation]} previously.
{PERSON[Garcia]} began his film career in {DATE[1997]}, playing the role of {GPE[Jones]} in {PERSON[Brian Gilbert's]} {PERSON[Wilde]}. {PERSON[Garcia]} played {PERSON[Tony Manero]} in the stage version of {WORK_OF_ART[Saturday Night Fever]}, which premiered on {DATE[5 May 1998]} at {FAC[the London Palladium]}, and closed on {DATE[26 February 2000]}. He was nominated for his work in the play at {FAC[the Laurence Olivier Award]} for Best Actor in a {QUANTITY[Musical]} category in {DATE[1999]}, but lost to the cast of {PERSON[Kat]} and the {GPE[Kings]}. {PERSON[Garcia]} also reached number {CARDINAL[15]} in the UK Singles Chart in {DATE[1998]}, with his cover version of the {ORG[Bee Gees]} song "{WORK_OF_ART[Night Fever]}", taken from the film version of {WORK_OF_ART[Saturday Night Fever]} ({DATE[1977]}). In {DATE[2000]}, he played a major role in his {ORDINAL[second]} feature-film, {PERSON[Coyote Ugly]}. {DATE[Later that year]}, {PERSON[Garcia]} also appeared in {PERSON[Dein Perry's]} Bootmen, playing the lead role. In {DATE[2003]}, he voiced the title character in the film {PERSON[Kangaroo Jack]}, but was not credited for that role. In {DATE[2004]}, he also played alongside {PERSON[Lindsay Lohan]} and {PERSON[Megan Fox]} in Confessions of a Teenage {PERSON[Drama Queen]}, as the character {PERSON[Stu Wolff]}, a drunk rock star, who is part of the band {PERSON[Sidarthur]} and is, in {PERSON[Lola]}'s words, "a greater poet than {PERSON[Shakespeare]}". {DATE[Between 2006 and 2007]}, {PERSON[Garcia]} played the character of {PERSON[Fiyero]} in the original {LOC[West End]} production of {GPE[Wicked]} alongside {PERSON[Idina Menzel]}, {PERSON[Kerry Ellis]} and {PERSON[Helen Dallimore]}. He previously played the same role during the show's early {FAC[Broadway]} theatre workshops in {DATE[2000]}. {PERSON[Garcia]} appeared in {CARDINAL[two]} {ORG[ITV]} dramas, {GPE[Britannia]} High  and {WORK_OF_ART[Mr Eleven]}, in {DATE[2008]}. In {DATE[January 2010]}, {PERSON[Garcia]} appeared with {PERSON[Ashley Banjo]} and {PERSON[Kimberly Wyatt]} as a judge on the {NORP[British]} reality show, Got To Dance. He was a judge in {DATE[the four seasons]} of the competition from {DATE[2010]} to {DATE[2012]} and then in {DATE[2014]}. In {DATE[2011]}, {PERSON[Garcia]} co-starred with {PERSON[Mischa Barton]} in {WORK_OF_ART[The Hen Do]}, but the film never left the cutting room floor. In {DATE[2012]}, he appeared in {PRODUCT[Cole Porter's]} musical {PERSON[Kiss Me]}, {PERSON[Kate]} at {FAC[the Chichester Festival Theatre]}, directed by {PERSON[Trevor Nunn]} and choreographed by {PERSON[Stephen Meare]}. {PERSON[Garcia]} was nominated for his role at {EVENT[the 2013 Laurence Olivier Awards]} in the category {PERSON[Best Performance]} in a {WORK_OF_ART[Supporting Role]} in a Musical.{PERSON[Garcia]} appeared in {ORG[Threesome]}, a {DATE[2011]} {NORP[British]} television sitcom which began airing on {DATE[17 October 2011]} on {LOC[Comedy Central]}. {PERSON[Garcia]} became the {ORDINAL[fourth]} judge during {DATE[the thirteenth season]} of the {NORP[Australian]} version of {GPE[Dancing]} with the {FAC[Stars]}. In {DATE[2016]}, {PERSON[Garcia]} began an {NORP[Australian]} national tour production of {ORG[Singin]}’ in the Rain as {PERSON[Don Lockwood]}, but was injured on stage in {GPE[Melbourne]} which ended his run. {DATE[Later that year]} he played Father {NORP[Damian]} Karras in the first {GPE[UK]} production of The Exorcist, opening at {ORG[the Birmingham Rep]} and transferring to {FAC[the West End]} in {DATE[2017]}. He also filmed on location for Murder on the Orient Express. In {DATE[2018]}, {PERSON[Garcia]} was cast in {ORG[Dance Boss]}, an {NORP[Australian]} reality television dance competition on the Seven Network presented by {PERSON[Dannii Minogue]}. He judged the competition alongside singer and dancer {ORG[Timomatic]} and actress and performer {PERSON[Sharni Vinson]}. {DATE[Later that year]} he played the {PERSON[Artilleryman]} in the {ORDINAL[40th]} anniversary tour of {PERSON[Jeff Wayne’s]} {WORK_OF_ART[War of the Worlds]}, to critical acclaim. In {DATE[2019]}, he filmed Death on the {LOC[Nile]}, and in {DATE[December]} starred in a pantomime in {GPE[Ipswich]}, {GPE[England]} as {GPE[Prince Charming]}.

{PERSON[Adam Garcia]} at IMDb
 </spacy_body>
</doc>