<?xml version="1.0" encoding="utf-8"?>
<doc>
 <title>
  Adam Lamberg
 </title>
 <original_abstract>
  Adam Matthew Lamberg (born (1984-09-14)September 14, 1984) is an American actor, best known for his portrayal of David "Gordo" Gordon in the Disney Channel series Lizzie McGuire from 2001 through 2004, and in The Lizzie McGuire Movie.
 </original_abstract>
 <spacy_abstract>
  {PERSON[Adam Matthew Lamberg]} (born ({DATE[1984-09-14)September 14, 1984]}) is an {NORP[American]} actor, best known for his portrayal of {PERSON[David "Gordo" Gordon]} in the {ORG[Disney Channel]} series {PERSON[Lizzie McGuire]} from {DATE[2001]} through 2004, and in The Lizzie McGuire Movie.
 </spacy_abstract>
 <original_body>
  Lamberg was born in New York City, the son of Suzanne, a retired public high school dance teacher, and Marc Lamberg. His father is Jewish, whereas his mother is French-Canadian. Lamberg described himself as a "cultural Jew".Before joining the failed reboot series, he worked at the Irish Arts Center in Manhattan.
In 2019, it was announced that he would reprise his role as David "Gordo" Gordon in a Lizzie McGuire  revival for Disney+ but Disney later decided to not to go forward with the revival.

Adam Lamberg at IMDb
 </original_body>
 <spacy_body>
  {GPE[Lamberg]} was born in {GPE[New York City]}, the son of {PERSON[Suzanne]}, a retired public high school dance teacher, and {PERSON[Marc Lamberg]}. His father is {NORP[Jewish]}, whereas his mother is {NORP[French-Canadian]}. {PERSON[Lamberg]} described himself as a "cultural Jew".Before joining the failed reboot series, he worked at {ORG[the Irish Arts Center]} in {GPE[Manhattan]}.
In {DATE[2019]}, it was announced that he would reprise his role as {PERSON[David "Gordo" Gordon]} in a {PERSON[Lizzie McGuire]}  revival for Disney+ but {ORG[Disney]} later decided to not to go forward with the revival.

{PERSON[Adam Lamberg]} at IMDb
 </spacy_body>
</doc>