<?xml version="1.0" encoding="utf-8"?>
<doc>
 <title>
  Adam Arkin
 </title>
 <original_abstract>
  Adam Arkin (born August 19, 1956) is an American actor and director.  He is known for playing the role of Aaron Shutt on Chicago Hope. He has been nominated for numerous awards, including a Tony (Best Actor, 1991, I Hate Hamlet) as well as three primetime Emmys, four SAG Awards (Ensemble, Chicago Hope), and a DGA Award (My Louisiana Sky). In 2002, Arkin won a Daytime Emmy for Outstanding Directing in a Children's Special for My Louisiana Sky. He is also one of the three actors to portray Dale "The Whale" Biederbeck on Monk. Between 2007 and 2009, he starred in Life. Beginning in 1990, he had a guest role on Northern Exposure playing the angry, paranoid Adam, for which he received an Emmy nomination. In 2009, he portrayed villain Ethan Zobelle, a white separatist gang leader, in Sons of Anarchy and as Principal Ed Gibb in 8 Simple Rules (2003–2005). His father Alan Arkin and brother Matthew are also actors.
 </original_abstract>
 <spacy_abstract>
  {PERSON[Adam Arkin]} (born {DATE[August 19, 1956]}) is an {NORP[American]} actor and director.  He is known for playing the role of {PERSON[Aaron Shutt]} on {ORG[Chicago Hope]}. He has been nominated for numerous awards, including a {PERSON[Tony]} (Best Actor, {DATE[1991]}, I Hate Hamlet) as well as {CARDINAL[three]} primetime Emmys, {CARDINAL[four]} SAG Awards ({ORG[Ensemble]}, {ORG[Chicago Hope]}), and a DGA Award (My Louisiana Sky). In {DATE[2002]}, {PERSON[Arkin]} won a {EVENT[Daytime Emmy]} for {WORK_OF_ART[Outstanding Directing]} in a Children's Special for My Louisiana Sky. He is also one of the {CARDINAL[three]} actors to portray {PERSON[Dale]} "{WORK_OF_ART[The Whale" Biederbeck on Monk]}. {DATE[Between 2007 and 2009]}, he starred in Life. Beginning in {DATE[1990]}, he had a guest role on Northern Exposure playing the angry, paranoid {PERSON[Adam]}, for which he received an {WORK_OF_ART[Emmy]} nomination. In {DATE[2009]}, he portrayed villain {PERSON[Ethan Zobelle]}, a white separatist gang leader, in {ORG[Sons of Anarchy]} and as Principal {PERSON[Ed Gibb]} in 8 Simple Rules ({DATE[2003–2005]}). His father {PERSON[Alan Arkin]} and brother {PERSON[Matthew]} are also actors.
 </spacy_abstract>
 <original_body>
  Arkin was born in Brooklyn, New York to actor, director and writer Alan Arkin and his first wife Jeremy Yaffe. Arkin joined his parents singing in the children's music group the Baby Sitters, along with Lee Hays and Doris Willens. He graduated from Horace Greeley High School in Chappaqua, New York. Arkin is Jewish.
Arkin guest-starred in the award-winning television show Happy Days in episode 35, season 2 in 1975.  Also in 1975, he made a guest appearance on Barney Miller (episode: "Grand Hotel").  His first starring role in television was as Lenny Markowitz, the central character in the 1977 series Busting Loose. He since has appeared in various television series such as A Year in the Life (1988), The Twilight Zone (1986), Northern Exposure (CBS, 1990–1995), where he played the mercurial barefooted chef Adam, and Chicago Hope (CBS, 1994–2000). He appeared in two Law &amp; Order episodes, "Self Defense" (season three, 1992) as jewelry store owner George Costas and "Red Ball" (season 16, 2005) as a district attorney named Charles Graham. He also appeared in Picket Fences (season two, episode 13). Other television appearances include The West Wing (1999) (as trauma specialist and psychiatrist Dr. Stanley Keyworth), Frasier, as an obsessive fan of Frasier, for which he was nominated for a Primetime Emmy Award for Outstanding Guest Actor in a Comedy Series, Boston Legal, Baby Bob, Monk and 8 Simple Rules for Dating My Teenage Daughter (2002). In 2007, he starred in the NBC drama Life in the role of Ted Earley. He played a white separatist leader named Ethan Zobelle during the second season of the series Sons of Anarchy. In 2011, he appeared in The Closer episode "To Serve with Love" (season seven). He also portrayed mob boss Theo Tonin on Justified in 2011 and an FBI agent in The Chicago Code.
Arkin's film appearances include Hitch (2005) and Halloween H20: 20 Years Later (1998). He has performed in Broadway, off-Broadway, and regional theatre productions, including both the South Coast Repertory world premiere and Broadway production of Brooklyn Boy by playwright Donald Margulies. In addition, he is known for his directing work, having done episodes of Grey's Anatomy, Boston Legal, The Riches, Dirt, Ally McBeal,  Sons of Anarchy, The Blacklist, Justified, and Masters of Sex. He won an Emmy for directing the Showtime television film My Louisiana Sky. In April 2008, Arkin guest-starred in the web series Gorgeous Tiny Chicken Machine Show. He played the part of a divorce lawyer in the film A Serious Man (2009), directed by Ethan and Joel Coen.Arkin also played a minor role in the radio drama of Star Wars, A New Hope as the voice of Fixer. For PBS, he voiced Meriwether Lewis in Ken Burns' The Voyage of the Corps of Discovery (1997). He also provided character voice work for the Emmy-winning series The National Parks.
He has directed three episodes of the 2013 Cold War television drama The Americans, is co-executive producer of the television series Get Shorty, directed the final episode of the second season (2014) of Masters of Sex, and directed the final two episodes of the critically acclaimed second season (2015) of Fargo, in which he also had a minor role.
He has a daughter Molly with his first wife Linda. He was married to Phyllis Anne Arkin (née Lyons) from 1999 to 2013, and they had one son together. Phyllis filed for divorce in August 2013. He married Michelle Dunker in 2017.
Adam Arkin at IMDb
Adam Arkin at the TCM Movie Database
Adam Arkin at AllMovie
Interview at Broadway.com
 </original_body>
 <spacy_body>
  {ORG[Arkin]} was born in {GPE[Brooklyn]}, {GPE[New York]} to actor, director and writer {PERSON[Alan Arkin]} and his {ORDINAL[first]} wife {PERSON[Jeremy Yaffe]}. Arkin joined his parents singing in the children's music group {ORG[the Baby Sitters]}, along with {PERSON[Lee Hays]} and {PERSON[Doris Willens]}. He graduated from {ORG[Horace Greeley High School]} in {GPE[Chappaqua]}, {GPE[New York]}. {ORG[Arkin]} is {NORP[Jewish]}.
Arkin guest-starred in the award-winning television show {ORG[Happy Days]} in episode {DATE[35, season 2 in 1975]}.  Also in {DATE[1975]}, he made a guest appearance on {PERSON[Barney Miller]} (episode: "{ORG[Grand Hotel]}").  His {ORDINAL[first]} starring role in television was as {PERSON[Lenny Markowitz]}, the central character in the {DATE[1977]} series {WORK_OF_ART[Busting Loose]}. He since has appeared in various television series such as {DATE[A Year]} in {WORK_OF_ART[the Life]} ({DATE[1988]}), {WORK_OF_ART[The Twilight Zone]} ({DATE[1986]}), Northern Exposure ({ORG[CBS]}, {CARDINAL[1990–1995]}), where he played the mercurial barefooted chef {PERSON[Adam]}, and {ORG[Chicago Hope]} ({ORG[CBS]}, {CARDINAL[1994–2000]}). He appeared in {CARDINAL[two]} {ORG[Law &amp; Order]} episodes, "{WORK_OF_ART[Self Defense]}" ({DATE[season three, 1992]}) as jewelry store owner {PERSON[George Costas]} and "{WORK_OF_ART[Red Ball]}" ({DATE[season 16, 2005]}) as a district attorney named {PERSON[Charles Graham]}. He also appeared in {ORG[Picket Fences]} (season {CARDINAL[two]}, episode {CARDINAL[13]}). Other television appearances include {LOC[The West Wing]} ({DATE[1999]}) (as trauma specialist and psychiatrist Dr. {PERSON[Stanley Keyworth]}), {PERSON[Frasier]}, as an obsessive fan of {ORG[Frasier]}, for which he was nominated for {WORK_OF_ART[a Primetime Emmy Award for Outstanding Guest Actor]} in {EVENT[a Comedy Series]}, {ORG[Boston Legal]}, {PERSON[Baby Bob]}, {PERSON[Monk]} and {CARDINAL[8]} Simple Rules for Dating My Teenage Daughter ({DATE[2002]}). In {DATE[2007]}, he starred in the {ORG[NBC]} drama Life in the role of {PERSON[Ted Earley]}. He played a white separatist leader named {PERSON[Ethan Zobelle]} during {DATE[the second season]} of the series {WORK_OF_ART[Sons of Anarchy]}. In {DATE[2011]}, he appeared in {WORK_OF_ART[The Closer]} episode "{WORK_OF_ART[To Serve with Love]}" ({DATE[season seven]}). He also portrayed mob boss {ORG[Theo Tonin on Justified]} in {DATE[2011]} and an {ORG[FBI]} agent in {EVENT[The Chicago Code]}.
{PERSON[Arkin]}'s film appearances include {ORG[Hitch]} ({DATE[2005]}) and Halloween H20: {DATE[20 Years Later]} ({DATE[1998]}). He has performed in {FAC[Broadway]}, off-{FAC[Broadway]}, and regional theatre productions, including both {LOC[the South Coast Repertory]} world premiere and {FAC[Broadway]} production of {GPE[Brooklyn Boy]} by playwright {PERSON[Donald Margulies]}. In addition, he is known for his directing work, having done episodes of {ORG[Grey's Anatomy, Boston Legal]}, {ORG[The Riches, Dirt, Ally McBeal]},  {ORG[Sons of Anarchy]}, The Blacklist, {PERSON[Justified]}, and Masters of Sex. He won an Emmy for directing the {ORG[Showtime]} television film {GPE[My Louisiana Sky]}. In {DATE[April 2008]}, Arkin guest-starred in the web series Gorgeous Tiny Chicken Machine Show. He played the part of a divorce lawyer in the film {WORK_OF_ART[A Serious Man (2009]}), directed by {PERSON[Ethan]} and {PERSON[Joel Coen]}.{PERSON[Arkin]} also played a minor role in the radio drama of {WORK_OF_ART[Star Wars]}, {WORK_OF_ART[A New Hope]} as the voice of Fixer. For {ORG[PBS]}, he voiced {PERSON[Meriwether Lewis]} in {PERSON[Ken Burns']} {WORK_OF_ART[The Voyage of the Corps of Discovery]} ({DATE[1997]}). He also provided character voice work for the Emmy-winning series {WORK_OF_ART[The National Parks]}.
He has directed {CARDINAL[three]} episodes of the {DATE[2013]} {EVENT[Cold War]} television drama The {NORP[Americans]}, is co-executive producer of the television series {WORK_OF_ART[Get Shorty]}, directed the final episode of {DATE[the second season]} ({DATE[2014]}) of Masters of Sex, and directed the final {CARDINAL[two]} episodes of the critically acclaimed second season (2015) of {ORG[Fargo]}, in which he also had a minor role.
He has a daughter {PERSON[Molly]} with his first wife {PERSON[Linda]}. He was married to {PERSON[Phyllis Anne Arkin]} (née Lyons) from {DATE[1999 to 2013]}, and they had {CARDINAL[one]} son together. {PERSON[Phyllis]} filed for divorce in {DATE[August 2013]}. He married {PERSON[Michelle Dunker]} in {DATE[2017]}.
{PERSON[Adam Arkin]} at IMDb
{PERSON[Adam Arkin]} at the TCM Movie Database
{PERSON[Adam Arkin]} at AllMovie
Interview at {ORG[Broadway.com]}
 </spacy_body>
</doc>