<?xml version="1.0" encoding="utf-8"?>
<doc>
 <title>
  Adam Kaufman (actor)
 </title>
 <original_abstract>
  Adam Kaufman (born (1974-05-11)May 11, 1974) is an American actor, known for his role in 2002 in the Steven Spielberg science fiction mini-series Taken as Charlie Keys, and as Parker Abrams in the fourth season of The WB supernatural/horror drama Buffy the Vampire Slayer.
 </original_abstract>
 <spacy_abstract>
  {PERSON[Adam Kaufman]} (born ({DATE[1974-05-11)May]} {DATE[11, 1974]}) is an {NORP[American]} actor, known for his role in {DATE[2002]} in the {PERSON[Steven Spielberg]} science fiction mini-series Taken as {PERSON[Charlie Keys]}, and as {PERSON[Parker Abrams]} in {DATE[the fourth season]} of The {ORG[WB]} supernatural/horror drama {WORK_OF_ART[Buffy the Vampire Slayer]}.
 </spacy_abstract>
 <original_body>
  Kaufman's father is Jewish, and his mother is Catholic. He studied drama at Lynchburg College, the Circle in the Square Theatre School, and at the Eugene O'Neill Theater Center's National Theater Institute. 
Kaufman met Australian-American actress Poppy Montgomery in 2005 in Mexico while working on the independent film Between. In 2010 they worked together again in the TV movie Lying to Be Perfect. At the time Montgomery played the role of FBI agent Samantha Spade on the CBS mystery drama Without a Trace. Kaufman began a recurring role, making his first appearance in March 2007 with season 5: episode 19 titled "At Rest" as Brian Donovan, Samantha's love interest for the rest of the series. In June 2007, Montgomery announced her pregnancy with Kaufman, which was written into the sixth season. On December 23, 2007, Montgomery gave birth to their son Jackson Phillip Deveraux Montgomery Kaufman in Los Angeles.  It was reported on October 10, 2011, through Life &amp; Style, that Kaufman and Montgomery broke up due to the distance between them when working.
Adam Kaufman at IMDb
 </original_body>
 <spacy_body>
  {ORG[Kaufman]}'s father is {NORP[Jewish]}, and his mother is {NORP[Catholic]}. He studied drama at {ORG[Lynchburg College]}, the Circle in {FAC[the Square Theatre School]}, and at {ORG[the Eugene O'Neill Theater Center's]} {ORG[National Theater Institute]}. 
{ORG[Kaufman]} met {NORP[Australian]}-American actress {PERSON[Poppy Montgomery]} in {DATE[2005]} in {GPE[Mexico]} while working on the independent film Between. In {DATE[2010]} they worked together again in the TV movie {WORK_OF_ART[Lying to Be Perfect]}. At the time {PERSON[Montgomery]} played the role of {ORG[FBI]} agent {PERSON[Samantha Spade]} on the {ORG[CBS]} mystery drama {WORK_OF_ART[Without a Trace]}. {PERSON[Kaufman]} began a recurring role, making his {ORDINAL[first]} appearance in {DATE[March 2007]} with {DATE[season 5]}: episode {CARDINAL[19]} titled "{WORK_OF_ART[At Rest]}" as {PERSON[Brian Donovan]}, {PERSON[Samantha]}'s love interest for the rest of the series. In {DATE[June 2007]}, {PERSON[Montgomery]} announced her pregnancy with {PERSON[Kaufman]}, which was written into {DATE[the sixth season]}. On {DATE[December 23, 2007]}, {PERSON[Montgomery]} gave birth to their son {PERSON[Jackson Phillip]} Deveraux {PERSON[Montgomery Kaufman]} in {GPE[Los Angeles]}.  It was reported on {DATE[October 10, 2011]}, through {ORG[Life &amp; Style]}, that {NORP[Kaufman]} and {PERSON[Montgomery]} broke up due to the distance between them when working.
{PERSON[Adam Kaufman]} at IMDb
 </spacy_body>
</doc>