<?xml version="1.0" encoding="utf-8"?>
<doc>
 <title>
  Adam Zolotin
 </title>
 <original_abstract>
  Adam Zolotin (born November 29, 1983 in New York City, New York) is an American actor, best known for appearing in Leave It to Beaver and Jack.
 </original_abstract>
 <spacy_abstract>
  {PERSON[Adam Zolotin]} (born {DATE[November 29, 1983]} in {GPE[New York City]}, {GPE[New York]}) is an {NORP[American]} actor, best known for appearing in Leave It to {ORG[Beaver]} and {PERSON[Jack]}.
 </spacy_abstract>
 <original_body>
  Jack (1996) as Louis Durante
Leave It to Beaver (1997) as Eddie Haskell
Dog's Best Friend (1997) as Wylie Thompson
Zerophilia (2005) as Chad
What News? (2007) as Tommy
Lonely Boy (2013) as Mike
Law &amp; Order (1996) as Lonnie Rickman (1 episode)
Love and Marriage (1996) as Christopher Nardini
Storm of the Century (1996) as Davey Hopewell
Law &amp; Order: SVU (2000) as Justin McKenna (1 episode)
What I Like About You (2005) as Chris's Friend (1 episode)
The New Adventures of Old Christine (2006) as Mark (1 episode)
Scrubs (2004) as Reuben (1 episode)
Mr. Robot (2016) as David (1 episode)
Sirens
1996, YoungStar Awards nomination for 'Best Young Actor in a Comedy Film' for Jack
1996, Young Artist Awards nomination for 'Best Performance in a Feature Film - Supporting Young Actor' for Jack
1998, Young Artist Awards nomination for 'Best Performance in a Feature Film - Supporting Young Actor' for Leave It to Beaver
Adam Zolotin at IMDb
 </original_body>
 <spacy_body>
  {PERSON[Jack]} ({DATE[1996]}) as {PERSON[Louis Durante]}
Leave It to Beaver ({DATE[1997]}) as {PERSON[Eddie Haskell]}
Dog's Best Friend ({DATE[1997]}) as {PERSON[Wylie Thompson]}
{PERSON[Zerophilia]} ({DATE[2005]}) as {GPE[Chad]}
What News? ({DATE[2007]}) as {PERSON[Tommy
]}Lonely Boy ({DATE[2013]}) as {ORG[Mike
Law &amp; Order]} ({DATE[1996]}) as {PERSON[Lonnie Rickman]} ({CARDINAL[1]} episode)
Love and Marriage ({DATE[1996]}) as {PERSON[Christopher Nardini]}
Storm of the Century ({DATE[1996]}) as {ORG[Davey Hopewell
Law &amp; Order]}: {ORG[SVU]} ({DATE[2000]}) as {PERSON[Justin McKenna]} ({CARDINAL[1]} episode)
What I Like About You ({DATE[2005]}) as {PERSON[Chris]}'s Friend ({CARDINAL[1]} episode)
The New Adventures of Old Christine ({DATE[2006]}) as {PERSON[Mark]} ({CARDINAL[1]} episode)
Scrubs ({DATE[2004]}) as {PERSON[Reuben]} ({CARDINAL[1]} episode)
Mr. {PERSON[Robot]} ({DATE[2016]}) as {PERSON[David]} ({CARDINAL[1]} episode)
Sirens
1996, {ORG[YoungStar Awards]} nomination for 'Best Young Actor in a Comedy Film' for {PERSON[Jack]}
1996, Young Artist Awards nomination for {WORK_OF_ART['Best Performance]} in a Feature Film - Supporting Young Actor' for {PERSON[Jack]}
{DATE[1998]}, {ORG[Young Artist Awards]} nomination for {WORK_OF_ART['Best Performance]} in a Feature Film - Supporting Young Actor' for Leave It to Beaver
{PERSON[Adam Zolotin]} at IMDb
 </spacy_body>
</doc>