<?xml version="1.0" encoding="utf-8"?>
<doc>
 <title>
  Adam Busch
 </title>
 <original_abstract>
  Adam Richard Busch (born July 6, 1978) is an American actor, film director and singer best known starring as Warren Mears on the television series Buffy the Vampire Slayer.
 </original_abstract>
 <spacy_abstract>
  {PERSON[Adam Richard Busch]} (born {DATE[July 6, 1978]}) is an {NORP[American]} actor, film director and singer best known starring as {PERSON[Warren Mears]} on the television series {WORK_OF_ART[Buffy the Vampire Slayer]}.
 </spacy_abstract>
 <original_body>
  Busch was born in East Meadow, New York. His first film role came in the movie Léon: The Professional. Early roles include Noah Allen from Nickelodeon's the Mystery Files of Shelby Woo, and an episode of Law &amp; Order. He also had a small part as a nerdy AV geek in the bank-robbing cheerleader movie Sugar &amp; Spice.
Busch appeared on Fox Network's  brief series The Jury in Summer 2004, which ran for ten episodes, and has been seen in a character role on House. Most recently, he portrayed the Orthodox Jewish rap artist, Sholom Glickstein, in the Paul Weitz film, "American Dreamz". He had a recurring role in the Kelsey Grammer situation comedy, Back to You. He made a guest appearance on Terminator: The Sarah Connor Chronicles. He also had a guest spot on Are You Scared 2. He is also the singer in indie rock band Common Rotation. His dream role would be to portray former pop star Huey Lewis in a biopic. He also played Neal in the TBS show Men at Work.
In March 2009, Busch was dating Buffy co-star Amber Benson, who played Tara Maclay. The two have since broken up but they have remained close friends.He was raised Jewish.

Adam Busch at IMDb
Adam Busch at AllMovie
 </original_body>
 <spacy_body>
  {ORG[Busch]} was born in {GPE[East Meadow]}, {GPE[New York]}. His {ORDINAL[first]} film role came in the movie {WORK_OF_ART[Léon:]} The Professional. Early roles include {PERSON[Noah Allen]} from {ORG[Nickelodeon]}'s {LAW[the Mystery Files of Shelby Woo]}, and an episode of {ORG[Law &amp; Order]}. He also had a small part as a nerdy AV geek in the bank-robbing cheerleader movie {ORG[Sugar &amp; Spice]}.
{ORG[Busch]} appeared on {ORG[Fox Network's]}  brief series {WORK_OF_ART[The Jury]} in {DATE[Summer 2004]}, which ran for {CARDINAL[ten]} episodes, and has been seen in a character role on {ORG[House]}. Most recently, he portrayed the {NORP[Orthodox Jewish]} rap artist, {ORG[Sholom Glickstein]}, in the {ORG[Paul Weitz]} film, "{WORK_OF_ART[American Dreamz]}". He had a recurring role in the {PERSON[Kelsey Grammer]} situation comedy, Back to You. He made a guest appearance on Terminator: {ORG[The Sarah Connor Chronicles]}. He also had a guest spot on {WORK_OF_ART[Are You Scared 2]}. He is also the singer in indie rock band Common Rotation. His dream role would be to portray former pop star {PERSON[Huey Lewis]} in a biopic. He also played {ORG[Neal]} in the {ORG[TBS]} show Men at Work.
In {DATE[March 2009]}, {ORG[Busch]} was dating {ORG[Buffy]} co-star {PERSON[Amber Benson]}, who played {PERSON[Tara Maclay]}. The {CARDINAL[two]} have since broken up but they have remained close friends.He was raised {NORP[Jewish]}.

{PERSON[Adam Busch]} at IMDb
{PERSON[Adam Busch]} at {ORG[AllMovie]}
 </spacy_body>
</doc>