<?xml version="1.0" encoding="utf-8"?>
<doc>
 <title>
  Adam Robitel
 </title>
 <original_abstract>
  Adam Robitel (born May 26, 1978) is an American film director, producer, screenwriter, and actor. He is best known for directing horror films, such as The Taking of Deborah Logan (2014), Insidious: The Last Key (2018), Escape Room (2019) and its sequel Escape Room: Tournament of Champions (2021). He also co-wrote Paranormal Activity: The Ghost Dimension (2015).
Deadline reported in July 2021, Robitel and co-writer Gavin Heffernan had partnered with Darren Aronofsky on a thriller series for Netflix entitled The Craving.In July 2019, Deadline posted that Heffernan and Robitel had teamed up with Sam Raimi on an "Untitled Supernatural Thriller"[6] for Sony Pictures.
 </original_abstract>
 <spacy_abstract>
  {PERSON[Adam Robitel]} (born {DATE[May 26, 1978]}) is an {NORP[American]} film director, producer, screenwriter, and actor. He is best known for directing horror films, such as The Taking of {PERSON[Deborah Logan]} ({DATE[2014]}), Insidious: {WORK_OF_ART[The Last Key]} ({DATE[2018]}), {WORK_OF_ART[Escape Room]} ({DATE[2019]}) and its sequel {WORK_OF_ART[Escape Room: Tournament of Champions]} ({DATE[2021]}). He also co-wrote Paranormal Activity: The Ghost Dimension ({DATE[2015]}).
Deadline reported in {DATE[July 2021]}, {PERSON[Robitel]} and co-writer {PERSON[Gavin Heffernan]} had partnered with {PERSON[Darren Aronofsky]} on a thriller series for {ORG[Netflix]} entitled {WORK_OF_ART[The Craving]}.In {DATE[July 2019]}, Deadline posted that {PERSON[Heffernan]} and {PERSON[Robitel]} had teamed up with {PERSON[Sam Raimi]} on an "Untitled Supernatural Thriller"[6] for {ORG[Sony Pictures]}.
 </spacy_abstract>
 <original_body>
  Robitel is a graduate of the USC School of Cinematic Arts.
Robitel was raised Catholic. He was a gymnast who first pursued acting while at USC. His spec script, The Bloody Benders, garnered the attention of Guillermo Del Toro, and was his first official optioned property.He credits his grandmother, who raised him and his sister on ghost stories, for his love of all things macabre. Robitel has been with his partner Ray, for twenty years.Robitel is openly gay. He dated Bryan Singer during the filming of X-Men.
Adam Robitel at IMDb
 </original_body>
 <spacy_body>
  {ORG[Robitel]} is a graduate of {ORG[the USC School of Cinematic Arts]}.
{ORG[Robitel]} was raised {NORP[Catholic]}. He was a gymnast who {ORDINAL[first]} pursued acting while at {GPE[USC]}. His spec script, {ORG[The Bloody Benders]}, garnered the attention of {PERSON[Guillermo Del Toro]}, and was his {ORDINAL[first]} official optioned property.He credits his grandmother, who raised him and his sister on ghost stories, for his love of all things macabre. {ORG[Robitel]} has been with his partner {PERSON[Ray]}, for {DATE[twenty years]}.{ORG[Robitel]} is openly gay. He dated {PERSON[Bryan Singer]} during the filming of X-Men.
{PERSON[Adam Robitel]} at IMDb
 </spacy_body>
</doc>