<?xml version="1.0" encoding="utf-8"?>
<doc>
 <title>
  Adam G. Simon
 </title>
 <original_abstract>
  Adam Gregory Simon (born March 13, 1977) is an American actor and screenwriter. Simon is the writer of Man Down, a post-apocalyptic thriller directed by Dito Montiel which stars Shia LaBeouf, Kate Mara, Gary Oldman, Jai Courtney and Clifton Collins, Jr.
 </original_abstract>
 <spacy_abstract>
  {PERSON[Adam Gregory Simon]} (born {DATE[March 13, 1977]}) is an {NORP[American]} actor and screenwriter. {PERSON[Simon]} is the writer of {PERSON[Man Down]}, a post-apocalyptic thriller directed by {PERSON[Dito Montiel]} which stars {PERSON[Shia LaBeouf]}, {PERSON[Kate Mara]}, {PERSON[Gary Oldman]}, {PERSON[Jai Courtney]} and {PERSON[Clifton Collins]}, {PERSON[Jr.]}
 </spacy_abstract>
 <original_body>
  He started his professional career as an actor in theatre with roles in the early 2000s and then made his television and film debut. In 2015 Simon wrote Synapse, a film where he made his theatrical acting debut. Synapse starred Sophina Brown, Henry Simmons, Joshua Alba and Simon himself. Synapse is the first theatrical film produced by Los Angeles Center Studios and Hollywood Locations.In 2018 Simon partnered with filmmaker Joe Carnahan, co-writing a reimagining of the popular cult film, The Raid, originally directed by Gareth Evans. He wrote Point Blank, an action thriller for Gaumont Films and Netflix, based on the Fred Cavaye French Film, A Bout Portant. It was released on July 12, 2019.
Adam G. Simon at IMDb
 </original_body>
 <spacy_body>
  He started his professional career as an actor in theatre with roles in {DATE[the early 2000s]} and then made his television and film debut. In {DATE[2015]} {PERSON[Simon]} wrote {PERSON[Synapse]}, a film where he made his theatrical acting debut. Synapse starred {PERSON[Sophina Brown]}, {PERSON[Henry Simmons]}, {PERSON[Joshua Alba]} and {PERSON[Simon]} himself. Synapse is the {ORDINAL[first]} theatrical film produced by {ORG[Los Angeles Center Studios]} and {ORG[Hollywood Locations]}.In {DATE[2018]} {PERSON[Simon]} partnered with filmmaker {PERSON[Joe Carnahan]}, co-writing a reimagining of the popular cult film, {WORK_OF_ART[The Raid]}, originally directed by {PERSON[Gareth Evans]}. He wrote {ORG[Point Blank]}, an action thriller for {ORG[Gaumont Films and Netflix]}, based on {ORG[the Fred Cavaye French Film]}, {WORK_OF_ART[A Bout Portant]}. It was released on {DATE[July 12, 2019]}.
{PERSON[Adam G. Simon]} at IMDb
 </spacy_body>
</doc>