<?xml version="1.0" encoding="utf-8"?>
<doc>
 <title>
  Adda Gleason
 </title>
 <original_abstract>
  Adda Gleason (December 19, 1888 – February 6, 1971) was an American actress and writer.
On Broadway, Gleason portrayed Charlotte in The Dust Heap (1924).Gleason was born in Chicago, Illinois.  She starred in the 1916 film adaptation of Ramona.  She died in Los Angeles, California.
In addition to her acting, Gleason wrote for some newspapers in the western United States, including the Morning Journal in Albuquerque.
 </original_abstract>
 <spacy_abstract>
  {PERSON[Adda Gleason]} ({DATE[December 19, 1888]} – {DATE[February 6, 1971]}) was an {NORP[American]} actress and writer.
On {ORG[Broadway, Gleason]} portrayed {PERSON[Charlotte]} in {LOC[The Dust Heap]} ({CARDINAL[1924).Gleason]} was born in {GPE[Chicago]}, {GPE[Illinois]}.  She starred in the {DATE[1916]} film adaptation of {ORG[Ramona]}.  She died in {GPE[Los Angeles]}, {GPE[California]}.
In addition to her acting, {PERSON[Gleason]} wrote for some newspapers in the western {GPE[United States]}, including {ORG[the Morning Journal]} in {GPE[Albuquerque]}.
 </spacy_abstract>
 <original_body>
  To Be Called For (1914)
The Livid Flame (1914)
Ramona (1916)
The Voice in the Fog (1916)
The Spirit of '76 (1917)
Fanatics (1917)
That Devil, Bateese (1918)
The Thunderbolt (1919)
How Baxter Butted In (1925)
The Old Soak (1926)
Man Bait (1927)
The College Coquette (1929)
Adda Gleason at IMDb
 </original_body>
 <spacy_body>
  To Be Called For ({DATE[1914]})
{PERSON[The Livid Flame]} ({DATE[1914]})
{PERSON[Ramona]} ({DATE[1916]})
The Voice in the Fog ({DATE[1916]})
The Spirit of '76 ({DATE[1917]})
Fanatics ({DATE[1917]})
That Devil, {NORP[Bateese]} ({DATE[1918]})
The Thunderbolt ({DATE[1919]})
How Baxter Butted In ({DATE[1925]})
{WORK_OF_ART[The Old Soak]} ({DATE[1926]})
Man Bait ({DATE[1927]})
The College Coquette ({DATE[1929]})
{PERSON[Adda Gleason]} at IMDb
 </spacy_body>
</doc>