<?xml version="1.0" encoding="utf-8"?>
<doc>
 <title>
  Addison Richards
 </title>
 <original_abstract>
  Addison Whittaker Richards, Jr. (October 20, 1902 – March 22, 1964) was an American actor of film and television. Richards appeared in more than three hundred films between 1933 and his death.
 </original_abstract>
 <spacy_abstract>
  {PERSON[Addison Whittaker Richards]}, {PERSON[Jr.]} ({DATE[October 20, 1902 –]} {DATE[March 22, 1964]}) was an {NORP[American]} actor of film and television. {PERSON[Richards]} appeared in {CARDINAL[more than three hundred]} films {DATE[between 1933]} and his death.
 </spacy_abstract>
 <original_body>
  A native of Zanesville, Ohio, Richards was the son of Mr. and Mrs. Addison Richards. His grandfather was a mayor of Zanesville. Following his father's death in 1942, the family moved to California.Richards was cast in many television series, including the syndicated 1950s crime drama, Sheriff of Cochise, starring John Bromfield. From 1955 to 1961, he appeared in six episodes in different roles on the NBC anthology series, The Loretta Young Show.
In 1956 Richards appeared as Doc Jennings in an uncredited role in the western movie The Fastest Gun Alive starring Glenn Ford. However, he often had more substantial supporting roles in films, especially Westerns, including playing George Armstrong Custer in Badlands of Dakota (1941) and the marshal in The Broken Star (1956). 
From 1957-1958, he appeared in the recurring role of  J.B. Barker in nine episodes of Jackie Cooper's NBC sitcom, The People's Choice. In 1958, he was cast as Warden Johnson in the episode "Dead Reckoning" on the ABC/Warner Brothers western series, Colt .45.
In 1957, in the first of three appearances on Dale Robertson's NBC western series, Tales of Wells Fargo, Richards played Governor Lew Wallace in the episode entitled, "Billy the Kid", with Robert Vaughn cast as the frontier outlaw Billy the Kid. Richards played the role of Evanson in the 1957 episode "Venus of Park Avenue" on the CBS crime drama, Richard Diamond, Private Detective, starring David Janssen.
In 1958 and 1959, Richards was cast as Doc Jay Calhoun in seven episodes, one uncredited, of the CBS western series, Trackdown, starring Robert Culp as Texas Ranger Hoby Gilman, with Ellen Corby in a secondary role as newspaper publisher Henrietta Porter.In 1959, Richards portrayed Mayor Thurston in the episode "Traildust" of CBS's western series, The Texan, starring Rory Calhoun. He was cast that same year as Martin Kingsley in two episodes of the NBC western series, Cimarron City. He appeared as Doc Gamble in three episodes of the radio series made briefly into a 1959 NBC sitcom, Fibber McGee and Molly. From 1960 to 1961, he appeared as Doc Landy in eight episodes of the NBC western series, the Deputy, with Henry Fonda and Allen Case.Richards portrayed Mark Stacy in the 1960 episode "Dennis and the Bees" of the CBS sitcom, Dennis the Menace, starring Jay North. He guest starred as Judge Danby in the 1961 episode "The Best Policy" of another NBC western series, The Tall Man, starring Barry Sullivan and Clu Gulager. Also, in 1961, in the TV series Rawhide, he played Frank Miller in the episode "Incident of the Running Iron".
Richards was cast in two episodes of the ABC sitcom, The Real McCoys: as R.T. Overland in "Weekend in Los Angeles" (1960) and as Colonel Martin in "You Can't Beat the Army" (1961). In 1961, he appeared in different roles in two episodes of the CBS crime drama, Checkmate. He was  cast as an immigration officer in the 1962 episode "Mi's Citizenship" of the NBC family drama, National Velvet.Richards appeared on the CBS sitcoms, Pete and Gladys and in 1963 as Dean Hollister in The Many Loves of Dobie Gillis, starring Dwayne Hickman. He was cast as Frank Newton on an episode of Petticoat Junction in October 1963. He was cast twice in 1964 on CBS's The Beverly Hillbillies, with Buddy Ebsen. His last television role was as Colonel Saunders in the 1964 episode "The Permanent Recruit" of ABC's No Time for Sergeants, loosely based on the Andy Griffith film of the same name.
Richards met Vivian Eccles in late 1929, marrying a year later and later had one child, daughter Ann.Richards died of a heart attack. His interment is at Oak Park Cemetery in Claremont, California. (A news story in the March 26, 1964, issue of the Santa Cruz Sentinel says that services were held at Forest Lawn Memorial Park.)
Addison Richards at IMDb
Addison Richards at the Internet Broadway Database 
Addison Richards at Find a Grave
 </original_body>
 <spacy_body>
  A native of {GPE[Zanesville]}, {GPE[Ohio]}, {NORP[Richards]} was the son of Mr. and Mrs. {PERSON[Addison Richards]}. His grandfather was a mayor of {GPE[Zanesville]}. Following his father's death in {DATE[1942]}, the family moved to {GPE[California]}.Richards was cast in many television series, including the syndicated {DATE[1950s]} crime drama, {ORG[Sheriff of Cochise]}, starring {PERSON[John Bromfield]}. {DATE[From 1955 to 1961]}, he appeared in {CARDINAL[six]} episodes in different roles on the {ORG[NBC]} anthology series, {WORK_OF_ART[The Loretta Young Show]}.
In {DATE[1956]} Richards appeared as {PERSON[Doc Jennings]} in an uncredited role in the western movie {LOC[The Fastest Gun Alive]} starring {PERSON[Glenn Ford]}. However, he often had more substantial supporting roles in films, especially {PERSON[Westerns]}, including playing {PERSON[George Armstrong Custer]} in {GPE[Badlands of Dakota]} ({DATE[1941]}) and the marshal in {ORG[The Broken Star]} ({DATE[1956]}). 
From {DATE[1957-1958]}, he appeared in the recurring role of  {PERSON[J.B. Barker]} in {CARDINAL[nine]} episodes of {PERSON[Jackie Cooper's]} {ORG[NBC]} sitcom, {ORG[The People's Choice]}. In {DATE[1958]}, he was cast as {PERSON[Warden Johnson]} in the episode "{WORK_OF_ART[Dead Reckoning]}" on the {ORG[ABC]}/{ORG[Warner Brothers]} western series, {PERSON[Colt .45]}.
In {DATE[1957]}, in the {ORDINAL[first]} of {CARDINAL[three]} appearances on {PERSON[Dale Robertson's]} {ORG[NBC]} western series, Tales of {ORG[Wells Fargo]}, {NORP[Richards]} played Governor {PERSON[Lew Wallace]} in the episode entitled, "{WORK_OF_ART[Billy the Kid]}", with {PERSON[Robert Vaughn]} cast as the frontier outlaw {PERSON[Billy]} the Kid. Richards played the role of {ORG[Evanson]} in the {DATE[1957]} episode "{WORK_OF_ART[Venus of Park Avenue]}" on the {ORG[CBS]} crime drama, {PERSON[Richard Diamond]}, {WORK_OF_ART[Private Detective]}, starring {PERSON[David Janssen]}.
In {DATE[1958]} and {DATE[1959]}, {NORP[Richards]} was cast as {PERSON[Doc Jay Calhoun]} in {CARDINAL[seven]} episodes, {CARDINAL[one]} uncredited, of the {ORG[CBS]} western series, {ORG[Trackdown]}, starring {PERSON[Robert Culp]} as {GPE[Texas]} {PERSON[Ranger Hoby Gilman]}, with {PERSON[Ellen Corby]} in a secondary role as newspaper publisher {ORG[Henrietta Porter]}.In {DATE[1959]}, {NORP[Richards]} portrayed Mayor {PERSON[Thurston]} in the episode "{FAC[Traildust]}" of {ORG[CBS]}'s western series, The {NORP[Texan]}, starring {PERSON[Rory Calhoun]}. He was cast that same year as {PERSON[Martin Kingsley]} in {CARDINAL[two]} episodes of the {ORG[NBC]} western series, {GPE[Cimarron City]}. He appeared as {ORG[Doc Gamble]} in {CARDINAL[three]} episodes of the radio series made briefly into a {DATE[1959]} {ORG[NBC]} sitcom, {PERSON[Fibber McGee]} and {PERSON[Molly]}. From {DATE[1960 to 1961]}, he appeared as {PERSON[Doc Landy]} in {CARDINAL[eight]} episodes of the {ORG[NBC]} western series, the Deputy, with {PERSON[Henry Fonda]} and {PERSON[Allen Case]}.Richards portrayed {PERSON[Mark Stacy]} in the {DATE[1960]} episode "{WORK_OF_ART[Dennis and the Bees]}" of the {ORG[CBS]} sitcom, {PERSON[Dennis]} the Menace, starring {PERSON[Jay North]}. He guest starred as Judge {PERSON[Danby]} in the {DATE[1961]} episode {WORK_OF_ART["The Best Policy"]} of another {ORG[NBC]} western series, {WORK_OF_ART[The Tall Man]}, starring {PERSON[Barry Sullivan]} and {PERSON[Clu Gulager]}. Also, in {DATE[1961]}, in {EVENT[the TV series]} {WORK_OF_ART[Rawhide]}, he played {PERSON[Frank Miller]} in the episode "{WORK_OF_ART[Incident of the Running Iron]}".
Richards was cast in {CARDINAL[two]} episodes of the {ORG[ABC]} sitcom, {WORK_OF_ART[The Real McCoys]}: as {ORG[R.T. Overland]} in "{WORK_OF_ART[Weekend in Los Angeles]}" ({DATE[1960]}) and as Colonel {PERSON[Martin]} in "{WORK_OF_ART[You Can't Beat the Army]}" ({DATE[1961]}). In {DATE[1961]}, he appeared in different roles in {CARDINAL[two]} episodes of the {ORG[CBS]} crime drama, {ORG[Checkmate]}. He was  cast as an immigration officer in the {DATE[1962]} episode "{WORK_OF_ART[Mi's Citizenship]}" of the {ORG[NBC]} family drama, {ORG[National Velvet]}.{CARDINAL[Richards]} appeared on the {ORG[CBS]} sitcoms, {PERSON[Pete]} and {PERSON[Gladys]} and in {DATE[1963]} as {PERSON[Dean Hollister]} in {WORK_OF_ART[The Many Loves of Dobie Gillis]}, starring {PERSON[Dwayne Hickman]}. He was cast as {PERSON[Frank Newton]} on an episode of {ORG[Petticoat Junction]} in {DATE[October 1963]}. He was cast twice in {DATE[1964]} on {ORG[CBS]}'s The Beverly Hillbillies, with {PERSON[Buddy Ebsen]}. His last television role was as Colonel Saunders in the {DATE[1964]} episode "{WORK_OF_ART[The Permanent Recruit]}" of {ORG[ABC]}'s No Time for Sergeants, loosely based on the {PERSON[Andy Griffith]} film of the same name.
{NORP[Richards]} met {PERSON[Vivian Eccles]} in {DATE[late 1929]}, marrying {DATE[a year later]} and later had {CARDINAL[one]} child, daughter {PERSON[Ann]}.Richards died of a heart attack. His interment is at {FAC[Oak Park Cemetery]} in {GPE[Claremont]}, {GPE[California]}. (A news story in the {DATE[March 26, 1964]}, issue of {ORG[the Santa Cruz Sentinel]} says that services were held at {FAC[Forest Lawn Memorial Park]}.)
{PERSON[Addison Richards]} at IMDb
{PERSON[Addison Richards]} at the Internet Broadway Database 
{PERSON[Addison Richards]} at Find a Grave
 </spacy_body>
</doc>