<?xml version="1.0" encoding="utf-8"?>
<doc>
 <title>
  Adele Lacy
 </title>
 <original_abstract>
  Adele Lacy (born Adeline Charlotte Fergestad, September 8, 1910 – July 3, 1953) was an American film actress whose films all appeared during the Great Depression. Her name was sometimes spelled Adele Lacey.
 </original_abstract>
 <spacy_abstract>
  {PERSON[Adele Lacy]} (born {PERSON[Adeline Charlotte Fergestad]}, {DATE[September 8, 1910 – July 3, 1953]}) was an {NORP[American]} film actress whose films all appeared during {EVENT[the Great Depression]}. Her name was sometimes spelled {PERSON[Adele Lacey]}.
 </spacy_abstract>
 <original_body>
  Born as  in Minnesota on September 8, 1910, she was the daughter of Morris and Mina Fergestad. With her parents, she grew up in Minneapolis, Minnesota with a slightly older brother, C. Marvin. She was of Norwegian heritage. She attended the Junior School of Expression, Jefferson Junior High School, and West High School in Minneapolis and began acting in local productions at an early age. At the age of 15 in 1926, she joined Gus Edwards' Juvenile Frolic dance troupe while they were performing in Hennipin. She had received her education in dance from Helen Noble. Later that year she was made the face of Minneapolis Candy Company, Sweetest Maid, and named "Miss Sweetest Maid". She left for Hollywood shortly after joining Edwards' group and finished her public education at Hollywood High School in 1928.
After moving to Hollywood, California Lacy appeared in eleven films. She appeared in three credited movies and an additional eight un-credited movies. In 1932, in her first released movie, she was credited as the number two as 'Diane Melville' behind only the film's star Tom Tyler in Vanishing Men. Later in 1932, she was credited as the number two as 'Judy Flagg' behind only the film's star, Lane Chandler in The Wyoming Whirlwind. Her final credited role was as the number two 'Ruth Davis' behind once again the star, Tom Tyler, in 1933's When A Man Rides Alone where, according to this observer at least, she was positively stunning finally appearing in that movie about 33 minutes into the 58 minute film.
She had uncredited roles in an additional eight movies. Her first uncredited role was in 1932's A Kid From Spain. Her second un-credited role was in what was likely the most famous motion picture in which she ever appeared; she was a Chorus Girl in the famed 1933 release, 42nd Street (film).
As a member of the Goldwyn Girls, her role as a dancer in The Kid From Spain was praised in 1932. In 1933, she appeared in several musical scenes of a series of musical westerns starring Lane Chandler. In 1935, she was a featured dancer in Redheads on Parade starring John Boles and Dixie Lee. In 1936, she was a dancer in The Great Ziegfeld. Over her career, Lacy starred in musicals and westerns, and she was also a pinup girl and chorus girl. While in films, she worked with Tex Ritter, Hoot Gibson, and Eddie Cantor.By 1938, with her last uncredited movie being back in 1936, her career had taken a different path. She was a special correspondent in Shanghai, China for a news syndicate. However, this was a short term assignment since passenger lists show that she was back in Los Angeles, California later in November 1938.
Before the taking of the 1930 U.S. Census, she was married to movie still photographer Madison S. Lacy (1898-1978). Lacy's second marriage was to director Walter Futter (1900-1958) in December 1937. During World War II, she had crossed the Atlantic Ocean to produce musicals in England with an amateur cast to entertain the troops. In 1945-1953, the Futters lived in the New York City suburb bedroom community of Plainfield, New Jersey for the last eight years of her life. While nothing has been uncovered thus far, it is indeed plausible that she may have spent those years monitoring that city's Broadway and off-Broadway production scene - perhaps landing the occasional 'role' for a dancer or actress.
She died outside the US in Mexico City, Mexico on July 3, 1953, reportedly at 39 years of age.
All release dates are in the USA.

The release on April 15, 1932, Vanishing Men
The release on November 17, 1932, The Kid From Spain
The release on December 30, 1932, The Wyoming Whirlwind aka Roaring Rider aka The Texas Tornado
The release on January 15, 1933, When A Man Rides Alone
The release on February 23, 1933, 42nd Street
The release on May 27, 1933, Gold Diggers Of 1933
The release on October 21, 1933, Footlight Parade which was a film for which, according to the good folks at tcm.com, she had done at least one 'Publicity Still'
The release on April 27, 1934, Twenty Million Sweethearts
The release on August 16, 1934, Dames
The release on September 7, 1935, Redheads On Parade
The release on April 8, 1936, The Great Ziegfeld


== References ==
 </original_body>
 <spacy_body>
  Born as  in {GPE[Minnesota]} on {DATE[September 8, 1910]}, she was the daughter of {PERSON[Morris]} and {PERSON[Mina Fergestad]}. With her parents, she grew up in {GPE[Minneapolis]}, {GPE[Minnesota]} with a slightly older brother, {PERSON[C. Marvin]}. She was of {NORP[Norwegian]} heritage. She attended {ORG[the Junior School of Expression]}, {ORG[Jefferson Junior High School]}, and {ORG[West High School]} in {GPE[Minneapolis]} and began acting in local productions at an early age. At {DATE[the age of 15]} in {DATE[1926]}, she joined {PERSON[Gus Edwards']} {ORG[Juvenile Frolic]} dance troupe while they were performing in {GPE[Hennipin]}. She had received her education in dance from {PERSON[Helen Noble]}. {DATE[Later that year]} she was made the face of {ORG[Minneapolis Candy Company]}, {ORG[Sweetest Maid]}, and named "Miss Sweetest Maid". She left for {GPE[Hollywood]} shortly after joining {ORG[Edwards]}' group and finished her public education at {ORG[Hollywood High School]} in {DATE[1928]}.
After moving to {GPE[Hollywood]}, {GPE[California]} Lacy appeared in {CARDINAL[eleven]} films. She appeared in {CARDINAL[three]} credited movies and {CARDINAL[an additional eight]} {ORG[un]}-credited movies. In {DATE[1932]}, in her {ORDINAL[first]} released movie, she was credited as the number {CARDINAL[two]} as '{PERSON[Diane Melville]}' behind only the film's star {PERSON[Tom Tyler]} in {ORG[Vanishing Men]}. {DATE[Later in 1932]}, she was credited as the number {CARDINAL[two]} as '{PERSON[Judy Flagg']} behind only the film's star, {PERSON[Lane Chandler]} in {WORK_OF_ART[The Wyoming Whirlwind]}. Her final credited role was as the number {CARDINAL[two]} '{PERSON[Ruth Davis']} behind once again the star, {PERSON[Tom Tyler]}, in {DATE[1933]}'s When A Man Rides Alone where, according to this observer at least, she was positively stunning finally appearing in that movie {TIME[about 33 minutes]} into the {TIME[58 minute]} film.
She had uncredited roles in {CARDINAL[an additional eight]} movies. Her {ORDINAL[first]} uncredited role was in {DATE[1932]}'s {WORK_OF_ART[A Kid From Spain]}. Her {ORDINAL[second]} {ORG[un]}-credited role was in what was likely the most famous motion picture in which she ever appeared; she was a Chorus Girl in the famed {DATE[1933]} release, {FAC[42nd Street]} (film).
As a member of {ORG[the Goldwyn Girls]}, her role as a dancer in {GPE[The Kid From Spain]} was praised in {DATE[1932]}. In {DATE[1933]}, she appeared in several musical scenes of a series of musical westerns starring {PERSON[Lane Chandler]}. In {DATE[1935]}, she was a featured dancer in {ORG[Redheads on Parade]} starring {PERSON[John Boles]} and {PERSON[Dixie Lee]}. In {DATE[1936]}, she was a dancer in {LOC[The Great Ziegfeld]}. Over her career, Lacy starred in musicals and westerns, and she was also a pinup girl and chorus girl. While in films, she worked with {PERSON[Tex Ritter]}, {PERSON[Hoot Gibson]}, and {PERSON[Eddie Cantor]}.By {DATE[1938]}, with her last uncredited movie being back in {DATE[1936]}, her career had taken a different path. She was a special correspondent in {GPE[Shanghai]}, {GPE[China]} for a news syndicate. However, this was a short term assignment since passenger lists show that she was back in {GPE[Los Angeles]}, {GPE[California]} later in {DATE[November 1938]}.
Before the taking of the {DATE[1930]} {ORG[U.S. Census]}, she was married to movie still photographer {PERSON[Madison S. Lacy]} ({DATE[1898-1978]}). Lacy's {ORDINAL[second]} marriage was to director {PERSON[Walter Futter]} ({DATE[1900-1958]}) in {DATE[December 1937]}. During {EVENT[World War II]}, she had crossed {LOC[the Atlantic Ocean]} to produce musicals in {GPE[England]} with an amateur cast to entertain the troops. In {DATE[1945-1953]}, the {PRODUCT[Futters]} lived in the {GPE[New York City]} suburb bedroom community of {GPE[Plainfield]}, {GPE[New Jersey]} for {DATE[the last eight years]} of her life. While nothing has been uncovered thus far, it is indeed plausible that she may have spent {DATE[those years]} monitoring that city's {FAC[Broadway]} and off-{FAC[Broadway]} production scene - perhaps landing the occasional 'role' for a dancer or actress.
She died outside the {GPE[US]} in {GPE[Mexico City]}, {GPE[Mexico]} on {DATE[July 3, 1953]}, reportedly at {DATE[39 years of age]}.
All release dates are in the {GPE[USA]}.

The release on {DATE[April 15, 1932]}, {ORG[Vanishing Men]}
The release on {DATE[November 17, 1932]}, {GPE[The Kid From Spain]}
The release on {DATE[December 30, 1932]}, The Wyoming Whirlwind aka Roaring Rider aka {ORG[The Texas Tornado]}
The release on {DATE[January 15, 1933]}, When {WORK_OF_ART[A Man Rides Alone]}
The release on {DATE[February 23, 1933]}, {FAC[42nd Street]}
The release on {DATE[May 27, 1933]}, {ORG[Gold Diggers]} Of {DATE[1933]}
The release on {DATE[October 21, 1933]}, {ORG[Footlight Parade]} which was a film for which, according to the good folks at tcm.com, she had done {CARDINAL[at least one]} 'Publicity Still'
The release on {DATE[April 27, 1934]}, {CARDINAL[Twenty Million]} Sweethearts
The release on {DATE[August 16, 1934]}, Dames
The release on {DATE[September 7, 1935]}, {ORG[Redheads On Parade]}
The release on {DATE[April 8, 1936]}, {ORG[The Great Ziegfeld]}


== References ==
 </spacy_body>
</doc>