<?xml version="1.0" encoding="utf-8"?>
<doc>
 <title>
  Adele Farrington
 </title>
 <original_abstract>
  Adele Farrington (1867 – 19 December 1936) was an American actress of the silent film era.
 </original_abstract>
 <spacy_abstract>
  {PERSON[Adele Farrington]} ({DATE[1867]} – {DATE[19 December 1936]}) was an {NORP[American]} actress of the silent film era.
 </spacy_abstract>
 <original_body>
  Born Anna King in Brooklyn, New York, Farrington was a stage actress before appearing in 74 films between 1914 and 1926. She was a relatively old actress for the silent film era, being 47 at the beginning of her film career. She appeared in many films directed by Lois Weber and Phillips Smalley. Her husband was film director and actor Hobart Bosworth, in whose films she also often appeared. They divorced and Bosworth remarried to a younger woman and had a small child by 1920. She died in Los Angeles, California.
False Colors (1914)
It's No Laughing Matter (1915)
Hypocrites (1915)
The Devil's Bondwoman (1916)
The Love Girl (1916)
The Mate of the Sally Ann (1917)
The House of Silence (1918)
Such a Little Pirate (1918)
Putting It Over (1919)
A Fugitive from Matrimony (1919)
In Old Kentucky (1919)
Too Much Johnson (1919)
The Mollycoddle (1920)
The Girl in the Web (1920)
Rio Grande (1920)
One Hour Before Dawn (1920)
Black Beauty (1921)
The Child Thou Gavest Me (1921)
Her Mad Bargain (1921)
The Spenders (1921)
The Charm School (1921)
A Connecticut Yankee in King Arthur's Court (1921)
Bobbed Hair (1922)
The Scarlet Lily (1923)
One Stolen Night (1923)
Bag and Baggage (1923)
The Man Next Door (1923)
A Gentleman of Leisure (1923)
Shadow of the Law (1926)
The Traffic Cop (1926)
Adele Farrington at IMDb
Adele Farrington at the Internet Broadway Database
 </original_body>
 <spacy_body>
  {PERSON[Born Anna King]} in {GPE[Brooklyn]}, {GPE[New York]}, {GPE[Farrington]} was a stage actress before appearing in {CARDINAL[74]} films {DATE[between 1914 and 1926]}. She was a relatively old actress for the silent film era, being {CARDINAL[47]} at the beginning of her film career. She appeared in many films directed by {PERSON[Lois Weber]} and {PERSON[Phillips Smalley]}. Her husband was film director and actor {PERSON[Hobart Bosworth]}, in whose films she also often appeared. They divorced and {ORG[Bosworth]} remarried to a younger woman and had a small child by {DATE[1920]}. She died in {GPE[Los Angeles]}, {GPE[California]}.
{ORG[False Colors (1914]})
It's No Laughing Matter ({DATE[1915]})
Hypocrites ({DATE[1915]})
The Devil's Bondwoman ({DATE[1916]})
{WORK_OF_ART[The Love Girl]} (1916)
{WORK_OF_ART[The Mate of the Sally Ann]} ({DATE[1917]})
{ORG[The House of Silence]} ({DATE[1918]})
Such a Little Pirate ({DATE[1918]})
Putting It Over ({DATE[1919]})
A Fugitive from Matrimony ({DATE[1919]})
In Old {GPE[Kentucky]} ({DATE[1919]})
Too Much {PERSON[Johnson]} ({DATE[1919]})
The Mollycoddle ({DATE[1920]})
{WORK_OF_ART[The Girl in the Web]} (1920)
{PERSON[Rio Grande]} ({DATE[1920]})
{TIME[One Hour]} Before Dawn ({DATE[1920]})
Black Beauty ({DATE[1921]})
The Child Thou Gavest Me ({DATE[1921]})
Her Mad Bargain ({DATE[1921]})
The Spenders ({DATE[1921]})
{ORG[The Charm School (1921]})
A {GPE[Connecticut]} Yankee in King Arthur's Court (1921)
Bobbed Hair ({DATE[1922]})
The Scarlet Lily ({DATE[1923]})
{CARDINAL[One]} Stolen Night ({DATE[1923]})
Bag and Baggage ({DATE[1923]})
The Man Next Door ({DATE[1923]})
A Gentleman of Leisure ({DATE[1923]})
Shadow of the Law ({DATE[1926]})
{ORG[The Traffic Cop]} ({DATE[1926]})
{PERSON[Adele Farrington]} at IMDb
{PERSON[Adele Farrington]} at the Internet Broadway Database
 </spacy_body>
</doc>