<?xml version="1.0" encoding="utf-8"?>
<doc>
 <title>
  Adeline De Walt Reynolds
 </title>
 <original_abstract>
  Adeline De Walt Reynolds (September 19, 1862 – August 13, 1961) was an American character actress who made her film debut at the age of 78 playing the grandmother of James Stewart in Come Live with Me (1941). She continued to act in films and numerous television series until her death.
 </original_abstract>
 <spacy_abstract>
  {PERSON[Adeline De Walt Reynolds]} ({DATE[September 19, 1862]} – {DATE[August 13, 1961]}) was an {NORP[American]} character actress who made her film debut at {DATE[the age of 78]} playing the grandmother of {PERSON[James Stewart]} in Come Live with Me ({DATE[1941]}). She continued to act in films and numerous television series until her death.
 </spacy_abstract>
 <original_body>
  Adeline De Walt Reynolds was born one of 10 children during the Civil War. One of her earliest memories was of Union soldiers returning from the war. She wanted to be an actress since she was five years old, but her father - Jonathan DeWalt, a farmer - was  opposed. As a young woman, she lied about her age (claiming 20 when actually 18) to get a rural-area teaching job. It was a difficult teaching assignment, and had been refused by several other teachers, but De Walt Reynolds eventually gained the support of the children and their families. After learning that her male colleagues earned more money than she did, and the school board refused to pay her the same rate, she left.She married Frank Reynolds, with whom she had four children, after leaving teaching. They initially lived in Vinton, Iowa, their hometown, but moved to Arcadia, Nebraska, after a year, and the birth of their first child, Mary in 1885. Reynolds' parents had moved to Arcadia a short time before, and they offered him the father's lumber business. They remained in Arcadia for five years, and had another child, William. After 5 years, the family moved to Boston, and De Walt Reynolds attended and graduated from the Boston Conservatory of Speech. While in Boston, according to some accounts, in 1892, Sir Henry Irving offered De Walt Reynolds a spot in his touring company. She is said to have turned Irving's offer down to raise her children.The family moved to Philadelphia, and several other cities, before eventually moving to San Francisco, where the couple had their final two children, Franklin and Lela. After Reynolds' untimely death in 1905, she was forced to earn a living  to raise her four children. She began studies at a San Francisco secretarial school, but the school was destroyed in San Francisco's 1906 earthquake and fire, which she witnessed and survived. She continued to struggle to support her family. When her youngest daughter, Lela, entered college at the University of California,  De Walt Reynolds once again focused on her own goals. Encouraged by her daughter, De Walt Reynolds entered Berkeley at the age of 64. She majored in French and graduated with honors at 68.Upon graduation, De Walt Reynolds took acting courses at the university, under the tutelage of Professor von Neumeyer. While she was cast as Hecuba in a school production of The Trojan Women, she made contact with celebrated stage actress Blanche Yurka, who had played the same role in a radio production of the play. The following year, she traveled to Los Angeles and contacted Yurka, asking her advice on beginning a career in film. Yurka found an agent willing to take on an older client, and De Walt Reynolds was cast in a role in an Assistance League production of Landslide.  Clarence Brown saw her in the production and cast her in his upcoming film.
De Walt Reynolds made her film debut with a supporting role in Come Live with Me (1941), playing the grandmother of James Stewart. When asked if she was tired at the end of her first day on the set, she answered, "If you had waited 70 years to do something, you wouldn't be tired." She received praise for that role. Clarence Brown called her a "potential star". Though never achieving true film stardom, she played in about two dozen films until 1955, appearing as the mother of Charles Laughton in The Tuttles of Tahiti (1942) and  as the mysterious Madame Zimba in Robert Siodmak's horror film Son of Dracula (1943). She was also memorable in the last scene of in Going My Way (1944) as Mother Fitzgibbon, who travels from Ireland to the United States to see her son. Her last film was The Ten Commandments (1956) where she portrayed a frail old woman in danger. She also appeared in numerous television series between 1950 and 1960. She played her last role at the age of 98 and was the oldest member of the Screen Actors Guild. She also made publicity stories and photos which showed her practicing her fencing or doing calisthenics.De Walt Reynolds died on August 13,1961, one month before her 99th birthday. She is buried in Westwood Memorial Park, Los Angeles.
Reynolds made guest appearances on television  between 1950 and 1960. The programs include Have Gun – Will Travel, Shirley Temple's Storybook, Zane Grey Theatre, and Peter Gunn
Adeline De Walt Reynolds at IMDb
Adeline De Walt Reynolds at Find a Grave
 </original_body>
 <spacy_body>
  {PERSON[Adeline De Walt Reynolds]} was born {CARDINAL[one]} of {CARDINAL[10]} children during {EVENT[the Civil War]}. {CARDINAL[One]} of her earliest memories was of Union soldiers returning from the war. She wanted to be an actress since she was {DATE[five years old]}, but her father - {PERSON[Jonathan DeWalt]}, a farmer - was  opposed. As a young woman, she lied about her age (claiming {CARDINAL[20]} when actually {CARDINAL[18]}) to get a rural-area teaching job. It was a difficult teaching assignment, and had been refused by several other teachers, but {ORG[De Walt Reynolds]} eventually gained the support of the children and their families. After learning that her male colleagues earned more money than she did, and the school board refused to pay her the same rate, she left.She married {PERSON[Frank Reynolds]}, with whom she had {CARDINAL[four]} children, after leaving teaching. They initially lived in {GPE[Vinton]}, {GPE[Iowa]}, their hometown, but moved to {GPE[Arcadia]}, {GPE[Nebraska]}, after {DATE[a year]}, and the birth of their {ORDINAL[first]} child, {PERSON[Mary]} in {DATE[1885]}. {ORG[Reynolds]}' parents had moved to {GPE[Arcadia]} a short time before, and they offered him the father's lumber business. They remained in {GPE[Arcadia]} for {DATE[five years]}, and had another child, {PERSON[William]}. After {DATE[5 years]}, the family moved to {GPE[Boston]}, and {ORG[De Walt Reynolds]} attended and graduated from {ORG[the Boston Conservatory]} of Speech. While in {GPE[Boston]}, according to some accounts, in {DATE[1892]}, Sir {PERSON[Henry Irving]} offered {ORG[De Walt Reynolds]} a spot in his touring company. She is said to have turned {ORG[Irving]}'s offer down to raise her children.The family moved to {GPE[Philadelphia]}, and several other cities, before eventually moving to {GPE[San Francisco]}, where the couple had their final {CARDINAL[two]} children, {ORG[Franklin]} and {PERSON[Lela]}. After {PERSON[Reynolds]}' untimely death in {DATE[1905]}, she was forced to earn a living  to raise her {CARDINAL[four]} children. She began studies at a {GPE[San Francisco]} secretarial school, but the school was destroyed in {GPE[San Francisco's]} {DATE[1906]} earthquake and fire, which she witnessed and survived. She continued to struggle to support her family. When her youngest daughter, Lela, entered college at {ORG[the University of California]},  {ORG[De Walt Reynolds]} once again focused on her own goals. Encouraged by her daughter, {ORG[De Walt Reynolds]} entered {ORG[Berkeley]} at {DATE[the age of 64]}. She majored in {NORP[French]} and graduated with honors at {CARDINAL[68.Upon]} graduation, {ORG[De Walt Reynolds]} took acting courses at the university, under the tutelage of {GPE[Professor von Neumeyer]}. While she was cast as {GPE[Hecuba]} in a school production of {ORG[The Trojan Women]}, she made contact with celebrated stage actress {PERSON[Blanche Yurka]}, who had played the same role in a radio production of the play. {DATE[The following year]}, she traveled to {GPE[Los Angeles]} and contacted {PERSON[Yurka]}, asking her advice on beginning a career in film. Yurka found an agent willing to take on an older client, and {ORG[De Walt Reynolds]} was cast in a role in an {ORG[Assistance League]} production of {ORG[Landslide]}.  {PERSON[Clarence Brown]} saw her in the production and cast her in his upcoming film.
{PERSON[De Walt Reynolds]} made her film debut with a supporting role in {WORK_OF_ART[Come Live with Me]} ({DATE[1941]}), playing the grandmother of {PERSON[James Stewart]}. When asked if she was tired at the end of her {ORDINAL[first]} day on the set, she answered, "If you had waited {DATE[70 years]} to do something, you wouldn't be tired." She received praise for that role. {PERSON[Clarence Brown]} called her a "potential star". Though never achieving true film stardom, she played in {CARDINAL[about two dozen]} films until {DATE[1955]}, appearing as the mother of {PERSON[Charles Laughton]} in {GPE[The Tuttles of Tahiti]} ({DATE[1942]}) and  as the mysterious {LOC[Madame Zimba]} in {PERSON[Robert Siodmak's]} horror film {PERSON[Son of Dracula]} ({DATE[1943]}). She was also memorable in the last scene of in {WORK_OF_ART[Going My Way]} (1944) as Mother Fitzgibbon, who travels from {GPE[Ireland]} to {GPE[the United States]} to see her son. Her last film was {ORG[The Ten Commandments]} ({DATE[1956]}) where she portrayed a frail old woman in danger. She also appeared in numerous television series {DATE[between 1950 and 1960]}. She played her last role at {DATE[the age of 98]} and was the oldest member of {ORG[the Screen Actors Guild]}. She also made publicity stories and photos which showed her practicing her fencing or doing calisthenics.{ORG[De Walt Reynolds]} died on {DATE[August 13,1961]}, {DATE[one month]} before her {ORDINAL[99th]} birthday. She is buried in {LOC[Westwood Memorial Park]}, {GPE[Los Angeles]}.
{ORG[Reynolds]} made guest appearances on television  {DATE[between 1950 and 1960]}. The programs include Have Gun – Will Travel, {PERSON[Shirley Temple's]} {FAC[Storybook, Zane Grey Theatre]}, and {PERSON[Peter Gunn
]}{PERSON[Adeline De Walt Reynolds]} at IMDb
{WORK_OF_ART[Adeline De Walt Reynolds]} at Find a Grave
 </spacy_body>
</doc>