<?xml version="1.0" encoding="utf-8"?>
<doc>
 <title>
  Adele Blood
 </title>
 <original_abstract>
  Adele Mary Blood (April 23, 1886 – September 13, 1936) was an American actress in silent movies, vaudeville, and theater.
 </original_abstract>
 <spacy_abstract>
  {PERSON[Adele Mary Blood]} ({DATE[April 23, 1886]} – {DATE[September 13, 1936]}) was an {NORP[American]} actress in silent movies, {GPE[vaudeville]}, and theater.
 </spacy_abstract>
 <original_body>
  She was born on April 23, 1886, in San Francisco, California, to Ira E. Blood and Frances Emma Stewart. Frances was a member of the Alameda school department for many years. Adele moved to the eastern United States some years before 1917. As a youth, she was a talented equestrienne, had an interest in fashion, and admired the theater.
Blood's first public performance was at the California Theatre in San Francisco. She acted the character Marguerite in a production featuring Lewis Morrison as Mephisto. Blood appeared in numerous plays as the leading lady. Some of the theatrical presentations in which she starred are The Unmasking, All Rivers Meet The Sea, and The Picture of Dorian Gray. In the latter she was with the stock company of Edward Davis, her first husband. Davis was a clergyman-actor who was formerly the pastor of the First Christian Church in Oakland, California. Their marriage was turbulent and Blood began divorce proceedings in 1914. Actress Jule Power was named as co-respondent in her suit. Davis responded by naming Governor Earl Brewer of Mississippi as co-respondent in counter charges against Blood. She finally won her divorce suit after which she left on a tour of the Orient. Following her divorce from Davis she was briefly married to Englishman Waddell Hope.
During her vaudeville tours Blood was on stage in most of the prominent cities in the United States. She starred for five years in Everywoman. During her travels she was known as "the most beautiful blonde on the American stage". She made two motion pictures including The Devil's Toy (1916) and The Riddle: Woman (1920).
By December 1917, Blood retired. She became the devoted companion of her sister-in-law, Susanna Holmes, who was known as the "Silver Queen". Blood became named heiress to the Holmes' fortune. Blood eventually eschewed both wealth and social position because she believed it led to a philosophy of pessimism. She returned to the stage by accepting an offer from the Oriental company of Tim Frawley.
In 1926 she met Colonel R.W. Castle in Kashmir. He was an English officer in the Indian service. The two were engaged and planned a wedding in Calcutta.
On the night of September 13, 1936, Blood shot herself in the head at her home on the grounds of the Westchester Country Club in Harrison, New York. She died a few hours later at the United Hospital in Port Chester, New York.Her 17-year-old daughter, Dawn, was in the home with friends when they heard the sound of a gunshot come from Blood's bedroom. Dawn told police that her mother had been financially pressed and worried excessively in the previous two weeks.
Adele's possessions were auctioned off garnering $1,000.Dawn Blood committed suicide in July 1939. She was 19.
Blood financed a summer stock company and leased the auditorium of the Bronxville High School for plays. The plays were scheduled to run for six weeks, but closed in three weeks. Both mother and daughter appeared in the casts.
Adele Blood at IMDb
Adele Blood at the Internet Broadway Database
 </original_body>
 <spacy_body>
  She was born on {DATE[April 23, 1886]}, in {GPE[San Francisco]}, {GPE[California]}, to {PERSON[Ira E. Blood]} and {PERSON[Frances Emma Stewart]}. {PERSON[Frances]} was a member of the {NORP[Alameda]} school department for {DATE[many years]}. {PERSON[Adele]} moved to the eastern {GPE[United States]} {DATE[some years before 1917]}. As a youth, she was a talented equestrienne, had an interest in fashion, and admired the theater.
Blood's {ORDINAL[first]} public performance was at {FAC[the California Theatre]} in {GPE[San Francisco]}. She acted the character Marguerite in a production featuring {PERSON[Lewis Morrison]} as {GPE[Mephisto]}. Blood appeared in numerous plays as the leading lady. Some of the theatrical presentations in which she starred are {WORK_OF_ART[The Unmasking]}, All Rivers Meet The Sea, and {WORK_OF_ART[The Picture of Dorian Gray]}. In the latter she was with the stock company of {PERSON[Edward Davis]}, her {ORDINAL[first]} husband. {PERSON[Davis]} was a clergyman-actor who was formerly the pastor of {ORG[the First Christian Church]} in {GPE[Oakland]}, {GPE[California]}. Their marriage was turbulent and {ORG[Blood]} began divorce proceedings in {DATE[1914]}. {PERSON[Actress Jule Power]} was named as co-respondent in her suit. {PERSON[Davis]} responded by naming Governor {PERSON[Earl Brewer]} of {GPE[Mississippi]} as co-respondent in counter charges against {ORG[Blood]}. She finally won her divorce suit after which she left on a tour of the {LOC[Orient]}. Following her divorce from {PERSON[Davis]} she was briefly married to Englishman {PERSON[Waddell Hope]}.
During her vaudeville tours {GPE[Blood]} was on stage in most of the prominent cities in {GPE[the United States]}. She starred for {DATE[five years]} in {PERSON[Everywoman]}. During her travels she was known as "the most beautiful blonde on the {NORP[American]} stage". She made {CARDINAL[two]} motion pictures including {WORK_OF_ART[The Devil's Toy]} ({DATE[1916]}) and The Riddle: Woman ({DATE[1920]}).
By {DATE[December 1917]}, {ORG[Blood]} retired. She became the devoted companion of her sister-in-law, {PERSON[Susanna Holmes]}, who was known as the "{WORK_OF_ART[Silver Queen]}". Blood became named heiress to the {PERSON[Holmes]}' fortune. Blood eventually eschewed both wealth and social position because she believed it led to a philosophy of pessimism. She returned to the stage by accepting an offer from the {NORP[Oriental]} company of {PERSON[Tim Frawley]}.
In {DATE[1926]} she met Colonel {PERSON[R.W. Castle]} in {LOC[Kashmir]}. He was an {NORP[English]} officer in the {NORP[Indian]} service. The {CARDINAL[two]} were engaged and planned a wedding in {ORG[Calcutta]}.
On {TIME[the night of September 13, 1936]}, Blood shot herself in the head at her home on the grounds of {ORG[the Westchester Country Club]} in {GPE[Harrison]}, {GPE[New York]}. She died {TIME[a few hours later]} at {FAC[the United Hospital]} in {GPE[Port Chester]}, {GPE[New York]}.Her {DATE[17-year-old]} daughter, {PERSON[Dawn]}, was in the home with friends when they heard the sound of a gunshot come from {PERSON[Blood]}'s bedroom. {PERSON[Dawn]} told police that her mother had been financially pressed and worried excessively in {DATE[the previous two weeks]}.
{PERSON[Adele]}'s possessions were auctioned off garnering ${MONEY[1,000.Dawn]} Blood committed suicide in {DATE[July 1939]}. She was {DATE[19]}.
Blood financed a {DATE[summer]} stock company and leased the auditorium of {ORG[the Bronxville High School]} for plays. The plays were scheduled to run for {DATE[six weeks]}, but closed in {DATE[three weeks]}. Both mother and daughter appeared in the casts.
{PERSON[Adele Blood]} at IMDb
{PERSON[Adele Blood]} at the Internet Broadway Database
 </spacy_body>
</doc>