<?xml version="1.0" encoding="utf-8"?>
<doc>
 <title>
  Adelle August
 </title>
 <original_abstract>
  Adelle August (12 February 1934 – 24 April 2005), was an American movie actress.
She was born in Kennewick, Washington as Adele M. Slaybough.  In 1952 she graduated from Highline High School, and was crowned Miss Washington USA the same year.  Two years later she was signed to Columbia Pictures.  Her brief career in the film industry lasted 1955–56 when she appeared in three films and a pair of television episodes, including the TV western Cheyenne in which she appeared as Jeremy Barnes in the 1955 episode "Julesburg." In addition to her acting career, she was a showgirl at the Tropicana Hotel in Las Vegas, Nevada.  She was married to Leonard Rogers in 1959, becoming Adelle M. Rogers.
 </original_abstract>
 <spacy_abstract>
  {PERSON[Adelle]} {DATE[August]} ({DATE[12 February 1934]} – {DATE[24 April 2005]}), was an {NORP[American]} movie actress.
She was born in {GPE[Kennewick]}, {GPE[Washington]} as {PERSON[Adele M. Slaybough]}.  In {DATE[1952]} she graduated from {ORG[Highline High School]}, and was crowned Miss {GPE[Washington USA]} {DATE[the same year]}.  {DATE[Two years later]} she was signed to {ORG[Columbia Pictures]}.  Her brief career in the film industry lasted {DATE[1955–56]} when she appeared in {CARDINAL[three]} films and a pair of television episodes, including the TV western Cheyenne in which she appeared as {PERSON[Jeremy Barnes]} in the {DATE[1955]} episode "{GPE[Julesburg]}." In addition to her acting career, she was a showgirl at {FAC[the Tropicana Hotel]} in {GPE[Las Vegas]}, {GPE[Nevada]}.  She was married to {PERSON[Leonard Rogers]} in {DATE[1959]}, becoming {PERSON[Adelle M. Rogers]}.
 </spacy_abstract>
 <original_body>
  My Sister Eileen-(1955), Secretary (Uncredited)
Apache Ambush-(1955), Ann Parker
Women's Prison-(1955), Grace
The Best Things in Life Are Free-(1956), Chorus Girl (Uncredited)
Hollywood or Bust-(1956), Dancer (Uncredited)
Adelle August at IMDb
Adele August at AllMovie
"Adelle August". Glamour Girls of the Silver Screen.
"Adele August". The New York Times.
 </original_body>
 <spacy_body>
  My Sister Eileen-(1955), Secretary (Uncredited)
{PERSON[Apache Ambush-(1955]}), {PERSON[Ann Parker]}
Women's Prison-(1955), {PERSON[Grace]}
The Best Things in Life Are Free-(1956), {PERSON[Chorus Girl]} (Uncredited)
{GPE[Hollywood]} or Bust-(1956), {PERSON[Dancer]} (Uncredited)
{PERSON[Adelle]} {DATE[August]} at IMDb
{DATE[Adele August]} at {ORG[AllMovie]}
"{PERSON[Adelle]} {DATE[August]}". {PERSON[Glamour Girls]} of {FAC[the Silver Screen]}.
"{PERSON[Adele]} August". {ORG[The New York Times]}.
 </spacy_body>
</doc>