<?xml version="1.0" encoding="utf-8"?>
<doc>
 <title>
  Adina Porter
 </title>
 <original_abstract>
  Adina Elizabeth Porter (born March 13, 1971) is an American actress. She is best known for her roles as Lettie Mae Thornton on the HBO fantasy horror series True Blood (2008–2014), Kendra James on the HBO drama series The Newsroom (2012–2014), and Indra on the CW science fiction drama series The 100 (2014–2020). She received further recognition for her roles as Sally Freeman, Lee Harris, Beverly Hope, Dinah Stevens, and Chief Burleson on the first, sixth, seventh, eighth, and tenth seasons of the FX anthology series American Horror Story (2011–present).
Porter began her acting career appearing on Off-Broadway stage, winning the Obie Award in 1996 for Venus. She made her Broadway debut in the 2001 revival of The Women. For her work in American Horror Story, she has been nominated for a Primetime Emmy Award and two Saturn Awards.
 </original_abstract>
 <spacy_abstract>
  {PERSON[Adina Elizabeth Porter]} (born {DATE[March 13, 1971]}) is an {NORP[American]} actress. She is best known for her roles as {PERSON[Lettie Mae Thornton]} on the {ORG[HBO]} fantasy horror series {WORK_OF_ART[True Blood]} ({DATE[2008–2014]}), {PERSON[Kendra James]} on the {ORG[HBO]} drama series {WORK_OF_ART[The Newsroom]} ({DATE[2012–2014]}), and Indra on the {ORG[CW]} science fiction drama series The {CARDINAL[100]} ({DATE[2014–2020]}). She received further recognition for her roles as {PERSON[Sally Freeman]}, {PERSON[Lee Harris]}, {ORG[Beverly Hope]}, {PERSON[Dinah Stevens]}, and Chief {PERSON[Burleson]} on the {ORDINAL[first]}, {ORDINAL[sixth]}, {ORDINAL[seventh]}, {ORDINAL[eighth]}, and tenth seasons of the {ORG[FX]} anthology series {WORK_OF_ART[American Horror Story]} ({DATE[2011]}–present).
{PERSON[Porter]} began her acting career appearing on {PRODUCT[Off-Broadway]} stage, winning {WORK_OF_ART[the Obie Award]} in {DATE[1996]} for {ORG[Venus]}. She made her {FAC[Broadway]} debut in the {DATE[2001]} revival of {WORK_OF_ART[The Women]}. For her work in {NORP[American]} {WORK_OF_ART[Horror Story]}, she has been nominated for a Primetime {WORK_OF_ART[Emmy Award]} and {CARDINAL[two]} Saturn Awards.
 </spacy_abstract>
 <original_body>
  Porter was born and raised in New York City, New York. She graduated from the State University of New York at Purchase. Her first acting teacher was Butterfly McQueen. She has been married twice and has two children with her second husband, Larry Earl Madison Jr.
Porter began her acting career in the theatre, appearing in off Broadway plays and in regional theatre. Her off-Broadway credits include The Debutante Ball, Jersey City, Aven' U Boys, Girl Gone, Silence, Cunning, Exile, Dancing on Moonlight and Hurricane. In 1996, she received Obie Award for Distinguished Performance by an Actress for her performance in Venus. Her Broadway debut came in 2001 with the Roundabout Theater's revival of The Women, directed by Scott Elliott, broadcast as part of PBS's Stage on Screen series, in addition, she performed in multiple productions at the New York Shakespeare Festival.
Porter began her screen career playing guest starring roles on television dramas include Law &amp; Order, New York Undercover, Brooklyn South, and NYPD Blue. She had a recurring role as housekeeper Gwen Walker in the NBC period drama American Dreams from 2002 to 2003. In film, she made her debut in 1992 Leopold/Loeb New Queer Cinema feature, Swoon. She went to appear in small roles in films The Peacemaker (1997), Gia (1998), Body Shots (1999), The Fluffer (2001), and The Salon (2005). In 2005, Porter played Ricky in the film adaptation of Ruben Santiago-Hudson's play Lackawanna Blues for HBO. She received Black Reel Award for Best Supporting Actress: Television Movie/Cable for her role. She went to appear ER, Prison Break, Without a Trace, House, and Law &amp; Order: Special Victims Unit.
In 2008, Porter was cast as Lettie Mae Thornton, mother to Rutina Wesley's Tara Thorton, in the HBO drama series, True Blood. She was promoted to series regular in seventh and final season of show. In 2012, she guest starred in an episode of Grey's Anatomy. From 2012 to 2014, she also had a recurring role on the HBO series The Newsroom playing Kendra James. In 2014, she began appearing in a recurring role as Indra in the CW post-apocalyptic drama, The 100. Porter also starred in two unsold drama pilots for ABC, Doubt in 2013, and The Jury in 2016. In 2016, she played Pearly Mae during first season of WGN America period drama Underground. Later that year, Porter was cast as Lee Harris in the FX anthology series American Horror Story: Roanoke, after previously appearing as a minor character in American Horror Story: Murder House in 2011. For her performance in Roanoke, she received critical acclaim and was nominated for a Saturn Award for Best Supporting Actress on Television. She later portrayed Beverly Hope in American Horror Story: Cult where she received similar praise from critics and received a second Saturn Award nomination, as well as a Primetime Emmy Award nomination for Outstanding Supporting Actress in a Limited Series or Movie. She was later promoted to series regular for American Horror Story’s eight season entitled Apocalypse, playing Dinah Stevens. In Feb 2020, Ryan Murphy announced that she will return for American Horror Story in its tenth season in another main role.
Adina Porter at IMDb
 </original_body>
 <spacy_body>
  {PERSON[Porter]} was born and raised in {GPE[New York City]}, {GPE[New York]}. She graduated from {ORG[the State University of New York at Purchase]}. Her {ORDINAL[first]} acting teacher was {PERSON[Butterfly McQueen]}. She has been married twice and has {CARDINAL[two]} children with her {ORDINAL[second]} husband, {PERSON[Larry Earl Madison Jr.]}
{PERSON[Porter]} began her acting career in the theatre, appearing in off {FAC[Broadway]} plays and in regional theatre. Her off-{FAC[Broadway]} credits include {FAC[The Debutante Ball]}, {GPE[Jersey City]}, {PERSON[Aven]}' U Boys, {PERSON[Girl Gone]}, Silence, Cunning, Exile, Dancing on Moonlight and Hurricane. In {DATE[1996]}, she received {ORG[Obie Award]} for {GPE[Distinguished Performance]} by an {FAC[Actress]} for her performance in {LOC[Venus]}. Her {FAC[Broadway]} debut came in {DATE[2001]} with {ORG[the Roundabout Theater's]} revival of {WORK_OF_ART[The Women]}, directed by {PERSON[Scott Elliott]}, broadcast as part of {ORG[PBS]}'s Stage on Screen series, in addition, she performed in multiple productions at {FAC[the New York Shakespeare Festival]}.
{PERSON[Porter]} began her screen career playing guest starring roles on television dramas include {ORG[Law &amp; Order]}, {GPE[New York]} Undercover, {LOC[Brooklyn South]}, and {ORG[NYPD Blue]}. She had a recurring role as housekeeper {PERSON[Gwen Walker]} in the {ORG[NBC]} period drama {ORG[American Dreams]} {DATE[from 2002 to 2003]}. In film, she made her debut in {DATE[1992]} Leopold/Loeb New Queer Cinema feature, {PERSON[Swoon]}. She went to appear in small roles in films The Peacemaker ({DATE[1997]}), {PERSON[Gia]} ({DATE[1998]}), Body Shots ({DATE[1999]}), The Fluffer ({DATE[2001]}), and {WORK_OF_ART[The Salon]} ({DATE[2005]}). In {DATE[2005]}, {PERSON[Porter]} played {PERSON[Ricky]} in the film adaptation of {PERSON[Ruben Santiago-Hudson's]} play {WORK_OF_ART[Lackawanna Blues]} for {ORG[HBO]}. She received {WORK_OF_ART[Black Reel Award for Best Supporting Actress: Television Movie/Cable]} for her role. She went to appear ER, {ORG[Prison Break]}, Without a Trace, {ORG[House]}, and {ORG[Law &amp; Order: Special Victims Unit]}.
In {DATE[2008]}, {PERSON[Porter]} was cast as {ORG[Lettie Mae Thornton]}, mother to {ORG[Rutina Wesley's]} {PERSON[Tara Thorton]}, in the {ORG[HBO]} drama series, {WORK_OF_ART[True Blood]}. She was promoted to series regular in {ORDINAL[seventh]} and final season of show. In {DATE[2012]}, she guest starred in an episode of {ORG[Grey's Anatomy]}. {DATE[From 2012 to 2014]}, she also had a recurring role on the {ORG[HBO]} series The {ORG[Newsroom]} playing {PERSON[Kendra James]}. In {DATE[2014]}, she began appearing in a recurring role as Indra in the {GPE[CW]} post-apocalyptic drama, The {CARDINAL[100]}. {PERSON[Porter]} also starred in {CARDINAL[two]} unsold drama pilots for {ORG[ABC]}, {ORG[Doubt]} in {DATE[2013]}, and {WORK_OF_ART[The Jury]} in {DATE[2016]}. In {DATE[2016]}, she played {ORG[Pearly Mae]} during {DATE[first season]} of {LOC[WGN America]} period drama Underground. {DATE[Later that year]}, {PERSON[Porter]} was cast as {PERSON[Lee Harris]} in the {GPE[FX]} anthology series {NORP[American]} Horror Story: {PERSON[Roanoke]}, after previously appearing as a minor character in {NORP[American]} Horror Story: Murder House in {DATE[2011]}. For her performance in {PERSON[Roanoke]}, she received critical acclaim and was nominated for {WORK_OF_ART[a Saturn Award for Best Supporting Actress on Television]}. She later portrayed {ORG[Beverly Hope]} in {NORP[American]} Horror Story: Cult where she received similar praise from critics and received a {ORDINAL[second]} Saturn Award nomination, as well as a Primetime Emmy Award nomination for {ORG[Outstanding Supporting Actress]} in {EVENT[a Limited Series]} or Movie. She was later promoted to series regular for {NORP[American]} Horror Story’s {DATE[eight season]} entitled {WORK_OF_ART[Apocalypse]}, playing {PERSON[Dinah Stevens]}. In {DATE[Feb 2020]}, {ORG[Ryan Murphy]} announced that she will return for {NORP[American]} Horror Story in {DATE[its tenth season]} in another main role.
{PERSON[Adina Porter]} at IMDb
 </spacy_body>
</doc>