<?xml version="1.0" encoding="utf-8"?>
<doc>
 <title>
  Adolph Caesar
 </title>
 <original_abstract>
  Adolph Caesar (December 5, 1933 – March 6, 1986) was an American actor, voice actor, theatre director, playwright, dancer, and choreographer. 
Known for his signature deep voice, Caesar was a staple of Off-Broadway as a member of the Negro Ensemble Company, and as a voiceover artist for numerous film trailers. He earned widespread acclaim for his performance as a Sgt. Vernon Waters in Charles Fuller's Pulitzer Prize-winning A Soldier's Play, a role he reprised in the 1984 film adaptation A Soldier's Story, for which he was nominated for an Academy Award and Golden Globe Award won an NAACP Image Award for Outstanding Actor in a Motion Picture.
 </original_abstract>
 <spacy_abstract>
  {PERSON[Adolph Caesar]} ({DATE[December 5, 1933 –]} {DATE[March 6, 1986]}) was an {NORP[American]} actor, voice actor, theatre director, playwright, dancer, and choreographer. 
Known for his signature deep voice, Caesar was a staple of {PRODUCT[Off-Broadway]} as a member of {ORG[the Negro Ensemble Company]}, and as a voiceover artist for numerous film trailers. He earned widespread acclaim for his performance as a Sgt. {PERSON[Vernon Waters]} in {PERSON[Charles Fuller's]} {WORK_OF_ART[Pulitzer Prize]}-winning {WORK_OF_ART[A Soldier's Play]}, a role he reprised in the {DATE[1984]} film adaptation {WORK_OF_ART[A Soldier's Story]}, for which he was nominated for an Academy Award and Golden Globe Award won an NAACP Image Award for Outstanding Actor in a {ORG[Motion Picture]}.
 </spacy_abstract>
 <original_body>
  Caesar was born in Harlem, New York City, as the youngest of three sons born to a Dominican mother.
Caesar appeared in Norman Jewison's film A Soldier's Story, for which he received a nomination for Best Actor in a Supporting Role from both the Academy Awards and the Golden Globe Awards. He also played the role of Old Mister in the Steven Spielberg film The Color Purple and appeared in Fist of Fear, Touch of Death.
In addition to his film career, Caesar did voiceover work for television and radio commercials, including theatrical previews and radio commercials for many blaxploitation films such as Cleopatra Jones, Superfly, Truck Turner and The Spook Who Sat by the Door. Caesar also lent his voice to Silverhawks, in which he voiced Hotwing.
Caesar's last completed film was Club Paradise, released posthumously. Caesar was working on the Los Angeles set of the 1986 film Tough Guys (with Burt Lancaster and Kirk Douglas) when he suffered a heart attack and died a short time later. He was interred in the Ferncliff Cemetery in Hartsdale, New York.
"Adolph Caesar Biography". filmreference. 2008. Retrieved September 1, 2008.
Adolph Caesar at the Internet Broadway Database 
Adolph Caesar at IMDb
Adolph Caesar's Entry at the Grindhouse Database
Los Angeles Times
 </original_body>
 <spacy_body>
  {ORG[Caesar]} was born in {LOC[Harlem]}, {GPE[New York City]}, as the youngest of {CARDINAL[three]} sons born to a {NORP[Dominican]} mother.
{ORG[Caesar]} appeared in {PERSON[Norman Jewison's]} film {WORK_OF_ART[A Soldier's Story]}, for which he received a nomination for Best Actor in a {WORK_OF_ART[Supporting Role]} from both {EVENT[the Academy Awards]} and {FAC[the Golden Globe Awards]}. He also played the role of {WORK_OF_ART[Old Mister in the Steven Spielberg]} film {WORK_OF_ART[The Color Purple]} and appeared in {WORK_OF_ART[Fist of Fear, Touch of Death]}.
In addition to his film career, {ORG[Caesar]} did voiceover work for television and radio commercials, including theatrical previews and radio commercials for many blaxploitation films such as {PERSON[Cleopatra Jones]}, Superfly, {PERSON[Truck Turner]} and {WORK_OF_ART[The Spook]} Who Sat by the Door. {ORG[Caesar]} also lent his voice to {ORG[Silverhawks]}, in which he voiced {ORG[Hotwing]}.
{ORG[Caesar]}'s last completed film was {ORG[Club Paradise]}, released posthumously. {PERSON[Caesar]} was working on the {GPE[Los Angeles]} set of the {DATE[1986]} film {WORK_OF_ART[Tough Guys]} (with {PERSON[Burt Lancaster]} and {PERSON[Kirk Douglas]}) when he suffered a heart attack and died a short time later. He was interred in {FAC[the Ferncliff Cemetery]} in {GPE[Hartsdale]}, {GPE[New York]}.
"{PERSON[Adolph Caesar Biography]}". filmreference. {DATE[2008]}. Retrieved {DATE[September 1, 2008]}.
{PERSON[Adolph Caesar]} at {FAC[the Internet Broadway Database]} 
{PERSON[Adolph Caesar]} at IMDb
{PERSON[Adolph Caesar's]} {WORK_OF_ART[Entry at the Grindhouse Database]}
Los Angeles Times
 </spacy_body>
</doc>