<?xml version="1.0" encoding="utf-8"?>
<doc>
 <title>
  Adrianne Allen
 </title>
 <original_abstract>
  Adrianne Allen (7 February 1907 – 14 September 1993) was an English stage actress.Most often seen in light comedy, played Sybil Chase in the original West End production of Private Lives and  Elizabeth Bennet in the 1935 Broadway production of Pride and Prejudice. She appeared in several films and was the mother of actors Daniel and Anna Massey.
 </original_abstract>
 <spacy_abstract>
  {PERSON[Adrianne Allen]} ({DATE[7 February 1907]} – {DATE[14 September 1993]}) was an {LANGUAGE[English]} stage actress.Most often seen in light comedy, played {PERSON[Sybil Chase]} in the original {LOC[West End]} production of Private Lives and  {PERSON[Elizabeth Bennet]} in the {DATE[1935]} {FAC[Broadway]} production of {PRODUCT[Pride]} and Prejudice. She appeared in several films and was the mother of actors Daniel and {PERSON[Anna Massey]}.
 </spacy_abstract>
 <original_body>
  Allen was born in Manchester on 7 February 1907 to John and Margaret Allen. After her education in France and Germany, she trained as an actress at the Royal Academy of Dramatic Art, where her 1926 graduation performance caught the attention of Basil Dean, who cast her as Nina Vansittart in the Noël Coward play Easy Virtue.In 1929, she married Raymond Massey, after he had cast her for a part in Noël Coward's play The Rat Trap. Her first West End appearance followed in July 1930, where she played the role of Sibyl in Noël Coward's Private Lives. She had two children with Raymond Massey, Daniel and Anna, who later became actors. The marriage ended in divorce in 1939. Shortly after her divorce she married William Dwight Whitney, the lawyer who had handled the divorce.
During this time she appeared on Broadway, in Cynara, and as Judy Linden in The Shining Hour) and in several films, most notably Merrily We Go to Hell. In 1942, she played "Doris" in the original London production of Terence Rattigan's play Flare Path.She starred in more films, and appeared on British television, before returning to Broadway in 1957, where she starred alongside her daughter in The Reluctant Debutante. Her acting career ended in 1958.
Allen died from cancer on 14 September 1993 in Montreux, Switzerland.
Cynara (1931) as Doris Lea
The Shining Hour (1934) as Judy Linden
Pride and Prejudice (1935) as Elizabeth Bennet
Flare Path (1942) as Doris, Countess Skriczevinsky
Love for Love (1947) as Mrs. Frail
Edward, My Son (1948) as Evelyn Holt
Someone Waiting (1953) as Vera
The Reluctant Debutante (1956) as Sheila Broadbent
Loose Ends (1930)
The Stronger Sex (1931)
The Woman Between (1931)
Black Coffee (1931)
Merrily We Go to Hell (1932)
The Night of June 13 (1932)
The Morals of Marcus (1935)
The October Man (1947)
Bond Street (1948)
Vote for Huggett (1949)
The Final Test (1953)
Meet Mr. Malcolm (1954)
Adrianne Allen at IMDb
Adrianne Allen at the Internet Broadway Database 
Photo of Adrianne Allen
 </original_body>
 <spacy_body>
  {PERSON[Allen]} was born in {GPE[Manchester]} on {DATE[7 February 1907]} to {PERSON[John]} and {PERSON[Margaret Allen]}. After her education in {GPE[France]} and {GPE[Germany]}, she trained as an actress at {ORG[the Royal Academy of Dramatic Art]}, where her {DATE[1926]} graduation performance caught the attention of {PERSON[Basil Dean]}, who cast her as {PERSON[Nina Vansittart]} in {FAC[the Noël Coward play Easy Virtue]}.In {DATE[1929]}, she married {PERSON[Raymond Massey]}, after he had cast her for a part in {ORG[Noël Coward's]} play {WORK_OF_ART[The Rat Trap]}. Her {ORDINAL[first]} West End appearance followed in {DATE[July 1930]}, where she played the role of Sibyl in {ORG[Noël Coward's]} Private Lives. She had {CARDINAL[two]} children with {PERSON[Raymond Massey]}, {PERSON[Daniel]} and {PERSON[Anna]}, who later became actors. The marriage ended in divorce in {DATE[1939]}. Shortly after her divorce she married {PERSON[William Dwight Whitney]}, the lawyer who had handled the divorce.
During this time she appeared on {FAC[Broadway]}, in {GPE[Cynara]}, and as {PERSON[Judy Linden]} in {WORK_OF_ART[The Shining Hour]}) and in several films, most notably Merrily We Go to Hell. In {DATE[1942]}, she played "{WORK_OF_ART[Doris]}" in the original {GPE[London]} production of {FAC[Terence Rattigan's]} play {PERSON[Flare Path]}.She starred in more films, and appeared on {NORP[British]} television, before returning to {FAC[Broadway]} in {DATE[1957]}, where she starred alongside her daughter in {WORK_OF_ART[The Reluctant Debutante]}. Her acting career ended in {DATE[1958]}.
{PERSON[Allen]} died from cancer on {DATE[14 September 1993]} in {GPE[Montreux]}, {GPE[Switzerland]}.
{PERSON[Cynara]} ({DATE[1931]}) as {PERSON[Doris Lea]}
{WORK_OF_ART[The Shining Hour]} ({DATE[1934]}) as {PERSON[Judy Linden]}
Pride and Prejudice ({DATE[1935]}) as {PERSON[Elizabeth Bennet]}
Flare Path ({DATE[1942]}) as {PERSON[Doris]}, Countess {PERSON[Skriczevinsky]}
Love for {WORK_OF_ART[Love]} ({DATE[1947]}) as Mrs. {PERSON[Frail
Edward]}, {PERSON[My Son]} ({DATE[1948]}) as {PERSON[Evelyn Holt]}
{PERSON[Someone Waiting]} ({DATE[1953]}) as Vera
{WORK_OF_ART[The Reluctant Debutante]} (1956) as {ORG[Sheila Broadbent
Loose Ends]} ({DATE[1930]})
{WORK_OF_ART[The Stronger Sex]} ({DATE[1931]})
The Woman Between ({DATE[1931]})
Black Coffee ({DATE[1931]})
Merrily We Go to Hell ({DATE[1932]})
{WORK_OF_ART[The Night of June 13 (1932]})
{WORK_OF_ART[The Morals of Marcus]} ({DATE[1935]})
The {DATE[October]} Man ({DATE[1947]})
Bond Street ({DATE[1948]})
Vote for {PERSON[Huggett]} ({DATE[1949]})
{WORK_OF_ART[The Final Test (1953]})
Meet Mr. {PERSON[Malcolm]} ({DATE[1954]})
{PERSON[Adrianne Allen]} at IMDb
{PERSON[Adrianne Allen]} at {FAC[the Internet Broadway Database]} 
Photo of {PERSON[Adrianne Allen]}
 </spacy_body>
</doc>