<?xml version="1.0" encoding="utf-8"?>
<doc>
 <title>
  Adrienne Ames
 </title>
 <original_abstract>
  Adrienne Ames (born Ruth Adrienne McClure; August 3, 1907 – May 31, 1947) was an American film actress. Early in her career she was known as Adrienne Truex.
 </original_abstract>
 <spacy_abstract>
  {PERSON[Adrienne Ames]} (born {PERSON[Ruth Adrienne McClure]}; {DATE[August 3, 1907]} – {DATE[May 31, 1947]}) was an {NORP[American]} film actress. Early in her career she was known as {PERSON[Adrienne Truex]}.
 </spacy_abstract>
 <original_body>
  Ames was born in Fort Worth, Texas, one of six children of Samuel Hugh McClure and Flora Parthenia (née Potter) McClure.
Ames began her film career in 1927 as a stand-in for Pola Negri. Ames was soon cast in small film roles in silent films. With the advent of talking pictures, Ames' popularity grew and she was usually cast as society women, or in musicals. She made thirty films during the 1930s with her biggest success in George White's Scandals (1934). She appeared with the three leading men from the 1931 version of Dracula (Bela Lugosi, David Manners, and Edward Van Sloan) in The Death Kiss (1932).
By the end of the decade, Ames' popularity had diminished and, discouraged, she left Hollywood for New York. In 1941, she was host of two talk shows on station WHN in New York City. Her schedule included broadcasts at noon and 3:30 p.m. six days a week and 7:30 p.m. broadcasts on Tuesdays, Thursdays, and Saturdays. She continued broadcasting until two weeks before her death in 1947.
In December 1941, Ames began a weekly series of movie-review programs on WNBT in New York City. The 10-minute programs ran on Tuesday afternoons.
Ames was married three times. In 1920, while still a teenager, she married Derward Dumont Truax, who was the son of an oil man. They had a daughter, and they divorced in 1924. A later marriage to broker Stephen Ames ended in divorce on October 30, 1933. Her last marriage, on October 31, 1933, was to fellow actor Bruce Cabot; they divorced on July 24, 1935.
Ames died of cancer on May 31, 1947, in New York City, aged 39. She is interred in the Oakwood Cemetery in her hometown of Fort Worth, Texas.For her contributions to the film industry, Ames has a motion pictures star on the Hollywood Walk of Fame at 1612 Vine Street. It was dedicated February 8, 1960.

Adrienne Ames at IMDb
Adrienne Ames at AllMovie
Adrienne Ames at the Internet Broadway Database 
The Private Life and Times of Adrienne Ames
Adrienne Ames at Virtual History
 </original_body>
 <spacy_body>
  {GPE[Ames]} was born in {GPE[Fort Worth]}, {GPE[Texas]}, {CARDINAL[one]} of {CARDINAL[six]} children of {PERSON[Samuel Hugh McClure]} and {ORG[Flora Parthenia]} ({PERSON[née Potter) McClure]}.
{PERSON[Ames]} began her film career in {DATE[1927]} as a stand-in for {PERSON[Pola Negri]}. {PERSON[Ames]} was soon cast in small film roles in silent films. With the advent of talking pictures, {PERSON[Ames]}' popularity grew and she was usually cast as society women, or in musicals. She made {CARDINAL[thirty]} films during {DATE[the 1930s]} with her biggest success in {PERSON[George White's]} Scandals ({DATE[1934]}). She appeared with the {CARDINAL[three]} leading men from the {DATE[1931]} version of {PERSON[Dracula]} ({PERSON[Bela Lugosi]}, {PERSON[David Manners]}, and {PERSON[Edward Van Sloan]}) in {ORG[The Death Kiss]} ({DATE[1932]}).
By {DATE[the end of the decade]}, {GPE[Ames]}' popularity had diminished and, discouraged, she left {GPE[Hollywood]} for {GPE[New York]}. In {DATE[1941]}, she was host of {CARDINAL[two]} talk shows on station {ORG[WHN]} in {GPE[New York City]}. Her schedule included broadcasts at {TIME[noon and 3:30 p.m.]} {DATE[six days]} a week and {TIME[7:30 p.m.]} broadcasts on {DATE[Tuesdays, Thursdays]}, and Saturdays. She continued broadcasting until {DATE[two weeks]} before her death in {DATE[1947]}.
In {DATE[December 1941]}, {ORG[Ames]} began a {DATE[weekly]} series of movie-review programs on {GPE[WNBT]} in {GPE[New York City]}. The {TIME[10-minute]} programs ran on {DATE[Tuesday]} afternoons.
{PERSON[Ames]} was married {CARDINAL[three]} times. In {DATE[1920]}, while still a teenager, she married {PERSON[Derward Dumont Truax]}, who was the son of an oil man. They had a daughter, and they divorced in {DATE[1924]}. A later marriage to broker {PERSON[Stephen Ames]} ended in divorce on {DATE[October 30, 1933]}. Her last marriage, on {DATE[October 31, 1933]}, was to fellow actor {PERSON[Bruce Cabot]}; they divorced on {DATE[July 24, 1935]}.
{PERSON[Ames]} died of cancer on {DATE[May 31, 1947]}, in {GPE[New York City]}, aged {DATE[39]}. She is interred in {FAC[the Oakwood Cemetery]} in her hometown of {GPE[Fort Worth]}, {GPE[Texas]}.For her contributions to the film industry, {GPE[Ames]} has a motion pictures star on {ORG[the Hollywood Walk of Fame]} at {FAC[1612 Vine Street]}. It was dedicated {DATE[February 8, 1960]}.

{PERSON[Adrienne Ames]} at IMDb
{PERSON[Adrienne Ames]} at {ORG[AllMovie]}
{PERSON[Adrienne Ames]} at the Internet Broadway Database 
{ORG[The Private Life and Times]} of Adrienne Ames
{PERSON[Adrienne Ames]} at {ORG[Virtual History]}
 </spacy_body>
</doc>