<?xml version="1.0" encoding="utf-8"?>
<doc>
 <title>
  Adrian Lukis
 </title>
 <original_abstract>
  Adrian Leonard Fellowes Lukis (born 28 March 1957) is an English actor who has appeared regularly in British television drama since the late 1980s. His most recent notable appearances have been as Sergeant Doug Wright in the police drama series The Bill and as Marc Thompson in the BBC legal drama Judge John Deed.
 </original_abstract>
 <spacy_abstract>
  {PERSON[Adrian Leonard Fellowes]} Lukis (born {DATE[28 March 1957]}) is an {LANGUAGE[English]} actor who has appeared regularly in {NORP[British]} television drama since {DATE[the late 1980s]}. His most recent notable appearances have been as Sergeant {PERSON[Doug Wright]} in the police drama series The {PERSON[Bill]} and as {PERSON[Marc Thompson]} in the {ORG[BBC]} legal drama Judge {PERSON[John Deed]}.
 </spacy_abstract>
 <original_body>
  Lukis is descended from the Channel Islands archaeologist Frederick Lukis.Lukis was educated at Mount House School (now known as Mount Kelly), in Tavistock, Devon.
Lukis was a regular, playing Mark Judd in the 2nd series of Chandler &amp; Co during 1995 and playing Dr David Shearer in Peak Practice between 1997 and 1999. He also played Mr. George Wickham in the BBC's 1995 adaption of Jane Austen's Pride and Prejudice, and he had appeared in the ITV one-off drama Back Home and in the BBC rural drama series Down to Earth.
He had previously appeared in The Casebook of Sherlock Holmes (as Bennett in The Creeping Man), Maigret, Miss Marple, Campion, The Strauss Dynasty and Prime Suspect. Adrian Lukis played Simon Avery in Silent Witness Series 15 Episode 2, Death Has No Dominion.  For radio, he appeared as George Vavasour in BBC Radio 4's 2004 adaptation of Anthony Trollope's The Pallisers. He also appeared in Midsomer Murders “Dead in the Water” 2004 as Phillip Trent and in Silk as Patrick Stephens. In 2013 he played General Ravenscroft in Agatha Christie’s Poirot “Elephants Can Remember”. 
From 2013, up to present day, Lukis plays the recurring role of Colonel Blair Toast in the Channel 4 series Toast of London. In 2014 he appeared in Midsomer Murders episode “The Killings of Copenhagen” as Julian Calder. In 2015, Lukis appeared as Francis Davison in the BBC TV series Death in Paradise “Damned If You Do” episode 4.3, and appeared as Laurence Olivier in the European premiere of the Austin Pendleton play Orson's Shadow, at the Southwark Playhouse in London. In 2015 he appeared in Downton Abbey as Sir John Darnley.
In 2016, he appeared as Home Secretary Alex Wallis in "Hated in the Nation", an episode of the anthology series Black Mirror.
In September 2019 he reprised his role as George Wickham in the world premiere of Being Mr Wickham, a new play by Catherine Curzon. The performance took place at the Old Georgian Theatre Royal in Bath as part of the Jane Austen Festival.

Adrian Lukis at IMDb
 </original_body>
 <spacy_body>
  {PERSON[Lukis]} is descended from the {ORG[Channel Islands]} archaeologist {PERSON[Frederick Lukis]}.{PERSON[Lukis]} was educated at {ORG[Mount House School]} (now known as {PERSON[Mount Kelly]}), in {GPE[Tavistock]}, {GPE[Devon]}.
{PERSON[Lukis]} was a regular, playing {PERSON[Mark Judd]} in the {ORDINAL[2nd]} series of {ORG[Chandler &amp; Co]} during {DATE[1995]} and playing Dr {PERSON[David Shearer]} in {FAC[Peak Practice]} {DATE[between 1997 and 1999]}. He also played Mr. {PERSON[George Wickham]} in the {ORG[BBC]}'s {DATE[1995]} adaption of {PERSON[Jane Austen's]} Pride and Prejudice, and he had appeared in the {ORG[ITV]} one-off drama {WORK_OF_ART[Back Home]} and in the {ORG[BBC]} rural drama series Down to {LOC[Earth]}.
He had previously appeared in {WORK_OF_ART[The Casebook of Sherlock Holmes]} (as {PERSON[Bennett]} in {WORK_OF_ART[The Creeping Man]}), {PERSON[Maigret]}, Miss {PERSON[Marple]}, Campion, The Strauss Dynasty and Prime Suspect. {ORG[Adrian Lukis]} played {PERSON[Simon Avery]} in {EVENT[Silent Witness Series 15]} Episode {CARDINAL[2]}, Death Has No Dominion.  For radio, he appeared as {PERSON[George Vavasour]} in {ORG[BBC Radio 4's]} {DATE[2004]} adaptation of {PERSON[Anthony Trollope's]} The {ORG[Pallisers]}. He also appeared in Midsomer Murders “Dead in the Water” 2004 as {PERSON[Phillip Trent]} and in {ORG[Silk]} as {PERSON[Patrick Stephens]}. In {DATE[2013]} he played General {PERSON[Ravenscroft]} in {FAC[Agatha Christie’s Poirot “Elephants Can Remember”]}. 
From {DATE[2013]}, up to present day, {PERSON[Lukis]} plays the recurring role of {ORG[Colonel Blair Toast]} in the Channel 4 series Toast of {GPE[London]}. In {DATE[2014]} he appeared in {ORG[Midsomer Murders]} episode “{WORK_OF_ART[The Killings of Copenhagen]}” as {NORP[Julian]} {ORG[Calder]}. In {DATE[2015]}, {PERSON[Lukis]} appeared as {PERSON[Francis Davison]} in the {ORG[BBC TV]} series {WORK_OF_ART[Death in Paradise]} “{WORK_OF_ART[Damned If You Do]}” episode {CARDINAL[4.3]}, and appeared as {PERSON[Laurence Olivier]} in the {NORP[European]} premiere of the {PERSON[Austin Pendleton]} play {PERSON[Orson]}'s {PERSON[Shadow]}, at {FAC[the Southwark Playhouse]} in {GPE[London]}. In {DATE[2015]} he appeared in {LOC[Downton Abbey]} as Sir {PERSON[John Darnley]}.
In {DATE[2016]}, he appeared as {ORG[Home]} Secretary {PERSON[Alex Wallis]} in "{WORK_OF_ART[Hated in the Nation]}", an episode of the anthology series {LOC[Black Mirror]}.
In {DATE[September 2019]} he reprised his role as {PERSON[George Wickham]} in the world premiere of {ORG[Being Mr Wickham]}, a new play by {PERSON[Catherine Curzon]}. The performance took place at {FAC[the Old Georgian Theatre Royal]} in {ORG[Bath]} as part of {ORG[the Jane Austen Festival]}.

{ORG[Adrian Lukis]} at IMDb
 </spacy_body>
</doc>