<?xml version="1.0" encoding="utf-8"?>
<doc>
 <title>
  Adrian Ropes
 </title>
 <original_abstract>
  Adrian Ropes (8 May 1941 – 11 March 2004) was an Egyptian-born English television actor. He appeared in British television series Emergency – Ward 10, The Human Jungle, The Avengers, Randall and Hopkirk, Budgie and others.
 </original_abstract>
 <spacy_abstract>
  {PERSON[Adrian Ropes]} ({DATE[8 May 1941]} – {DATE[11 March 2004]}) was an {NORP[Egyptian]}-born {NORP[English]} television actor. He appeared in {NORP[British]} television series Emergency – Ward 10, {WORK_OF_ART[The Human Jungle]}, The {ORG[Avengers]}, {PERSON[Randall]} and {PERSON[Hopkirk]}, {ORG[Budgie]} and others.
 </spacy_abstract>
 <original_body>
  Adrian Ropes at IMDb
 </original_body>
 <spacy_body>
  {NORP[Adrian]} Ropes at IMDb
 </spacy_body>
</doc>