<?xml version="1.0" encoding="utf-8"?>
<doc>
 <title>
  Adrian Martinez (actor)
 </title>
 <original_abstract>
  Adrian Martinez (born January 20, 1972, in New York City) is an American actor and comedian, known for The Secret Life of Walter Mitty and Focus. He also worked in the theatre. He is also known for his role as the "Discount Double Check" guy in a series of State Farm commercials starring Aaron Rodgers.
 </original_abstract>
 <spacy_abstract>
  {PERSON[Adrian Martinez]} (born {DATE[January 20, 1972]}, in {GPE[New York City]}) is an {NORP[American]} actor and comedian, known for {WORK_OF_ART[The Secret Life of Walter Mitty]} and {ORG[Focus]}. He also worked in the theatre. He is also known for his role as the "Discount Double Check" guy in a series of {ORG[State Farm]} commercials starring {PERSON[Aaron Rodgers]}.
 </spacy_abstract>
 <original_body>
  Martinez debuted his acting career with the series America's Most Wanted in 1993, and since then he has acted in several television series. He has also worked in the theater, and a member of LAByrinth Theater Company.In 2009, Martinez appeared in Grand Theft Auto IV: The Lost and Damned as Brian Jeremy, the secondary antagonist, Set in 2008 Johnny Klebitz in The Angels of Death and The Lost MC Brotherhoods.In 2010, Martinez starred in the action comedy Cop Out as Tino, along with Bruce Willis and Tracy Morgan, directed by Kevin Smith, released on February 26, 2010 by Warner Bros. Pictures. He portrayed the role of Ginger Goon in the superhero comedy film Kick-Ass which starred Aaron Taylor-Johnson, Mark Strong, and Chloë Grace Moretz, directed by Matthew Vaughn and released on April 16, 2010.In 2012, Martinez starred in Spanish-language comedy Casa de Mi Padre as Manuel along with Will Ferrell, Gael García Bernal, and Diego Luna. The film was directed by Matt Piedmont and was released on March 16, 2012.In 2013, Martinez appeared in the biographical comedy film The Secret Life of Walter Mitty as Hernando for a supporting role along with Ben Stiller and Kristen Wiig in the lead. Stiller directed the film based on the script by Steve Conrad, which released in North America by 20th Century Fox on December 25, 2013. Later he also starred in the film American Hustle as Julius along with Christian Bale, Bradley Cooper, Jeremy Renner, Amy Adams, and Jennifer Lawrence. David O. Russell directed the film based on his own script co-written by Eric Warren Singer, and the film was released on December 13, 2013 by Columbia Pictures.In 2014, Martinez appeared in the superhero film The Amazing Spider-Man 2 as Bodega Cashier, opposite Andrew Garfield and Emma Stone, directed by Marc Webb and released on May 2, 2014.In 2015, Martinez played a prominent role of Farhad in the heist comedy Focus along with Will Smith and Margot Robbie, directed by Glenn Ficarra and John Requa based on their own script. The film was released on February 27, 2015 by Warner Bros. Focus was his first main role in the career of 20 years, on which Martinez felt like he had "been running in a marathon for 20 years and somebody from the side just reached out and handed [him] a cup of Champagne." He also appeared in the comedy film Sisters, along with Tina Fey and Amy Poehler, which was released on December 18, 2015.In June 2015, Martinez was cast in an action comedy starring Bruce Willis to play the owner of a local pizza joint. The movie - working title Going Under - was directed by Mark Cullen and Robb Cullen. It was released on video-on-demand to poor reviews as Once Upon a Time in Venice (also known as LA Vengeance in the UK) in 2017.
He joined the main cast on the ABC TV series Stumptown (2019) as "Tookie", a food truck owner who serves as an informant for the main character, played by Cobie Smulders.
Adrian Martinez at IMDb
 </original_body>
 <spacy_body>
  {ORG[Martinez]} debuted his acting career with the series {GPE[America]}'s Most Wanted in {DATE[1993]}, and since then he has acted in several television series. He has also worked in the theater, and a member of {ORG[LAByrinth Theater Company]}.In {DATE[2009]}, {GPE[Martinez]} appeared in {FAC[Grand Theft Auto IV]}: The Lost and Damned as {PERSON[Brian Jeremy]}, the secondary antagonist, Set in {DATE[2008]} {PERSON[Johnny Klebitz]} in {WORK_OF_ART[The Angels of Death and The Lost MC Brotherhoods]}.In {DATE[2010]}, {ORG[Martinez]} starred in the action comedy {WORK_OF_ART[Cop Out as Tino]}, along with {PERSON[Bruce Willis]} and {PERSON[Tracy Morgan]}, directed by {PERSON[Kevin Smith]}, released on {DATE[February 26, 2010]} by {ORG[Warner Bros. Pictures]}. He portrayed the role of {PERSON[Ginger Goon]} in the superhero comedy film {PERSON[Kick-Ass]} which starred {PERSON[Aaron Taylor-Johnson]}, {PERSON[Mark Strong]}, and {PERSON[Chloë Grace Moretz]}, directed by {PERSON[Matthew Vaughn]} and released on {DATE[April 16]}, {DATE[2010.In 2012]}, {ORG[Martinez]} starred in {LANGUAGE[Spanish]}-language comedy {PERSON[Casa de Mi Padre]} as {PERSON[Manuel]} along with {PERSON[Will Ferrell]}, {PERSON[Gael García Bernal]}, and {PERSON[Diego Luna]}. The film was directed by {PERSON[Matt Piedmont]} and was released on {DATE[March 16]}, {DATE[2012.In 2013]}, {ORG[Martinez]} appeared in the biographical comedy film {WORK_OF_ART[The Secret Life of Walter Mitty]} as Hernando for a supporting role along with {PERSON[Ben Stiller]} and {PERSON[Kristen Wiig]} in the lead. {PERSON[Stiller]} directed the film based on the script by {PERSON[Steve Conrad]}, which released in {LOC[North America]} by {DATE[20th Century]} Fox on {DATE[December 25, 2013]}. Later he also starred in the film {ORG[American Hustle as Julius]} along with {ORG[Christian Bale]}, {PERSON[Bradley Cooper]}, {PERSON[Jeremy Renner]}, {PERSON[Amy Adams]}, and {PERSON[Jennifer Lawrence]}. {PERSON[David O. Russell]} directed the film based on his own script co-written by {PERSON[Eric Warren Singer]}, and the film was released on {DATE[December 13, 2013]} by {ORG[Columbia Pictures]}.In {DATE[2014]}, {ORG[Martinez]} appeared in the superhero film {WORK_OF_ART[The Amazing Spider-Man 2]} as {PERSON[Bodega Cashier]}, opposite {PERSON[Andrew Garfield]} and {PERSON[Emma Stone]}, directed by {PERSON[Marc Webb]} and released on {DATE[May 2]}, {DATE[2014.In 2015]}, {ORG[Martinez]} played a prominent role of {GPE[Farhad]} in the heist comedy Focus along with {PERSON[Will Smith]} and {PERSON[Margot Robbie]}, directed by {PERSON[Glenn Ficarra]} and {PERSON[John Requa]} based on their own script. The film was released on {DATE[February 27, 2015]} by {ORG[Warner Bros. Focus]} was his first main role in the career of {DATE[20 years]}, on which {GPE[Martinez]} felt like he had "been running in a marathon for {DATE[20 years]} and somebody from the side just reached out and handed [him] a cup of Champagne." He also appeared in the comedy film {ORG[Sisters]}, along with {PERSON[Tina Fey]} and {PERSON[Amy Poehler]}, which was released on {DATE[December 18]}, 2015.In {DATE[June 2015]}, {ORG[Martinez]} was cast in an action comedy starring {PERSON[Bruce Willis]} to play the owner of a local pizza joint. The movie - working title Going Under - was directed by {PERSON[Mark Cullen]} and {GPE[Robb Cullen]}. It was released on video-on-demand to poor reviews as Once Upon a Time in {GPE[Venice]} (also known as {ORG[LA Vengeance]} in the {GPE[UK]}) in {DATE[2017]}.
He joined the main cast on the {ORG[ABC TV]} series {GPE[Stumptown]} ({DATE[2019]}) as "{WORK_OF_ART[Tookie]}", a food truck owner who serves as an informant for the main character, played by {ORG[Cobie Smulders]}.
{NORP[Adrian]} Martinez at IMDb
 </spacy_body>
</doc>