<?xml version="1.0" encoding="utf-8"?>
<doc>
 <title>
  Adrian Paul
 </title>
 <original_abstract>
  Adrian Paul Hewett (born 29 May 1959) is an English actor best known for the titular role of Duncan MacLeod on the television series Highlander: The Series. In 1997, he founded the Peace Fund charitable organisation.
 </original_abstract>
 <spacy_abstract>
  {PERSON[Adrian Paul Hewett]} (born {CARDINAL[29]} {DATE[May 1959]}) is an {LANGUAGE[English]} actor best known for the titular role of {PERSON[Duncan MacLeod]} on the television series {WORK_OF_ART[Highlander: The Series]}. In {DATE[1997]}, he founded the {ORG[Peace Fund]} charitable organisation.
 </spacy_abstract>
 <original_body>
  Paul was born in London, the first of three brothers, to an Italian 
mother and a British father. Paul first became a model, then a dancer and choreographer. As a teenager, he was a capable football player and made several appearances for Cray Wanderers in the London Spartan League between 1976 and 1978. In 1985, Paul moved to the United States to pursue careers in dance and modeling.
Paul spent time in the theatre, appearing in numerous plays, and has stated that these, along with an early television appearance on Beauty and the Beast (1987), helped to shape his acting abilities.
Paul's first role was on the ABC television series The Colbys in 1986, as ballet dancer Nikolai "Kolya" Rostov. This was followed by guest appearances on various television shows, including the aforementioned Beauty and the Beast (1987), two episodes of Tarzán (1991), Murder, She Wrote (1992), Relic Hunter (1999), and as himself in WWE SmackDown (1999). He also appeared in a January 2003 episode of Charmed and in the Off-Broadway play Bouncers (1987), as well as in the television films Shooter (1988) and The Cover Girl Murders (1993), the latter of which starred Lee Majors.
Paul's first film appearance was in the 1988 film Last Rites, which starred Tom Berenger. He starred in the remake Masque of the Red Death, a re-telling of the Edgar Allan Poe tale. He also appeared in Sheena Easton's "Days Like This" music video as her love interest and Duran Duran's "My Own Way" music video as a dancer.
In 1989, he appeared in a regular role in the second season of the television series War of the Worlds as John Kincaid, three episodes of the 1991 Dark Shadows remake as Jeremiah Collins, and made a pilot for CBS Television for a series called The Owl (1991). In 2001, he starred in Tracker.In 1992, Paul was cast in his most widely known role of Duncan MacLeod in the syndicated television series Highlander: The Series, which first aired in October 1992. He would portray the role on and off for the next 15 years, also starring in the big screen sequel Highlander: Endgame (2000), and the television film Highlander: The Source, released on the Sci-Fi Channel on 15 September 2007.
Other films in which he has starred or co-starred are Dance to Win (1989), Love Potion No. 9 (1992), Dead Men Can't Dance (1997), Susan's Plan (1998), Merlin: The Return (1999) as Lancelot, Convergence (1999), The Void (2001), The Breed (2001), Storm Watch (2002), Nemesis Game (2003) Throttle (2005), and Phantom Below (2005). In 2006, he co-starred in the horror film Séance and in Little Chicago. A year later, Paul appeared as Ananias Dare in the Sci-Fi Channel original film Wraiths of Roanoke (2007).
In 2008, Paul began voice acting the character of Patrick O'Brien in the animated War of the Worlds television show. He starred as Sir Francis Drake in the Sci-Fi Channel original film The Immortal Voyage of Captain Drake (2009), the futuristic thriller Eyeborgs (2009), and the thriller-drama The Heavy (2010). In 2012, Paul did a character voice-over in the Malaysian animated science fiction film War of the Worlds: Goliath. Paul starred in the 2013 science fiction film AE: Apocalypse Earth, a post-apocalyptic action-adventure film.
In 2015, he made a guest appearance as Commandant Leitner in Strike Back. In March 2019, he joined the CW series Arrow in a recurring role, playing a villainous character named Dante.
Paul married actress Meilani Figalan in 1990. The couple divorced in 1997. Paul married long-time girlfriend Alexandra Tonelli in 2009. They have three children, a daughter born in 2009, and two sons born in 2012 and 2020.
He has studied a range of martial arts and has been featured on the covers of Impact (three times), Inside Kung Fu, Karate International (four times) and Martial Arts Insider.
Paul is also involved in the development and production side of the entertainment industry. In 2008, he joined with Zoltan Furedi and founded Filmblips, an independent film and television media production company.
Adrian Paul is the co-host of Peace Fund Radio with Ethan Dettenmaier on Brigade-Radio-One
Adrian Paul at IMDb
Adrian Paul at AllMovie
Adrian Paul 2011 interview
Twitter
Peace Fund Radio
 </original_body>
 <spacy_body>
  {PERSON[Paul]} was born in {GPE[London]}, the {ORDINAL[first]} of {CARDINAL[three]} brothers, to an {NORP[Italian]} 
mother and a {NORP[British]} father. {PERSON[Paul first]} became a model, then a dancer and choreographer. As a teenager, he was a capable football player and made several appearances for {ORG[Cray Wanderers]} in {ORG[the London Spartan League]} {DATE[between 1976 and 1978]}. In {DATE[1985]}, {PERSON[Paul]} moved to {GPE[the United States]} to pursue careers in dance and modeling.
{PERSON[Paul]} spent time in the theatre, appearing in numerous plays, and has stated that these, along with an early television appearance on {WORK_OF_ART[Beauty and the Beast]} ({DATE[1987]}), helped to shape his acting abilities.
{PERSON[Paul]}'s {ORDINAL[first]} role was on the {ORG[ABC]} television series The {PERSON[Colbys]} in {DATE[1986]}, as ballet dancer {PERSON[Nikolai "Kolya" Rostov]}. This was followed by guest appearances on various television shows, including the aforementioned Beauty and the Beast ({DATE[1987]}), {CARDINAL[two]} episodes of {GPE[Tarzán]} ({DATE[1991]}), Murder, She Wrote ({DATE[1992]}), {PERSON[Relic Hunter]} ({DATE[1999]}), and as himself in WWE SmackDown ({DATE[1999]}). He also appeared in a {DATE[January 2003]} episode of {GPE[Charmed]} and in {FAC[the Off-Broadway play]} Bouncers ({DATE[1987]}), as well as in the television films {WORK_OF_ART[Shooter]} ({DATE[1988]}) and The Cover Girl Murders ({DATE[1993]}), the latter of which starred {PERSON[Lee Majors]}.
{PERSON[Paul]}'s {ORDINAL[first]} film appearance was in the {DATE[1988]} film {WORK_OF_ART[Last Rites]}, which starred {PERSON[Tom Berenger]}. He starred in the remake {ORG[Masque of the Red Death]}, a re-telling of {PERSON[the Edgar Allan Poe tale]}. He also appeared in {PERSON[Sheena Easton's]} "{WORK_OF_ART[Days Like This]}" music video as her love interest and {NORP[Duran]} Duran's "{WORK_OF_ART[My Own Way]}" music video as a dancer.
In {DATE[1989]}, he appeared in a regular role in {DATE[the second season]} of the television series {WORK_OF_ART[War of the Worlds]} as {PERSON[John Kincaid]}, {CARDINAL[three]} episodes of the {DATE[1991]} {LOC[Dark Shadows]} remake as {PERSON[Jeremiah Collins]}, and made a pilot for {ORG[CBS Television]} for a series called The Owl ({DATE[1991]}). In {DATE[2001]}, he starred in {GPE[Tracker]}.In {DATE[1992]}, {PERSON[Paul]} was cast in his most widely known role of {PERSON[Duncan MacLeod]} in the syndicated television series {WORK_OF_ART[Highlander: The Series]}, which first aired in {DATE[October 1992]}. He would portray the role on and off for {DATE[the next 15 years]}, also starring in the big screen sequel Highlander: Endgame ({DATE[2000]}), and the television film {WORK_OF_ART[Highlander:]} The Source, released on {ORG[the Sci-Fi Channel]} on {DATE[15 September 2007]}.
Other films in which he has starred or co-starred are Dance to Win ({DATE[1989]}), {WORK_OF_ART[Love Potion No. 9 (1992]}), Dead Men Can't Dance ({DATE[1997]}), {PERSON[Susan]}'s Plan ({DATE[1998]}), {PERSON[Merlin]}: The Return ({DATE[1999]}) as Lancelot, Convergence ({DATE[1999]}), The Void ({DATE[2001]}), The Breed ({DATE[2001]}), {ORG[Storm Watch]} ({DATE[2002]}), {ORG[Nemesis Game]} (2003) {GPE[Throttle]} ({DATE[2005]}), and {PERSON[Phantom Below]} ({DATE[2005]}). In {DATE[2006]}, he co-starred in the horror film {FAC[Séance]} and in Little {GPE[Chicago]}. {DATE[A year later]}, {PERSON[Paul]} appeared as {PERSON[Ananias Dare]} in the Sci-Fi Channel original film {WORK_OF_ART[Wraiths of Roanoke]} ({DATE[2007]}).
In {DATE[2008]}, {PERSON[Paul]} began voice acting the character of {PERSON[Patrick O'Brien]} in the animated War of the Worlds television show. He starred as Sir {PERSON[Francis Drake]} in the Sci-Fi Channel original film {ORG[The Immortal Voyage of Captain Drake]} ({DATE[2009]}), the futuristic thriller {GPE[Eyeborgs]} ({DATE[2009]}), and the thriller-drama The Heavy ({DATE[2010]}). In {DATE[2012]}, {PERSON[Paul]} did a character voice-over in the {NORP[Malaysian]} animated science fiction film {WORK_OF_ART[War of the Worlds:]} Goliath. {PERSON[Paul]} starred in the {DATE[2013]} science fiction film AE: {PERSON[Apocalypse Earth]}, a post-apocalyptic action-adventure film.
In {DATE[2015]}, he made a guest appearance as Commandant {PERSON[Leitner]} in {GPE[Strike Back]}. In {DATE[March 2019]}, he joined the CW series {WORK_OF_ART[Arrow]} in a recurring role, playing a villainous character named {PERSON[Dante]}.
{PERSON[Paul]} married actress {PERSON[Meilani Figalan]} in {DATE[1990]}. The couple divorced in {DATE[1997]}. {PERSON[Paul]} married long-time girlfriend {PERSON[Alexandra Tonelli]} in {DATE[2009]}. They have {CARDINAL[three]} children, a daughter born in {DATE[2009]}, and {CARDINAL[two]} sons born in {DATE[2012]} and {DATE[2020]}.
He has studied a range of martial arts and has been featured on the covers of {GPE[Impact]} ({CARDINAL[three]} times), {PERSON[Inside Kung Fu]}, {ORG[Karate International]} ({CARDINAL[four]} times) and {ORG[Martial Arts Insider]}.
Paul is also involved in the development and production side of the entertainment industry. In {DATE[2008]}, he joined with {NORP[Zoltan Furedi]} and founded {PRODUCT[Filmblips]}, an independent film and television media production company.
{NORP[Adrian]} {PERSON[Paul]} is the co-host of {ORG[Peace Fund Radio]} with {PERSON[Ethan Dettenmaier]} on Brigade-Radio-One
{NORP[Adrian]} Paul at IMDb
{NORP[Adrian]} {PERSON[Paul]} at {NORP[AllMovie]}
{NORP[Adrian]} Paul {DATE[2011]} interview
Twitter
Peace Fund Radio
 </spacy_body>
</doc>