<?xml version="1.0" encoding="utf-8"?>
<doc>
 <title>
  Adriano Domínguez
 </title>
 <original_abstract>
  Adriano Domínguez Fernández (4 January 1919 – 9 May 2008) was a Spanish film and television actor. He appeared in 150 films between 1945 and 1994. He survived to the terrorist act at California 47 café in 1979 by GRAPO. He died on 9 May 2008 at the age of 92 at Virgen del Camino nursing home in León.
 </original_abstract>
 <spacy_abstract>
  {PERSON[Adriano Domínguez Fernández]} ({DATE[4 January 1919]} – {DATE[9 May 2008]}) was a {NORP[Spanish]} film and television actor. He appeared in {CARDINAL[150]} films {DATE[between 1945 and 1994]}. He survived to the terrorist act at {GPE[California]} {CARDINAL[47]} café in {DATE[1979]} by {ORG[GRAPO]}. He died on {DATE[9 May 2008]} at {DATE[the age of 92]} at {FAC[Virgen del Camino]} nursing home in {GPE[León]}.
 </spacy_abstract>
 <original_body>
  Luis Mariano González. Fascismo, kitsch y cine histórico español, 1939-1953. Univ de Castilla La Mancha, 2009.
Adriano Domínguez at IMDb
 </original_body>
 <spacy_body>
  {PERSON[Luis Mariano González]}. Fascismo, kitsch y cine histórico español, {DATE[1939-1953]}. Univ {PERSON[de Castilla La Mancha]}, {DATE[2009]}.
{PERSON[Adriano Domínguez]} at IMDb
 </spacy_body>
</doc>