<?xml version="1.0" encoding="utf-8"?>
<doc>
 <title>
  Adrian Rawlins
 </title>
 <original_abstract>
  Adrian John Rawlins (born 27 March 1958) is an English actor best known for playing Arthur Kidd in The Woman in Black and James Potter in the Harry Potter films. In 2019, he starred in Chernobyl as Nikolai Fomin.
 </original_abstract>
 <spacy_abstract>
  {PERSON[Adrian John Rawlins]} (born {DATE[27 March 1958]}) is an {LANGUAGE[English]} actor best known for playing {PERSON[Arthur Kidd]} in {ORG[The Woman in Black]} and {PERSON[James Potter]} in the {PERSON[Harry Potter]} films. In {DATE[2019]}, he starred in {GPE[Chernobyl]} as {PERSON[Nikolai Fomin]}.
 </spacy_abstract>
 <original_body>
  Rawlins was born in Stoke-on-Trent, Staffordshire, the son of Mavis (née Leese) and Edward Rawlins, a market trader. Rawlins was educated at Stanfield Technical High School in Stoke-on-Trent and the Stoke VI Form College. He then studied art and acting at Manchester Metropolitan University.
Rawlins has appeared in several films including Wilbur Wants to Kill Himself, and also has a pivotal role in the Harry Potter film series as Harry Potter's father James Potter. Onstage, he has appeared in Her Naked Skin (2008, National Theatre). He played Richard Collingsworth in the 1989 TV serial version of The Ginger Tree, opposite Samantha Bond. He also starred in The Woman in Black which was made for television and aired at Christmas 1989.
Since 2014, he has volunteered at East Riding Theatre in East Riding of Yorkshire, becoming artistic director in 2015.
Adrian Rawlins at IMDb
Adrian Rawlins at the Hampstead Theatre
 </original_body>
 <spacy_body>
  Rawlins was born in {PRODUCT[Stoke]}-on-Trent, {GPE[Staffordshire]}, the son of {PERSON[Mavis]} ({PERSON[née Leese]}) and {PERSON[Edward Rawlins]}, a market trader. {PERSON[Rawlins]} was educated at {ORG[Stanfield Technical High School]} in Stoke-on-Trent and {ORG[the Stoke VI Form College]}. He then studied art and acting at {ORG[Manchester Metropolitan University]}.
{PERSON[Rawlins]} has appeared in several films including {PERSON[Wilbur Wants]} to Kill Himself, and also has a pivotal role in the {WORK_OF_ART[Harry Potter]} film series as {PERSON[Harry Potter's]} father {PERSON[James Potter]}. Onstage, he has appeared in {PERSON[Her Naked Skin]} (2008, {WORK_OF_ART[National Theatre]}). He played {PERSON[Richard Collingsworth]} in the {DATE[1989]} TV serial version of {WORK_OF_ART[The Ginger Tree]}, opposite {PERSON[Samantha Bond]}. He also starred in {WORK_OF_ART[The Woman in Black]} which was made for television and aired at {DATE[Christmas 1989]}.
Since {DATE[2014]}, he has volunteered at {LOC[East Riding Theatre]} in {GPE[East Riding of Yorkshire]}, becoming artistic director in {DATE[2015]}.
{NORP[Adrian]} Rawlins at IMDb
{NORP[Adrian]} Rawlins at {FAC[the Hampstead Theatre
]}
 </spacy_body>
</doc>