<?xml version="1.0" encoding="utf-8"?>
<doc>
 <title>
  Adrienne Marden
 </title>
 <original_abstract>
  Adrienne Marden (born Mabel Baruch, September 2, 1909 – November 9, 1978) was an American film and television actress.
 </original_abstract>
 <spacy_abstract>
  {PERSON[Adrienne Marden]} (born {PERSON[Mabel Baruch]}, {DATE[September 2, 1909 –]} {DATE[November 9, 1978]}) was an {NORP[American]} film and television actress.
 </spacy_abstract>
 <original_body>
  Born in Cleveland, Ohio, Marden attended the University of Michigan, where she was active in dramatics.
Marden gained early acting experience in stock theater companies in Cleveland. She also directed musicals in some small towns in Ohio before moving to California and joining the Pasadena Playhouse.One of Marden's first film roles was playing a czar's daughter in Rasputin and the Empress (1932), in which she was billed as Mabel Marden.Marden debuted on Broadway in Merrily We Roll Along (1934). Her other Broadway credits include Hickory Stick (1943), The American Way (1938), and The Women (1936).On radio, Marden had the role of Patricia Jordan on The Story of Bess Johnson and was on the American Drama School of the Air.
On August 12, 1956, Marden married actor Wendell Holmes in Santa Monica, California.
She was previously married to actor Whit Bissell.
Pitts, Michael R. Western Movies: A Guide to 5,105 Feature Films. McFarland, 2012.
Adrienne Marden at IMDb
 </original_body>
 <spacy_body>
  Born in {GPE[Cleveland]}, {GPE[Ohio]}, {PERSON[Marden]} attended {ORG[the University of Michigan]}, where she was active in dramatics.
{PERSON[Marden]} gained early acting experience in stock theater companies in {GPE[Cleveland]}. She also directed musicals in some small towns in {GPE[Ohio]} before moving to {GPE[California]} and joining {ORG[the Pasadena Playhouse]}.{CARDINAL[One]} of {PERSON[Marden]}'s {ORDINAL[first]} film roles was playing a czar's daughter in {PERSON[Rasputin]} and the Empress (1932), in which she was billed as {PERSON[Mabel Marden]}.{PERSON[Marden]} debuted on {FAC[Broadway]} in Merrily We Roll Along ({DATE[1934]}). Her other {FAC[Broadway]} credits include {ORG[Hickory Stick]} ({DATE[1943]}), {WORK_OF_ART[The American Way]} (1938), and The Women (1936).On radio, {PERSON[Marden]} had the role of {PERSON[Patricia Jordan]} on {WORK_OF_ART[The Story of Bess Johnson]} and was on {ORG[the American Drama School of the Air]}.
On {DATE[August 12, 1956]}, {PERSON[Marden]} married actor {PERSON[Wendell Holmes]} in {GPE[Santa Monica]}, {GPE[California]}.
She was previously married to actor {PERSON[Whit Bissell]}.
Pitts, {PERSON[Michael R. Western]} Movies: A Guide to {CARDINAL[5,105]} Feature Films. McFarland, {DATE[2012]}.
{PERSON[Adrienne Marden]} at IMDb
 </spacy_body>
</doc>