<?xml version="1.0" encoding="utf-8"?>
<doc>
 <title>
  Adrienne Kroell
 </title>
 <original_abstract>
  Adrienne Kroell (December 13, 1892- October 2, 1949), was an American actress. She appeared in over 75 to 90 films between 1909 and 1914.
She was born in Chicago, Illinois. She later moved to St. Louis, Missouri, and attended Yeatman High School.
Kroell began acting on stage in St. Louis in 1906 after she won a beauty contest there. She first appeared in film in 1909 and appeared in films mostly made by the Selig Polyscope Company until 1914. The Cowboy Millionaire was her first film appearance which also starred Tom Mix. She retired from acting in 1917 after she developed arthritis.On October 2, 1949, Kroell died at Sturgis Convelescent Home in Evanston, Illinois, of complications from arthritis and was buried at Rosehill Cemetery in Chicago.
 </original_abstract>
 <spacy_abstract>
  {PERSON[Adrienne Kroell]} ({DATE[December 13]}, {DATE[1892- October 2, 1949]}), was an {NORP[American]} actress. She appeared in over {CARDINAL[75 to 90]} films {DATE[between 1909 and 1914]}.
She was born in {GPE[Chicago]}, {GPE[Illinois]}. She later moved to {GPE[St. Louis]}, {GPE[Missouri]}, and attended {ORG[Yeatman High School]}.
{PERSON[Kroell]} began acting on stage in {GPE[St. Louis]} in {DATE[1906]} after she won a beauty contest there. She {ORDINAL[first]} appeared in film in {DATE[1909]} and appeared in films mostly made by {ORG[the Selig Polyscope Company]} until {DATE[1914]}. The Cowboy Millionaire was her {ORDINAL[first]} film appearance which also starred {PERSON[Tom Mix]}. She retired from acting in {DATE[1917]} after she developed arthritis.On {DATE[October 2, 1949]}, {ORG[Kroell]} died at {FAC[Sturgis Convelescent Home]} in {GPE[Evanston]}, {GPE[Illinois]}, of complications from arthritis and was buried at {FAC[Rosehill Cemetery]} in {GPE[Chicago]}.
 </spacy_abstract>
 <original_body>
  Adrienne Kroell at IMDb
 </original_body>
 <spacy_body>
  {PERSON[Adrienne Kroell]} at IMDb
 </spacy_body>
</doc>