<?xml version="1.0" encoding="utf-8"?>
<doc>
 <title>
  Adrienne D'Ambricourt
 </title>
 <original_abstract>
  Adrienne D'Ambricourt (born Adrienne DuNontier; 2 June 1878 – 6 December 1957) was a French-American actress of the silent and sound film eras. She was born in Paris, and emigrated to the United States after the end of World War I.
 </original_abstract>
 <spacy_abstract>
  {PERSON[Adrienne D'Ambricourt]} (born {PERSON[Adrienne DuNontier]}; {DATE[2 June 1878]} – {DATE[6 December 1957]}) was a {NORP[French]}-American actress of the silent and sound film eras. She was born in {GPE[Paris]}, and emigrated to {GPE[the United States]} after the end of {EVENT[World War I.]}
 </spacy_abstract>
 <original_body>
  (Per AFI database)


== References ==
 </original_body>
 <spacy_body>
  (Per {ORG[AFI]} database)


== References ==
 </spacy_body>
</doc>