<?xml version="1.0" encoding="utf-8"?>
<doc>
 <title>
  Adrienne Ellis
 </title>
 <original_abstract>
  Adrianne Ellis (born March 8, 1941) is a Canadian-born American actress.
 </original_abstract>
 <spacy_abstract>
  {PERSON[Adrianne Ellis]} (born {DATE[March 8, 1941]}) is a {NORP[Canadian]}-born {NORP[American]} actress.
 </spacy_abstract>
 <original_body>
  Adrianne Ellis was born in Canada and raised in California, where she attended Van Nuys High School, where she was president of her Honors Drama Society. She went on to study at UCLA, where she distinguished herself in the theater and acted in the first student film directed by then fellow student Francis Ford Coppola.
Ellis began her career in 1960, when she played Shirley on the TV series Dan Raven. In 1965 she played Myra Finlay in the Perry Mason episode, "The Case of the Cheating Chancellor". Other credits include the TV shows Suspicion, The Virginian and Morning Star (1965-1966), where she had one of the main roles, and the movie The New Interns.
During the 1960s she lived at the Hollywood Studio Club. Her roommate was model Gloria Dawn. Her other stage roles includes as Nora in The Doll's House, and Desdemona opposite William Marshall's Othello. She Adrienne produced a theatrical version of The Servant starring Keir Dullea at the former Bayview Playhouse in Toronto and co-produced, Rugged Gold, a family movie directed by Michael Anderson.
Ellis was the wife of actor Glen Corbett (the screen name of Larry Holden). After her divorce from him, she married in 1977 British film director Michael Anderson (Around the World in 80 Days, Logan's Run).
Adrienne Ellis is the mother of actress Laurie Holden (The X-Files, Silent Hill, The Mist, The Walking Dead) and actor/assistant director Christopher Holden.

Adrianne Ellis at IMDb
 </original_body>
 <spacy_body>
  {ORG[Adrianne Ellis]} was born in {GPE[Canada]} and raised in {GPE[California]}, where she attended {ORG[Van Nuys High School]}, where she was president of her {ORG[Honors Drama Society]}. She went on to study at {ORG[UCLA]}, where she distinguished herself in the theater and acted in the {ORDINAL[first]} student film directed by then fellow student {PERSON[Francis Ford Coppola]}.
{PERSON[Ellis]} began her career in {DATE[1960]}, when she played {PERSON[Shirley]} on the TV series {PERSON[Dan Raven]}. In {DATE[1965]} she played {PERSON[Myra Finlay]} in the {FAC[Perry Mason]} episode, {WORK_OF_ART["The Case of the Cheating Chancellor"]}. Other credits include the TV shows Suspicion, The Virginian and Morning Star ({DATE[1965-1966]}), where she had {CARDINAL[one]} of the main roles, and the movie {ORG[The New Interns]}.
During {DATE[the 1960s]} she lived at {ORG[the Hollywood Studio Club]}. Her roommate was model {PERSON[Gloria Dawn]}. Her other stage roles includes as {PERSON[Nora]} in {WORK_OF_ART[The Doll's House]}, and {GPE[Desdemona]} opposite {PERSON[William Marshall's]} Othello. She Adrienne produced a theatrical version of The Servant starring Keir Dullea at the former Bayview {ORG[Playhouse]} in {GPE[Toronto]} and co-produced, {ORG[Rugged Gold]}, a family movie directed by {PERSON[Michael Anderson]}.
{PERSON[Ellis]} was the wife of actor {PERSON[Glen Corbett]} (the screen name of {PERSON[Larry Holden]}). After her divorce from him, she married in {DATE[1977]} {NORP[British]} film director {PERSON[Michael Anderson]} (Around the World in {DATE[80 Days]}, {PERSON[Logan]}'s Run).
{PERSON[Adrienne Ellis]} is the mother of actress {PERSON[Laurie Holden]} ({WORK_OF_ART[The X-Files]}, Silent Hill, The Mist, {WORK_OF_ART[The Walking Dead]}) and actor/assistant director {PERSON[Christopher Holden]}.

{ORG[Adrianne Ellis]} at IMDb
 </spacy_body>
</doc>