<?xml version="1.0" encoding="utf-8"?>
<doc>
 <title>
  Afemo Omilami
 </title>
 <original_abstract>
  Afemo Omilami (born December 13, 1950) is an American actor.
 </original_abstract>
 <spacy_abstract>
  {PERSON[Afemo Omilami]} (born {DATE[December 13, 1950]}) is an {NORP[American]} actor.
 </spacy_abstract>
 <original_body>
  Omilami was born in Petersburg, Virginia on December 13, 1950.
He has appeared in many films such as Trading Places  (1983), Glory (1989), The Firm (1993), Gordy (1995), Remember the Titans (2000), Ray (2004),  Hounddog (2007), The Blind Side (2009), and Terminator Genisys (2015).  He is perhaps best known for his role as the Drill Sergeant in Forrest Gump (1994). He had a recurring role as the streetwise Jimmy Dawes in In the Heat of the Night from 1989 to 1993. He was nominated for a 2013 NAACP Image Award in the category "Actor in a Television Movie, Mini-Series or Dramatic Special" for his performance in Lifetime's Steel Magnolias as Drum Eatenton.He also appeared in guest roles in television series Miami Vice, Fortune Hunter, New York News, The Shield, Criminal Minds: Beyond Borders and Raising Dion.
He married his wife Elisabeth Omilami on September 11, 1985. She is an actress, minister, and a civil rights leader.  They have two children: son Awodele and daughter Juanita.
His longtime friend was actor Thomas Jefferson Byrd. After Byrd was killed, Omilami described Byrd as a "devoted father and husband and a master of his craft".
Afemo Omilami at IMDb
 </original_body>
 <spacy_body>
  {ORG[Omilami]} was born in {GPE[Petersburg]}, {GPE[Virginia]} on {DATE[December 13, 1950]}.
He has appeared in many films such as Trading Places  ({DATE[1983]}), Glory ({DATE[1989]}), The Firm ({DATE[1993]}), Gordy ({DATE[1995]}), Remember the Titans ({DATE[2000]}), {PERSON[Ray]} ({DATE[2004]}),  {PERSON[Hounddog]} ({DATE[2007]}), {WORK_OF_ART[The Blind Side]} ({DATE[2009]}), and {PERSON[Terminator Genisys]} ({DATE[2015]}).  He is perhaps best known for his role as {LOC[the Drill Sergeant]} in {PERSON[Forrest Gump]} ({DATE[1994]}). He had a recurring role as the streetwise {PERSON[Jimmy Dawes]} in In {WORK_OF_ART[the Heat of the Night]} from 1989 to 1993. He was nominated for a {DATE[2013]} {WORK_OF_ART[NAACP Image Award]} in the category "Actor in a Television Movie, Mini-Series or Dramatic Special" for his performance in {GPE[Lifetime]}'s Steel Magnolias as {PERSON[Drum Eatenton]}.He also appeared in guest roles in television series {GPE[Miami]} Vice, {PERSON[Fortune Hunter]}, {ORG[New York News]}, {FAC[The Shield]}, Criminal Minds: Beyond Borders and Raising Dion.
He married his wife {PERSON[Elisabeth Omilami]} on {DATE[September 11, 1985]}. She is an actress, minister, and a civil rights leader.  They have {CARDINAL[two]} children: son {PERSON[Awodele]} and daughter Juanita.
His longtime friend was actor {PERSON[Thomas Jefferson Byrd]}. After {PERSON[Byrd]} was killed, {PERSON[Omilami]} described {PERSON[Byrd]} as a "devoted father and husband and a master of his craft".
Afemo {PERSON[Omilami]} at IMDb
 </spacy_body>
</doc>