<?xml version="1.0" encoding="utf-8"?>
<doc>
 <title>
  Afshan Azad
 </title>
 <original_abstract>
  Afshan Noor Azad-Kazi  (born 12 February, 1988) is a  British actress, model, and media personality. She is best known for playing the role of Padma Patil in the Harry Potter film series, beginning in 2005 with Harry Potter and the Goblet of Fire.
 </original_abstract>
 <spacy_abstract>
  {PERSON[Afshan Noor Azad-Kazi]}  (born {DATE[12 February, 1988]}) is a  {NORP[British]} actress, model, and media personality. She is best known for playing the role of {PERSON[Padma Patil]} in the Harry Potter film series, beginning in {DATE[2005]} with {PERSON[Harry Potter]} and {ORG[the Goblet of Fire]}.
 </spacy_abstract>
 <original_body>
  Azad was born in Longsight, Manchester, England and is of Bangladeshi descent. She attended Whalley Range High School, and took AS-levels in chemistry, biology, English and business studies at Xaverian College in Rusholme. She went on to graduate with a Bachelor of Arts in Journalism and Design from the University of Salford.
Azad is known for her performances as Padma Patil in five of the Harry Potter films, starting with 2005's Harry Potter and the Goblet of Fire. She acquired the role when casting agents visited her school and, after having attended several auditions, chose her for the part. Azad had stated that she had auditioned "just for the fun of it" and surprisingly got the part.She has also told the press that her best friends on the set of Harry Potter were Bonnie Wright (Ginny Weasley), Katie Leung (Cho Chang), Evanna Lynch (Luna Lovegood), and Scarlett Byrne (Pansy Parkinson). Azad and Shefali Chowdhury (who played the character of Azad's twin sister Parvati Patil) were also good friends.In 2017, Azad guest presented an episode of the CBBC series Marrying Mum &amp; Dad with Ed Petrie whilst Naomi Wilkinson was away.
Azad married Nabil Kazi in August 2018. They are based in Worcester. On 11 April 2021, the couple announced they were expecting their first child.
When she was 22, Azad's father and brother attacked her because of her relationship with a Hindu boy.On June 29, 2010, Azad's father, Abdul Azad, and brother, Ashraf Azad, appeared in Manchester Magistrates' Court, charged with threatening to kill her. They were released on bail. Azad's brother was charged with "assault occasioning actual bodily harm", whilst Azad stayed with friends in London. On 20 December 2010, Azad did not attend court when the prosecution accepted her brother's guilty plea to assault occasioning actual bodily harm and a judge ruled both men were not guilty of threatening to kill Azad. On January 21, 2011, Azad's brother was imprisoned for six months.
British Bangladeshi
List of British Bangladeshis
List of Harry Potter cast members
Afshan Azad at IMDb
 </original_body>
 <spacy_body>
  Azad was born in {GPE[Longsight]}, {GPE[Manchester]}, {GPE[England]} and is of {PERSON[Bangladeshi]} descent. She attended {ORG[Whalley Range High School]}, and took AS-levels in chemistry, biology, {LANGUAGE[English]} and business studies at {ORG[Xaverian College]} in {GPE[Rusholme]}. She went on to graduate with {ORG[a Bachelor of Arts]} in Journalism and Design from {ORG[the University of Salford]}.
Azad is known for her performances as {ORG[Padma Patil]} in {CARDINAL[five]} of the {WORK_OF_ART[Harry Potter]} films, starting with {DATE[2005]}'s {PERSON[Harry Potter]} and {ORG[the Goblet of Fire]}. She acquired the role when casting agents visited her school and, after having attended several auditions, chose her for the part. {PERSON[Azad]} had stated that she had auditioned "just for the fun of it" and surprisingly got the part.She has also told the press that her best friends on the set of {PERSON[Harry Potter]} were {PERSON[Bonnie Wright]} ({PERSON[Ginny Weasley]}), {PERSON[Katie Leung]} ({PERSON[Cho Chang]}), {PERSON[Evanna Lynch]} (Luna Lovegood), and {PERSON[Scarlett Byrne]} ({ORG[Pansy Parkinson]}). Azad and {PERSON[Shefali Chowdhury]} (who played the character of {PERSON[Azad]}'s twin sister {ORG[Parvati Patil]}) were also good friends.In {DATE[2017]}, Azad guest presented an episode of the {ORG[CBBC]} series Marrying Mum &amp; Dad with {PERSON[Ed Petrie]} whilst {PERSON[Naomi Wilkinson]} was away.
Azad married {PERSON[Nabil Kazi]} in {DATE[August 2018]}. They are based in {GPE[Worcester]}. On {DATE[11 April 2021]}, the couple announced they were expecting their {ORDINAL[first]} child.
When she was {DATE[22]}, {PERSON[Azad]}'s father and brother attacked her because of her relationship with a {NORP[Hindu]} boy.On {DATE[June 29, 2010]}, {PERSON[Azad]}'s father, {PERSON[Abdul Azad]}, and brother, {PERSON[Ashraf Azad]}, appeared in {ORG[Manchester Magistrates' Court]}, charged with threatening to kill her. They were released on bail. {PERSON[Azad]}'s brother was charged with "assault occasioning actual bodily harm", whilst {PERSON[Azad]} stayed with friends in {GPE[London]}. On {DATE[20 December 2010]}, Azad did not attend court when the prosecution accepted her brother's guilty plea to assault occasioning actual bodily harm and a judge ruled both men were not guilty of threatening to kill Azad. On {DATE[January 21, 2011]}, {PERSON[Azad]}'s brother was imprisoned for {DATE[six months]}.
{NORP[British]} Bangladeshi
List of {NORP[British]} Bangladeshis
List of {PERSON[Harry Potter]} cast members
Afshan {PERSON[Azad]} at IMDb
 </spacy_body>
</doc>