<?xml version="1.0" encoding="utf-8"?>
<doc>
 <title>
  Aggie Herring
 </title>
 <original_abstract>
  Agnes Herring (February 4, 1876 – October 28, 1939) was an American actress. She appeared in more than 100 films between 1915 and 1939.

 She was born in San Francisco and died in Santa Monica, California.
 </original_abstract>
 <spacy_abstract>
  {PERSON[Agnes Herring]} ({DATE[February 4, 1876 – October 28, 1939]}) was an {NORP[American]} actress. She appeared in {CARDINAL[more than 100]} films {DATE[between 1915 and 1939]}.

 She was born in {GPE[San Francisco]} and died in {GPE[Santa Monica]}, {GPE[California]}.
 </spacy_abstract>
 <original_body>
  She was born in San Francisco and died in Santa Monica, California.
Aggie Herring at IMDb
 </original_body>
 <spacy_body>
  She was born in {GPE[San Francisco]} and died in {GPE[Santa Monica]}, {GPE[California]}.
{PERSON[Aggie Herring]} at IMDb
 </spacy_body>
</doc>