<?xml version="1.0" encoding="utf-8"?>
<doc>
 <title>
  Agnes Bruckner
 </title>
 <original_abstract>
  Agnes Bruckner (born August 16, 1985) is an American actress and former model. She began acting in television in the late 1990s and has since appeared in several films, including The Woods, Blue Car, Murder by Numbers, Blood and Chocolate, The Anna Nicole Story, The 11th Green, and Private Practice.
 </original_abstract>
 <spacy_abstract>
  {PERSON[Agnes Bruckner]} (born {DATE[August 16, 1985]}) is an {NORP[American]} actress and former model. She began acting in television in {DATE[the late 1990s]} and has since appeared in several films, including The {ORG[Woods]}, {ORG[Blue Car]}, Murder by Numbers, Blood and Chocolate, The Anna Nicole Story, The 11th Green, and {ORG[Private Practice]}.
 </spacy_abstract>
 <original_body>
  Bruckner was born in Hollywood, California, to a Hungarian father and a Russian mother who have since divorced; her grandfather is German. Her parents met in Hungary and emigrated to the U.S. in 1984 through a refugee camp in Italy. She has two sisters and a brother.
Bruckner speaks some Russian and is fluent in Hungarian, having spoken that language since birth. She had studied dance, ballet, and tap since the age of five, intending a career as a dancer. At the age of eight, Bruckner  appeared in a beauty pageant while working as a child model at the suggestion of her mother. Bruckner grew up in the Los Feliz section of Los Angeles, California until age five, then in Portland, Oregon until age ten, when her family moved to Burbank for her to pursue an acting career in Los Angeles.
Bruckner began her career at age 11. She appeared in commercials, in a few television pilots, and on the daytime soap opera The Bold and the Beautiful in 1999. At the age of 15, Bruckner got her first lead role in the independent film Blue Car (2002), in which she played a high school student involved in an affair with her teacher, played by David Strathairn. Film critic Roger Ebert wrote that Bruckner "negotiates this difficult script with complete conviction." Bruckner received an Independent Spirit Award nomination for "Best Female Lead" for the role.
In the 2000s, other minor roles in television and film followed, including roles in the thrillers The Glass House (2001) and the Sandra Bullock-starring Murder by Numbers (2002). Bruckner has appeared in episodes of the television series 24 and Alias. She starred in the horror films Venom (2005) and The Woods (2006). Also in 2006, she appeared in the drama Peaceful Warrior opposite Scott Mechlowicz and received a ShoWest Female Star of Tomorrow Award and played the lead role in Dreamland.
In 2007, Bruckner appeared in the horror/romance film Blood and Chocolate and later Say Hello to Stan Talmadge (2008), Kill Theory (2008), Vacancy 2: The First Cut (2009),  and  The Craigslist Killer (2011).
On October 3, 2012, Bruckner was cast to play Anna Nicole Smith in a Lifetime original movie The Anna Nicole Story. In 2020, Bruckner played the female lead in ‘’The 11th Green’’.
She has two children. In April 2016, she gave birth to one of them, a son, with her boyfriend.
Agnes Bruckner at IMDb
Agnes Bruckner at AllMovie
 </original_body>
 <spacy_body>
  {ORG[Bruckner]} was born in {GPE[Hollywood]}, {GPE[California]}, to a {NORP[Hungarian]} father and a {NORP[Russian]} mother who have since divorced; her grandfather is {NORP[German]}. Her parents met in {GPE[Hungary]} and emigrated to the {GPE[U.S.]} in {DATE[1984]} through a refugee camp in {GPE[Italy]}. She has {CARDINAL[two]} sisters and a brother.
Bruckner speaks some {NORP[Russian]} and is fluent in {NORP[Hungarian]}, having spoken that language since birth. She had studied dance, ballet, and tap since {DATE[the age of five]}, intending a career as a dancer. At {DATE[the age of eight]}, {ORG[Bruckner]}  appeared in a beauty pageant while working as a child model at the suggestion of her mother. {ORG[Bruckner]} grew up in the Los Feliz section of {GPE[Los Angeles]}, {GPE[California]} until {DATE[age five]}, then in {GPE[Portland]}, {GPE[Oregon]} until {DATE[age ten]}, when her family moved to {GPE[Burbank]} for her to pursue an acting career in {GPE[Los Angeles]}.
{PERSON[Bruckner]} began her career at {DATE[age 11]}. She appeared in commercials, in a few television pilots, and on the {TIME[daytime]} soap opera The {PERSON[Bold]} and the Beautiful in {DATE[1999]}. At {DATE[the age of 15]}, {ORG[Bruckner]} got her {ORDINAL[first]} lead role in the independent film {PRODUCT[Blue Car (2002]}), in which she played a high school student involved in an affair with her teacher, played by {PERSON[David Strathairn]}. Film critic {PERSON[Roger Ebert]} wrote that {ORG[Bruckner]} "negotiates this difficult script with complete conviction." {PERSON[Bruckner]} received an Independent Spirit Award nomination for "{WORK_OF_ART[Best Female Lead]}" for the role.
In {DATE[the 2000s]}, other minor roles in television and film followed, including roles in the thrillers {WORK_OF_ART[The Glass House]} ({DATE[2001]}) and {PRODUCT[the Sandra Bullock-starring Murder by Numbers]} ({DATE[2002]}). {ORG[Bruckner]} has appeared in episodes of the television series {DATE[24]} and {GPE[Alias]}. She starred in the horror films Venom ({DATE[2005]}) and {WORK_OF_ART[The Woods]} ({DATE[2006]}). Also in {DATE[2006]}, she appeared in the drama {LOC[Peaceful Warrior]} opposite {PERSON[Scott Mechlowicz]} and received a ShoWest Female Star of {PERSON[Tomorrow Award]} and played the lead role in {GPE[Dreamland]}.
In {DATE[2007]}, {ORG[Bruckner]} appeared in the horror/romance film {WORK_OF_ART[Blood and Chocolate]} and later Say Hello to {PERSON[Stan Talmadge]} ({DATE[2008]}), {PERSON[Kill Theory]} ({DATE[2008]}), Vacancy {CARDINAL[2]}: {EVENT[The First Cut]} ({DATE[2009]}),  and  {WORK_OF_ART[The Craigslist Killer]} ({DATE[2011]}).
On {DATE[October 3, 2012]}, {ORG[Bruckner]} was cast to play {PERSON[Anna Nicole Smith]} in a Lifetime original movie {ORG[The Anna Nicole Story]}. In {DATE[2020]}, {ORG[Bruckner]} played the female lead in ‘’{EVENT[The 11th Green’]}’.
She has {CARDINAL[two]} children. In {DATE[April 2016]}, she gave birth to {CARDINAL[one]} of them, a son, with her boyfriend.
{PERSON[Agnes Bruckner]} at IMDb
{PERSON[Agnes Bruckner]} at {ORG[AllMovie]}
 </spacy_body>
</doc>