<?xml version="1.0" encoding="utf-8"?>
<doc>
 <title>
  Agnes Vernon
 </title>
 <original_abstract>
  Agnes Vernon (December 27, 1895 – February 21, 1948) was an American film actress of the silent era. She appeared in more than 90 films between 1914 and 1922. She made several films in Australia, having been brought out there by Snowy Baker and E.J. Carroll. She sometimes appeared credited as Brownie Vernon.
 </original_abstract>
 <spacy_abstract>
  {PERSON[Agnes Vernon]} ({DATE[December 27, 1895]} – {DATE[February 21, 1948]}) was an {NORP[American]} film actress of the silent era. She appeared in {CARDINAL[more than 90]} films {DATE[between 1914 and 1922]}. She made several films in {GPE[Australia]}, having been brought out there by {PERSON[Snowy Baker]} and {PERSON[E.J. Carroll]}. She sometimes appeared credited as {PERSON[Brownie Vernon]}.
 </spacy_abstract>
 <original_body>
  Vernon was born December 27, 1895 in La Grande, Oregon.She appeared in a number of films in the United States, including for Universal Pictures. She appeared in several Westerns with Lon Chaney, including The Old Cobbler, and A Ranch Romance (both 1914). Vernon starred in several multi-reel films for Carl Laemmle, including The Girl of the Dance Hall (1915). She also co-starred with Gloria Swanson in the comedy Dangers of a Bride (1917).
In the early 1920s, Vernon relocated to Australia to appear in films produced by Snowy Baker and E.J. Carroll. Among these pictures were The Man from Kangaroo (1920), The Shadow of Lightning Ridge (1920), and Silks and Saddles (1921).
Vernon died on February 21, 1948 in San Diego, California.
Agnes Vernon at IMDb
Agnes Vernon at AllMovie
 </original_body>
 <spacy_body>
  {ORG[Vernon]} was born {DATE[December 27, 1895]} in {GPE[La Grande]}, {GPE[Oregon]}.She appeared in a number of films in {GPE[the United States]}, including for {ORG[Universal Pictures]}. She appeared in several {GPE[Westerns]} with {PERSON[Lon Chaney]}, including {WORK_OF_ART[The Old Cobbler]}, and {WORK_OF_ART[A Ranch Romance]} (both {DATE[1914]}). {ORG[Vernon]} starred in several multi-reel films for {PERSON[Carl Laemmle]}, including {WORK_OF_ART[The Girl of the Dance Hall]} ({DATE[1915]}). She also co-starred with {PERSON[Gloria Swanson]} in the comedy {WORK_OF_ART[Dangers of a Bride]} ({DATE[1917]}).
In {DATE[the early 1920s]}, {ORG[Vernon]} relocated to {GPE[Australia]} to appear in films produced by {PERSON[Snowy Baker]} and {PERSON[E.J. Carroll]}. Among these pictures were {WORK_OF_ART[The Man from Kangaroo]} ({DATE[1920]}), {WORK_OF_ART[The Shadow of Lightning Ridge]} ({DATE[1920]}), and {WORK_OF_ART[Silks and Saddles]} ({DATE[1921]}).
{ORG[Vernon]} died on {DATE[February 21, 1948]} in {GPE[San Diego]}, {GPE[California]}.
{GPE[Agnes Vernon]} at IMDb
{GPE[Agnes Vernon]} at {ORG[AllMovie]}
 </spacy_body>
</doc>