<?xml version="1.0" encoding="utf-8"?>
<doc>
 <title>
  Agnes Steele
 </title>
 <original_abstract>
  Agnes Steele (August 22, 1881 – March 3, 1949) was an American actress. She appeared in 13 films between 1926 and 1949.
She died at her home and was buried in Calvary Cemetery's mausoleum in Los Angeles on March 8, 1949.
 </original_abstract>
 <spacy_abstract>
  {PERSON[Agnes Steele]} ({DATE[August 22, 1881 – March 3, 1949]}) was an {NORP[American]} actress. She appeared in {CARDINAL[13]} films {DATE[between 1926 and 1949]}.
She died at her home and was buried in {FAC[Calvary Cemetery's]} mausoleum in {GPE[Los Angeles]} on {DATE[March 8, 1949]}.
 </spacy_abstract>
 <original_body>
  Roaring Ranch (1930)
Agnes Steele at IMDb
 </original_body>
 <spacy_body>
  Roaring Ranch ({DATE[1930]})
{PERSON[Agnes Steele]} at IMDb
 </spacy_body>
</doc>