<?xml version="1.0" encoding="utf-8"?>
<doc>
 <title>
  Agnès Jaoui
 </title>
 <original_abstract>
  Agnès Jaoui (born 19 October 1964) is a French actress, screenwriter, film director and singer.
She frequently worked in collaboration with her former partner Jean-Pierre Bacri.
 </original_abstract>
 <spacy_abstract>
  {PERSON[Agnès Jaoui]} (born {DATE[19 October 1964]}) is a {NORP[French]} actress, screenwriter, film director and singer.
She frequently worked in collaboration with her former partner {PERSON[Jean-Pierre Bacri]}.
 </spacy_abstract>
 <original_body>
  Jaoui was born in Antony, Hauts-de-Seine, and is of Tunisian Jewish descent. She is the daughter of Hubert Jaoui and Gyza Jaoui, who are both writers. They moved to Paris when she was 8 years old. She started theatre when she was in high school at the Lycée Henri-IV in Paris. She entered the Cours Florent when she was 15. Patrice Chéreau, director of the Théâtre des Amandiers in Nanterre where she began attending drama classes in 1984, gave her a role in the film Hôtel de France in 1987. That same year, she also played in Harold Pinter's L'anniversaire beside Jean-Pierre Bacri, who would later become a faithful colleague and companion.Together Jaoui and Bacri wrote the play Cuisine et dépendances, which was adapted onscreen in 1992 by Philippe Muyl. In 1993, director Alain Resnais asked them to write an adaptation of Alan Ayckbourn's 8-part play Intimate Exchanges, which became the 2-part film Smoking/No Smoking. Thanks to this ironic diptych about free will and destiny, they won the César Award for Best Writing in 1994. But it is in 1996 that they came to know greater success with Cédric Klapisch's adaptation of their play Family Resemblances (Un air de famille) which showed their ability to observe and depict everyday life, and to criticize the social norms through a bitter and corrosive humor. Once again, they won the César Award for Best Writing in 1997 and this very same year they collaborated again with Alain Resnais for Same Old Song (On connaît la chanson) which they wrote but also interpreted: together, they won their third César Award for Best Writing, and Jaoui won her first César Award for Best Supporting Actress.
Jaoui directed her first feature film, The Taste of Others (Le Goût des autres, 2000, written with Jean-Pierre Bacri), which questions social-cultural identities. The film was a huge success in France and attracted 4 million spectators. It also won 4 César Awards in 2001 including Best Film and Best Writing, and also got nominated for the Academy Award for Best Foreign Language Film. In 2004, her second film as a director, Look at Me (Comme une image), co-written with Bacri, was selected for the Cannes Festival, and won the prize for Best Screenplay. She starred in the last Richard Dembo's film, La maison de Nina (2005) and then focused on music and released her album of Latin songs Canta (2006). She returned to the cinema industry two years later in 2008 with Let's Talk About the Rain (Parlez-moi de la pluie) and offered French humorist Jamel Debbouze a different role from what he was used to.
In 2012, Jaoui directed her latest film to date, Under the Rainbow (Au bout du conte), also co-written with Bacri. She revisits several fairy tales such as Cinderella, Snow White, and Little Red Riding Hood. It received acclaim —for originality and humor in the writing and dialogue— from critics and audiences.
Jaoui studied music in the conservatoire when she was 17, but did not start her career as a singer until 2006 when her first album Canta was released. It mixed several Latin music genres (such as flamenco, bolero, and bossa) and she sang exclusively in Spanish and Portuguese. In 2007, it won the Victoire de la Musique award for "best traditional music album".
Jaoui's second album, Dans Mon Pays, was released in 2009. It also featured Latin sonorities and songs sang in Spanish and Portuguese, except for two songs in French.
Jaoui is the daughter of Gyza Jaoui; a pioneering figure of transactional analysis, a form of psychotherapy initiated by Eric Berne. Jaoui has a brother, Laurent Jaoui, who is also a screenwriter and a director.
Jaoui was in a relationship with Jean-Pierre Bacri from 1987 to 2012. Despite their breakup, the two decided to stay on good terms and to continue to work together.She adopted two children from Brazil in 2012.
Agnès Jaoui at IMDb
(in French) Agnès Jaoui Biography
Film Comment interviews Agnes Jaoui (Podcast)
 </original_body>
 <spacy_body>
  {PERSON[Jaoui]} was born in {PERSON[Antony]}, {PERSON[Hauts-de-Seine]}, and is of {NORP[Tunisian]} {NORP[Jewish]} descent. She is the daughter of {PERSON[Hubert Jaoui]} and {PERSON[Gyza Jaoui]}, who are both writers. They moved to {GPE[Paris]} when she was {DATE[8 years old]}. She started theatre when she was in high school at {FAC[the Lycée Henri-IV]} in {GPE[Paris]}. She entered {EVENT[the Cours Florent]} when she was {CARDINAL[15]}. {PERSON[Patrice Chéreau]}, director of {ORG[the Théâtre des Amandiers]} in {PERSON[Nanterre]} where she began attending drama classes in {DATE[1984]}, gave her a role in the film {ORG[Hôtel de France]} in {DATE[1987]}. {DATE[That same year]}, she also played in {PERSON[Harold Pinter's]} L'anniversaire beside {PERSON[Jean-Pierre Bacri]}, who would later become a faithful colleague and companion.Together {PERSON[Jaoui]} and {PERSON[Bacri]} wrote the play Cuisine et dépendances, which was adapted onscreen in {DATE[1992]} by {PERSON[Philippe Muyl]}. In {DATE[1993]}, director {PERSON[Alain Resnais]} asked them to write an adaptation of {PERSON[Alan Ayckbourn's]} 8-part play {WORK_OF_ART[Intimate Exchanges]}, which became the 2-part film Smoking/No Smoking. Thanks to this ironic diptych about free will and destiny, they won {WORK_OF_ART[the César Award for Best Writing]} in {DATE[1994]}. But it is in {DATE[1996]} that they came to know greater success with {ORG[Cédric Klapisch's]} adaptation of their play {WORK_OF_ART[Family Resemblances]} ({ORG[Un]} air de famille) which showed their ability to observe and depict everyday life, and to criticize the social norms through a bitter and corrosive humor. Once again, they won {WORK_OF_ART[the César Award for Best Writing]} in {DATE[1997]} and {DATE[this very same year]} they collaborated again with Alain Resnais for Same Old Song (On connaît {PERSON[la chanson]}) which they wrote but also interpreted: together, they won their {ORDINAL[third]} {PERSON[César Award]} for {PERSON[Best Writing]}, and {PERSON[Jaoui]} won her {ORDINAL[first]} {PERSON[César Award]} for {WORK_OF_ART[Best Supporting Actress]}.
{PERSON[Jaoui]} directed her {ORDINAL[first]} feature film, {WORK_OF_ART[The Taste of Others (Le Goût des autres]}, {DATE[2000]}, written with {PERSON[Jean-Pierre Bacri]}), which questions social-cultural identities. The film was a huge success in {GPE[France]} and attracted {CARDINAL[4 million]} spectators. It also won {CARDINAL[4]} {ORG[César Awards]} in {DATE[2001]} including {ORG[Best Film]} and {PERSON[Best Writing]}, and also got nominated for {ORG[the Academy Award for Best Foreign Language Film]}. In {DATE[2004]}, her {ORDINAL[second]} film as a director, Look at Me (Comme une image), co-written with Bacri, was selected for {EVENT[the Cannes Festival]}, and won the prize for Best Screenplay. She starred in the last {PERSON[Richard Dembo's]} film, {PERSON[La maison de Nina]} ({DATE[2005]}) and then focused on music and released her album of {LANGUAGE[Latin]} songs {ORG[Canta]} ({DATE[2006]}). She returned to the cinema industry {DATE[two years later]} in {DATE[2008]} with Let's {WORK_OF_ART[Talk About the Rain]} (Parlez-moi de la pluie) and offered {NORP[French]} humorist {PERSON[Jamel Debbouze]} a different role from what he was used to.
In {DATE[2012]}, {PERSON[Jaoui]} directed her latest film to date, Under the Rainbow (Au bout du conte), also co-written with {LOC[Bacri]}. She revisits several fairy tales such as {PERSON[Cinderella]}, {PERSON[Snow White]}, and {WORK_OF_ART[Little Red Riding Hood]}. It received acclaim —for originality and humor in the writing and dialogue— from critics and audiences.
{PERSON[Jaoui]} studied music in the conservatoire when she was {CARDINAL[17]}, but did not start her career as a singer until {DATE[2006]} when her {ORDINAL[first]} album {ORG[Canta]} was released. It mixed several {NORP[Latin]} music genres (such as flamenco, bolero, and bossa) and she sang exclusively in {LANGUAGE[Spanish]} and {LANGUAGE[Portuguese]}. In {DATE[2007]}, it won {ORG[the Victoire de la Musique]} award for "best traditional music album".
{PERSON[Jaoui]}'s {ORDINAL[second]} album, {PERSON[Dans Mon Pays]}, was released in {DATE[2009]}. It also featured {NORP[Latin]} sonorities and songs sang in {LANGUAGE[Spanish]} and {LANGUAGE[Portuguese]}, except for {CARDINAL[two]} songs in {NORP[French]}.
{PERSON[Jaoui]} is the daughter of {PERSON[Gyza Jaoui]}; a pioneering figure of transactional analysis, a form of psychotherapy initiated by {PERSON[Eric Berne]}. {PERSON[Jaoui]} has a brother, {PERSON[Laurent Jaoui]}, who is also a screenwriter and a director.
{PERSON[Jaoui]} was in a relationship with {PERSON[Jean-Pierre Bacri]} from {DATE[1987]} to 2012. Despite their breakup, the {CARDINAL[two]} decided to stay on good terms and to continue to work together.She adopted {CARDINAL[two]} children from {GPE[Brazil]} in {DATE[2012]}.
{PERSON[Agnès Jaoui]} at IMDb
(in {NORP[French]}) {PERSON[Agnès Jaoui Biography
]}Film Comment interviews {LOC[Agnes Jaoui]} (Podcast)
 </spacy_body>
</doc>