<?xml version="1.0" encoding="utf-8"?>
<doc>
 <title>
  Agnès Laurent
 </title>
 <original_abstract>
  Agnès Laurent (28 January 1936 – 16 February 2010) was a French actress.  She mainly acted in France, but is perhaps known in the United Kingdom for playing the title role in the British comedy film A French Mistress.
 </original_abstract>
 <spacy_abstract>
  {PERSON[Agnès Laurent]} ({DATE[28 January 1936]} – {DATE[16 February 2010]}) was a {NORP[French]} actress.  She mainly acted in {GPE[France]}, but is perhaps known in {GPE[the United Kingdom]} for playing the title role in the {NORP[British]} comedy film A {NORP[French]} Mistress.
 </spacy_abstract>
 <original_body>
  Women's Club (1956)
Les collégiennes (1957)
Amour de poche (1957)
Mademoiselle Strip-tease (1957)
The Green Devils of Monte Cassino (1958)
Nina (1959)
A French Mistress (1960)
The Big Show (1960)
Mary Had a Little... (1961)
Famous Love Affairs (1961)
Agnès Laurent at IMDb
 </original_body>
 <spacy_body>
  {ORG[Women's Club]} ({DATE[1956]})
Les collégiennes ({DATE[1957]})
{PERSON[Amour de poche]} ({DATE[1957]})
{PERSON[Mademoiselle Strip]}-tease ({DATE[1957]})
The Green Devils of Monte Cassino ({DATE[1958]})
Nina ({DATE[1959]})
A {NORP[French]} Mistress ({DATE[1960]})
The Big Show ({DATE[1960]})
{PERSON[Mary Had]} a Little... ({DATE[1961]})
{WORK_OF_ART[Famous Love Affairs]} ({DATE[1961]})
{ORG[Agnès Laurent]} at IMDb
 </spacy_body>
</doc>