<?xml version="1.0" encoding="utf-8"?>
<doc>
 <title>
  Agnès Souret
 </title>
 <original_abstract>
  Jeanne Germaine Berthe Agnès Souret (21 January 1902 – 30 September 1928) was a French actress and dancer who was the winner of the inaugural Miss France competition in 1920.
 </original_abstract>
 <spacy_abstract>
  {PERSON[Jeanne Germaine Berthe Agnès Souret]} ({DATE[21 January 1902]} – {DATE[30 September 1928]}) was a {NORP[French]} actress and dancer who was the winner of the inaugural Miss {GPE[France]} competition in {DATE[1920]}.
 </spacy_abstract>
 <original_body>
  Jeanne Germaine Berthe Agnès Souret was a French-Basque born in Biarritz on 21 January 1902, the daughter of former ballet dancer Mauguerite Souret. Her grandfather was Henri Souret, a customs official in the town of Bidarray. Her formative years were spent at Espelette in Labourd, Northern Basque Country.
In 1919, the dark brown haired, brown eyed Souret was the winner of a beauty competition to become Miss Midi-Pyrénées. In 1920, she was acclaimed the most beautiful woman in France (La plus belle femme de France) in a contest now regarded as the inaugural Miss France competition. The seventeen-year-old Souret won over 2000 entrants and attracted 115,000 votes. In Le Figaro, she was described as a ‘’dazzling beauty’’. In The New York Times, she was called "the fairest in France".
Souret’s success in the competition and the subsequent publicity resulted in her becoming for a few years one of the most celebrated  women in France. Her photograph was extensively circulated in journals and magazines.Details of her life were commonplace in the gossip columns of the early 20s. She appeared in a dancing role at the famous Parisian music hall the Folies Bergère and at the Opéra de Monte-Carlo. She was in two films directed by Henry Houry: La Maison des pendus and Le Lys du Mont Saint-Michel.Her fame extended beyond France to the United Kingdom where, in 1922, she appeared in the revue Pins and Needles at the Gaiety Theatre in the West End of London. While in London, she was invited, along with two English actresses Margaret Leahy and Katherine Campbell, by film director Edward José and producer Joseph M. Schenck for an audition to appear in films in Hollywood travelling to the United States at the end of 1922. Although her screen tests do not appear to have led a role, her beauty was noticed. Her book, The Famous Book of Beauty Secrets, was published by the Chicago Mail Order Company in 1922.
Agnès Souret died of peritonitis on 30 September 1928, aged 26, whilst touring Argentina. To ensure that her body could be repatriated to France, Souret’s mother Marguerite raised the money by selling many of her goods including her house at Espelette. Agnès Souret was laid to rest at her home Basque Country village in a tomb that features a sculpture by Lucien Danglade.
1920  Le Lys du Mont Saint-Michel
1921  La Maison des pendus


== References ==
 </original_body>
 <spacy_body>
  {PERSON[Jeanne Germaine]} Berthe Agnès Souret was a {NORP[French]}-Basque born in {ORG[Biarritz]} on {DATE[21 January 1902]}, the daughter of former ballet dancer {PERSON[Mauguerite Souret]}. Her grandfather was {PERSON[Henri Souret]}, a customs official in the town of {GPE[Bidarray]}. Her formative years were spent at {ORG[Espelette]} in {GPE[Labourd]}, {NORP[Northern Basque Country]}.
In {DATE[1919]}, the dark brown haired, brown eyed {FAC[Souret]} was the winner of a beauty competition to become Miss {PERSON[Midi-Pyrénées]}. In {DATE[1920]}, she was acclaimed the most beautiful woman in {GPE[France]} (La plus {PERSON[belle femme de France]}) in a contest now regarded as the inaugural Miss {GPE[France]} competition. The {DATE[seventeen-year-old]} {PERSON[Souret]} won over {DATE[2000]} entrants and attracted {CARDINAL[115,000]} votes. In {FAC[Le Figaro]}, she was described as a ‘’dazzling beauty’’. In {ORG[The New York Times]}, she was called "the fairest in {GPE[France]}".
{PERSON[Souret]}’s success in the competition and the subsequent publicity resulted in her becoming for {DATE[a few years one]} of the most celebrated  women in {GPE[France]}. Her photograph was extensively circulated in journals and magazines.Details of her life were commonplace in the gossip columns of {DATE[the early 20s]}. She appeared in a dancing role at the famous {NORP[Parisian]} music hall {ORG[the Folies Bergère]} and at the {GPE[Opéra]} de Monte-Carlo. She was in {CARDINAL[two]} films directed by {PERSON[Henry Houry]}: {PERSON[La Maison des pendus]} and {PERSON[Le Lys]} du {FAC[Mont Saint-Michel]}.Her fame extended beyond {GPE[France]} to {GPE[the United Kingdom]} where, in {DATE[1922]}, she appeared in the revue {NORP[Pins]} and {PERSON[Needles]} at {FAC[the Gaiety Theatre]} in {FAC[the West End]} of {GPE[London]}. While in {GPE[London]}, she was invited, along with {CARDINAL[two]} {NORP[English]} actresses {PERSON[Margaret Leahy]} and {PERSON[Katherine Campbell]}, by film director {PERSON[Edward José]} and producer {PERSON[Joseph M. Schenck]} for an audition to appear in films in {GPE[Hollywood]} travelling to {GPE[the United States]} at {DATE[the end of 1922]}. Although her screen tests do not appear to have led a role, her beauty was noticed. Her book, {WORK_OF_ART[The Famous Book of Beauty Secrets]}, was published by {ORG[the Chicago Mail Order Company]} in {DATE[1922]}.
{PERSON[Agnès Souret]} died of peritonitis on {DATE[30 September 1928]}, aged {DATE[26]}, whilst touring {GPE[Argentina]}. To ensure that her body could be repatriated to {GPE[France]}, {PERSON[Souret]}’s mother {PERSON[Marguerite]} raised the money by selling many of her goods including her house at {ORG[Espelette]}. {PERSON[Agnès Souret]} was laid to rest at her home {NORP[Basque]} Country village in a tomb that features a sculpture by {PERSON[Lucien Danglade]}.
{DATE[1920]}  {GPE[Le Lys]} du {FAC[Mont Saint-Michel]}
{DATE[1921]}  {PERSON[La Maison des pendus]}


== References ==
 </spacy_body>
</doc>