<?xml version="1.0" encoding="utf-8"?>
<doc>
 <title>
  Agnès Soral
 </title>
 <original_abstract>
  Agnès Soral (born 8 June 1960) is a Franco-Swiss actress, comedian and writer.
 </original_abstract>
 <spacy_abstract>
  {PERSON[Agnès Soral]} (born {DATE[8 June 1960]}) is a {NORP[Franco-Swiss]} actress, comedian and writer.
 </spacy_abstract>
 <original_body>
  Her family settled in Meudon in the 1960s before the expropriation by the state of forest land owned by her father, who works as a legal adviser.
The family settled in Grenoble. She is the younger sister of essayist Alain Soral. She avoided him for years and in January 2014, denounced his political positions to the press and television. When her brother began his writing career, Agnès Soral authorized him to use her notoriety by appropriating her pseudonym, something she since regretted.
Agnès Soral at IMDb
 </original_body>
 <spacy_body>
  Her family settled in {GPE[Meudon]} in {DATE[the 1960s]} before the expropriation by the state of forest land owned by her father, who works as a legal adviser.
The family settled in {ORG[Grenoble]}. She is the younger sister of essayist {ORG[Alain Soral]}. She avoided him for {DATE[years]} and in {DATE[January 2014]}, denounced his political positions to the press and television. When her brother began his writing career, {ORG[Agnès Soral]} authorized him to use her notoriety by appropriating her pseudonym, something she since regretted.
{PERSON[Agnès Soral]} at IMDb
 </spacy_body>
</doc>