<?xml version="1.0" encoding="utf-8"?>
<doc>
 <title>
  Agostino Borgato
 </title>
 <original_abstract>
  Agostino Borgato (June 30, 1871 – March 14, 1939), sometimes known as Al Borgato, was an Italian actor and director, before moving to Hollywood in the mid-1920s. Borgato acted and/or directed about fifteen films in his native Italy between 1915 and 1922. In the 1920s, he also acted on the stage in both Italy and England. In 1925 Borgato immigrated to the United States, where he began his American acting career in Herbert Brenon's silent film, The Street of Forgotten Men.His Hollywood career would last fourteen years, during which time he would appear in 45 films (although some sources have him in as many as 62 films), having roles in such classic films as 1932's Murders in the Rue Morgue (starring Bela Lugosi, and the 1939 musical comedy version of The Three Musketeers (starring Don Ameche and The Ritz Brothers).His distinctive features and voice resulted from acromegaly. The Three Musketeers and Hotel Imperial were the last two films he worked on, and both were released on the same day, February 17, 1939, less than a month before Borgato would die of a heart attack on March 14.
 </original_abstract>
 <spacy_abstract>
  {PERSON[Agostino Borgato]} ({DATE[June 30, 1871 –]} {DATE[March 14, 1939]}), sometimes known as {PERSON[Al Borgato]}, was an {NORP[Italian]} actor and director, before moving to {GPE[Hollywood]} in {DATE[the mid-1920s]}. Borgato acted and/or directed {CARDINAL[about fifteen]} films in his native {GPE[Italy]} {DATE[between 1915 and 1922]}. In {DATE[the 1920s]}, he also acted on the stage in both {GPE[Italy]} and {GPE[England]}. In {DATE[1925]} Borgato immigrated to {GPE[the United States]}, where he began his {NORP[American]} acting career in {PERSON[Herbert Brenon's]} silent film, {ORG[The Street of Forgotten Men]}.His {GPE[Hollywood]} career would {DATE[last fourteen years]}, during which time he would appear in {CARDINAL[45]} films (although some sources have him in {CARDINAL[as many as 62]} films), having roles in such classic films as {DATE[1932]}'s Murders in the Rue Morgue (starring {PERSON[Bela Lugosi]}, and the {DATE[1939]} musical comedy version of The Three Musketeers (starring {PERSON[Don Ameche]} and The Ritz Brothers).His distinctive features and voice resulted from acromegaly. The Three Musketeers and Hotel Imperial were the last {CARDINAL[two]} films he worked on, and both were released on {DATE[the same day]}, {DATE[February 17, 1939]}, {DATE[less than a month]} before Borgato would die of a heart attack on {DATE[March 14]}.
 </spacy_abstract>
 <original_body>
  (Per MoviesPictures.org)
(Per AFI database)
Agostino Borgato at IMDb
 </original_body>
 <spacy_body>
  (Per MoviesPictures.org)
(Per {ORG[AFI]} database)
{NORP[Agostino]} {ORG[Borgato]} at IMDb
 </spacy_body>
</doc>