<?xml version="1.0" encoding="utf-8"?>
<doc>
 <title>
  Agustí Villaronga
 </title>
 <original_abstract>
  Agustí Villaronga Riutort (Catalan pronunciation: [əɣusˈti βiʎəˈɾoŋɡə]; born 4 March 1953) is a Balearic Spanish film director, screenwriter and actor. He has directed seven feature films, a documentary, three projects for television and three shorts. His film El niño de la luna was entered into the 1989 Cannes Film Festival.In 2011 he won the Goya Award for Best Director for Pa negre (Black Bread). The film was selected as the Spanish entry for the Best Foreign Language Film at the 84th Academy Awards, but it did not make the final shortlist.
 </original_abstract>
 <spacy_abstract>
  Agustí {PERSON[Villaronga Riutort]} ({NORP[Catalan]} pronunciation: [{PERSON[əɣusˈti]} βiʎəˈɾoŋɡə]; born {DATE[4 March 1953]}) is a {NORP[Balearic Spanish]} film director, screenwriter and actor. He has directed {CARDINAL[seven]} feature films, a documentary, {CARDINAL[three]} projects for television and {CARDINAL[three]} shorts. His film {PERSON[El niño]} de la luna was entered into the {DATE[1989]} {EVENT[Cannes Film Festival]}.In {DATE[2011]} he won the Goya Award for Best Director for Pa negre (Black Bread). The film was selected as the {NORP[Spanish]} entry for the Best Foreign Language Film at the 84th Academy Awards, but it did not make the final shortlist.
 </spacy_abstract>
 <original_body>
  Agustí Villaronga was born on 4 March 1953 in Palma, his grandparents had been itinerant puppeteers and his father was a child of the Spanish Civil War, a fact that would resurface repeatedly in the director's filmography. Since childhood, his father encouraged his love for films and from early in his life he wanted to become a film director. He worked as an actor and made some shorts.
Villaronga made his directorial debut in 1986 with the film Tras el cristal, which was selected by the Berlin film festival receiving critical praise and many awards. The plot follows a former Nazi doctor, now paralyzed and depending on an iron lung to live, who begins to be taken care of by a young man, one of the children he abused during the war. Tras el cristal already shows some of the key elements in Villaronga's filmography: a disturbed childhood marked by violence an early discovery of sexuality.
His second film, El niño de la Luna (1989), is about a child who goes to Africa to join a tribe awaiting the arrival of white child God. In 1992 he made a documentary, Al Andaluz, produced by Segetel and the MoMa of New York city. For some years Villaronga tried unsuccessfully to find financing to adapt a novel by Mercè Rodoreda, Muerte en Primavera. Instead he had to take some commission works. One of these was El pasajero clandestino, a made for television project that lacked the personal characteristics of his filmography.
Called by actress María Barranco, Villaronga directed 99.99 a horror film more in synch with his themes, and that won some awards in festivals specialized in fantastic cinema. In 2000, Villaronga came back with a project of his own: El mar, a story set in Mallorca about three former childhood friends, traumatized by the violence they experienced during the Spanish civil war, that are reunited ten years later as young adults in a sanitarium of tubercular patients. The key elements in Villaronga's filmography are present in this story: childhood, sexual awakening, homosexuality and violence.
In 2002, Villaronga  co-directed with Lydia Zimmermann and Isaac Pierre Racine the film En la mente del asesino. In 2005 he directed a music video for French superstar Mylène Farmer's song Fuck Them All. In 2007 he made Después de la lluvia, a made for television project adapting a stage play. It was only until 2010 with Pa negre, when Villaronga finally achieved wider appeal. This film, winner of nine Goya Award including best film and best director, tells the story of an eleven year old boy who growing up in the harsh period of the aftermath of the Spanish Civil War in Catalonia's countryside discovers the world of lies around him.
Villaronga followed Pá negre's success with  A Letter to Evita, a TV miniseries co-produced by TV3, which recounts a real episode in the life of Eva Perón while visiting Spain in the late 1940s.
Villaronga is openly gay.
Anta mujer (1976) - Short
Al mayurka (1980) - Short
Laberint (1980) - Short
Fuck Them All (2005) - Music video for Mylène Farmer
Agustí Villaronga at IMDb
 </original_body>
 <spacy_body>
  {PERSON[Agustí Villaronga]} was born on {DATE[4 March 1953]} in {ORG[Palma]}, his grandparents had been itinerant puppeteers and his father was a child of {EVENT[the Spanish Civil War]}, a fact that would resurface repeatedly in the director's filmography. Since childhood, his father encouraged his love for films and from early in his life he wanted to become a film director. He worked as an actor and made some shorts.
Villaronga made his directorial debut in {DATE[1986]} with the film {FAC[Tras el cristal]}, which was selected by the {GPE[Berlin]} film festival receiving critical praise and many awards. The plot follows a former {NORP[Nazi]} doctor, now paralyzed and depending on an iron lung to live, who begins to be taken care of by a young man, {CARDINAL[one]} of the children he abused during the war. {PERSON[Tras el cristal]} already shows some of the key elements in {GPE[Villaronga]}'s filmography: a disturbed childhood marked by violence an early discovery of sexuality.
His {ORDINAL[second]} film, El niño de la Luna ({DATE[1989]}), is about a child who goes to {LOC[Africa]} to join a tribe awaiting the arrival of white child God. In {DATE[1992]} he made a documentary, {PERSON[Al Andaluz]}, produced by {GPE[Segetel]} and the {PERSON[MoMa]} of {GPE[New York]} city. For {DATE[some years]} Villaronga tried unsuccessfully to find financing to adapt a novel by {ORG[Mercè Rodoreda]}, {ORG[Muerte en Primavera]}. Instead he had to take some commission works. {CARDINAL[One]} of these was {ORG[El]} pasajero clandestino, a made for television project that lacked the personal characteristics of his filmography.
Called by actress {PERSON[María Barranco]}, {ORG[Villaronga]} directed {CARDINAL[99.99]} a horror film more in synch with his themes, and that won some awards in festivals specialized in fantastic cinema. In {DATE[2000]}, {GPE[Villaronga]} came back with a project of his own: El mar, a story set in {GPE[Mallorca]} {CARDINAL[about three]} former childhood friends, traumatized by the violence they experienced during {EVENT[the Spanish civil war]}, that are reunited {DATE[ten years later]} as young adults in a sanitarium of tubercular patients. The key elements in {GPE[Villaronga]}'s filmography are present in this story: childhood, sexual awakening, homosexuality and violence.
In {DATE[2002]}, {GPE[Villaronga]}  co-directed with {PERSON[Lydia Zimmermann]} and {PERSON[Isaac Pierre Racine]} the film En la mente del asesino. In {DATE[2005]} he directed a music video for {NORP[French]} superstar {PERSON[Mylène Farmer's]} song {WORK_OF_ART[Fuck Them All]}. In {DATE[2007]} he made {PERSON[Después de la lluvia]}, a made for television project adapting a stage play. It was only until {DATE[2010]} with Pa negre, when {GPE[Villaronga]} finally achieved wider appeal. This film, winner of {CARDINAL[nine]} {ORG[Goya Award]} including best film and best director, tells the story of an {DATE[eleven year old]} boy who growing up in the harsh period of the aftermath of {EVENT[the Spanish Civil War]} in {GPE[Catalonia]}'s countryside discovers the world of lies around him.
Villaronga followed Pá negre's success with  {WORK_OF_ART[A Letter to Evita]}, a TV miniseries co-produced by {ORG[TV3]}, which recounts a real episode in the life of {ORG[Eva Perón]} while visiting {GPE[Spain]} in {DATE[the late 1940s]}.
{GPE[Villaronga]} is openly gay.
Anta mujer ({DATE[1976]}) - Short
{PERSON[Al mayurka]} ({DATE[1980]}) - Short
Laberint ({DATE[1980]}) - Short
Fuck Them All ({DATE[2005]}) - Music video for {PERSON[Mylène Farmer]}
{PERSON[Agustí Villaronga]} at IMDb
 </spacy_body>
</doc>