<?xml version="1.0" encoding="utf-8"?>
<doc>
 <title>
  Ahmed Best
 </title>
 <original_abstract>
  Ahmed Best (born August 19, 1973) is an American actor, comedian and musician. He is known for providing motion capture and the voice of the character of Jar Jar Binks in the Star Wars franchise.
Best likewise collaborated with director George Lucas in three films and seven episodes of the cartoon show, Star Wars: The Clone Wars. He won the Annie Award for Voice Acting in an Animated Television Production for lampooning Jar Jar Binks in Robot Chicken: Star Wars Episode II.
 </original_abstract>
 <spacy_abstract>
  {PERSON[Ahmed Best]} (born {DATE[August 19, 1973]}) is an {NORP[American]} actor, comedian and musician. He is known for providing motion capture and the voice of the character of Jar Jar Binks in the Star Wars franchise.
Best likewise collaborated with director {PERSON[George Lucas]} in {CARDINAL[three]} films and {CARDINAL[seven]} episodes of the cartoon show, Star Wars: The Clone Wars. He won {WORK_OF_ART[the Annie Award for Voice Acting]} in an Animated Television Production for lampooning Jar Jar Binks in {ORG[Robot Chicken: Star Wars Episode II]}.
 </spacy_abstract>
 <original_body>
  Ahmed Best was born on August 19, 1973, in New York City. He lived the majority of his formative years in the Soundview section of the Bronx. He moved to Maplewood, New Jersey, in 1984. He attended Columbia High School and graduated from there in 1991. He then studied percussion at the Manhattan School of Music.He is the younger brother of Dunia Best Sinnreich, lead singer and co-founder of Brave New Girl, Dubistry and Agent 99 and formerly with The Slackers.
In 1994, Best joined the acid jazz group The Jazzhole. He contributed to the success of the group for two years. He co-wrote and co-produced three albums for the group including The Jazzhole, And the Feeling Goes Around, and The Beat is the Bomb. In 1995, he co-wrote and co-produced Escape by Bill Evans.
In 1995, he joined the Obie Award winning cast of Stomp. He toured with the cast of Stomp throughout the US and Europe.In 1997, after casting director Robin Gurland had observed his flexible, athletic movements in Stomp, Ahmed was cast as Jar Jar Binks in the Star Wars prequel trilogy (1999–2005). He reprised the role on the Star Wars themed episode of Robot Chicken (as well as its sequel), Star Wars: The Clone Wars, and on an episode of Stephen Colbert's The Colbert Report. Best said he put a lot of himself into the character, so when Jar Jar drew hostility from audiences, it sometimes extended toward the actor or he otherwise interpreted it personally. The character of Jar Jar Binks was so disliked that Best contemplated suicide. Best later appeared with fellow Star Wars alumni Dee Bradley Baker, James Arnold Taylor, and Daran Norris on the TV show Big Time Rush.In 2008,  he also wrote, directed, and produced the pilot for a television show called This Can't Be My Life.In late May 2020, Lucasfilm announced that Best would be starring as Jedi Master Kelleran Beq in a game-show called Star Wars: Jedi Temple Challenge, with a scheduled release date of June 3, 2020. It was later reported that Jedi Temple Challenge's release date had been delayed until June 10 as a result of the unrest surrounding George Floyd's murder.

Ahmed Best at IMDb
Ahmed Best on WOOKIEEPEDIA
 </original_body>
 <spacy_body>
  {PERSON[Ahmed Best]} was born on {DATE[August 19, 1973]}, in {GPE[New York City]}. He lived the majority of his formative years in the {ORG[Soundview]} section of the {GPE[Bronx]}. He moved to {GPE[Maplewood]}, {GPE[New Jersey]}, in {DATE[1984]}. He attended {ORG[Columbia High School]} and graduated from there in {DATE[1991]}. He then studied percussion at {ORG[the Manhattan School of Music]}.He is the younger brother of {PERSON[Dunia Best Sinnreich]}, lead singer and co-founder of {PERSON[Brave New Girl]}, Dubistry and Agent 99 and formerly with {PERSON[The Slackers]}.
In {DATE[1994]}, Best joined the acid jazz group The Jazzhole. He contributed to the success of the group for {DATE[two years]}. He co-wrote and co-produced {CARDINAL[three]} albums for the group including {WORK_OF_ART[The Jazzhole]}, And the Feeling Goes Around, and {WORK_OF_ART[The Beat is the Bomb]}. In {DATE[1995]}, he co-wrote and co-produced {PRODUCT[Escape]} by {PERSON[Bill Evans]}.
In {DATE[1995]}, he joined {ORG[the Obie Award]} winning cast of {PERSON[Stomp]}. He toured with the cast of {PERSON[Stomp]} throughout the {GPE[US]} and {LOC[Europe]}.In {DATE[1997]}, after casting director {PERSON[Robin Gurland]} had observed his flexible, athletic movements in {GPE[Stomp]}, {PERSON[Ahmed]} was cast as Jar Jar Binks in the Star Wars prequel trilogy (1999–2005). He reprised the role on the Star Wars themed episode of {WORK_OF_ART[Robot Chicken]} (as well as its sequel), {WORK_OF_ART[Star Wars: The Clone Wars]}, and on an episode of {PERSON[Stephen Colbert's]} {ORG[The Colbert Report]}. {PERSON[Best]} said he put a lot of himself into the character, so when {PERSON[Jar Jar]} drew hostility from audiences, it sometimes extended toward the actor or he otherwise interpreted it personally. The character of {PERSON[Jar Jar Binks]} was so disliked that Best contemplated suicide. Best later appeared with fellow {WORK_OF_ART[Star Wars]} alumni {PERSON[Dee Bradley Baker]}, {PERSON[James Arnold Taylor]}, and {PERSON[Daran Norris]} on the TV show Big Time Rush.In {DATE[2008]},  he also wrote, directed, and produced the pilot for a television show called {WORK_OF_ART[This Can't Be My Life.]}In {DATE[late May 2020]}, {ORG[Lucasfilm]} announced that Best would be starring as {ORG[Jedi]} Master {PERSON[Kelleran Beq]} in a game-show called {WORK_OF_ART[Star Wars:]} {ORG[Jedi Temple Challenge]}, with a scheduled release date of {DATE[June 3, 2020]}. It was later reported that {ORG[Jedi Temple Challenge's]} release date had been delayed until {DATE[June 10]} as a result of the unrest surrounding {PERSON[George Floyd's]} murder.

{PERSON[Ahmed Best]} at IMDb
{PERSON[Ahmed Best]} on {ORG[WOOKIEEPEDIA]}
 </spacy_body>
</doc>