<?xml version="1.0" encoding="utf-8"?>
<doc>
 <title>
  Aileen Quinn
 </title>
 <original_abstract>
  Aileen Marie Quinn (born June 28, 1971) is an American actress, singer and dancer. She is best known for her role as Anne Marie Mudge Warbucks in the 1982 film Annie.
 </original_abstract>
 <spacy_abstract>
  {PERSON[Aileen Marie Quinn]} (born {DATE[June 28, 1971]}) is an {NORP[American]} actress, singer and dancer. She is best known for her role as {PERSON[Anne Marie Mudge Warbucks]} in the {DATE[1982]} film {WORK_OF_ART[Annie]}.
 </spacy_abstract>
 <original_body>
  Quinn was born and raised in Yardley, Pennsylvania, on June 28, 1971. The oldest child of Helenann Quinn and Andrew Quinn Sr., she is the older sister of Andrew Quinn Jr. She began dance lessons when she was 4 at Knecht Ballet Academy in Levittown, Pennsylvania, learning ballet and tap dancing.When she was young, Quinn was introduced to show business by her mother, who was a TV, radio, and stage singer/actress then elementary school teacher. Quinn begged to audition for a part in a local community theater production of Annie Get Your Gun and won a role. She performed in additional community productions.
She attended Grey Nun Academy during elementary school and graduated from Oak Knoll School of the Holy Child in Summit, New Jersey.
Taking a break between her child acting career, at the age of 18, Quinn decided to focus on school. She graduated from Drew University in 1994. She was a language major with a minor in political science, and is a member of Sigma Delta Pi, a Spanish honor society.
After obtaining an agent, Quinn won a small role in the film Paternity and commercial work in New York City. She began appearing in television commercials including Planters Cheez Balls, Shake ‘n Bake and Northern Bathroom Tissue. At age 8, she landed the role in New York City of the "swing orphan" (understudy to all of the orphans except Molly and Annie) in the Broadway production of Annie.After eight auditions over the course of a year, and up against over 8,000 other competitors, Quinn received the title role in the 1982 movie Annie, directed by John Huston. Annie earned Quinn two Golden Globe nominations, a win for "Best Actress" from the Youth in Film Awards, and a Razzie for "Worst New Star". Aileen was 9 years old when she was cast as Annie.Aileen Quinn was under contract for several years with Columbia Pictures to make other Annie sequels which never materialized. During this time, she continued performing in lead roles in regional theater in such shows as The Wizard of Oz (Dorothy), Bye, Bye Birdie (Kim), Annie (Annie), Shenandoah (Jenny), and A Day in Hollywood/A Night in the Ukraine (Harpo).  She also lent her voice to two animated cartoon specials which aired on national television, The Charmkins and The Wizard of Oz.  The Annie film soundtrack album went double platinum, and subsequently Quinn released her own album, Bobby's Girl, in 1982. Soon after that release, she starred as Princess Zora in the classic fairy tale The Frog Prince, which was released on videocassette and aired on the Disney Channel several times.
After graduation from college, Quinn once again took to the stage.  In 1994, she appeared as Bette in Oliver! at Paper Mill Playhouse.  She toured the US for more than five years with three Broadway national tours: Fiddler on the Roof (Chava), Peter Pan (Tootles/Jane) and Saturday Night Fever (Annette). She studied Shakespeare in London, where she appeared in As You Like It and Twelfth Night at LAMDA. Off-Broadway productions include Dreamstuff (Princess), Creature (Elizabeth) and Yiddle With a Fiddle (Yiddle). Regional theater credits up to the present include The Unsinkable Molly Brown (Molly), That Was Then (World Premiere Play-April Gregory), and Funny, You Don't Look Like a Grandmother (her Daughter).
Quinn appeared in a few small roles in independent films between 2006 and 2010, most notably portraying Lily in Annie at Theatre Aspen. She hosted Generation Gap, an interactive sitcom used to teach kids how to resolve conflicts. It was written and directed by filmmaker Edna Harris and aired on PBS in 2004. Quinn played a minor role in the 2009 film Multiple Sarcasms which stars Timothy Hutton and Mira Sorvino.
Quinn is an adjunct theater professor at Monmouth University in West Long Branch, New Jersey. Some of the school's campus was the site of the film version of Annie. She was awarded an honorary degree from Monmouth University in 2009. Quinn was also a Spanish, drama, and dance teacher at Hudson Catholic Regional High School in Jersey City, New Jersey.
She has her own band, Aileen Quinn and The Leapin' Lizards. Quinn met her bandmates after a neighbor heard her singing in her apartment, then introduced Quinn to the other musicians. They released their first album, Spin Me, in 2015. They released their second album, Lightning and Thunder, in November 2019.
Quinn is fluent in Spanish. She spent six months with a family in Chile as part of an exchange program, and considers it one of her life's most rewarding experiences. As of 2012, she had no children and was an aunt and godmother.
Bobby's Girl released November 17, 1982, Columbia Records
Spin Me released 2015, Independent Label
 Lightning and Thunder released 2019, Independent Label
Annie Original 1982 Motion Picture Soundtrack released May 1982, Columbia Records
Tomorrow released 1982, Columbia Records
At Christmas Time released December 20, 2016, Independent Label
Auld Lang Syne released December 20, 2016, Independent Label
Aileen Quinn at IMDb 
Aileen Quinn and The Leapin' Lizards
 </original_body>
 <spacy_body>
  {ORG[Quinn]} was born and raised in {GPE[Yardley]}, {GPE[Pennsylvania]}, on {DATE[June 28, 1971]}. The oldest child of {PERSON[Helenann Quinn]} and {PERSON[Andrew Quinn Sr.]}, she is the older sister of {PERSON[Andrew Quinn Jr. She]} began dance lessons when she was {DATE[4]} at {ORG[Knecht Ballet Academy]} in {GPE[Levittown]}, {GPE[Pennsylvania]}, learning ballet and tap dancing.When she was young, {ORG[Quinn]} was introduced to show business by her mother, who was a TV, radio, and stage singer/actress then elementary school teacher. {ORG[Quinn]} begged to audition for a part in a local community theater production of Annie Get Your Gun and won a role. She performed in additional community productions.
She attended {ORG[Grey Nun Academy]} during elementary school and graduated from {ORG[Oak Knoll School of the Holy Child]} in Summit, {GPE[New Jersey]}.
Taking a break between her child acting career, at {DATE[the age of 18]}, {ORG[Quinn]} decided to focus on school. She graduated from {ORG[Drew University]} in {DATE[1994]}. She was a language major with a minor in political science, and is a member of {WORK_OF_ART[Sigma Delta Pi]}, a {NORP[Spanish]} honor society.
After obtaining an agent, {ORG[Quinn]} won a small role in the film {ORG[Paternity]} and commercial work in {GPE[New York City]}. She began appearing in television commercials including {ORG[Planters Cheez Balls]}, {ORG[Shake ‘n Bake and]} Northern Bathroom Tissue. At {DATE[age 8]}, she landed the role in {GPE[New York City]} of the "swing orphan" (understudy to all of the orphans except {GPE[Molly]} and {ORG[Annie]}) in the {FAC[Broadway]} production of {GPE[Annie]}.After {CARDINAL[eight]} auditions over the course of {DATE[a year]}, and up against {CARDINAL[over 8,000]} other competitors, {ORG[Quinn]} received the title role in the {DATE[1982]} movie {ORG[Annie]}, directed by {PERSON[John Huston]}. {ORG[Annie]} earned {ORG[Quinn two Golden Globe]} nominations, a win for "{WORK_OF_ART[Best Actress]}" from the Youth in Film Awards, and a {WORK_OF_ART[Razzie]} for "{WORK_OF_ART[Worst New Star]}". Aileen was {DATE[9 years old]} when she was cast as {ORG[Annie]}.Aileen {ORG[Quinn]} was under contract for {DATE[several years]} with {ORG[Columbia Pictures]} to make other {ORG[Annie]} sequels which never materialized. During this time, she continued performing in lead roles in regional theater in such shows as {ORG[The Wizard of Oz (]}Dorothy), {PERSON[Bye]}, {PERSON[Bye Birdie]} ({PERSON[Kim]}), {ORG[Annie (Annie]}), {PERSON[Shenandoah]} ({PERSON[Jenny]}), and {DATE[A Day]} in {GPE[Hollywood]}/A Night in the {GPE[Ukraine]} ({GPE[Harpo]}).  She also lent her voice to {CARDINAL[two]} animated cartoon specials which aired on national television, {WORK_OF_ART[The Charmkins and The Wizard of Oz]}.  The {ORG[Annie]} film soundtrack album went double platinum, and subsequently {ORG[Quinn]} released her own album, {PERSON[Bobby]}'s Girl, in {DATE[1982]}. Soon after that release, she starred as {PERSON[Princess Zora]} in the classic fairy tale {WORK_OF_ART[The Frog Prince]}, which was released on videocassette and aired on the {ORG[Disney Channel]} several times.
After graduation from college, {ORG[Quinn]} once again took to the stage.  In {DATE[1994]}, she appeared as {GPE[Bette]} in {GPE[Oliver]}! at {ORG[Paper Mill Playhouse]}.  She toured the {GPE[US]} for {DATE[more than five years]} with {CARDINAL[three]} {FAC[Broadway]} national tours: {PERSON[Fiddler]} on the Roof (Chava), {PERSON[Peter Pan]} ({ORG[Tootles/Jane]}) and {WORK_OF_ART[Saturday Night Fever]} (Annette). She studied {PERSON[Shakespeare]} in {GPE[London]}, where she appeared in {WORK_OF_ART[As You Like It and Twelfth Night]} at {GPE[LAMDA]}. Off-Broadway productions include {ORG[Dreamstuff (Princess), Creature (]}{PERSON[Elizabeth]}) and {PRODUCT[Yiddle With a Fiddle (Yiddle]}). Regional theater credits up to the present include {WORK_OF_ART[The Unsinkable Molly Brown]} (Molly), That Was Then (World Premiere Play-April Gregory), and Funny, You Don't Look Like a Grandmother (her Daughter).
{ORG[Quinn]} appeared in a few small roles in independent films {DATE[between 2006 and 2010]}, most notably portraying {PERSON[Lily]} in {FAC[Annie at Theatre Aspen]}. She hosted {PERSON[Generation Gap]}, an interactive sitcom used to teach kids how to resolve conflicts. It was written and directed by filmmaker {PERSON[Edna Harris]} and aired on {ORG[PBS]} in {DATE[2004]}. {ORG[Quinn]} played a minor role in the {DATE[2009]} film {LOC[Multiple Sarcasms]} which stars {PERSON[Timothy Hutton]} and {PERSON[Mira Sorvino]}.
{ORG[Quinn]} is an adjunct theater professor at {ORG[Monmouth University]} in {GPE[West Long Branch]}, {GPE[New Jersey]}. Some of the school's campus was the site of the film version of {GPE[Annie]}. She was awarded an honorary degree from {ORG[Monmouth University]} in {DATE[2009]}. {ORG[Quinn]} was also a {NORP[Spanish]}, drama, and dance teacher at {ORG[Hudson Catholic Regional High School]} in {GPE[Jersey City]}, {GPE[New Jersey]}.
She has her own band, {PERSON[Aileen Quinn]} and {FAC[The Leapin' Lizards]}. {ORG[Quinn]} met her bandmates after a neighbor heard her singing in her apartment, then introduced {ORG[Quinn]} to the other musicians. They released their {ORDINAL[first]} album, {PERSON[Spin Me]}, in {DATE[2015]}. They released their {ORDINAL[second]} album, {WORK_OF_ART[Lightning and Thunder]}, in {DATE[November 2019]}.
{ORG[Quinn]} is fluent in {LANGUAGE[Spanish]}. She spent {DATE[six months]} with a family in {GPE[Chile]} as part of an exchange program, and considers it one of her life's most rewarding experiences. As of {DATE[2012]}, she had no children and was an aunt and godmother.
{PERSON[Bobby]}'s Girl released {DATE[November 17, 1982]}, {ORG[Columbia Records]}
{PERSON[Spin Me]} released {DATE[2015]}, {PRODUCT[Independent Label
 Lightning and Thunder]} released {DATE[2019]}, {ORG[Independent Label]}
{LAW[Annie Original 1982]} Motion Picture Soundtrack released {DATE[May 1982]}, {ORG[Columbia Records]}
{DATE[Tomorrow]} released {DATE[1982]}, {ORG[Columbia Records]}
At {DATE[Christmas]} Time released {DATE[December 20, 2016]}, Independent Label
{PERSON[Auld Lang Syne]} released {DATE[December 20, 2016]}, {ORG[Independent Label]}
Aileen Quinn at IMDb 
{WORK_OF_ART[Aileen Quinn]} and The Leapin' Lizards
 </spacy_body>
</doc>