<?xml version="1.0" encoding="utf-8"?>
<doc>
 <title>
  Aimee Kelly
 </title>
 <original_abstract>
  Aimée Kelly is a Geordie actress. She is best known for her debut leading role in the feature film Sket, for which she was nominated Best British Newcomer at the London Film Festival Awards. Kelly also starred in CBBC's hit drama Wolfblood as Maddy Smith, for which she was nominated Best Children's performer by BAFTA.
 </original_abstract>
 <spacy_abstract>
  {PERSON[Aimée Kelly]} is a {PERSON[Geordie]} actress. She is best known for her debut leading role in the feature film Sket, for which she was nominated Best {NORP[British]} Newcomer at {FAC[the London Film Festival Awards]}. {PERSON[Kelly]} also starred in {ORG[CBBC]}'s hit drama {PERSON[Wolfblood]} as {PERSON[Maddy Smith]}, for which she was nominated {WORK_OF_ART[Best Children's]} performer by {ORG[BAFTA]}.
 </spacy_abstract>
 <original_body>
  At 16, she auditioned for the role of Minnie McGuinness in E4's Skins, however the role got cast to Freya Mavor. After this audition, casting director Jane Ripley contacted Kelly about Sket. Kelly got the part of Kayla Richards, making this her debut film. The story of the British production follows Kayla as she tries to find the man who killed her sister, and along the way, she joins a gang who helps her in her search. Kelly was nominated for Best British Newcomer at the British Film Institute for this role. In 2013, she was also nominated for 'best performer' at the British Academy Children's Awards, for her role as Maddy in the CBBC show entitled "Wolfblood." However, the award went to her fellow co-star, Bobby Lockwood, who plays Rhydian Morris in "Wolfblood." Since then, Kelly has also filmed in an episode of "Call the Midwife." Debbie Moon (the creator of Wolfblood) stated on her blog  "Never Get off The Bus" that at the end of Series 2 Kelly decided to leave Wolfblood to return to college. On Twitter, Kelly stated that she couldn't pursue the role of Maddy because she was busy studying: "On the contrary of the speculations I'd like to say that finishing my year at university was the reason for not returning to WB season 3". Later she wrote: "It wasn't an easy decision but sometimes education comes first! Thank you so much to all of you that supported me along the way! Xx".
Before pursuing a career in acting, Kelly attended Sacred Heart Catholic High School which was where her English teacher persuaded her to go further in performing arts at the age of 11. She also did extra-curricular drama lessons at the Sage Academy of Performing Arts (along with her twin, Katie). She then applied to take A levels at Tring Park School for the Performing Arts, which is where Daisy Ridley also attended, leaving her mother and two sisters in Newcastle to become a boarder for two years at the Hertfordshire campus. Before getting the role of Kayla in Sket, Kelly worked as a waitress in a bar and as a shop assistant.
Aimée Kelly at IMDb
Aimée Kelly on Twitter
 </original_body>
 <spacy_body>
  At {CARDINAL[16]}, she auditioned for the role of {PERSON[Minnie McGuinness]} in {PERSON[E4]}'s {PRODUCT[Skins]}, however the role got cast to {PERSON[Freya Mavor]}. After this audition, casting director {PERSON[Jane Ripley]} contacted {PERSON[Kelly]} about {PERSON[Sket]}. {PERSON[Kelly]} got the part of {ORG[Kayla Richards]}, making this her debut film. The story of the {NORP[British]} production follows {GPE[Kayla]} as she tries to find the man who killed her sister, and along the way, she joins a gang who helps her in her search. {PERSON[Kelly]} was nominated for Best British Newcomer at {ORG[the British Film Institute]} for this role. In {DATE[2013]}, she was also nominated for 'best performer' at {ORG[the British Academy Children's Awards]}, for her role as {PERSON[Maddy]} in the {ORG[CBBC]} show entitled "{WORK_OF_ART[Wolfblood]}." However, the award went to her fellow co-star, {PERSON[Bobby Lockwood]}, who plays {ORG[Rhydian Morris]} in "{WORK_OF_ART[Wolfblood]}." Since then, {PERSON[Kelly]} has also filmed in an episode of "{WORK_OF_ART[Call the Midwife]}." {PERSON[Debbie Moon]} (the creator of {ORG[Wolfblood]}) stated on her blog  "{WORK_OF_ART[Never Get off The Bus]}" that at the end of {WORK_OF_ART[Series 2 Kelly]} decided to leave {ORG[Wolfblood]} to return to college. On Twitter, {PERSON[Kelly]} stated that she couldn't pursue the role of {PERSON[Maddy]} because she was busy studying: "On the contrary of the speculations I'd like to say that finishing my year at university was the reason for not returning to {ORG[WB]} season {CARDINAL[3]}". Later she wrote: "It wasn't an easy decision but sometimes education comes {ORDINAL[first]}! Thank you so much to all of you that supported me along the way! {PERSON[Xx]}".
Before pursuing a career in acting, {PERSON[Kelly]} attended Sacred Heart Catholic High School which was where her {LANGUAGE[English]} teacher persuaded her to go further in performing arts at {DATE[the age of 11]}. She also did extra-curricular drama lessons at {ORG[the Sage Academy of Performing Arts]} (along with her twin, {PERSON[Katie]}). She then applied to take A levels at {FAC[Tring Park School for the Performing Arts]}, which is where {PERSON[Daisy Ridley]} also attended, leaving her mother and {CARDINAL[two]} sisters in {GPE[Newcastle]} to become a boarder for {DATE[two years]} at the {NORP[Hertfordshire]} campus. Before getting the role of {GPE[Kayla]} in {GPE[Sket]}, {PERSON[Kelly]} worked as a waitress in a bar and as a shop assistant.
{PERSON[Aimée Kelly]} at IMDb
{PERSON[Aimée Kelly]} on Twitter
 </spacy_body>
</doc>