<?xml version="1.0" encoding="utf-8"?>
<doc>
 <title>
  Aimee Garcia
 </title>
 <original_abstract>
  Aimee Sandimés Garcia López de Ordóñez  is an American actress and writer.  She is known for her television roles as Veronica Palmero on the ABC sitcom George Lopez, Yvonne Sanchez on the CBS period drama Vegas, Jamie Batista on the Showtime drama Dexter and Ella Lopez on the Fox/Netflix drama Lucifer.
 </original_abstract>
 <spacy_abstract>
  {PERSON[Aimee Sandimés Garcia López de Ordóñez]}  is an {NORP[American]} actress and writer.  She is known for her television roles as {PERSON[Veronica Palmero]} on the {ORG[ABC]} sitcom {PERSON[George Lopez]}, {PERSON[Yvonne Sanchez]} on the {ORG[CBS]} period drama {GPE[Vegas]}, {PERSON[Jamie Batista]} on the {ORG[Showtime]} drama {PERSON[Dexter]} and {PERSON[Ella Lopez]} on the {ORG[Fox]}/Netflix drama {PERSON[Lucifer]}.
 </spacy_abstract>
 <original_body>
  Aimee Garcia was born in Chicago, Illinois. Her mother, Eloisa, is from Pachuca, Hidalgo, Mexico, and graduated from Northwestern University's dental school; her father, Hector, is from San Juan, Puerto Rico, and was in the U.S. Armed Forces. Garcia started acting in commercials as a child, and participated in theater at seven years old. She grew up in Oak Park, Illinois, where she attended Fenwick High School. While in school, she took acting classes at Piven Theatre Workshop. She appeared in local plays and musicals during her time at Northwestern University, where she triple majored in economics, journalism, and French. After graduating, she quit acting for a year and did finance work for a mutual fund analyst in Brooklyn, New York. Unsatisfied with the job, she moved to Los Angeles, California, around 2002 to pursue acting as her career.
She portrayed Maria on The WB's Greetings from Tucson, and appeared in the unaired pilot episode of Global Frequency.  She had a role in the Disney Channel original movie Cadet Kelly (2002), and co-starred, as Lydia, alongside Anthony Anderson in The WB sitcom All About the Andersons. In 2006, she began appearing on the series George Lopez, playing Lopez's niece.
Garcia starred alongside Jessica Simpson in the comedy-drama Major Movie Star (2008). She also played a supporting role in the movie D-War (2007) and narrated the Adam Sandler film Spanglish (2004).
From 2009 to 2010, she was in the cast of the Peter Berg NBC medical drama Trauma, as EMT helicopter pilot Marisa Benez.
Garcia spent three years on Showtime's Dexter as Jamie Batista, for which she was nominated for a SAG Award for Best Ensemble in Dramatic Television Series.She played Dr. Jae Kim in MGM's reboot film, RoboCop (2014).In 2016, Garcia was added to the main cast for the second season of the Fox television series Lucifer, playing LAPD forensic scientist Ella Lopez. In 2019, Garcia starred in the independent film El Chicano, receiving praise from The Hollywood Reporter for her performance's "vivid impression".Garcia co-wrote the comic book series GLOW vs. The Babyface with former professional wrestler AJ Mendez, based on the television series GLOW; the first of four issues was published by IDW Publishing in November 2019. Garcia and Mendez reunited to write the Dungeons &amp; Dragons four-issue limited series At the Spine of the World; the first issue was published by IDW in November 2020.
Garcia resides in Los Angeles, California.
GLOW vs. The Babyface, with AJ Mendez, illustrated by Hannah Templer (IDW Publishing, June 2020, ISBN 978-1684056309)
Dungeons &amp; Dragons: At the Spine of the World, with AJ Mendez, illustrated by Martin Coccolo and Katrina Mae Hao (IDW Publishing, July 2021, ISBN 978-1-68405-791-7)
Aimee Garcia at IMDb
 </original_body>
 <spacy_body>
  {PERSON[Aimee Garcia]} was born in {GPE[Chicago]}, {GPE[Illinois]}. Her mother, {PERSON[Eloisa]}, is from {LOC[Pachuca]}, {GPE[Hidalgo]}, {GPE[Mexico]}, and graduated from {ORG[Northwestern University's]} dental school; her father, {PERSON[Hector]}, is from {GPE[San Juan]}, {GPE[Puerto Rico]}, and was in {ORG[the U.S. Armed Forces]}. {PERSON[Garcia]} started acting in commercials as a child, and participated in theater at {DATE[seven years old]}. She grew up in {GPE[Oak Park]}, {GPE[Illinois]}, where she attended {ORG[Fenwick High School]}. While in school, she took acting classes at {FAC[Piven Theatre Workshop]}. She appeared in local plays and musicals during her time at {ORG[Northwestern University]}, where she triple majored in economics, journalism, and {NORP[French]}. After graduating, she quit acting for {DATE[a year]} and did finance work for a mutual fund analyst in {GPE[Brooklyn]}, {GPE[New York]}. Unsatisfied with the job, she moved to {GPE[Los Angeles]}, {GPE[California]}, {DATE[around 2002]} to pursue acting as her career.
She portrayed {PERSON[Maria]} on The WB's Greetings from {GPE[Tucson]}, and appeared in the unaired pilot episode of {WORK_OF_ART[Global Frequency]}.  She had a role in the {ORG[Disney Channel]} original movie {PERSON[Cadet Kelly]} ({DATE[2002]}), and co-starred, as {GPE[Lydia]}, alongside {PERSON[Anthony Anderson]} in The {ORG[WB]} sitcom {WORK_OF_ART[All About the Andersons]}. In {DATE[2006]}, she began appearing on the series {PERSON[George Lopez]}, playing {PERSON[Lopez]}'s niece.
{PERSON[Garcia]} starred alongside {PERSON[Jessica Simpson]} in the comedy-drama {ORG[Major Movie Star]} ({DATE[2008]}). She also played a supporting role in the movie {EVENT[D-War]} ({DATE[2007]}) and narrated the {PERSON[Adam Sandler]} film {NORP[Spanglish]} ({DATE[2004]}).
From {DATE[2009]} to {DATE[2010]}, she was in the cast of {PERSON[the Peter Berg NBC]} medical drama {GPE[Trauma]}, as {ORG[EMT]} helicopter pilot {PERSON[Marisa Benez]}.
{PERSON[Garcia]} spent {DATE[three years]} on {ORG[Showtime]}'s Dexter as {PERSON[Jamie Batista]}, for which she was nominated for {WORK_OF_ART[a SAG Award for Best Ensemble in Dramatic Television Series]}.She played Dr. {PERSON[Jae Kim]} in {ORG[MGM]}'s reboot film, {PERSON[RoboCop]} (2014).In {DATE[2016]}, {PERSON[Garcia]} was added to the main cast for {DATE[the second season]} of the {ORG[Fox]} television series {PERSON[Lucifer]}, playing {ORG[LAPD]} forensic scientist {PERSON[Ella Lopez]}. In {DATE[2019]}, {PERSON[Garcia]} starred in the independent film {ORG[El Chicano]}, receiving praise from The Hollywood Reporter for her performance's "vivid impression".{PERSON[Garcia]} co-wrote the comic book series {PERSON[GLOW]} vs. The {GPE[Babyface]} with former professional wrestler {FAC[AJ Mendez]}, based on the television series GLOW; the {ORDINAL[first]} of {CARDINAL[four]} issues was published by {ORG[IDW Publishing]} in {DATE[November 2019]}. {PERSON[Garcia]} and {PERSON[Mendez]} reunited to write the Dungeons &amp; Dragons {CARDINAL[four]}-issue limited series At {FAC[the Spine of the World]}; the {ORDINAL[first]} issue was published by {ORG[IDW]} in {DATE[November 2020]}.
{PERSON[Garcia]} resides in {GPE[Los Angeles]}, {GPE[California]}.
{PERSON[GLOW]} vs. The {GPE[Babyface]}, with {PERSON[AJ Mendez]}, illustrated by {PERSON[Hannah Templer]} ({ORG[IDW Publishing]}, {DATE[June 2020]}, {ORG[ISBN]} 978-1684056309)
Dungeons &amp; Dragons: At {FAC[the Spine of the World]}, with {PERSON[AJ Mendez]}, illustrated by {PERSON[Martin Coccolo]} and {PERSON[Katrina Mae Hao]} ({ORG[IDW Publishing]}, {DATE[July 2021]}, {ORG[ISBN 978-1-68405-791-7]})
{PERSON[Aimee Garcia]} at IMDb
 </spacy_body>
</doc>