<?xml version="1.0" encoding="utf-8"?>
<doc>
 <title>
  Aimee Osbourne
 </title>
 <original_abstract>
  Aimee Rachel Osbourne (born 2 September 1983) is an English actress and singer. She is the eldest daughter of Ozzy and Sharon Osbourne. Her father Ozzy also has two older children from his previous eleven year marriage to his first wife Thelma Riley. Aimee is Ozzy's third daughter, the oldest being half-sister Jessica. While her siblings Jack and Kelly achieved pop culture fame for appearing in the family's MTV reality series The Osbournes, Aimée declined to appear on the show, feeling that doing so would typecast her and affect her musical career. She has expressed discomfort with some of her parents' behaviour on television.
 </original_abstract>
 <spacy_abstract>
  {PERSON[Aimee Rachel Osbourne]} (born {DATE[2 September 1983]}) is an {LANGUAGE[English]} actress and singer. She is the eldest daughter of {PERSON[Ozzy]} and {PERSON[Sharon Osbourne]}. Her father {PERSON[Ozzy]} also has {CARDINAL[two]} older children from his previous eleven year marriage to his {ORDINAL[first]} wife {PERSON[Thelma Riley]}. {PERSON[Aimee]} is {PERSON[Ozzy]}'s {ORDINAL[third]} daughter, the oldest being {CARDINAL[half]}-sister {PERSON[Jessica]}. While her siblings {PERSON[Jack]} and {PERSON[Kelly]} achieved pop culture fame for appearing in the family's {ORG[MTV]} reality series The {ORG[Osbournes]}, {PERSON[Aimée]} declined to appear on the show, feeling that doing so would typecast her and affect her musical career. She has expressed discomfort with some of her parents' behaviour on television.
 </spacy_abstract>
 <original_body>
  In 1991, Osbourne appeared as a child in some videos and documentaries relating to her father's musical career, and appeared on The Howard Stern Show in 1998, but did not reach mainstream acting success until being cast in MTV's 2003 adaptation of Wuthering Heights. She later provided voiceover work in the 2014 animated film Postman Pat: The Movie.
Around 2010, she began recording and releasing music under the project name ARO (her initials). ARO, in contrast to her father's heavy metal, has been described as synth pop, and is influenced by Kate Bush and Portishead, as well as PJ Harvey and Massive Attack. She has appeared in her own music videos, and her video for "Raining Gold" received two million hits in just two months.ARO so far have performed only three live shows. Union Pool, Brooklyn on 1 April 2015, Mercury Lounge, New York City, on 2 April 2015 and The Echo, Los Angeles, on February 9, 2016.In 2016, after having releasing three songs "Raining Gold", "I Can Change" and "Cocaine Style", updates on the project started to become few and far between. On 17 October 2018 ARO announced on their official Instagram page that an EP was in the works thanking the fans for their patience. ARO teased new material on Instagram on 5 December 2018 with a snippet of a song called "Beats of My Heart". As of 2020 neither the EP or the single have been released and no new updates regarding the band had been released which suggests the band was either on hiatus or broken up.
On 13 February 2020, ARO posted their first update in over a year stating "Thank you all so much for your interest. Not long to go now". The post also revealed the debut album will be released on indie record label "Makerecords". On 24 July 2020, ARO released their first single in four years "Shared Something With the Night". Osbourne revealed the title of ARO's upcoming LP to be Vacare Adamaré and that they plan to release it in "EP-like chapters, built around videos for each song". Speaking of upcoming live shows she stated: "I want the live show to feel like you’re on the haunted mansion ride at Disneyland, with a little Studio 54, a touch of vaudeville and a lot of Blade Runner. It will be ghostly and poetic with some neon and hypnotic laser lights to captivate all the senses."
Osbourne's maternal grandfather was the English music manager Don Arden (Harry Levy). She is of partial Jewish descent.
In March 2020, Osbourne was rushed to hospital for emergency surgery to remove her appendix.
Aimée Osbourne - lead vocals (2015-present)
Billy Mohler - guitar, bass (2015-present)
Rene Arsenault - keyboards, programming (2015-present)
Brendan Buckey - drums (2015-present)
Studio albums

Vacare Adamaré (2020)Singles

"Raining Gold" (2015)
"I Can Change" (LCD Soundsystem cover) (2016)
"Cocaine Style" (2016)
"Shared Something With the Night" (2020)
"House of Lies" (2020)
Officially Osbourne: Opening the Doors to the Land of Oz (2002) (Audiobook narration)
The Joan Rivers Show (1991) - Herself (Episode: Rock &amp; Roll Dads)
Ozzy Osbourne: Don't Blame Me (1991) - Herself
Behind the Music (1998) - Herself (Episode: Ozzy Osbourne)
Howard Stern (1998) - Herself (2 Episodes)
Intimate Portrait (2002) - Herself (Episode: Sharon Osbourne)
The Osbournes (2002–03) - Herself (9 Uncredited appearances with her face blurred out)
Wuthering Heights (2003) - Raquelle
Biography (2007) - Herself (Episode: Ozzy Osbourne)
God Bless Ozzy Osbourne (2011) - Herself
Postman Pat: The Movie (2014) - Amy Wrigglesworth
Aimee Osbourne at IMDb
 </original_body>
 <spacy_body>
  In {DATE[1991]}, {PERSON[Osbourne]} appeared as a child in some videos and documentaries relating to her father's musical career, and appeared on {ORG[The Howard Stern Show]} in {DATE[1998]}, but did not reach mainstream acting success until being cast in {ORG[MTV]}'s {DATE[2003]} adaptation of {GPE[Wuthering Heights]}. She later provided voiceover work in the {DATE[2014]} animated film {ORG[Postman Pat: The Movie]}.
{DATE[Around 2010]}, she began recording and releasing music under the project name ARO (her initials). ARO, in contrast to her father's heavy metal, has been described as {DATE[synth]} pop, and is influenced by {PERSON[Kate Bush]} and {PERSON[Portishead]}, as well as PJ Harvey and Massive Attack. She has appeared in her own music videos, and her video for "{WORK_OF_ART[Raining Gold]}" received {CARDINAL[two million]} hits in {DATE[just two months]}.ARO so far have performed {CARDINAL[only three]} live shows. {ORG[Union Pool]}, {GPE[Brooklyn]} on {DATE[1 April 2015]}, {PERSON[Mercury Lounge]}, {GPE[New York City]}, on {DATE[2 April 2015]} and {ORG[The Echo]}, {GPE[Los Angeles]}, on {DATE[February 9]}, 2016.In {DATE[2016]}, after having releasing {CARDINAL[three]} songs "{WORK_OF_ART[Raining Gold]}", "{WORK_OF_ART[I Can Change]}" and "{WORK_OF_ART[Cocaine Style]}", updates on the project started to become few and far between. On {DATE[17 October 2018]} ARO announced on their official {NORP[Instagram]} page that an {ORG[EP]} was in the works thanking the fans for their patience. ARO teased new material on {ORG[Instagram]} on {DATE[5 December 2018]} with a snippet of a song called "{WORK_OF_ART[Beats of My Heart]}". As of {DATE[2020]} neither the {ORG[EP]} or the single have been released and no new updates regarding the band had been released which suggests the band was either on hiatus or broken up.
On {DATE[13 February 2020]}, {ORG[ARO]} posted their {ORDINAL[first]} update in {DATE[over a year]} stating "Thank you all so much for your interest. Not long to go now". The post also revealed the debut album will be released on indie record label "Makerecords". On {DATE[24 July 2020]}, {ORG[ARO]} released their {ORDINAL[first]} single in {DATE[four years]} "{WORK_OF_ART[Shared Something With the Night]}". {PERSON[Osbourne]} revealed the title of {ORG[ARO]}'s upcoming {ORG[LP]} to be Vacare Adamaré and that they plan to release it in "EP-like chapters, built around videos for each song". Speaking of upcoming live shows she stated: "I want the live show to feel like you’re on the haunted mansion ride at {FAC[Disneyland]}, with a little Studio {CARDINAL[54]}, a touch of vaudeville and a lot of {PERSON[Blade Runner]}. It will be ghostly and poetic with some neon and hypnotic laser lights to captivate all the senses."
{PERSON[Osbourne]}'s maternal grandfather was the {NORP[English]} music manager {PERSON[Don Arden]} ({PERSON[Harry Levy]}). She is of partial {NORP[Jewish]} descent.
In {DATE[March 2020]}, {PERSON[Osbourne]} was rushed to hospital for emergency surgery to remove her appendix.
{PERSON[Aimée Osbourne]} - lead vocals (2015-present)
{PERSON[Billy Mohler - guitar]}, bass (2015-present)
{PERSON[Rene Arsenault - keyboards]}, programming (2015-present)
{PERSON[Brendan Buckey - drums]} (2015-present)
{PERSON[Studio]} albums

{LAW[Vacare]} Adamaré ({CARDINAL[2020)Singles]}

"Raining Gold" ({DATE[2015]})
"{WORK_OF_ART[I Can Change]}" ({ORG[LCD Soundsystem]} cover) ({DATE[2016]})
"Cocaine Style" ({DATE[2016]})
"{WORK_OF_ART[Shared Something With the Night]}" ({DATE[2020]})
"{ORG[House of Lies]}" ({DATE[2020]})
Officially Osbourne: Opening the Doors to the Land of Oz ({DATE[2002]}) ({NORP[Audiobook]} narration)
{WORK_OF_ART[The Joan Rivers Show]} ({DATE[1991]}) - Herself (Episode: Rock &amp; Roll Dads)
{PERSON[Ozzy Osbourne]}: Don't Blame Me ({DATE[1991]}) - Herself
Behind the Music ({DATE[1998]}) - Herself (Episode: {PERSON[Ozzy Osbourne]})
{PERSON[Howard Stern]} ({DATE[1998]}) - Herself (2 Episodes)
Intimate Portrait ({DATE[2002]}) - Herself (Episode: {PERSON[Sharon Osbourne]})
The {ORG[Osbournes]} (2002–03) - Herself ({CARDINAL[9]} Uncredited appearances with her face blurred out)
{PERSON[Wuthering Heights]} ({DATE[2003]}) - Raquelle
Biography ({DATE[2007]}) - Herself (Episode: {PERSON[Ozzy Osbourne]})
God {PERSON[Bless Ozzy Osbourne]} ({DATE[2011]}) - Herself
Postman {PERSON[Pat]}: The Movie ({DATE[2014]}) - Amy Wrigglesworth
Aimee Osbourne at IMDb
 </spacy_body>
</doc>