<?xml version="1.0" encoding="utf-8"?>
<doc>
 <title>
  Aimé Simon-Girard
 </title>
 <original_abstract>
  Aimé Simon-Girard (20 March 1889 – 15 July 1950) was a French film actor. He was the son of the tenor Nicholas Simon-Max and the soprano Juliette Simon-Girard.
He played a leading role as d'Artagnan in the silent film Les Trois Mousquetaires (1921), the first film adaptation of the novel and his screen breakthrough role.
He starred in 20 films between 1921 and 1948.
 </original_abstract>
 <spacy_abstract>
  {PERSON[Aimé Simon-Girard]} ({DATE[20 March 1889]} – {DATE[15 July 1950]}) was a {NORP[French]} film actor. He was the son of the tenor {PERSON[Nicholas Simon-Max]} and the soprano {PERSON[Juliette Simon-Girard]}.
He played a leading role as d'Artagnan in the silent film {WORK_OF_ART[Les Trois Mousquetaires]} ({DATE[1921]}), the {ORDINAL[first]} film adaptation of the novel and his screen breakthrough role.
He starred in {CARDINAL[20]} films {DATE[between 1921 and 1948]}.
 </spacy_abstract>
 <original_body>
  Les Trois Mousquetaires (1921)
Fanfan la Tulipe (1925)
The Three Musketeers (1932)
Arsene Lupin, Detective (1937)
The Pearls of the Crown (1937)
The Black Cavalier (1945)
Aimé Simon-Girard at IMDb
Aimé Simon-Girard at Find a Grave
 </original_body>
 <spacy_body>
  {PERSON[Les Trois Mousquetaires]} ({DATE[1921]})
Fanfan la Tulipe ({DATE[1925]})
{WORK_OF_ART[The Three Musketeers (1932]})
{PERSON[Arsene Lupin]}, Detective ({DATE[1937]})
{WORK_OF_ART[The Pearls of the Crown]} (1937)
{WORK_OF_ART[The Black Cavalier]} ({DATE[1945]})
{PERSON[Aimé Simon-Girard]} at IMDb
{PERSON[Aimé Simon-Girard]} at Find a Grave
 </spacy_body>
</doc>