<?xml version="1.0" encoding="utf-8"?>
<doc>
 <title>
  Aimé Clariond
 </title>
 <original_abstract>
  Aimé Clariond (10 May 1894 – 31 December 1959) was a French stage and film actor.
Clariond was born in Périgueux, Dordogne, France and died in Paris.
 </original_abstract>
 <spacy_abstract>
  {PERSON[Aimé Clariond]} ({DATE[10 May 1894]} – {DATE[31 December 1959]}) was a {NORP[French]} stage and film actor.
{PERSON[Clariond]} was born in {GPE[Périgueux]}, {GPE[Dordogne]}, {GPE[France]} and died in {GPE[Paris]}.
 </spacy_abstract>
 <original_body>
  Waldman, Harry. Maurice Tourneur: The Life and Films. McFarland &amp; Co, 2008.
Aimé Clariond at IMDb
 </original_body>
 <spacy_body>
  {ORG[Waldman]}, {PERSON[Harry]}. {PERSON[Maurice Tourneur]}: {WORK_OF_ART[The Life and Films.]} McFarland &amp; Co, {DATE[2008]}.
{PERSON[Aimé Clariond]} at IMDb
 </spacy_body>
</doc>