<?xml version="1.0" encoding="utf-8"?>
<doc>
 <title>
  Aisling Loftus
 </title>
 <original_abstract>
  Aisling Loftus (born 1 September 1990) is a British actress, best known for portraying Agnes Towler on the ITV series Mr Selfridge and Sonya Rostova on the BBC historical drama series War &amp; Peace.
 </original_abstract>
 <spacy_abstract>
  {PERSON[Aisling Loftus]} (born 1 {DATE[September 1990]}) is a {NORP[British]} actress, best known for portraying {PERSON[Agnes Towler]} on the {ORG[ITV]} series Mr {PERSON[Selfridge]} and {PERSON[Sonya Rostova]} on the {ORG[BBC]} historical drama series {EVENT[War &amp; Peace]}.
 </spacy_abstract>
 <original_body>
  Loftus was born in Nottingham, Nottinghamshire, the daughter of Irish parents, Paddy and Eileen Loftus; she has an older sister, Aoife. She began acting at age nine at the Carlton Workshops, and later took her A-Levels at the Becket School in Nottingham. She played several small roles in television dramas and films, including This Is England.
In December 2018, Loftus married actor Jacob Anderson.
Loftus made her mainstream television debut in 2000, when she appeared in an episode of Peak Practice. Subsequently, Loftus has appeared in various television series, including Casualty, Doctors, The Bill, and in the ITV comedy drama The Fattest Man in Britain, starring Timothy Spall and Bobby Ball.In 2008 Loftus was described as a "star of tomorrow" in Screen International magazine. She also appeared in Daniel Elliott’s short Jade, which won a Silver Bear at the Berlin International Film Festival in 2009.In 2010 Loftus starred in the BBC drama Five Daughters as murder victim Gemma Adams. In July of the same year she took the leading female role in another BBC drama, Dive, by BAFTA award winning Dominic Savage and Simon Stevens, in a cast that included Skins actor Jack O'Connell, Eddie Marsan, Gina McKee, Joseph Mawle and Ewen Bremner. Dive was critically acclaimed, Euan Ferguson of The Observer predicting that Aisling "Ash" Loftus will be a "phenomenon."Loftus played Leonie Fowler in the summer box office hit Spur of the Moment by Anya Reiss at the Royal Court Theatre in 2010 in London where she has received favourable reviews with Dominic Cavendish of The Daily Telegraph calling her "superb." In February 2017, she played Joan in the fortieth anniversary production at Nottingham Playhouse of Touched by Stephen Lowe.In 2011 Loftus starred in a new BBC TV film version of The Borrowers broadcast on Boxing Day, as Arrietty. This was followed up in 2012 with roles in two BBC series : Jade in Public Enemies and Cassandra in  Good Cop  and in 2013 by the role of Agnes Towler in ITV's Mr. Selfridge. In 2016, she played Sonya Rostova in the BBC prime-time drama War &amp; Peace.
Aisling Loftus at IMDb
Loftus on Screen Daily website
LeftLion: Aisling Loftus
 </original_body>
 <spacy_body>
  {ORG[Loftus]} was born in {GPE[Nottingham]}, {PERSON[Nottinghamshire]}, the daughter of {NORP[Irish]} parents, {FAC[Paddy]} and {PERSON[Eileen Loftus]}; she has an older sister, {PERSON[Aoife]}. She began acting at {DATE[age nine]} at {ORG[the Carlton Workshops]}, and later took her {WORK_OF_ART[A-Levels at the Becket School]} in {GPE[Nottingham]}. She played several small roles in television dramas and films, including This Is {GPE[England]}.
In {DATE[December 2018]}, {ORG[Loftus]} married actor {PERSON[Jacob Anderson]}.
{ORG[Loftus]} made her mainstream television debut in {DATE[2000]}, when she appeared in an episode of {EVENT[Peak Practice]}. Subsequently, {ORG[Loftus]} has appeared in various television series, including {ORG[Casualty]}, {ORG[Doctors]}, The Bill, and in the {ORG[ITV]} comedy drama {WORK_OF_ART[The Fattest Man]} in {GPE[Britain]}, starring {PERSON[Timothy Spall]} and {PERSON[Bobby Ball]}.In {DATE[2008]} {ORG[Loftus]} was described as a "star of {DATE[tomorrow]}" in {ORG[Screen International]} magazine. She also appeared in {PERSON[Daniel Elliott]}’s short Jade, which won {WORK_OF_ART[a Silver Bear]} at {FAC[the Berlin International Film Festival]} in {DATE[2009.In 2010]} {ORG[Loftus]} starred in the {ORG[BBC]} drama {CARDINAL[Five]} Daughters as murder victim {PERSON[Gemma Adams]}. In {DATE[July of the same year]} she took the leading female role in another {ORG[BBC]} drama, {ORG[Dive]}, by {ORG[BAFTA]} award winning {WORK_OF_ART[Dominic Savage]} and {PERSON[Simon Stevens]}, in a cast that included {NORP[Skins]} actor {PERSON[Jack O'Connell]}, {PERSON[Eddie Marsan]}, {PERSON[Gina McKee]}, {PERSON[Joseph Mawle]} and {PERSON[Ewen Bremner]}. Dive was critically acclaimed, {PERSON[Euan Ferguson]} of The Observer predicting that Aisling "{PERSON[Ash]}" {ORG[Loftus]} will be a "phenomenon."Loftus played {PERSON[Leonie Fowler]} in the summer box office hit {ORG[Spur of the Moment]} by {PERSON[Anya Reiss]} at {FAC[the Royal Court Theatre]} in {DATE[2010]} in {GPE[London]} where she has received favourable reviews with {ORG[Dominic Cavendish of The Daily Telegraph]} calling her "{WORK_OF_ART[superb]}." In {DATE[February 2017]}, she played {PERSON[Joan]} in the fortieth anniversary production at {ORG[Nottingham Playhouse]} of {GPE[Touched]} by {PERSON[Stephen Lowe]}.In {DATE[2011]} {ORG[Loftus]} starred in a new {ORG[BBC TV]} film version of {WORK_OF_ART[The Borrowers]} broadcast on {DATE[Boxing Day]}, as {ORG[Arrietty]}. This was followed up in {DATE[2012]} with roles in {CARDINAL[two]} {ORG[BBC]} series : Jade in Public Enemies and {GPE[Cassandra]} in  {WORK_OF_ART[Good Cop]}  and in {DATE[2013]} by the role of {PERSON[Agnes Towler]} in {ORG[ITV]}'s Mr. {PERSON[Selfridge]}. In {DATE[2016]}, she played {PERSON[Sonya Rostova]} in the {ORG[BBC]} prime-time drama {ORG[War &amp; Peace]}.
Aisling Loftus at IMDb
{ORG[Loftus on]} Screen Daily website
LeftLion: Aisling {ORG[Loftus]}
 </spacy_body>
</doc>