<?xml version="1.0" encoding="utf-8"?>
<doc>
 <title>
  Aitana Sánchez-Gijón
 </title>
 <original_abstract>
  Aitana Sánchez-Gijón de Angelis (born 5 November 1968) is a Spanish-Italian film actress.
 </original_abstract>
 <spacy_abstract>
  {PERSON[Aitana Sánchez-Gijón de Angelis]} (born {DATE[5 November 1968]}) is a {NORP[Spanish]}-Italian film actress.
 </spacy_abstract>
 <original_body>
  Romanza final (Gayarre) (1986)
Bajarse al moro (1989)
A Walk in the Clouds (1995)
Boca a Boca (1996)
The Chambermaid on the Titanic (1997)
Love Walked In (1997)
Sus Ojos Se Cerraron (1998)
Jealousy (1999)
My Sweet (2001)
I'm Not Scared (2003)
The Machinist (2004)
The Whore and the Whale (2004)
The Backwoods (2006)
The Nautical Chart (2007)
Oviedo Express (2007)
Tell Me About Love (2008)
The Frost (2009)
Maktub (2011)
Conquistadores: Adventvm (2017) as Isabel de Castilla on Cero
Thi Mai, Rumbo a VietNam (2018)
Aitana Sánchez-Gijón at IMDb


== References ==
 </original_body>
 <spacy_body>
  Romanza final (Gayarre) ({DATE[1986]})
{PERSON[Bajarse al moro]} ({DATE[1989]})
{WORK_OF_ART[A Walk in the Clouds (1995]})
Boca a Boca (1996)
The {NORP[Chambermaid]} on the Titanic ({DATE[1997]})
{WORK_OF_ART[Love Walked]} In (1997)
{PERSON[Sus Ojos Se Cerraron]} ({DATE[1998]})
{PERSON[Jealousy]} ({DATE[1999]})
My Sweet ({DATE[2001]})
I'm Not Scared ({DATE[2003]})
The Machinist ({DATE[2004]})
The {PERSON[Whore]} and the Whale ({DATE[2004]})
{WORK_OF_ART[The Backwoods (2006]})
{ORG[The Nautical Chart]} ({DATE[2007]})
{ORG[Oviedo Express]} ({DATE[2007]})
Tell Me About Love ({DATE[2008]})
The Frost ({DATE[2009]})
Maktub ({DATE[2011]})
Conquistadores: Adventvm ({DATE[2017]}) as {PERSON[Isabel de Castilla]} on {PERSON[Cero
]}{PERSON[Thi Mai]}, {PERSON[Rumbo a VietNam]} ({DATE[2018]})
{PERSON[Aitana Sánchez-Gijón]} at IMDb


== References ==
 </spacy_body>
</doc>