<?xml version="1.0" encoding="utf-8"?>
<doc>
 <title>
  Ajita Wilson
 </title>
 <original_abstract>
  Ajita Wilson (January 12, 1950 – May 26, 1987) was an American transsexual actress who started out as an entertainer in the red-light district of New York. Wilson had sex reassignment surgery in the mid-1970s.who starred in European exploitation and hardcore films in the 1970s and 1980s. Wilson was born in Brooklyn. She also did some fashion modeling work.
Wilson died from a brain hemorrhage on May 26, 1987, at age 37.
 </original_abstract>
 <spacy_abstract>
  {PERSON[Ajita Wilson]} ({DATE[January 12, 1950]} – {DATE[May 26, 1987]}) was an {NORP[American]} transsexual actress who started out as an entertainer in the red-light district of {GPE[New York]}. {ORG[Wilson]} had sex reassignment surgery in the mid-1970s.who starred in {NORP[European]} exploitation and hardcore films in {DATE[the 1970s and]} {DATE[1980s]}. {ORG[Wilson]} was born in {GPE[Brooklyn]}. She also did some fashion modeling work.
{PERSON[Wilson]} died from a brain hemorrhage on {DATE[May 26, 1987]}, at {DATE[age 37]}.
 </spacy_abstract>
 <original_body>
  Ajita Wilson at IMDb
Ajita Wilson at Find a Grave
Created By Cinema: The Enigma of Ajita Wilson (The Grindhouse Effect)
 </original_body>
 <spacy_body>
  {PERSON[Ajita Wilson]} at IMDb
{PERSON[Ajita Wilson]} at Find a Grave
Created By Cinema: The {PRODUCT[Enigma]} of {PERSON[Ajita Wilson]} ({WORK_OF_ART[The Grindhouse Effect]})
 </spacy_body>
</doc>