<?xml version="1.0" encoding="utf-8"?>
<doc>
 <title>
  Akim Tamiroff
 </title>
 <original_abstract>
  Akim Mikhailovich Tamiroff (born Hovakim Tamiryants; October 29, 1899 – September 17, 1972) was an Armenian-American actor of film, stage, and television. One of the premier character actors of Hollywood's Golden Age, Tamiroff appeared in at least 80 motion pictures in a career spanning 37 years, developing a prolific career despite his thick accent.He was nominated twice for the Academy Award for Best Supporting Actor for his performances in The General Died at Dawn (1936) and For Whom the Bell Tolls (1943), and the latter won him the first Golden Globe Award for Best Supporting Actor. Orson Welles, a personal friend and oft-collaborator, praised him as "the greatest of all screen actors."
 </original_abstract>
 <spacy_abstract>
  {PERSON[Akim Mikhailovich Tamiroff]} (born {PERSON[Hovakim Tamiryants]}; {DATE[October 29, 1899 –]} {DATE[September 17, 1972]}) was an {NORP[Armenian]}-American actor of film, stage, and television. {CARDINAL[One]} of the premier character actors of {GPE[Hollywood]}'s Golden Age, {PERSON[Tamiroff]} appeared in {CARDINAL[at least 80]} motion pictures in a career spanning {DATE[37 years]}, developing a prolific career despite his thick accent.He was nominated twice for {ORG[the Academy Award for Best Supporting Actor]} for his performances in The General Died at Dawn ({DATE[1936]}) and For Whom the Bell Tolls ({DATE[1943]}), and the latter won him the {ORDINAL[first]} Golden Globe Award for Best Supporting Actor. {PERSON[Orson Welles]}, a personal friend and oft-collaborator, praised him as "the greatest of all screen actors."
 </spacy_abstract>
 <original_body>
  Tamiroff was born in either Tiflis or Baku, Russian Empire, to an Armenian family. He trained at the Moscow Art Theatre drama school for nine years. He arrived in the U.S. for the first time, in January 1923 on a three-month tour with a troupe of actors. He returned in November and stayed until 1924. His final trip with his theatre group was in October 1927 when he decided to stay permanently. Tamiroff managed to develop a career in Hollywood despite his thick accent.
Tamiroff's film debut came in 1932 in an uncredited role in Okay, America!. He performed in several more uncredited roles until 1935, when he co-starred in The Lives of a Bengal Lancer. He also appeared in the lavish epic China Seas in 1935 with Clark Gable, Wallace Beery, Jean Harlow, Rosalind Russell and Robert Benchley. The following year, he was cast in the titular role in The General Died at Dawn. He appeared in the 1937 musical High, Wide, and Handsome with Irene Dunne and Randolph Scott, and the 1938 proto-noir Dangerous to Know opposite Anna May Wong, frequently singled out as his best role.In the following decade, he appeared in such films as The Buccaneer (1938) with Fredric March, The Great McGinty (1940), The Corsican Brothers (1941), Tortilla Flat (1942) with Spencer Tracy, Hedy Lamarr and John Garfield, Five Graves to Cairo (1943) with Erich von Stroheim as Field Marshal Erwin Rommel, Frank Borzage's His Butler's Sister (1943), For Whom the Bell Tolls (1943) with Gary Cooper and Ingrid Bergman, for which he received another Oscar nomination, and Preston Sturges' The Miracle of Morgan's Creek (1944).
In later years, Tamiroff appeared in Ocean's 11 (1960) with Frank Sinatra and Dean Martin's Rat Pack, Topkapi (1964) with Peter Ustinov and Melina Mercouri, Alphaville (1965), and had a long collaboration with Orson Welles including Touch of Evil (1958) with Charlton Heston, Mr Arkadin (1955), The Trial (1962) and Welles' unfinished version of Don Quixote, in which he played Sancho Panza.
While Tamiroff may not be a household name now, his malapropistic performance as the boss in The Great McGinty is thought to have been the inspiration for the cartoon character Boris Badenov, the male half of the villainous husband-and-wife team Boris and Natasha on The Rocky and Bullwinkle Show. He was also spoofed in a 1969 episode of the TV show H.R. Pufnstuf entitled "The Stand-in" in which a frog named "Akim Toadanoff" directs a movie on Living Island.
Tamiroff's accepted birth year was 1899, although in at least two instances this appeared to be different. In his second trip to America in November 1923 his age is given as 27 and in the 1930 census as 32. He married fellow actress Tamara Shayne, with whom he performed nightclub acts, in February 1933 in Los Angeles. Yet, according to the above-mentioned 1930 census, the couple was living in Chicago, Illinois as married under the (misspelled) name Tameriroff. It appears also that this was his second marriage.
Tamiroff died on September 17, 1972, from cancer.
In 1944 Tamiroff was the first Golden Globe Award winner for Best Supporting Actor in a Motion Picture for his work in For Whom the Bell Tolls.He was twice nominated for Academy Awards, both times for Best Actor in a Supporting Role. The first was for his work in The General Died at Dawn, and the second was for his work in For Whom the Bell Tolls.Tamiroff received a star on the Hollywood Walk of Fame for motion pictures at 1634 Vine Street.
Tamiroff was mentioned in J.D. Salinger's "Uncle Wiggily in Connecticut" (1942 New Yorker). He is also mentioned in Walker Percy's 1961 novel The Moviegoer.
 Media related to Akim Tamiroff at Wikimedia Commons
Akim Tamiroff at IMDb 
Akim Tamiroff at AllMovie 
Akim Tamiroff at the TCM Movie Database 
Akim Tamiroff at the Internet Broadway Database 
Akim Tamiroff at Find a Grave 
Akim Tamiroff at WFMU
Akim Tamiroff at Katz's Film Encyclopedia
Akim Tamiroff at Great Character Actors
 </original_body>
 <spacy_body>
  Tamiroff was born in either {PERSON[Tiflis]} or {PERSON[Baku]}, {GPE[Russian Empire]}, to an {NORP[Armenian]} family. He trained at {FAC[the Moscow Art Theatre]} drama school for {DATE[nine years]}. He arrived in the {GPE[U.S.]} for the {ORDINAL[first]} time, in {DATE[January 1923]} on a {DATE[three-month]} tour with a troupe of actors. He returned in {DATE[November]} and stayed until {DATE[1924]}. His final trip with his theatre group was in {DATE[October 1927]} when he decided to stay permanently. Tamiroff managed to develop a career in {GPE[Hollywood]} despite his thick accent.
{PERSON[Tamiroff]}'s film debut came in {DATE[1932]} in an uncredited role in {GPE[Okay, America]}!. He performed in several more uncredited roles until {DATE[1935]}, when he co-starred in {WORK_OF_ART[The Lives of a Bengal Lancer]}. He also appeared in the lavish epic {PERSON[China Seas]} in {DATE[1935]} with {PERSON[Clark Gable]}, {PERSON[Wallace Beery]}, {PERSON[Jean Harlow]}, {PERSON[Rosalind Russell]} and {PERSON[Robert Benchley]}. The following {DATE[year]}, he was cast in the titular role in {WORK_OF_ART[The General Died]} at Dawn. He appeared in the {DATE[1937]} musical High, Wide, and {GPE[Handsome]} with {PERSON[Irene Dunne]} and {PERSON[Randolph Scott]}, and the {DATE[1938]} proto-noir Dangerous to Know opposite {PERSON[Anna May Wong]}, frequently singled out as his best role.In {DATE[the following decade]}, he appeared in such films as {WORK_OF_ART[The Buccaneer]} (1938) with {DATE[Fredric March]}, {LOC[The Great McGinty]} ({DATE[1940]}), {ORG[The Corsican Brothers]} ({DATE[1941]}), {ORG[Tortilla Flat]} ({DATE[1942]}) with {PERSON[Spencer Tracy]}, {PERSON[Hedy Lamarr]} and {PERSON[John Garfield]}, {CARDINAL[Five]} Graves to {GPE[Cairo]} ({DATE[1943]}) with {PERSON[Erich von Stroheim]} as {ORG[Field Marshal]} Erwin {ORG[Rommel]}, {PERSON[Frank Borzage's]} His Butler's Sister ({DATE[1943]}), For Whom the Bell Tolls ({DATE[1943]}) with {PERSON[Gary Cooper]} and {PERSON[Ingrid Bergman]}, for which he received another {PERSON[Oscar]} nomination, and {PERSON[Preston Sturges']} {WORK_OF_ART[The Miracle of Morgan's Creek]} ({DATE[1944]}).
In {DATE[later years]}, {PERSON[Tamiroff]} appeared in {GPE[Ocean]}'s {CARDINAL[11]} ({DATE[1960]}) with {PERSON[Frank Sinatra]} and {PERSON[Dean Martin's]} {ORG[Rat Pack]}, {PERSON[Topkapi]} ({DATE[1964]}) with {PERSON[Peter Ustinov]} and {PERSON[Melina Mercouri]}, {PERSON[Alphaville]} ({DATE[1965]}), and had a long collaboration with {PERSON[Orson Welles]} including {WORK_OF_ART[Touch of Evil]} ({DATE[1958]}) with {PERSON[Charlton Heston]}, {PERSON[Mr Arkadin]} ({DATE[1955]}), {WORK_OF_ART[The Trial]} ({DATE[1962]}) and {PERSON[Welles]}' unfinished version of {PERSON[Don Quixote]}, in which he played {LOC[Sancho Panza]}.
While {PERSON[Tamiroff]} may not be a household name now, his malapropistic performance as the boss in {LOC[The Great McGinty]} is thought to have been the inspiration for the cartoon character {PERSON[Boris Badenov]}, the male {CARDINAL[half]} of the villainous husband-and-wife team {PERSON[Boris]} and {LOC[Natasha]} on {WORK_OF_ART[The Rocky and Bullwinkle Show]}. He was also spoofed in a {DATE[1969]} episode of the TV show {PERSON[H.R. Pufnstuf]} entitled "{WORK_OF_ART[The Stand-in]}" in which a frog named {WORK_OF_ART["Akim Toadanoff]}" directs a movie on {LOC[Living Island]}.
{PERSON[Tamiroff]}'s accepted birth year was {DATE[1899]}, although in {CARDINAL[at least two]} instances this appeared to be different. In his {ORDINAL[second]} trip to {GPE[America]} in {DATE[November 1923]} his age is given as {DATE[27]} and in the {DATE[1930]} census as {CARDINAL[32]}. He married fellow actress {PERSON[Tamara Shayne]}, with whom he performed nightclub acts, in {DATE[February 1933]} in {GPE[Los Angeles]}. Yet, according to the above-mentioned {DATE[1930]} census, the couple was living in {GPE[Chicago]}, {GPE[Illinois]} as married under the (misspelled) name {ORG[Tameriroff]}. It appears also that this was his {ORDINAL[second]} marriage.
Tamiroff died on {DATE[September 17, 1972]}, from cancer.
In {DATE[1944]} Tamiroff was the {ORDINAL[first]} {ORG[Golden Globe Award]} winner for {WORK_OF_ART[Best Supporting Actor in a Motion Picture]} for his work in For Whom the Bell Tolls.He was twice nominated for {ORG[Academy Awards]}, both times for Best Actor in a {WORK_OF_ART[Supporting Role]}. The {ORDINAL[first]} was for his work in {WORK_OF_ART[The General Died]} at Dawn, and the {ORDINAL[second]} was for his work in For Whom the Bell Tolls.Tamiroff received a star on {FAC[the Hollywood Walk of Fame]} for motion pictures at {FAC[1634 Vine Street]}.
{PERSON[Tamiroff]} was mentioned in {PERSON[J.D. Salinger's]} "{WORK_OF_ART[Uncle Wiggily in Connecticut]}" ({DATE[1942]} {ORG[New Yorker]}). He is also mentioned in {PERSON[Walker Percy's]} {DATE[1961]} novel The {NORP[Moviegoer]}.
 Media related to {PERSON[Akim Tamiroff]} at {FAC[Wikimedia Commons]}
{PERSON[Akim Tamiroff]} at IMDb 
{PERSON[Akim Tamiroff]} at {ORG[AllMovie]} 
{PERSON[Akim Tamiroff]} at the TCM Movie Database 
{PERSON[Akim Tamiroff]} at {FAC[the Internet Broadway Database]} 
{PERSON[Akim Tamiroff]} at Find a Grave 
{PERSON[Akim Tamiroff]} at {GPE[WFMU]}
{PERSON[Akim Tamiroff]} at {ORG[Katz's Film Encyclopedia
Akim Tamiroff]} at {ORG[Great Character Actors]}
 </spacy_body>
</doc>