<?xml version="1.0" encoding="utf-8"?>
<doc>
 <title>
  Alain Chabat
 </title>
 <original_abstract>
  Alain Chabat (French pronunciation: ​[alɛ̃ ʃaba(t)]; born 24 November 1958) is an Algerian-born French actor, comedian, director, screenwriter, producer and television presenter. He was originally known for his work in the comedy group Les Nuls, including as the co-writer and lead actor of La Cité de la peur (1994). He has since then become a notable filmmaker of his own, typically both writing and starring in the movies he directed, which include cult comedy films such as Asterix &amp; Obelix: Mission Cleopatra, RRRrrrr!!!, Houba! On the Trail of the Marsupilami and Santa &amp; Cie.
He also appeared in French Twist, The Taste of Others, The Science of Sleep, Happily Ever After and the television series Kaamelott. Additionally, he voiced the title character in the French dubbing of the Shrek franchise.
 </original_abstract>
 <spacy_abstract>
  {PERSON[Alain Chabat]} ({NORP[French]} pronunciation: ​[alɛ̃ ʃaba(t)]; born {DATE[24 November 1958]}) is an {NORP[Algerian]}-born {NORP[French]} actor, comedian, director, screenwriter, producer and television presenter. He was originally known for his work in the comedy group {PERSON[Les Nuls]}, including as the co-writer and lead actor of {ORG[La Cité de la peur]} ({DATE[1994]}). He has since then become a notable filmmaker of his own, typically both writing and starring in the movies he directed, which include cult comedy films such as {ORG[Asterix &amp; Obelix: Mission Cleopatra]}, RRRrrrr!!!, {ORG[Houba]}! On the Trail of the {GPE[Marsupilami]} and {ORG[Santa &amp; Cie]}.
He also appeared in {NORP[French]} {PRODUCT[Twist]}, The Taste of Others, {WORK_OF_ART[The Science of Sleep, Happily Ever]} After and the television series {ORG[Kaamelott]}. Additionally, he voiced the title character in the {NORP[French]} dubbing of the {ORG[Shrek]} franchise.
 </spacy_abstract>
 <original_body>
  Chabat was born in Oran, French Algeria. He is Jewish.His media career began in 1987 when he founded the comedy group "Les Nuls" (The Lame-os) with Bruno Carette, Chantal Lauby and Dominique Farrugia. Les Nuls' first appearance on French television, on the subscriber channel Canal Plus, was a sci-fi spoof entitled Objectif Nul (a word play with Objectif Lune, the French title of the comic album Destination Moon, one of The Adventures of Tintin). The show shares striking similarities with the British TV series Red Dwarf, although both shows were released at roughly the same time and it is unlikely one influenced the other.Both as a member of Les Nuls (in La Cité de la Peur) and in his solo efforts (including Asterix &amp; Obelix: Mission Cleopatra, in which he both directed and acted), Chabat is one of the few French comedians who has managed to successfully emulate the heavily referential, pop-culture-based writing style of the Zucker, Abrahams and Zucker trio and adapt it to the tastes of the French audience.Chabat also voiced the title character in the French dubs of all four Shrek films, replacing Mike Myers. He won the César Award for Best Debut in 1998 for Didier.He co-starred in Happily Ever After (2004) and in Prête-moi ta main (2006) (which he also wrote) alongside Charlotte Gainsbourg. He played Napoleon Bonaparte in the 2009 film Night at the Museum: Battle of the Smithsonian.
Alain Chabat at IMDb
(in French) Interview of Alain Chabat. Artistik Rezo. 2010-06-15.
 </original_body>
 <spacy_body>
  Chabat was born in {GPE[Oran]}, {NORP[French]} Algeria. He is {NORP[Jewish]}.His media career began in {DATE[1987]} when he founded the comedy group "{ORG[Les Nuls]}" (The Lame-os) with {PERSON[Bruno Carette]}, {ORG[Chantal Lauby]} and {PERSON[Dominique Farrugia]}. {ORG[Les Nuls']} {ORDINAL[first]} appearance on {NORP[French]} television, on the subscriber {ORG[channel Canal Plus]}, was a sci-fi spoof entitled Objectif Nul (a word play with {PERSON[Objectif Lune]}, the {NORP[French]} title of the comic album {PERSON[Destination Moon]}, {CARDINAL[one]} of {WORK_OF_ART[The Adventures of Tintin]}). The show shares striking similarities with the {NORP[British]} TV series {ORG[Red Dwarf]}, although both shows were released at roughly the same time and it is unlikely {CARDINAL[one]} influenced the other.Both as a member of {ORG[Les Nuls]} (in {GPE[La Cité de la Peur]}) and in his solo efforts (including {ORG[Asterix &amp; Obelix:]} Mission Cleopatra, in which he both directed and acted), {ORG[Chabat]} is {CARDINAL[one]} of the few {NORP[French]} comedians who has managed to successfully emulate the heavily referential, pop-culture-based writing style of the {GPE[Zucker]}, {GPE[Abrahams]} and {PERSON[Zucker]} trio and adapt it to the tastes of the {NORP[French]} audience.Chabat also voiced the title character in the {NORP[French]} dubs of all {CARDINAL[four]} {NORP[Shrek]} films, replacing {PERSON[Mike Myers]}. He won {WORK_OF_ART[the César Award for Best Debut]} in {DATE[1998]} for {ORG[Didier]}.He co-starred in Happily Ever After ({DATE[2004]}) and in Prête-moi ta main ({DATE[2006]}) (which he also wrote) alongside {PERSON[Charlotte Gainsbourg]}. He played {PERSON[Napoleon Bonaparte]} in the {DATE[2009]} film {WORK_OF_ART[Night at the Museum: Battle of the Smithsonian]}.
Alain Chabat at IMDb
(in {NORP[French]}) Interview of Alain Chabat. {PERSON[Artistik Rezo]}. {DATE[2010-06-15]}.
 </spacy_body>
</doc>