<?xml version="1.0" encoding="utf-8"?>
<doc>
 <title>
  Alain Cuny
 </title>
 <original_abstract>
  René Xavier Marie Alain Cuny (12 July 1908 – 16 May 1994) was a French actor of stage and screen. He was closely linked with the works of Paul Claudel and Antonin Artaud, and for his performances for the Théâtre national populaire and Odéon-Théâtre de France.His film work included collaborations with directors Marcel Carné, Louis Malle, Jean-Luc Godard, Federico Fellini, Michelangelo Antonioni, Francesco Rosi, and Luis Buñuel. He was nominated for the César Award for Best Supporting Actor for the 1988 film Camille Claudel, and won the Joseph Plateau Lifetime Achievement Award in 1992.
 </original_abstract>
 <spacy_abstract>
  {PERSON[René Xavier Marie]} {PERSON[Alain Cuny]} ({DATE[12 July 1908]} – {DATE[16 May 1994]}) was a {NORP[French]} actor of stage and screen. He was closely linked with the works of {PERSON[Paul Claudel]} and {PERSON[Antonin Artaud]}, and for his performances for {ORG[the Théâtre national populaire]} and {ORG[Odéon-Théâtre de France]}.His film work included collaborations with directors {PERSON[Marcel Carné]}, {PERSON[Louis Malle]}, {PERSON[Jean-Luc Godard]}, {PERSON[Federico Fellini]}, {PERSON[Michelangelo Antonioni]}, {PERSON[Francesco Rosi]}, and {PERSON[Luis Buñuel]}. He was nominated for the César Award for Best Supporting Actor for the {DATE[1988]} film {PERSON[Camille Claudel]}, and won {ORG[the Joseph Plateau Lifetime Achievement Award]} in {DATE[1992]}.
 </spacy_abstract>
 <original_body>
  René Xavier Marie Alain Cuny was born in Saint-Malo, Brittany. He developed an early interest in painting and from the age of 15 he attended the École des Beaux-Arts in Paris. He met Picasso, Braque and members of the surrealist group.He then began working in the film industry as a costume, poster and set designer and was employed on films of Cavalcanti, Feyder and Renoir. After a meeting with the actor-manager Charles Dullin, Cuny was persuaded to study drama and he began acting on stage in the late 1930s.In the theatre, Cuny became particularly linked with the works of Paul Claudel (who said of him after a performance of L'Annonce faite à Marie in 1944, "I have been waiting for you 20 years"). Another literary friend and hero was Antonin Artaud, "whose texts he read with supreme conviction at a time when Artaud was more or less an outcast, a situation reflected in Artaud's Van Gogh: The Man Suicided by Society, which Cuny interpreted in his voice's fabulous organ tones". Later Cuny worked with Jean Vilar at the Théâtre national populaire, and with Jean-Louis Barrault at the Odéon-Théâtre de France. His dramatic presence and measured diction made him well-suited to many classical roles.His first major role in the cinema was as one of the devil's envoys in Marcel Carné's film Les Visiteurs du soir (1942). A few other romantic leading parts followed, but increasingly he appeared in supporting roles, especially in characterizations of intellectuals such as the tormented philosopher Steiner in La Dolce Vita (1960), directed by Federico Fellini. He worked frequently in Italian cinema and had close associations with Michelangelo Antonioni and Francesco Rosi as well as Fellini. One of his most admired film performances was in Rosi's Uomini contro (Many Wars Ago, 1970), as the rigidly authoritarian General Leone.Among his French films were The Lovers (Les Amants, 1958), directed by Louis Malle, and Jean-Luc Godard's Détective (1985). He also appeared in the softcore porn film Emmanuelle (1974), a role which he said he took to show his contempt for the film business. In the same year, he played Sitting Bull in the absurdist western Ne touchez pas à la femme blanche! (Don't Touch the White Woman!, 1974). 
Towards the end of his career he returned to aspects of Claudel. He appeared in Camille Claudel (1988), a biographical film about the author's sister in which he played their father, Louis-Prosper Claudel. In 1991 he completed a long-planned film adaptation of a Claudel play The Annunciation of Marie (L'Annonce faite à Marie, 1991), a French-Canadian production in which he both directed and acted; it won him the Prix Georges-Sadoul. He also gave regular readings of Claudel's work at the Festival d'Avignon.Cuny died in 1994 in Paris. He is buried in Civry-la-Forêt, west of Paris, where he had lived.
Alain Cuny at IMDb
Alain Cuny at the Internet Broadway Database 
Alain Cuny at the TCM Movie Database 
Alain Cuny at AllMovie
Alain Cuny, at Film Reference. Retrieved 22 January 2016.
 </original_body>
 <spacy_body>
  {PERSON[René Xavier]} Marie Alain Cuny was born in {GPE[Saint-Malo]}, {GPE[Brittany]}. He developed an early interest in painting and from {DATE[the age of 15]} he attended the {ORG[École des Beaux-Arts]} in {GPE[Paris]}. He met {PERSON[Picasso]}, {PERSON[Braque]} and members of the surrealist group.He then began working in the film industry as a costume, poster and set designer and was employed on films of {GPE[Cavalcanti]}, {ORG[Feyder]} and {ORG[Renoir]}. After a meeting with the actor-manager {PERSON[Charles Dullin]}, {ORG[Cuny]} was persuaded to study drama and he began acting on stage in {DATE[the late 1930s]}.In the theatre, {PERSON[Cuny]} became particularly linked with the works of {PERSON[Paul Claudel]} (who said of him after a performance of {ORG[L'Annonce]} faite à {GPE[Marie]} in {DATE[1944]}, "I have been waiting for you {DATE[20 years]}"). Another literary friend and hero was {PERSON[Antonin Artaud]}, "whose texts he read with supreme conviction at a time when {PERSON[Artaud]} was more or less an outcast, a situation reflected in {PERSON[Artaud]}'s {PERSON[Van Gogh]}: {WORK_OF_ART[The Man Suicided by Society]}, which {ORG[Cuny]} interpreted in his voice's fabulous organ tones". Later {PERSON[Cuny]} worked with {PERSON[Jean Vilar]} at the Théâtre national populaire, and with {PERSON[Jean-Louis Barrault]} at the {ORG[Odéon-Théâtre de France]}. His dramatic presence and measured diction made him well-suited to many classical roles.His first major role in the cinema was as one of the devil's envoys in {ORG[Marcel Carné's]} film {FAC[Les Visiteurs]} du soir ({DATE[1942]}). A few other romantic leading parts followed, but increasingly he appeared in supporting roles, especially in characterizations of intellectuals such as the tormented philosopher {PERSON[Steiner]} in {ORG[La Dolce Vita]} ({DATE[1960]}), directed by {PERSON[Federico Fellini]}. He worked frequently in {NORP[Italian]} cinema and had close associations with {PERSON[Michelangelo Antonioni]} and {PERSON[Francesco Rosi]} as well as {PERSON[Fellini]}. {CARDINAL[One]} of his most admired film performances was in {PERSON[Rosi]}'s {PERSON[Uomini]} contro (Many {WORK_OF_ART[Wars Ago]}, {DATE[1970]}), as the rigidly authoritarian General Leone.Among his {NORP[French]} films were {ORG[The Lovers (Les Amants]}, {DATE[1958]}), directed by {PERSON[Louis Malle]}, and {PERSON[Jean-Luc Godard's]} Détective ({DATE[1985]}). He also appeared in the softcore porn film {GPE[Emmanuelle]} ({DATE[1974]}), a role which he said he took to show his contempt for the film business. In {DATE[the same year]}, he played {WORK_OF_ART[Sitting Bull]} in the absurdist western Ne touchez pas à la femme blanche! (Don't Touch the White Woman!, {DATE[1974]}). 
Towards the end of his career he returned to aspects of {PERSON[Claudel]}. He appeared in {PERSON[Camille Claudel]} ({DATE[1988]}), a biographical film about the author's sister in which he played their father, {ORG[Louis-Prosper Claudel]}. In {DATE[1991]} he completed a long-planned film adaptation of a Claudel play {WORK_OF_ART[The Annunciation of Marie]} ({ORG[L'Annonce]} faite à {GPE[Marie]}, {DATE[1991]}), a {NORP[French]}-Canadian production in which he both directed and acted; it won him {PRODUCT[the Prix Georges-Sadoul]}. He also gave regular readings of {ORG[Claudel]}'s work at {EVENT[the Festival d'Avignon]}.Cuny died in {DATE[1994]} in {GPE[Paris]}. He is buried in {PERSON[Civry-la-Forêt]}, west of {GPE[Paris]}, where he had lived.
Alain Cuny at IMDb
Alain Cuny at the Internet Broadway Database 
Alain Cuny at the {ORG[TCM]} Movie Database 
Alain Cuny at {ORG[AllMovie]}
Alain Cuny, at {PERSON[Film Reference]}. Retrieved {CARDINAL[22]} {DATE[January 2016]}.
 </spacy_body>
</doc>