<?xml version="1.0" encoding="utf-8"?>
<doc>
 <title>
  Alan Rowe (actor)
 </title>
 <original_abstract>
  Alan Rowe (14 December 1926 – 21 October 2000) was an English actor born in New Zealand.
 </original_abstract>
 <spacy_abstract>
  {PERSON[Alan Rowe]} ({DATE[14 December 1926]} – {DATE[21 October 2000]}) was an {LANGUAGE[English]} actor born in {GPE[New Zealand]}.
 </spacy_abstract>
 <original_body>
  Rowe appeared in four Doctor Who serials between 1967 and 1980. His first role was Dr Evans in The Moonbase. His other roles in the show included Edward of Wessex in The Time Warrior, Colonel Skinsale in Horror of Fang Rock and Garif in Full Circle, which was his final Doctor Who appearance.He took the major supporting role of William of Orange in the prizewinning 1969 BBC series The First Churchills, appearing in seven episodes. His other work included roles in Wycliffe, Inspector Morse, Rumpole of the Bailey, Minder, Forever Green, Young Charlie Chaplin, Lovejoy and BBC2 Playhouse.Rowe died in Kingston upon Thames, Surrey on 21 October 2000, aged 73. He was survived by his long-term partner, fellow actor Geoffrey Bayldon.
Alan Rowe at IMDb
 </original_body>
 <spacy_body>
  Rowe appeared in {CARDINAL[four]} Doctor Who serials {DATE[between 1967 and 1980]}. His {ORDINAL[first]} role was {PERSON[Dr Evans]} in The {PERSON[Moonbase]}. His other roles in the show included {PERSON[Edward of Wessex]} in {FAC[The Time Warrior]}, Colonel {PERSON[Skinsale]} in {GPE[Horror]} of {PERSON[Fang Rock]} and {FAC[Garif]} in Full Circle, which was his final Doctor Who appearance.He took the major supporting role of {PERSON[William of Orange]} in the prizewinning {DATE[1969]} {ORG[BBC]} series {WORK_OF_ART[The First Churchills]}, appearing in {CARDINAL[seven]} episodes. His other work included roles in {GPE[Wycliffe]}, Inspector {PERSON[Morse]}, Rumpole of the Bailey, Minder, Forever Green, {PERSON[Young Charlie Chaplin]}, {ORG[Lovejoy]} and BBC2 Playhouse.Rowe died in {GPE[Kingston]} {GPE[upon Thames]}, {GPE[Surrey]} on {DATE[21 October 2000]}, aged {DATE[73]}. He was survived by his long-term partner, fellow actor {PERSON[Geoffrey Bayldon]}.
{PERSON[Alan Rowe]} at IMDb
 </spacy_body>
</doc>