<?xml version="1.0" encoding="utf-8"?>
<doc>
 <title>
  Alan Bridge
 </title>
 <original_abstract>
  Alfred Morton Bridge (February 26, 1891 – December 27, 1957) was an American character actor who played mostly small roles in over 270 films between 1931 and 1954.  Bridge's persona was an unpleasant, gravel-voiced man with an untidy moustache. Sometimes credited as Alan Bridge, and frequently not credited onscreen at all, he appeared in many westerns, especially in the Hopalong Cassidy series, where he played crooked sheriffs and henchmen.
 </original_abstract>
 <spacy_abstract>
  {PERSON[Alfred Morton Bridge]} ({DATE[February 26, 1891]} – {DATE[December 27, 1957]}) was an {NORP[American]} character actor who played mostly small roles in over {CARDINAL[270]} films {DATE[between 1931 and 1954]}.  {PERSON[Bridge]}'s persona was an unpleasant, gravel-voiced man with an untidy moustache. Sometimes credited as {PERSON[Alan Bridge]}, and frequently not credited onscreen at all, he appeared in many westerns, especially in the {PERSON[Hopalong Cassidy]} series, where he played crooked sheriffs and henchmen.
 </spacy_abstract>
 <original_body>
  Bridge and his sister, who became actress Loie Bridge, were raised by their mother and stepfather, a Philadelphia butcher.  Bridge went into vaudeville with relatives when he was still a teenager Bridge served in the American infantry during World War I.  Rejoining relatives in a theatrical troupe, Bridge toured the U.S. as an actor and wrote a few scripts.  He broke into movies with a pair of minor screenplays (the comedy short Her Hired Husband in 1930 and a Western, God's Country and the Man  (1931), in which he also appeared. He spent the next 25 years as a familiar face in B-Westerns and mainstream comedies and dramas.  In the forties, Bridge was part of Preston Sturges' unofficial "stock company" of character actors, appearing in ten of the eleven American films that Sturges wrote and directed. He is perhaps best remembered for his role as "The Mister", the chain-gang boss over Joel McCrea in Preston Sturges' Sullivan's Travels.Bridge's television work, which began in 1950 includes appearances on The Range Rider and The Gene Autry Show as well as other programs.
Bridge died in Los Angeles two months before his 67th birthday.
Alan Bridge at IMDb
Alan Bridge at AllMovie
Alan Bridge at the TCM Movie Database 
Alan Bridge at Find a Grave
 </original_body>
 <spacy_body>
  Bridge and his sister, who became actress {FAC[Loie Bridge]}, were raised by their mother and stepfather, a {GPE[Philadelphia]} butcher.  Bridge went into vaudeville with relatives when he was still a teenager Bridge served in the {NORP[American]} infantry during {EVENT[World War I.]}  Rejoining relatives in a theatrical troupe, {PERSON[Bridge]} toured the {GPE[U.S.]} as an actor and wrote a few scripts.  He broke into movies with a pair of minor screenplays (the comedy short {WORK_OF_ART[Her Hired Husband]} in {DATE[1930]} and a {NORP[Western]}, God's Country and {WORK_OF_ART[the Man  (1931]}), in which he also appeared. He spent {DATE[the next 25 years]} as a familiar face in B-Westerns and mainstream comedies and dramas.  In the forties, {PERSON[Bridge]} was part of {ORG[Preston Sturges']} unofficial "stock company" of character actors, appearing in {CARDINAL[ten]} of the {CARDINAL[eleven]} {NORP[American]} films that {PERSON[Sturges]} wrote and directed. He is perhaps best remembered for his role as "{WORK_OF_ART[The Mister]}", the chain-gang boss over {PERSON[Joel McCrea]} in {GPE[Preston Sturges']} {PERSON[Sullivan]}'s Travels.{PERSON[Bridge]}'s television work, which began in {DATE[1950]} includes appearances on {WORK_OF_ART[The Range Rider and The Gene Autry Show]} as well as other programs.
Bridge died in {GPE[Los Angeles]} {DATE[two months]} before his {ORDINAL[67th]} birthday.
{PERSON[Alan Bridge]} at IMDb
{PERSON[Alan Bridge]} at {FAC[AllMovie
Alan Bridge]} at the TCM Movie Database 
{PERSON[Alan Bridge]} at {FAC[Find a Grave]}
 </spacy_body>
</doc>