<?xml version="1.0" encoding="utf-8"?>
<doc>
 <title>
  Alan Hewitt
 </title>
 <original_abstract>
  Alan Hewitt (January 21, 1915 – November 7, 1986) was an American film, television, and stage actor. His most prominent TV roles were Detective Brennan in My Favorite Martian and the district attorney in How to Murder Your Wife.
 </original_abstract>
 <spacy_abstract>
  {PERSON[Alan Hewitt]} ({DATE[January 21, 1915 –]} {DATE[November 7, 1986]}) was an {NORP[American]} film, television, and stage actor. His most prominent TV roles were {PERSON[Detective Brennan]} in My Favorite Martian and the district attorney in How to Murder Your Wife.
 </spacy_abstract>
 <original_body>
  Born in New York City, Hewitt was educated there and entered Dartmouth College when he was 15, graduating in 1934. His acting debut was in a school production at age 10.
Hewitt first appeared on the New York stage in The Taming of the Shrew in 1935, starring Alfred Lunt and Lynn Fontanne. He later toured with them in that play. in 1936-37, he appeared again with Lunt and Fontanne in productions of Amphitryon 38 and The Sea Gull. His obituary in The New York Times noted that he "scored his biggest successes on Broadway in William Saroyan's Love's Old Sweet Song and John Steinbeck's The Moon Is Down."During World War II Hewitt served in the US Army's Armed Forces Radio Service from 1943-1946.
Among the movies Hewitt appeared in are A Private's Affair, That Touch of Mink, Days of Wine and Roses, Follow That Dream, How to Murder Your Wife, Sweet Charity, and The Barefoot Executive.
Hewitt was an accomplished character actor who had a lengthy career, including parts in well-known programs, including Alfred Hitchcock Presents, Maverick, 77 Sunset Strip, Daktari, Leave It to Beaver, The Donna Reed Show, Dr. Kildare, Lost in Space, Bewitched, I Dream Of Jeannie, The Lucy Show, F Troop, The Wild Wild West, Ironside, The Bob Newhart Show, Dennis the Menace, The Cara Williams Show,  and The Phil Silvers Show. He made four guest appearances on Perry Mason, in three of which he portrayed the murderer: in 1961 he played Bruce Sheridan in “The Case of the Wintry Wife” and Dr. Marcus Tate in “The Case of the Brazen Bequest,” and in 1965 he played the role of Curt Ordway in “The Case of the Fatal Fetish”.  The only episode where he was not the murderer was 1959’s “The Case of the Golden Fraud”.
Hewitt became a member of Actors' Equity Association in 1934, gaining membership on its council in 1940. He served on the council until 1951 and was also on several committees during that span. An obituary noted, "He helped to establish the employment survey for performers in the American theater and frequently wrote letters and articles about actors' rights as professionals."
Hewitt died of cancer on November 7, 1986, at Memorial Sloan Kettering Cancer Center in New York City. He was survived by his mother, Hortense B. (Baum) Hewitt (1892-1988) of Englewood, N.J., and a brother, Robert W. Hewitt (1919-2013) of Hillsdale, N.J. His father William predeceased him by about 40 years.
Hewitt's papers were donated to Dartmouth College by his estate. The material housed at the Dartmouth College Library includes "programs, scripts, clippings, sides, reviews, correspondence, playbills, photographs and tapes." It occupies 22 boxes.
Alan Hewitt at IMDb
Alan Hewitt at the Internet Broadway Database 
Alan Hewitt papers, 1936-1985, held by the Billy Rose Theatre Division, New York Public Library for the Performing Arts
The Papers of Alan Hewitt at Dartmouth College Library
 </original_body>
 <spacy_body>
  Born in {GPE[New York City]}, {GPE[Hewitt]} was educated there and entered {ORG[Dartmouth College]} when he was {DATE[15]}, graduating in {DATE[1934]}. His acting debut was in a school production at {DATE[age 10]}.
Hewitt first appeared on the {GPE[New York]} stage in {WORK_OF_ART[The Taming of the Shrew]} in {DATE[1935]}, starring {PERSON[Alfred Lunt]} and {PERSON[Lynn Fontanne]}. He later toured with them in that play. in {DATE[1936-37]}, he appeared again with {PERSON[Lunt]} and Fontanne in productions of {PERSON[Amphitryon]} {DATE[38]} and {WORK_OF_ART[The Sea Gull]}. His obituary in {ORG[The New York Times]} noted that he "scored his biggest successes on {FAC[Broadway]} in {PERSON[William Saroyan's]} {WORK_OF_ART[Love's Old Sweet Song]} and {PERSON[John Steinbeck's]} {WORK_OF_ART[The Moon]} Is Down."During {EVENT[World War II Hewitt]} served in {ORG[the US Army's]} {ORG[Armed Forces Radio Service]} from {DATE[1943-1946]}.
Among the movies Hewitt appeared in are {WORK_OF_ART[A Private's Affair]}, {WORK_OF_ART[That Touch of Mink]}, Days of Wine and Roses, Follow That Dream, How to Murder Your Wife, {FAC[Sweet Charity]}, and {ORG[The Barefoot Executive]}.
Hewitt was an accomplished character actor who had a lengthy career, including parts in well-known programs, including {ORG[Alfred Hitchcock Presents]}, {GPE[Maverick]}, {CARDINAL[77]} {GPE[Sunset Strip]}, {PERSON[Daktari]}, Leave It to Beaver, {WORK_OF_ART[The Donna Reed Show]}, Dr. {PERSON[Kildare]}, Lost in {GPE[Space]}, {GPE[Bewitched]}, I Dream Of Jeannie, {WORK_OF_ART[The Lucy Show]}, {PRODUCT[F Troop]}, {LOC[The Wild Wild West]}, {LOC[Ironside]}, {WORK_OF_ART[The Bob Newhart Show, Dennis the Menace]}, {PERSON[The Cara Williams Show]},  and {WORK_OF_ART[The Phil Silvers Show]}. He made {CARDINAL[four]} guest appearances on {PERSON[Perry Mason]}, in {CARDINAL[three]} of which he portrayed the murderer: in {DATE[1961]} he played {PERSON[Bruce Sheridan]} in “{WORK_OF_ART[The Case of the Wintry Wife]}” and Dr. {PERSON[Marcus Tate]} in “{WORK_OF_ART[The Case of the Brazen Bequest]},” and in {DATE[1965]} he played the role of {PERSON[Curt Ordway]} in {WORK_OF_ART[“The Case of the Fatal Fetish”]}.  The only episode where he was not the murderer was {DATE[1959]}’s {WORK_OF_ART[“The Case of the Golden Fraud”]}.
Hewitt became a member of {ORG[Actors' Equity Association]} in {DATE[1934]}, gaining membership on its council in {DATE[1940]}. He served on the council until {DATE[1951]} and was also on several committees during that span. An obituary noted, "He helped to establish the employment survey for performers in the {NORP[American]} theater and frequently wrote letters and articles about actors' rights as professionals."
Hewitt died of cancer on {DATE[November 7, 1986]}, at {ORG[Memorial Sloan Kettering Cancer Center]} in {GPE[New York City]}. He was survived by his mother, {PERSON[Hortense B.]} (Baum) Hewitt ({DATE[1892-1988]}) of {GPE[Englewood]}, {GPE[N.J.]}, and a brother, {PERSON[Robert W. Hewitt]} ({DATE[1919-2013]}) of {GPE[Hillsdale]}, {GPE[N.J.]} His father {PERSON[William]} predeceased him by {DATE[about 40 years]}.
{ORG[Hewitt]}'s papers were donated to {ORG[Dartmouth College]} by his estate. The material housed at the {ORG[Dartmouth College Library]} includes "programs, scripts, clippings, sides, reviews, correspondence, playbills, photographs and tapes." It occupies {CARDINAL[22]} boxes.
{PERSON[Alan Hewitt]} at IMDb
{PERSON[Alan Hewitt]} at {FAC[the Internet Broadway Database]} 
{PERSON[Alan Hewitt]} papers, {DATE[1936-1985]}, held by the Billy Rose Theatre Division, {GPE[New York Public Library]} for {ORG[the Performing Arts
]}{WORK_OF_ART[The Papers of Alan Hewitt]} at Dartmouth College Library
 </spacy_body>
</doc>