<?xml version="1.0" encoding="utf-8"?>
<doc>
 <title>
  Alan North
 </title>
 <original_abstract>
  Alan North (December 23, 1920 – January 19, 2000) was an American actor.
 </original_abstract>
 <spacy_abstract>
  {PERSON[Alan North]} ({DATE[December 23, 1920]} – {DATE[January 19, 2000]}) was an {NORP[American]} actor.
 </spacy_abstract>
 <original_body>
  North was born in Bronx, New York, and joined the United States Navy during the Second World War. After the war, he became a stage manager and made his Broadway debut in 1955 in Plain and Fancy.His film career included roles in Plaza Suite (1971), Serpico (1973), The Formula (1980), Trackdown: Finding the Goodbar Killer (1983), Thief of Hearts (1984), Highlander (1986), Act of Vengeance (1986), Billy Galvin (1986), The Fourth Protocol (1987), Lean on Me (1989), See No Evil, Hear No Evil (1989), Glory (1989) and The Long Kiss Goodnight (1996). On television, he played Captain Ed Hocken in the 1982 television series Police Squad!. He also appeared on the soap opera Another World in the recurring role of Captain Sean Delaney from 1984 to 1988. His last stage performance was in 1999, in Lake Hollywood.North died of lung and kidney cancer in a hospital in Port Jefferson, New York on January 19, 2000 at the age of 79. He and his wife June North had two daughters, Alexandra Jackson and Victoria North.
Alan North at IMDb
Alan North at Find a Grave
 </original_body>
 <spacy_body>
  {ORG[North]} was born in {GPE[Bronx]}, {GPE[New York]}, and joined {ORG[the United States Navy]} during {EVENT[the Second World War]}. After the war, he became a stage manager and made his {FAC[Broadway]} debut in {DATE[1955]} in {FAC[Plain and Fancy]}.His film career included roles in {FAC[Plaza Suite]} ({DATE[1971]}), Serpico ({DATE[1973]}), The Formula ({DATE[1980]}), Trackdown: Finding the Goodbar Killer ({DATE[1983]}), Thief of Hearts ({DATE[1984]}), {PERSON[Highlander]} ({DATE[1986]}), {WORK_OF_ART[Act of Vengeance]} ({DATE[1986]}), {PERSON[Billy Galvin]} ({DATE[1986]}), {WORK_OF_ART[The Fourth Protocol]} ({DATE[1987]}), {PERSON[Lean on Me]} ({DATE[1989]}), See No Evil, Hear No Evil ({DATE[1989]}), Glory ({DATE[1989]}) and {ORG[The Long Kiss Goodnight]} ({DATE[1996]}). On television, he played Captain {PERSON[Ed Hocken]} in the {DATE[1982]} television series {ORG[Police Squad]}!. He also appeared on the soap opera {ORG[Another World]} in the recurring role of Captain {PERSON[Sean Delaney]} from 1984 to {DATE[1988]}. His last stage performance was in {DATE[1999]}, in {LOC[Lake Hollywood]}.{PERSON[North]} died of lung and kidney cancer in a hospital in {GPE[Port Jefferson]}, {GPE[New York]} on {DATE[January 19, 2000]} at {DATE[the age of 79]}. He and his wife {PERSON[June North]} had {CARDINAL[two]} daughters, {PERSON[Alexandra Jackson]} and {PERSON[Victoria North]}.
{PERSON[Alan North]} at IMDb
{PERSON[Alan North]} at {WORK_OF_ART[Find a Grave]}
 </spacy_body>
</doc>