<?xml version="1.0" encoding="utf-8"?>
<doc>
 <title>
  Alanna Masterson
 </title>
 <original_abstract>
  Alanna Masterson (born June 27, 1988) is an American actress, known for her role as Tara Chambler in the AMC television series The Walking Dead.
 </original_abstract>
 <spacy_abstract>
  {PERSON[Alanna Masterson]} (born {DATE[June 27, 1988]}) is an {NORP[American]} actress, known for her role as {PERSON[Tara Chambler]} in the {ORG[AMC]} television series {WORK_OF_ART[The Walking Dead]}.
 </spacy_abstract>
 <original_body>
  Masterson was born in New York City, to Carol Masterson and Joe Reaiche, a Lebanese-Australian former professional rugby league footballer with the Sydney Roosters and the South Sydney Rabbitohs. She is the younger sister to her brother, Jordan Masterson, and two half-brothers, Danny Masterson and Christopher Masterson. After some time on Long Island, the family later relocated to Los Angeles. She grew up around and was influenced by her older brothers who both starred in popular television shows in the late 1990s and early 2000s. Masterson's passion for acting came from spending a lot of time on set with her brothers and seeing the filming process.
Masterson has portrayed Tara Chambler on the AMC TV series The Walking Dead, beginning in the show's fourth season. Masterson was promoted to a series regular for the fifth season and was added to the main credits in the seventh season. Additionally, she had a recurring role in the fourth season of the ABC series Mistresses.
On November 4, 2015, Masterson and boyfriend Brick Stowell had a daughter, Marlowe.Masterson and her brothers are Scientologists and are estranged from her father, due to Scientology's practice of declaring critics as Suppressive Persons.
Alanna Masterson at IMDb
Alanna Masterson on Twitter
 </original_body>
 <spacy_body>
  {PERSON[Masterson]} was born in {GPE[New York City]}, to {PERSON[Carol Masterson]} and {PERSON[Joe Reaiche]}, a {NORP[Lebanese]}-Australian former professional rugby league footballer with {ORG[the Sydney Roosters]} and {ORG[the South Sydney Rabbitohs]}. She is the younger sister to her brother, {PERSON[Jordan Masterson]}, and {CARDINAL[two]} half-brothers, {PERSON[Danny Masterson]} and {PERSON[Christopher Masterson]}. After some time on {LOC[Long Island]}, the family later relocated to {GPE[Los Angeles]}. She grew up around and was influenced by her older brothers who both starred in popular television shows in {DATE[the late 1990s]} and {DATE[early 2000s]}. {PERSON[Masterson]}'s passion for acting came from spending a lot of time on set with her brothers and seeing the filming process.
{PERSON[Masterson]} has portrayed {ORG[Tara Chambler]} on the {ORG[AMC]} TV series {WORK_OF_ART[The Walking Dead]}, beginning in the show's {DATE[fourth season]}. {PERSON[Masterson]} was promoted to a series regular for {DATE[the fifth season]} and was added to the main credits in {DATE[the seventh season]}. Additionally, she had a recurring role in {DATE[the fourth season]} of the {ORG[ABC]} series {PERSON[Mistresses]}.
On {DATE[November 4, 2015]}, {PERSON[Masterson]} and boyfriend {PERSON[Brick Stowell]} had a daughter, {PERSON[Marlowe]}.{PERSON[Masterson]} and her brothers are {NORP[Scientologists]} and are estranged from her father, due to Scientology's practice of declaring critics as {ORG[Suppressive Persons]}.
{PERSON[Alanna Masterson]} at IMDb
{PERSON[Alanna Masterson]} on Twitter
 </spacy_body>
</doc>