<?xml version="1.0" encoding="utf-8"?>
<doc>
 <title>
  Alan Rosenberg
 </title>
 <original_abstract>
  Alan Rosenberg (born October 4, 1950) is an American actor. Rosenberg is perhaps best known for his character Eli Levinson which appeared in both the series Civil Wars and the popular L.A. Law. From 2005 to 2009, he was president of the Screen Actors Guild, the principal motion picture industry on-screen performers' union.
 </original_abstract>
 <spacy_abstract>
  {PERSON[Alan Rosenberg]} (born {DATE[October 4, 1950]}) is an {NORP[American]} actor. {PERSON[Rosenberg]} is perhaps best known for his character {PERSON[Eli Levinson]} which appeared in both the series {EVENT[Civil Wars]} and the popular L.A. Law. From {DATE[2005]} to {DATE[2009]}, he was president of {ORG[the Screen Actors Guild]}, the principal motion picture industry on-screen performers' union.
 </spacy_abstract>
 <original_body>
  Rosenberg was born and raised in Passaic, New Jersey. He was raised in Conservative Judaism. Alan's late brother, Mark, was a political activist in the 1960s, later a film producer. Their first cousin, also from Passaic, is musician/songwriter Donald Fagen, co-founder of the group Steely Dan.Alan's parents gave him money to apply to graduate school. Rosenberg said that upon graduating in 1972 from Case Western Reserve University, he found another passion, poker, and subsequently gambled away most of the money his parents sent him, leaving him only able to afford one application, to the Yale School of Drama. Rosenberg dropped out halfway through his second year at Yale. His "greatest influence and best friend" while there was classmate Meryl Streep.
In 1979, Rosenberg appeared in the movie The Wanderers, as Turkey. He is also well known for his character Ira Woodbine in the sitcom Cybill. More recently, he was seen in the legal drama The Guardian as Alvin Masterson.
Rosenberg supplied the voice of the bounty hunter Boba Fett on NPR's adaptation of The Empire Strikes Back. Rosenberg is also known for his appearance as the crazed "Mad Bomber" in the 1986 cult-classic Stewardess School and Paul Bartel's screwball comedy Not for Publication opposite Nancy Allen (1984).
In 1991, he appeared in the TV film The Boys.
In 1995, he received an Emmy Award nomination for a guest-starring role in the hit drama ER. He starred in the Temptations miniseries in 1998, as long-time manager Shelly Berger.
In 1999, he began a recurring role as the hospital legal counsel, Stuart Brickman, on Chicago Hope. Halfway through their final season, he was added to the opening titles as a series regular.
He appeared on Broadway in What's Wrong With This Picture and Lost In Yonkers, and off-Broadway in Isn't It Romantic, A Prayer for My Daughter, and Kid Champion. He most recently starred at the Delaware Theatre Company production of Partners, written by Allan Katz.
He was elected the 24th president of Screen Actors Guild (SAG) on September 23, 2005. Rosenberg succeeded Melissa Gilbert, who had served as president since 2001 and chose not to run for a third two-year term. Rosenberg received 39.99 percent (10,748 total votes) of the nationwide vote of the Guild’s general membership, defeating Morgan Fairchild and Robert Conrad.
In 2005, he appeared as shady defense attorney Adam Novak in an episode of CSI: Crime Scene Investigation co-starring alongside his real-life wife Marg Helgenberger. Novak was portrayed as a womanizer who encountered Catherine (Helgenberger) in a bar and later became the prime suspect in two homicides. In a 2007 episode "Leaving Las Vegas" he appeared as a lawyer defending a client who turned out to be guilty of two separate crimes, and yet the evidence failed to pin him down, resulting in a not guilty verdict which annoyed Catherine so much that she began to undertake further investigation.
In 2006, he appeared in a recurring role as Bruce Steinerman, the divorce attorney of Dr. James Wilson in the television-series House M.D. He has hosted episodes of the public television program, Life: Part 2, which began in 2007 and is produced in St. Paul, Minnesota. The show features panel discussions about issues that baby boomers face as they age.In 2015, he appeared as Dr. William Golliher in the Amazon original series Bosch. In 2016, he had a recurring role as shady investor William Sutter on the USA Network drama Suits.
From 2016 to 2017, he had a recurring role in the Showtime cable series Shameless (seasons 6 - 8). He portrayed Professor Youens, an alcoholic college professor and mentor to Lip Gallagher.
Rosenberg's first marriage was to actress Robin Bartlett.
He met Marg Helgenberger in New York City in 1984, while guest-starring on her soap Ryan's Hope. The two became friends and started dating in 1986. They married in 1989 and have one son, Hugh Howard Rosenberg (born October 21, 1990). On December 1, 2008, Rosenberg and Helgenberger announced their separation. On March 25, 2009, Helgenberger filed for divorce.As a result of Helgenberger's mother's 27-year battle with breast cancer, Helgenberger and Rosenberg became involved in the fight against the disease. They have hosted a benefit called Marg and Alan's Celebrity Weekend every year in Omaha, Nebraska since 1999.
Alan Rosenberg at IMDb
Appearances on C-SPAN
 </original_body>
 <spacy_body>
  {PERSON[Rosenberg]} was born and raised in {LOC[Passaic]}, {GPE[New Jersey]}. He was raised in Conservative Judaism. {PERSON[Alan]}'s late brother, {PERSON[Mark]}, was a political activist in {DATE[the 1960s]}, later a film producer. Their {ORDINAL[first]} cousin, also from {ORG[Passaic]}, is musician/songwriter {PERSON[Donald Fagen]}, co-founder of the group {PERSON[Steely Dan]}.{PERSON[Alan]}'s parents gave him money to apply to graduate school. {PERSON[Rosenberg]} said that upon graduating in {DATE[1972]} from {ORG[Case Western Reserve University]}, he found another passion, poker, and subsequently gambled away most of the money his parents sent him, leaving him only able to afford {CARDINAL[one]} application, to {ORG[the Yale School of Drama]}. {PERSON[Rosenberg]} dropped out halfway through {DATE[his second year]} at {ORG[Yale]}. His "greatest influence and best friend" while there was classmate {PERSON[Meryl Streep]}.
In {DATE[1979]}, {PERSON[Rosenberg]} appeared in the movie {WORK_OF_ART[The Wanderers]}, as {GPE[Turkey]}. He is also well known for his character {PERSON[Ira Woodbine]} in the sitcom {PERSON[Cybill]}. More recently, he was seen in the legal drama The {ORG[Guardian]} as {PERSON[Alvin Masterson]}.
{PERSON[Rosenberg]} supplied the voice of the bounty hunter {PERSON[Boba Fett]} on {ORG[NPR]}'s adaptation of {ORG[The Empire Strikes Back]}. {PERSON[Rosenberg]} is also known for his appearance as the crazed {WORK_OF_ART["Mad Bomber"]} in the {DATE[1986]} cult-classic {ORG[Stewardess School and Paul Bartel's]} screwball comedy Not for Publication opposite {PERSON[Nancy Allen]} ({DATE[1984]}).
In {DATE[1991]}, he appeared in the TV film {WORK_OF_ART[The Boys]}.
In {DATE[1995]}, he received an {WORK_OF_ART[Emmy Award]} nomination for a guest-starring role in the hit drama ER. He starred in the Temptations miniseries in {DATE[1998]}, as long-time manager {PERSON[Shelly Berger]}.
In {DATE[1999]}, he began a recurring role as the hospital legal counsel, {PERSON[Stuart Brickman]}, on {ORG[Chicago Hope]}. Halfway through their final season, he was added to the opening titles as a series regular.
He appeared on {FAC[Broadway]} in What's Wrong With This Picture and Lost In Yonkers, and off-{FAC[Broadway]} in Isn't It Romantic, A Prayer for My Daughter, and Kid Champion. He most recently starred at {FAC[the Delaware Theatre Company]} production of {GPE[Partners]}, written by {PERSON[Allan Katz]}.
He was elected the {ORDINAL[24th]} president of {ORG[Screen Actors Guild]} ({ORG[SAG]}) on {DATE[September 23, 2005]}. {PERSON[Rosenberg]} succeeded {PERSON[Melissa Gilbert]}, who had served as president since {DATE[2001]} and chose not to run for a {ORDINAL[third]} {DATE[two-year]} term. {ORG[Rosenberg]} received {PERCENT[39.99 percent]} ({CARDINAL[10,748]} total votes) of the nationwide vote of the {PRODUCT[Guild]}’s general membership, defeating {ORG[Morgan Fairchild]} and {PERSON[Robert Conrad]}.
In {DATE[2005]}, he appeared as shady defense attorney {PERSON[Adam Novak]} in an episode of {ORG[CSI]}: Crime Scene Investigation co-starring alongside his real-life wife {PERSON[Marg Helgenberger]}. {PERSON[Novak]} was portrayed as a womanizer who encountered {PERSON[Catherine]} ({PERSON[Helgenberger]}) in a bar and later became the prime suspect in {CARDINAL[two]} homicides. In a {DATE[2007]} episode "{WORK_OF_ART[Leaving Las Vegas]}" he appeared as a lawyer defending a client who turned out to be guilty of {CARDINAL[two]} separate crimes, and yet the evidence failed to pin him down, resulting in a not guilty verdict which annoyed {PERSON[Catherine]} so much that she began to undertake further investigation.
In {DATE[2006]}, he appeared in a recurring role as {PERSON[Bruce Steinerman]}, the divorce attorney of Dr. {PERSON[James Wilson]} in the television-series {ORG[House]} {GPE[M.D.]} He has hosted episodes of the public television program, Life: Part {CARDINAL[2]}, which began in {DATE[2007]} and is produced in {GPE[St. Paul]}, {GPE[Minnesota]}. The show features panel discussions about issues that baby boomers face as they age.In {DATE[2015]}, he appeared as Dr. {PERSON[William Golliher]} in the {ORG[Amazon]} original series {ORG[Bosch]}. In {DATE[2016]}, he had a recurring role as shady investor {PERSON[William Sutter]} on {ORG[the USA Network]} drama Suits.
From {DATE[2016 to 2017]}, he had a recurring role in the {ORG[Showtime]} cable series Shameless ({DATE[seasons 6 - 8)]}. He portrayed {PERSON[Professor Youens]}, an alcoholic college professor and mentor to {PERSON[Lip Gallagher]}.
{PERSON[Rosenberg]}'s {ORDINAL[first]} marriage was to actress {PERSON[Robin Bartlett]}.
He met {PERSON[Marg Helgenberger]} in {GPE[New York City]} in {DATE[1984]}, while guest-starring on her soap {PERSON[Ryan]}'s Hope. The {CARDINAL[two]} became friends and started dating in {DATE[1986]}. They married in {DATE[1989]} and have {CARDINAL[one]} son, {PERSON[Hugh Howard Rosenberg]} (born {DATE[October 21, 1990]}). On {DATE[December 1, 2008]}, {PERSON[Rosenberg]} and {PERSON[Helgenberger]} announced their separation. On {DATE[March 25, 2009]}, {PERSON[Helgenberger]} filed for divorce.As a result of {PERSON[Helgenberger]}'s mother's {DATE[27-year]} battle with breast cancer, {PERSON[Helgenberger]} and {PERSON[Rosenberg]} became involved in the fight against the disease. They have hosted a benefit called {PERSON[Marg]} and {PERSON[Alan]}'s Celebrity Weekend every year in {GPE[Omaha]}, {ORG[Nebraska]} since {DATE[1999]}.
{PERSON[Alan Rosenberg]} at IMDb
Appearances on C-SPAN
 </spacy_body>
</doc>