<?xml version="1.0" encoding="utf-8"?>
<doc>
 <title>
  Alan Rachins
 </title>
 <original_abstract>
  Alan Leonard Rachins (born October 3, 1942) is an American television actor, known for his role as Douglas Brackman in L.A. Law which earned him both Golden Globe and Emmy nominations, and his portrayal of Larry (Dharma's hippie father) on the television series Dharma &amp; Greg.
 </original_abstract>
 <spacy_abstract>
  {PERSON[Alan Leonard Rachins]} (born {DATE[October 3, 1942]}) is an {NORP[American]} television actor, known for his role as {PERSON[Douglas Brackman]} in {GPE[L.A.]} Law which earned him both {ORG[Golden Globe]} and {WORK_OF_ART[Emmy]} nominations, and his portrayal of {PERSON[Larry]} ({ORG[Dharma]}'s hippie father) on the television series {ORG[Dharma &amp; Greg]}.
 </spacy_abstract>
 <original_body>
  Rachins graduated from Brookline High School.  He enrolled at the Wharton School at the University of Pennsylvania, ultimately dropping out, but managed to graduate from Empire State College in 1974.He moved to New York to study acting. Over the next decade, he performed in a succession of plays, including the original Broadway productions of After the Rain and H'adrian the Seventh, as well as the original off-Broadway productions of The Trojan Women and the controversial Oh! Calcutta!In 1972, Rachins put his acting career on hold when he was accepted as a fellow in the writing and directing programs at the American Film Institute. He went on to sell scripts to a variety of shows, including The Fall Guy, Hill Street Blues, Knight Rider, Quincy, and Hart To Hart.
Despite these successes as a writer and director, Rachins returned to his acting career with a leading role in Henry Jaglom’s independent film, Always. This critically acclaimed film brought him widespread attention and ultimately led to his role on L.A. Law. He continued to working in feature films and provided the voice for the Clock King in two episodes of Batman: the Animated Series opposite Kevin Conroy, and later in one episode of Justice League Unlimited.
Recent theatre appearances include the world premiere of Arthur Laurents' Attacks Of The Heart at the George Street Playhouse in New Brunswick, New Jersey. At the Cape Playhouse, he played the part of Matthew Harrison Brady in Inherit The Wind. He tackled the role of "Albin" in La Cage Aux Folles at the Jupiter Theater, was seen in Love Letters with Swoosie Kurtz at Beverly Hills' Coronet Theatre, and starred in a revival of Promises, Promises with Jason Alexander, Jean Smart and Alan Thicke at L.A.'s Freud Theatre.
Rachins appeared on the ABC-TV series Eli Stone, playing an attorney in consultation with Eli Stone. The name "Brackman" can be seen in inverted letters on a translucent wall behind Rachins. For two seasons, he provided the voice of Norman Osborn on the cartoon series The Spectacular Spider-Man. He also  appeared on the TNT TV series Rizzoli &amp; Isles as a recurring guest star, and guest starred as Frank (Bob's father, and Gabe, PJ and Teddy's granddad) in the Good Luck Charlie episode "It's a Charlie Duncan Thanksgiving".
Rachins was born in 1942 in Cambridge, Massachusetts, to a Jewish-American family, the son of Edward and Ida Rachins. His father was in a family food manufacturing business called Snow Crest.Rachins and actress Joanna Frank have been married since 1978 and have a son, Robert. The couple has formed the production company Allofit Productions which has acquired books and original screenplays to develop for television and feature films. Rachins is a member of Mensa.
AlanRachins.com - Official website
Alan Rachins at IMDb
 </original_body>
 <spacy_body>
  Rachins graduated from {ORG[Brookline High School]}.  He enrolled at {ORG[the Wharton School]} at {ORG[the University of Pennsylvania]}, ultimately dropping out, but managed to graduate from {ORG[Empire State College]} in 1974.He moved to {GPE[New York]} to study acting. Over {DATE[the next decade]}, he performed in a succession of plays, including the original {FAC[Broadway]} productions of After the Rain and H'adrian the {ORDINAL[Seventh]}, as well as the original off-{FAC[Broadway]} productions of {WORK_OF_ART[The Trojan Women]} and the controversial Oh! Calcutta!In {DATE[1972]}, {ORG[Rachins]} put his acting career on hold when he was accepted as a fellow in the writing and directing programs at {ORG[the American Film Institute]}. He went on to sell scripts to a variety of shows, including {WORK_OF_ART[The Fall Guy]}, {PERSON[Hill Street Blues]}, {PERSON[Knight Rider]}, Quincy, and {ORG[Hart To Hart]}.
Despite these successes as a writer and director, {PERSON[Rachins]} returned to his acting career with a leading role in {PERSON[Henry Jaglom’s]} independent film, Always. This critically acclaimed film brought him widespread attention and ultimately led to his role on {WORK_OF_ART[L.A. Law]}. He continued to working in feature films and provided the voice for {FAC[the Clock King]} in {CARDINAL[two]} episodes of {PERSON[Batman]}: {EVENT[the Animated Series]} opposite {PERSON[Kevin Conroy]}, and later in {CARDINAL[one]} episode of {ORG[Justice League Unlimited]}.
Recent theatre appearances include the world premiere of {ORG[Arthur Laurents']} {ORG[Attacks Of The Heart]} at {FAC[the George Street Playhouse]} in {GPE[New Brunswick]}, {GPE[New Jersey]}. At {FAC[the Cape Playhouse]}, he played the part of {PERSON[Matthew Harrison Brady]} in Inherit The Wind. He tackled the role of "Albin" in {WORK_OF_ART[La Cage Aux Folles]} at {FAC[the Jupiter Theater]}, was seen in {WORK_OF_ART[Love Letters]} with Swoosie Kurtz at {GPE[Beverly Hills']} {FAC[Coronet Theatre]}, and starred in a revival of Promises, Promises with {PERSON[Jason Alexander]}, {PERSON[Jean Smart]} and {PERSON[Alan Thicke]} at {GPE[L.A.]}'s {FAC[Freud Theatre]}.
Rachins appeared on the {ORG[ABC]}-TV series {ORG[Eli Stone]}, playing an attorney in consultation with {ORG[Eli Stone]}. The name "{ORG[Brackman]}" can be seen in inverted letters on a translucent wall behind {PERSON[Rachins]}. For {DATE[two seasons]}, he provided the voice of {ORG[Norman Osborn]} on the cartoon series {WORK_OF_ART[The Spectacular Spider-Man]}. He also  appeared on the {ORG[TNT TV]} series {ORG[Rizzoli &amp; Isles]} as a recurring guest star, and guest starred as {PERSON[Frank]} ({PERSON[Bob]}'s father, and {PERSON[Gabe]}, {ORG[PJ]} and {PERSON[Teddy]}'s granddad) in the {PERSON[Good Luck Charlie]} episode "{WORK_OF_ART[It's a Charlie Duncan Thanksgiving]}".
{PERSON[Rachins]} was born in {DATE[1942]} in {GPE[Cambridge]}, {GPE[Massachusetts]}, to a {NORP[Jewish-American]} family, the son of {PERSON[Edward]} and {PERSON[Ida Rachins]}. His father was in a family food manufacturing business called {ORG[Snow Crest]}.{PERSON[Rachins]} and actress {PERSON[Joanna Frank]} have been married since {DATE[1978]} and have a son, {PERSON[Robert]}. The couple has formed the production company {ORG[Allofit Productions]} which has acquired books and original screenplays to develop for television and feature films. {ORG[Rachins]} is a member of {ORG[Mensa]}.
AlanRachins.com - Official website
{PERSON[Alan Rachins]} at IMDb
 </spacy_body>
</doc>