<?xml version="1.0" encoding="utf-8"?>
<doc>
 <title>
  Alan Roscoe
 </title>
 <original_abstract>
  Alan Roscoe (August 23, 1886 – March 8, 1933) was an American film actor of the silent and early talking film eras.  He appeared in more than 100 films between 1915 and 1933. His interment was located in Glendale's Forest Lawn Memorial Park Cemetery. He was married to Last of the Mohicans costar Barbara Bedford.
 </original_abstract>
 <spacy_abstract>
  {PERSON[Alan Roscoe]} ({DATE[August 23, 1886 – March 8, 1933]}) was an {NORP[American]} film actor of the silent and early talking film eras.  He appeared in {CARDINAL[more than 100]} films {DATE[between 1915 and 1933]}. His interment was located in {GPE[Glendale]}'s {FAC[Forest Lawn Memorial Park Cemetery]}. He was married to Last of the {NORP[Mohicans]} costar {PERSON[Barbara Bedford]}.
 </spacy_abstract>
 <original_body>
  Alan Roscoe at IMDb
 </original_body>
 <spacy_body>
  {PERSON[Alan Roscoe]} at IMDb
 </spacy_body>
</doc>