<?xml version="1.0" encoding="utf-8"?>
<doc>
 <title>
  Alan Reed
 </title>
 <original_abstract>
  Alan Reed (born Herbert Theodore Bergman; August 20, 1907 – June 14, 1977) was an American actor, best known as the original voice of Fred Flintstone on The Flintstones and various spinoff series. He also appeared in many films, including Days of Glory,  The Tarnished Angels, Breakfast at Tiffany's, Viva Zapata! (as Pancho Villa), and Nob Hill, and various television and radio  series.
 </original_abstract>
 <spacy_abstract>
  {PERSON[Alan Reed]} (born {PERSON[Herbert Theodore Bergman]}; {DATE[August 20, 1907]} – {DATE[June 14, 1977]}) was an {NORP[American]} actor, best known as the original voice of {PERSON[Fred Flintstone]} on The Flintstones and various spinoff series. He also appeared in many films, including {WORK_OF_ART[Days of Glory]},  {WORK_OF_ART[The Tarnished Angels]}, Breakfast at {ORG[Tiffany's]}, {PERSON[Viva Zapata]}! (as {PERSON[Pancho Villa]}), and {GPE[Nob Hill]}, and various television and radio  series.
 </spacy_abstract>
 <original_body>
  Reed was born Herbert Theodore Bergman in New York City to Jewish parents. His father was a Lithuanian-Jewish immigrant and his mother was born in the United States to Ukrainian-Jewish parents from Galicia. He attended Washington High School (now George Washington Educational Campus) and majored in journalism at Columbia University. 
Between graduating from WHS and entering Columbia, he studied drama at the American Academy of Dramatic Arts. He began his acting career in the city, eventually working on Broadway.
For several years, Reed toured in vaudeville with his cousin, Harry Green. He also had two other jobs—operating a wholesale candy factory and working at the Copake Country Club as "social director, entertainment producer and actor."For a time, he continued to list himself either as Teddy Bergman or Alan Reed, depending on the role he was playing (Reed for more comedic roles, Bergman for more serious ones). He was able to act in 22 foreign dialects, and made a career as a successful radio announcer and stage actor.
As early as 1930, Reed (billed as Teddy Bergman) co-starred with Herbert Polesie in Henry and George, a CBS program that featured "minute dramas, popular laughmakers ... interspersed with dance music selections."Reed's radio work included having two roles in Valiant Lady, the role of Solomon Levy on Abie's Irish Rose, as the "Allen's Alley" resident poet Falstaff Openshaw on Fred Allen's NBC radio show, and later on his own five-minute show, Falstaff's Fables, on ABC, as Officer Clancey and other occasional roles on the NBC radio show Duffy's Tavern, as Shrevey the driver on several years of The Shadow, as Chester Riley's boss on the NBC radio show The Life of Riley, as Italian immigrant Pasquale in Life with Luigi on CBS radio, various supporting roles on Yours Truly, Johnny Dollar and The Phil Harris-Alice Faye Show, and as Lt. Walter Levinson in several episodes of Richard Diamond, Private Detective.
Reed was "heard regularly on the Crime Doctor series," and "was the original Daddy to Fanny Brice on Baby Snooks." Billed as Teddy Bergman, he had the title role on Joe Palooka.Billed as Teddy Bergman, Reed appeared on Broadway in Double Dummy (1936), and A House in the Country (1937), and Love's Old Sweet Song (1940).
From 1957 to 1958, Reed appeared in a recurring role as J.B. Hafter, a studio boss, on the CBS sitcom Mr. Adams and Eve, starring Howard Duff and Ida Lupino, then married in real life, but appearing as a fictitious acting couple living in Beverly Hills, California. He also played the same character in The Bob Cummings Show. In 1963, he appeared as Councilman Jack Gramby in episode 8 of the CBS sitcom My Favorite Martian. In 1964–65, he had a recurring role as Mr. Swidler in the ABC sitcom Mickey, starring Mickey Rooney as the owner of a resort hotel in Newport Beach, California.
In animation, Reed provided the voice of Boris the Russian Wolfhound in Walt Disney's Lady and the Tramp in 1955. In 1960, he began the voice role for Fred Flintstone, the lead character of Hanna-Barbera's prime-time animated series The Flintstones. Reed provided Fred's voice for the entire six-season run of the show, as well as in several spin-off series (The Pebbles and Bamm-Bamm Show, The Flintstone Comedy Hour) and specials. His final performance as Fred Flintstone was a cameo guest role on an episode of Scooby's All-Star Laff-A-Lympics. Among his other voice roles for Hanna-Barbera was Touché Turtle's sidekick, Dum Dum.
Radio playwright and director Norman Corwin cast Reed as Santa Claus in the 1969 KCET television reading of his 1938 play The Plot to Overthrow Christmas.
In television commercials Reed was the voice over for J.J. Keebler, a creation of the Leo Burnett Agency.
In May 1932, Reed married the former Finette Walker (1909–2005), a Broadway actress whom he met at television station W2XAB (later WCBS-TV) in New York City. She appeared on stage in the early 1930s and was a chorus member in the original 1934 Broadway production of Anything Goes with Ethel Merman. They had three sons, including actor Alan Reed, Jr. (born May 10, 1936). Once his son started acting, Reed took the professional name Alan Reed, Sr.
Reed, a smoker, was diagnosed with bladder cancer in 1967. His bladder was removed, which eradicated the cancer, but he later developed emphysema. On June 14, 1977, he died after having a heart attack. His body was donated to medical research.
Reed, Alan. The Alan Reed Story. Albany, Georgia: BearManor Media, 2009. ISBN 1-59393-313-4
Terrace, Vincent.  Radio Programs, 1924–1984.  Jefferson, NC: McFarland, 1999.  ISBN 0-7864-0351-9

Alan Reed at IMDb
"Alan Reed". Find a Grave. Retrieved September 3, 2010.
Alan Reed at the Internet Broadway Database (billed as Teddy Bergman)
 </original_body>
 <spacy_body>
  {ORG[Reed]} was born {PERSON[Herbert Theodore Bergman]} in {GPE[New York City]} to {NORP[Jewish]} parents. His father was a {NORP[Lithuanian]}-Jewish immigrant and his mother was born in {GPE[the United States]} to {NORP[Ukrainian-Jewish]} parents from {GPE[Galicia]}. He attended {ORG[Washington High School]} (now {PERSON[George Washington Educational Campus]}) and majored in journalism at {ORG[Columbia University]}. 
Between graduating from {ORG[WHS]} and entering {ORG[Columbia]}, he studied drama at {ORG[the American Academy of Dramatic Arts]}. He began his acting career in the city, eventually working on {FAC[Broadway]}.
For {DATE[several years]}, {ORG[Reed]} toured in vaudeville with his cousin, {PERSON[Harry Green]}. He also had {CARDINAL[two]} other jobs—operating a wholesale candy factory and working at {ORG[the Copake Country Club]} as "social director, entertainment producer and actor."For a time, he continued to list himself either as {PERSON[Teddy Bergman]} or {PERSON[Alan Reed]}, depending on the role he was playing ({ORG[Reed]} for more comedic roles, {PERSON[Bergman]} for more serious ones). He was able to act in {CARDINAL[22]} foreign dialects, and made a career as a successful radio announcer and stage actor.
As early as 1930, {ORG[Reed]} (billed as {PERSON[Teddy Bergman]}) co-starred with {PERSON[Herbert Polesie]} in {GPE[Henry]} and {PERSON[George]}, a {ORG[CBS]} program that featured "minute dramas, popular laughmakers ... interspersed with dance music selections."Reed's radio work included having {CARDINAL[two]} roles in {PERSON[Valiant Lady]}, the role of {PERSON[Solomon Levy]} on {GPE[Abie]}'s {NORP[Irish]} Rose, as the "{WORK_OF_ART[Allen's Alley]}" resident poet {PERSON[Falstaff Openshaw]} on {PERSON[Fred Allen's]} {ORG[NBC]} radio show, and later on his own {TIME[five-minute]} show, {PERSON[Falstaff]}'s Fables, on {ORG[ABC]}, as Officer {PERSON[Clancey]} and other occasional roles on the {ORG[NBC]} radio show {PERSON[Duffy]}'s Tavern, as {PERSON[Shrevey]} the driver on {DATE[several years]} of The Shadow, as {PERSON[Chester Riley's]} boss on the {ORG[NBC]} radio show {WORK_OF_ART[The Life of Riley]}, as {NORP[Italian]} immigrant {ORG[Pasquale in Life]} with {ORG[Luigi]} on {ORG[CBS]} radio, various supporting roles on Yours Truly, {PERSON[Johnny Dollar]} and {PERSON[The Phil Harris-Alice Faye Show]}, and as Lt. {PERSON[Walter Levinson]} in several episodes of {PERSON[Richard Diamond]}, {ORG[Private Detective]}.
{ORG[Reed]} was "heard regularly on the Crime Doctor series," and "was the original Daddy to {ORG[Fanny Brice on Baby Snooks]}." Billed as {PERSON[Teddy Bergman]}, he had the title role on {PERSON[Joe Palooka]}.Billed as {PERSON[Teddy Bergman]}, {ORG[Reed]} appeared on {FAC[Broadway]} in Double Dummy ({DATE[1936]}), and A {ORG[House]} in the Country (1937), and {WORK_OF_ART[Love's Old Sweet Song]} ({DATE[1940]}).
From {DATE[1957 to 1958]}, {ORG[Reed]} appeared in a recurring role as {PERSON[J.B. Hafter]}, a studio boss, on the {ORG[CBS]} sitcom Mr. {PERSON[Adams]} and {PERSON[Eve]}, starring {PERSON[Howard Duff]} and {PERSON[Ida Lupino]}, then married in real life, but appearing as a fictitious acting couple living in {GPE[Beverly Hills]}, {GPE[California]}. He also played the same character in {WORK_OF_ART[The Bob Cummings Show]}. In {DATE[1963]}, he appeared as Councilman {PERSON[Jack Gramby]} in episode {CARDINAL[8]} of the {ORG[CBS]} sitcom {PERSON[My Favorite Martian]}. In 1964–65, he had a recurring role as Mr. {PERSON[Swidler]} in the {ORG[ABC]} sitcom {PERSON[Mickey]}, starring {PERSON[Mickey Rooney]} as the owner of a resort hotel in {GPE[Newport Beach]}, {GPE[California]}.
In animation, {ORG[Reed]} provided the voice of {PERSON[Boris]} the Russian Wolfhound in {ORG[Walt Disney's]} Lady and the Tramp in {DATE[1955]}. In {DATE[1960]}, he began the voice role for {PERSON[Fred Flintstone]}, the lead character of {ORG[Hanna-Barbera's]} prime-time animated series The {ORG[Flintstones]}. {ORG[Reed]} provided {PERSON[Fred]}'s voice for {DATE[the entire six-season]} run of the show, as well as in several spin-off series (The {FAC[Pebbles]} and {PRODUCT[Bamm-Bamm Show]}, {WORK_OF_ART[The Flintstone Comedy Hour]}) and specials. His final performance as {PERSON[Fred Flintstone]} was a cameo guest role on an episode of {GPE[Scooby]}'s All-Star Laff-A-Lympics. Among his other voice roles for {ORG[Hanna-Barbera]} was {PERSON[Touché Turtle's]} sidekick, {PERSON[Dum Dum]}.
Radio playwright and director {PERSON[Norman Corwin]} cast {ORG[Reed]} as {PERSON[Santa Claus]} in the {DATE[1969]} KCET television reading of his {DATE[1938]} play {WORK_OF_ART[The Plot to Overthrow Christmas]}.
In television commercials {ORG[Reed]} was the voice over for {PERSON[J.J. Keebler]}, a creation of {ORG[the Leo Burnett Agency]}.
In {DATE[May 1932]}, {ORG[Reed]} married the former {PERSON[Finette Walker]} ({CARDINAL[1909–2005]}), a {FAC[Broadway]} actress whom he met at television station {PERSON[W2XAB]} (later {ORG[WCBS-TV]}) in {GPE[New York City]}. She appeared on stage in {DATE[the early 1930s]} and was a chorus member in the original {DATE[1934]} {FAC[Broadway]} production of {WORK_OF_ART[Anything Goes]} with {PERSON[Ethel Merman]}. They had {CARDINAL[three]} sons, including actor {PERSON[Alan Reed]}, Jr. (born {DATE[May 10, 1936]}). Once his son started acting, {ORG[Reed]} took the professional name {PERSON[Alan Reed]}, {ORG[Sr]}.
{ORG[Reed]}, a smoker, was diagnosed with bladder cancer in {DATE[1967]}. His bladder was removed, which eradicated the cancer, but he later developed emphysema. On {DATE[June 14, 1977]}, he died after having a heart attack. His body was donated to medical research.
{ORG[Reed]}, {PERSON[Alan]}. {PERSON[The Alan Reed Story]}. {GPE[Albany]}, {GPE[Georgia]}: {GPE[BearManor Media]}, {DATE[2009]}. ISBN {CARDINAL[1]}-59393-313-4
{NORP[Terrace]}, {PERSON[Vincent]}.  {ORG[Radio Programs]}, {CARDINAL[1924–1984]}.  {GPE[Jefferson]}, {GPE[NC]}: {GPE[McFarland]}, {DATE[1999]}.  ISBN 0-7864-0351-9

{PERSON[Alan Reed]} at IMDb
"{PERSON[Alan Reed]}". Find a Grave. Retrieved {DATE[September 3, 2010]}.
{PERSON[Alan Reed]} at {FAC[the Internet Broadway Database]} (billed as {PERSON[Teddy Bergman]})
 </spacy_body>
</doc>