<?xml version="1.0" encoding="utf-8"?>
<doc>
 <title>
  Alan Hale Sr.
 </title>
 <original_abstract>
  Alan Hale Sr. (born Rufus Edward Mackahan; February 10, 1892 – January 22, 1950) was an American actor and director. He is best remembered for his many character roles, in particular as a frequent sidekick of Errol Flynn, as well as films supporting Lon Chaney, Wallace Beery, Douglas Fairbanks, James Cagney, Clark Gable, Cary Grant, Humphrey Bogart, and Ronald Reagan. Hale was usually billed as Alan Hale and his career in film lasted 40 years. His son, Alan Hale Jr., also became an actor and remains most famous for playing "the Skipper" on the television series Gilligan's Island.
 </original_abstract>
 <spacy_abstract>
  {PERSON[Alan Hale Sr.]} (born {PERSON[Rufus Edward Mackahan]}; {DATE[February 10, 1892 – January 22, 1950]}) was an {NORP[American]} actor and director. He is best remembered for his many character roles, in particular as a frequent sidekick of {PERSON[Errol Flynn]}, as well as films supporting {PERSON[Lon Chaney]}, {PERSON[Wallace Beery]}, {PERSON[Douglas Fairbanks]}, {PERSON[James Cagney]}, {ORG[Clark Gable]}, {PERSON[Cary Grant]}, {PERSON[Humphrey Bogart]}, and {PERSON[Ronald Reagan]}. {PERSON[Hale]} was usually billed as {PERSON[Alan Hale]} and his career in film lasted {DATE[40 years]}. His son, {PERSON[Alan Hale Jr.]}, also became an actor and remains most famous for playing "the {PERSON[Skipper]}" on the television series {PERSON[Gilligan]}'s Island.
 </spacy_abstract>
 <original_body>
  Hale was born Rufus Edward Mackahan in Washington, D.C. He studied to be an opera singer and also had success as an inventor. Among his innovations were a sliding theater chair (to allow spectators to slide back to admit newcomers rather than standing), the hand fire extinguisher, and greaseless potato chips.

His first film role was in the 1911 silent movie The Cowboy and the Lady. He became a leading man while working in 1913–1915 for the Biograph Company in their special feature film productions sponsored and controlled by Marc Klaw and Abraham Erlanger. Later, he became more of a character actor; he played "Little John" in the film Robin Hood (1922), with Douglas Fairbanks and Wallace Beery, reprised the role 16 years later in The Adventures of Robin Hood (1938) with Errol Flynn and Basil Rathbone, then played him once more in Rogues of Sherwood Forest (1950) with John Derek as Robin Hood's son, a unique 28-year string of portrayals of the same character in theatrical films. Hale played Hugh O'Neill, Earl of Tyrone, in The Private Lives of Elizabeth and Essex (1939), featuring a pivotal confrontation with the Earl of Essex, portrayed by Flynn.
His other films include the epic The Trap (1922) with Lon Chaney, Skyscraper (1928); as well as Fog Over Frisco with Bette Davis; Miss Fane's Baby Is Stolen with Baby LeRoy and William Frawley; The Little Minister with Katharine Hepburn; and It Happened One Night with Clark Gable and Claudette Colbert; (all released in 1934); Stella Dallas with Barbara Stanwyck; High, Wide, and Handsome (both 1937) with Irene Dunne and Dorothy Lamour; The Fighting 69th with James Cagney and Pat O'Brien; They Drive By Night with George Raft and Humphrey Bogart; Virginia City (all 1940) with Errol Flynn, Randolph Scott, and Humphrey Bogart; Manpower (1941) with Edward G. Robinson, Marlene Dietrich, and George Raft; and as the cantankerous Sgt. McGee in the This Is the Army (1943) with Irving Berlin. He also co-starred with Errol Flynn and Olivia de Havilland in the successful western film Dodge City (1939) where he played the slightly dimwitted but likeable and comical Rusty Hart, sidekick to Flynn's character, Sheriff Wade Hatton. Hale co-starred with Errol Flynn in 13 movies.Hale directed eight movies during the 1920s and 1930s and acted in 235 theatrical films in total.
Hale's wife of over 30 years was Gretchen Hartman (1897–1979), a former child actress, silent film player, and mother of the couple's three children.He was the father of actor Alan Hale Jr., best known as "the Skipper" in the Gilligan's Island television series. Father and son closely resembled one another, leading to occasional confusion after Hale Sr.'s death when Hale Jr. dropped the Jr. from his name. Hale Sr. and Hale Jr. both played the same character, Porthos the musketeer, in movies 40 years apart. Alan Hale Sr. played the character in the 1939 film Man in the Iron Mask, while Alan Hale Jr. played him in The Fifth Musketeer in 1979.
Alan Hale Sr. died in Hollywood, California, on January 22, 1950, following a liver ailment and viral infection. He is interred in the Forest Lawn Memorial Park Cemetery in Glendale, California, next to his wife.
Biography portal
Alistair, Rupert (2018). "Alan Hale Sr.". The Name Below the Title : 65 Classic Movie Character Actors from Hollywood's Golden Age (softcover) (First ed.). Great Britain: Independently published. pp. 119–121. ISBN 978-1-7200-3837-5.
Alan Hale Sr. at IMDb
Alan Hale Sr. at the Internet Broadway Database
Alan Hale Sr. at Find a Grave
 </original_body>
 <spacy_body>
  {PERSON[Hale]} was born {PERSON[Rufus Edward Mackahan]} in {GPE[Washington]}, D.C. He studied to be an opera singer and also had success as an inventor. Among his innovations were a sliding theater chair (to allow spectators to slide back to admit newcomers rather than standing), the hand fire extinguisher, and greaseless potato chips.

His {ORDINAL[first]} film role was in the {DATE[1911]} silent movie {WORK_OF_ART[The Cowboy and the Lady]}. He became a leading man while working in {CARDINAL[1913–1915]} for {ORG[the Biograph Company]} in their special feature film productions sponsored and controlled by {PERSON[Marc Klaw]} and {PERSON[Abraham Erlanger]}. Later, he became more of a character actor; he played "Little John" in the film {PERSON[Robin Hood]} ({DATE[1922]}), with {PERSON[Douglas Fairbanks]} and {PERSON[Wallace Beery]}, reprised the role {DATE[16 years later]} in {WORK_OF_ART[The Adventures of Robin Hood]} (1938) with {PERSON[Errol Flynn]} and {PERSON[Basil Rathbone]}, then played him once more in {ORG[Rogues of Sherwood Forest]} ({DATE[1950]}) with {PERSON[John Derek]} as {PERSON[Robin Hood's]} son, a unique {DATE[28-year]} string of portrayals of the same character in theatrical films. {PERSON[Hale played Hugh O'Neill]}, {PERSON[Earl]} of {FAC[Tyrone]}, in {WORK_OF_ART[The Private Lives of Elizabeth and Essex]} (1939), featuring a pivotal confrontation with {PERSON[the Earl of Essex]}, portrayed by {PERSON[Flynn]}.
His other films include the epic {PERSON[The Trap]} ({DATE[1922]}) with {PERSON[Lon Chaney]}, Skyscraper ({DATE[1928]}); as well as Fog Over Frisco with {PERSON[Bette Davis]}; {PERSON[Miss Fane's]} Baby Is Stolen with {PERSON[Baby LeRoy]} and {PERSON[William Frawley]}; The Little Minister with {PERSON[Katharine Hepburn]}; and It {WORK_OF_ART[Happened One Night]} with {PERSON[Clark Gable]} and {PERSON[Claudette Colbert]}; (all released in {DATE[1934]}); {PERSON[Stella Dallas]} with {PERSON[Barbara Stanwyck]}; High, {PERSON[Wide]}, and {GPE[Handsome]} (both {DATE[1937]}) with {PERSON[Irene Dunne]} and {PERSON[Dorothy Lamour]}; {WORK_OF_ART[The Fighting]} 69th with {PERSON[James Cagney]} and {PERSON[Pat O'Brien]}; They {WORK_OF_ART[Drive By Night]} with {PERSON[George Raft]} and {PERSON[Humphrey Bogart]}; {GPE[Virginia City]} (all {DATE[1940]}) with {PERSON[Errol Flynn]}, {PERSON[Randolph Scott]}, and {PERSON[Humphrey Bogart]}; {PERSON[Manpower]} ({DATE[1941]}) with {PERSON[Edward G. Robinson]}, {PERSON[Marlene Dietrich]}, and {PERSON[George Raft]}; and as the cantankerous Sgt. {PERSON[McGee]} in the This Is the {ORG[Army]} ({DATE[1943]}) with {PERSON[Irving Berlin]}. He also co-starred with {PERSON[Errol Flynn]} and {ORG[Olivia de Havilland]} in the successful western film {GPE[Dodge City]} (1939) where he played the slightly dimwitted but likeable and comical {PERSON[Rusty Hart]}, sidekick to {PERSON[Flynn]}'s character, Sheriff Wade Hatton. Hale co-starred with {PERSON[Errol Flynn]} in {CARDINAL[13]} movies.{PERSON[Hale]} directed {CARDINAL[eight]} movies during the {DATE[1920s]} and {DATE[1930s]} and acted in {CARDINAL[235]} theatrical films in total.
{ORG[Hale]}'s wife of over {DATE[30 years]} was {PERSON[Gretchen Hartman]} ({CARDINAL[1897–1979]}), a former child actress, silent film player, and mother of the couple's {CARDINAL[three]} children.He was the father of actor {PERSON[Alan Hale Jr.]}, best known as "the {GPE[Skipper]}" in the {PERSON[Gilligan]}'s Island television series. Father and son closely resembled one another, leading to occasional confusion after {PERSON[Hale Sr.'s]} death when {PERSON[Hale Jr.]} dropped the Jr. from his name. {PERSON[Hale Sr.]} and {PERSON[Hale Jr.]} both played the same character, Porthos the musketeer, in movies {DATE[40 years]} apart. {PERSON[Alan Hale Sr.]} played the character in the {DATE[1939]} film {WORK_OF_ART[Man in the Iron Mask]}, while {PERSON[Alan Hale Jr.]} played him in {ORG[The Fifth Musketeer]} in {DATE[1979]}.
{PERSON[Alan Hale Sr.]} died in {GPE[Hollywood]}, {GPE[California]}, on {DATE[January 22, 1950]}, following a liver ailment and viral infection. He is interred in {LAW[the Forest Lawn Memorial Park Cemetery]} in {GPE[Glendale]}, {GPE[California]}, next to his wife.
Biography portal
{PERSON[Alistair]}, {PERSON[Rupert]} ({DATE[2018]}). "{PERSON[Alan Hale Sr]}.". {PERSON[The Name Below the Title]} : {CARDINAL[65]} Classic Movie Character Actors from {GPE[Hollywood]}'s Golden Age (softcover) (First ed.). {GPE[Great Britain]}: Independently published. pp. {CARDINAL[119–121]}. ISBN 978-1-7200-3837-5.
{PERSON[Alan Hale Sr.]} at IMDb
{PERSON[Alan Hale Sr.]} at the Internet {FAC[Broadway]} Database
{PERSON[Alan Hale Sr.]} at {ORG[Find a Grave]}
 </spacy_body>
</doc>