<?xml version="1.0" encoding="utf-8"?>
<doc>
 <title>
  Alanna Ubach
 </title>
 <original_abstract>
  Alanna Noel Ubach (born October 3, 1975) is an American actress, known for her roles as Naomi in the film Waiting... (2005), Mamá Imelda in Coco (2017), Serena McGuire in Legally Blonde (2001), Isabel Villalobos in Meet the Fockers (2004), Maria in Sister Act 2: Back in the Habit (1993), Jo Hernandez-Frumpkis on Girlfriends' Guide to Divorce, Suze Howard on Euphoria, Carol Atkinson on The Flight Attendant, and Susan Bennett on Ted.
She has provided voices for several characters in a number of animated television shows and movies, such as Liz Allan on The Spectacular Spider-Man, the title character on El Tigre: The Adventures of Manny Rivera, Lola Boa on Brandy &amp; Mr. Whiskers, Strudel on Pound Puppies, and four characters in the Oscar-winning animated film Rango (2011). She played the first female assistant, Josie, on the television show Beakman's World.
 </original_abstract>
 <spacy_abstract>
  {PERSON[Alanna Noel Ubach]} (born {DATE[October 3, 1975]}) is an {NORP[American]} actress, known for her roles as {PERSON[Naomi]} in the film Waiting... ({DATE[2005]}), {PERSON[Mamá Imelda]} in {PERSON[Coco]} ({DATE[2017]}), {PERSON[Serena McGuire]} in Legally Blonde ({DATE[2001]}), {PERSON[Isabel Villalobos]} in {ORG[Meet the Fockers]} ({DATE[2004]}), {PERSON[Maria]} in Sister Act 2: Back in the Habit ({DATE[1993]}), {PERSON[Jo Hernandez-Frumpkis]} on {WORK_OF_ART[Girlfriends' Guide to Divorce]}, {PERSON[Suze Howard]} on {LOC[Euphoria]}, {PERSON[Carol Atkinson]} on {PRODUCT[The Flight Attendant]}, and {PERSON[Susan Bennett]} on {PERSON[Ted]}.
She has provided voices for several characters in a number of animated television shows and movies, such as {PERSON[Liz Allan]} on The Spectacular Spider-Man, the title character on {ORG[El Tigre: The Adventures of Manny Rivera]}, {PERSON[Lola Boa]} on {ORG[Brandy &amp;]} Mr. {PERSON[Whiskers]}, Strudel on Pound Puppies, and {CARDINAL[four]} characters in the {PERSON[Oscar]}-winning animated film {PERSON[Rango]} ({DATE[2011]}). She played the {ORDINAL[first]} female assistant, {PERSON[Josie]}, on the television show {ORG[Beakman's World]}.
 </spacy_abstract>
 <original_body>
  Ubach was born in Downey, California, the daughter of Sidna and Rodolfo Ubach. Her father was from San Juan, Puerto Rico, and her mother, raised in Los Angeles, was from Sinaloa, Mexico.In 1994, she received a positive review from The New York Times for her role as a Jewish girl in Kindertransport at the Manhattan Theatre Club. During this stage, she also landed a regular spot as Josie the assistant in the TV series, Beakman's World. Her early film roles include Airborne (1993), Sister Act 2: Back in the Habit (1993), Renaissance Man (1994) and The Brady Bunch Movie (1995). She later had roles in a series of indie films: Denise Calls Up (1995), in which she played the title character; Johns (1996), playing David Arquette's girlfriend and in Freeway (1996), with Reese Witherspoon and Kiefer Sutherland, playing a Latina gang girl. She also played roles in more mainstream films like Clockwatchers (1997) and alongside Reese Witherspoon in the two Legally Blonde films.
In 2004, Ubach starred in the movie Waiting..., alongside Ryan Reynolds and Anna Faris and landed the role of a Latina maid/caterer in Meet The Fockers (2004). She also had recurring roles in Hung (2009) and Californication (2013).
Ubach stars with Lisa Edelstein as a regular cast member on Bravo's first-ever scripted series, Girlfriends' Guide to Divorce. Ubach portrays Jo, who moves to Los Angeles to reinvent herself in the guest house of her just-divorced best friend from college, Abby. Ubach describes the show as "fun and stylish, it's very relatable." The role of Jo was created following the exit of Janeane Garofalo.
In June 2008, Ubach starred in and narrated her ongoing one-woman show, “Patriotic Bitch,” which ran at the Clurman Theatre in Theater Row. Reviewing "Patriotic Bitch," The New York Times stated that the show, "can’t hold a candle to the very best of the genre," but nonetheless described it as, "entertaining one-act series of character monologues" and noted that Ubach was, "seriously talented."
Ubach is married to multi-Grammy award winning record producer Thom Russo. Ubach gave birth to their son, Thomas Rodolfo Russo III, in July 2017.
Alanna Ubach at IMDb
 </original_body>
 <spacy_body>
  Ubach was born in {GPE[Downey]}, {GPE[California]}, the daughter of {GPE[Sidna]} and {PERSON[Rodolfo Ubach]}. Her father was from {GPE[San Juan]}, {GPE[Puerto Rico]}, and her mother, raised in {GPE[Los Angeles]}, was from {GPE[Sinaloa]}, {GPE[Mexico]}.In {DATE[1994]}, she received a positive review from {ORG[The New York Times]} for her role as a {NORP[Jewish]} girl in {GPE[Kindertransport]} at {FAC[the Manhattan Theatre Club]}. During this stage, she also landed a regular spot as Josie the assistant in the TV series, {ORG[Beakman's World]}. Her early film roles include {ORG[Airborne]} ({DATE[1993]}), Sister {LAW[Act 2]}: Back in the {LOC[Habit]} ({DATE[1993]}), {ORG[Renaissance]} Man ({DATE[1994]}) and {WORK_OF_ART[The Brady Bunch Movie]} ({DATE[1995]}). She later had roles in a series of indie films: {WORK_OF_ART[Denise Calls]} Up ({DATE[1995]}), in which she played the title character; {PERSON[Johns]} ({DATE[1996]}), playing {PERSON[David Arquette's]} girlfriend and in {GPE[Freeway]} ({DATE[1996]}), with {PERSON[Reese Witherspoon]} and {PERSON[Kiefer Sutherland]}, playing a {GPE[Latina]} gang girl. She also played roles in more mainstream films like Clockwatchers ({DATE[1997]}) and alongside {PERSON[Reese Witherspoon]} in the {CARDINAL[two]} {LOC[Legally Blonde]} films.
In {DATE[2004]}, {ORG[Ubach]} starred in the movie Waiting..., alongside {PERSON[Ryan Reynolds]} and {PERSON[Anna Faris]} and landed the role of a {GPE[Latina]} maid/caterer in {WORK_OF_ART[Meet The Fockers]} ({DATE[2004]}). She also had recurring roles in {GPE[Hung]} ({DATE[2009]}) and Californication ({DATE[2013]}).
Ubach stars with {PERSON[Lisa Edelstein]} as a regular cast member on {ORG[Bravo]}'s {ORDINAL[first]}-ever scripted series, Girlfriends' Guide to Divorce. Ubach portrays {PERSON[Jo]}, who moves to {GPE[Los Angeles]} to reinvent herself in the guest house of her just-divorced best friend from college, {PERSON[Abby]}. Ubach describes the show as "fun and stylish, it's very relatable." The role of {PERSON[Jo]} was created following the exit of {PERSON[Janeane Garofalo]}.
In {DATE[June 2008]}, {ORG[Ubach]} starred in and narrated her ongoing {CARDINAL[one]}-woman show, “{WORK_OF_ART[Patriotic Bitch]},” which ran at {FAC[the Clurman Theatre in Theater Row]}. Reviewing "{WORK_OF_ART[Patriotic Bitch]}," {ORG[The New York Times]} stated that the show, "can’t hold a candle to the very best of the genre," but nonetheless described it as, "entertaining {CARDINAL[one]}-act series of character monologues" and noted that {PERSON[Ubach]} was, "seriously talented."
{PERSON[Ubach]} is married to multi-Grammy award winning record producer {PERSON[Thom Russo]}. Ubach gave birth to their son, {PERSON[Thomas Rodolfo Russo III]}, in {DATE[July 2017]}.
{PERSON[Alanna Ubach]} at IMDb
 </spacy_body>
</doc>