<?xml version="1.0" encoding="utf-8"?>
<doc>
 <title>
  Alan Badel
 </title>
 <original_abstract>
  Alan Fernand Badel (; 11 September 1923 – 19 March 1982) was an English stage actor who also appeared frequently in the cinema, radio and television and was noted for his richly textured voice which was once described as "the sound of tears".
 </original_abstract>
 <spacy_abstract>
  {PERSON[Alan Fernand Badel]} (; {DATE[11 September 1923]} – {DATE[19 March 1982]}) was an {LANGUAGE[English]} stage actor who also appeared frequently in the cinema, radio and television and was noted for his richly textured voice which was once described as "the sound of tears".
 </spacy_abstract>
 <original_body>
  Badel was born in Rusholme, Manchester, and educated at Burnage High School. He fought in France and Germany during the Second World War, serving as a paratrooper on D-Day. He partially lost his hearing when a shell exploded near him.
In his early career, he played leading parts, including Romeo and Hamlet, with the Old Vic and Stratford companies.Badel's earliest film role was as John the Baptist in the Rita Hayworth version of Salome (1953), a version in which the story was altered to make Salome a Christian convert who dances for Herod in order to save John rather than have him condemned to death. He portrayed Richard Wagner in Magic Fire (1955), a biopic about the composer. He also played the role of Karl Denny, the impresario, in the film Bitter Harvest (1963). Around the same time, he played opposite Vivien Merchant in a television version of Harold Pinter's play The Lover (also 1963) and as Edmond Dantès in a BBC television adaptation of Alexandre Dumas' The Count of Monte Cristo (1964).
Badel also played the villainous sunglasses-wearing Najim Beshraavi in Arabesque (1966) with Gregory Peck and Sophia Loren. He played the French Interior Minister in The Day of the Jackal (1973), a political thriller about the attempted assassination of President Charles de Gaulle. In the political television drama Bill Brand (1976) he played David Last, the government's Employment Minister, a left-wing former backbench MP who had recently joined the front bench after 30 years in the House of Commons. One of his last roles was that of Baron Nicolas de Gunzburg in the Paramount film Nijinsky (1980). A television adaptation for the BBC of The Woman in White (1982) by Wilkie Collins, in which Badel played the role of Count Fosco, was shown posthumously.
Badel married the actress Yvonne Owen in 1942 and they remained married until his death from a heart attack in Chichester, aged 58. Their daughter Sarah Badel is an actress.
The Stranger Left No Card (1952) - Stranger
Salome (1953) - John the Baptist
Will Any Gentleman...? (1953) - The Great Mendoza
Three Cases of Murder (1955) - Owen (segment "Lord Mountdrago") / Mr. X (segment "In the Picture") / Harry (segment "You Killed Elizabeth")
Magic Fire (1955) - Richard Wagner
This Sporting Life (1963) - Gerald Weaver
Bitter Harvest (1963) - Karl Denny
Children of the Damned (1964) - Dr. David Neville
Arabesque (1966) - Beshraavi
Otley (1968) - Sir Alex Hadrian
Where's Jack? (1969) - The Lord Chancellor
The Adventurers (1970) - President Rojo
The Day of the Jackal (1973) - French Interior Minister
Luther (1973) - Thomas De Vio
Telefon (1977) - Colonel Malchenko
The Medusa Touch (1978) - Barrister
Force 10 from Navarone (1978) - Major Petrovitch
Agatha (1979) - Lord Brackenbury
The Riddle of the Sands (1979) - Dollmann
Nijinsky (1980) - Baron de Gunzburg
Shōgun (1980) - Father Dell'Aqua

Alan Badel at IMDb
Alan Badel at the Internet Broadway Database
 </original_body>
 <spacy_body>
  {ORG[Badel]} was born in {GPE[Rusholme]}, {GPE[Manchester]}, and educated at {ORG[Burnage High School]}. He fought in {GPE[France]} and {GPE[Germany]} during {EVENT[the Second World War]}, serving as a paratrooper on {DATE[D-Day]}. He partially lost his hearing when a shell exploded near him.
In his early career, he played leading parts, including {PERSON[Romeo]} and {ORG[Hamlet]}, with the Old Vic and {NORP[Stratford]} companies.{ORG[Badel]}'s earliest film role was as {PERSON[John the Baptist]} in the {PERSON[Rita Hayworth]} version of {ORG[Salome]} ({DATE[1953]}), a version in which the story was altered to make Salome a {NORP[Christian]} convert who dances for Herod in order to save {PERSON[John rather]} than have him condemned to death. He portrayed {PERSON[Richard Wagner]} in {FAC[Magic Fire]} ({DATE[1955]}), a biopic about the composer. He also played the role of {PERSON[Karl Denny]}, the impresario, in the film {WORK_OF_ART[Bitter Harvest]} ({DATE[1963]}). Around the same time, he played opposite {PERSON[Vivien Merchant]} in a television version of {PERSON[Harold Pinter's]} play {WORK_OF_ART[The Lover]} (also {DATE[1963]}) and as {PERSON[Edmond Dantès]} in a {ORG[BBC]} television adaptation of {PERSON[Alexandre Dumas']} {WORK_OF_ART[The Count of Monte Cristo]} ({DATE[1964]}).
{ORG[Badel]} also played the villainous sunglasses-wearing {ORG[Najim Beshraavi]} in {GPE[Arabesque]} ({DATE[1966]}) with {ORG[Gregory Peck]} and {GPE[Sophia Loren]}. He played the {NORP[French]} {ORG[Interior]} Minister in {DATE[The Day]} of the Jackal ({DATE[1973]}), a political thriller about the attempted assassination of President {PERSON[Charles de Gaulle]}. In the political television drama {PERSON[Bill Brand]} ({DATE[1976]}) he played {PERSON[David Last]}, the government's Employment Minister, a left-wing former backbench MP who had recently joined the front bench after {DATE[30 years]} in {ORG[the House of Commons]}. {CARDINAL[One]} of his last roles was that of Baron {PERSON[Nicolas de Gunzburg]} in the {ORG[Paramount]} film {PERSON[Nijinsky]} ({DATE[1980]}). A television adaptation for the {ORG[BBC]} of The Woman in {GPE[White]} ({DATE[1982]}) by {PERSON[Wilkie Collins]}, in which {ORG[Badel]} played the role of {GPE[Count Fosco]}, was shown posthumously.
{ORG[Badel]} married the actress {PERSON[Yvonne Owen]} in {DATE[1942]} and they remained married until his death from a heart attack in {GPE[Chichester]}, aged {DATE[58]}. Their daughter {PERSON[Sarah Badel]} is an actress.
{WORK_OF_ART[The Stranger Left No Card]} ({DATE[1952]}) - Stranger
Salome ({DATE[1953]}) - John the Baptist
Will Any Gentleman...? ({DATE[1953]}) - {WORK_OF_ART[The Great Mendoza
]}{CARDINAL[Three]} Cases of Murder (1955) {PERSON[- Owen]} (segment "Lord {PERSON[Mountdrago]}") / Mr. {PERSON[X]} (segment "{WORK_OF_ART[In the Picture]}") / {PERSON[Harry]} (segment "{WORK_OF_ART[You Killed Elizabeth]}")
Magic Fire ({DATE[1955]}) - {PERSON[Richard Wagner]}
{ORG[This Sporting Life]} ({DATE[1963]}) {PERSON[- Gerald Weaver]}
Bitter Harvest ({DATE[1963]}) - Karl Denny
Children of the Damned ({DATE[1964]}) - Dr. {PERSON[David Neville
]}Arabesque ({DATE[1966]}) - Beshraavi
Otley ({DATE[1968]}) - Sir {PERSON[Alex Hadrian]}
Where's {PERSON[Jack]}? ({DATE[1969]}) - The Lord Chancellor
The Adventurers ({DATE[1970]}) - President {PERSON[Rojo
]}{DATE[The Day]} of the Jackal ({DATE[1973]}) - {NORP[French]} {ORG[Interior]} Minister
Luther ({DATE[1973]}) - Thomas De Vio
Telefon ({DATE[1977]}) - Colonel {PERSON[Malchenko
]}The Medusa Touch ({DATE[1978]}) - Barrister
Force {CARDINAL[10]} from Navarone ({DATE[1978]}) - Major Petrovitch
{PERSON[Agatha]} ({DATE[1979]}) - Lord {PERSON[Brackenbury]}
{PERSON[The Riddle of the Sands]} (1979) - Dollmann
{PERSON[Nijinsky]} ({DATE[1980]}) - Baron de Gunzburg
Shōgun ({DATE[1980]}) - Father {PERSON[Dell'Aqua

]}{PERSON[Alan Badel]} at IMDb
{PERSON[Alan Badel]} at the Internet Broadway Database
 </spacy_body>
</doc>