<?xml version="1.0" encoding="utf-8"?>
<doc>
 <title>
  Alan Blumenfeld
 </title>
 <original_abstract>
  Alan Blumenfeld (born September 4, 1952) is an American character actor, best known for his role in NBC's TV series Heroes as Maury Parkman, the telepath father of Matt Parkman played by Greg Grunberg, and as Bob Buss in the telefilm 2gether. He has played Greg Grunberg's father in both Felicity and Heroes.
 </original_abstract>
 <spacy_abstract>
  {PERSON[Alan Blumenfeld]} (born {DATE[September 4, 1952]}) is an {NORP[American]} character actor, best known for his role in {ORG[NBC]}'s TV series {WORK_OF_ART[Heroes]} as {PERSON[Maury Parkman]}, the telepath father of {PERSON[Matt Parkman]} played by {PERSON[Greg Grunberg]}, and as {PERSON[Bob Buss]} in the telefilm 2gether. He has played {PERSON[Greg Grunberg's]} father in both Felicity and Heroes.
 </spacy_abstract>
 <original_body>
  Blumenfeld has been acting since the age of 7 in his first grade, and has appeared in prime time television shows such as Grey's Anatomy, JAG, Gilmore Girls, CSI: Crime Scene Investigation, Without a Trace, and Judging Amy. He has also appeared in movies, including The Ring, In Her Shoes, and Friday the 13th Part VI: Jason Lives. He was also the voice of Glottis and Boyd Cooper on the cult video-games Grim Fandango and Psychonauts respectively.
Blumenfeld currently lives in Los Angeles and is still active in theater, film and television acting. He also  teaches acting at Pomona College in Claremont, CA.
Alan Blumenfeld at IMDb
Alan Blumenfeld at AllMovie
Where Are They Now? Alan Blumenfeld - "Larry" at FridayThe13thFilms.com
 </original_body>
 <spacy_body>
  {PERSON[Blumenfeld]} has been acting since {DATE[the age of 7]} in his {ORDINAL[first]} grade, and has appeared in prime time television shows such as {ORG[Grey's Anatomy, JAG,]} {PERSON[Gilmore Girls]}, CSI: Crime Scene Investigation, Without a Trace, and {PERSON[Judging Amy]}. He has also appeared in movies, including {WORK_OF_ART[The Ring]}, In Her Shoes, and {DATE[Friday the 13th]} Part {FAC[VI]}: {PERSON[Jason Lives]}. He was also the voice of Glottis and {PERSON[Boyd Cooper]} on the cult video-games {ORG[Grim Fandango]} and Psychonauts respectively.
{PERSON[Blumenfeld]} currently lives in {GPE[Los Angeles]} and is still active in theater, film and television acting. He also  teaches acting at {ORG[Pomona College]} in {GPE[Claremont]}, CA.
{PERSON[Alan Blumenfeld]} at IMDb
{PERSON[Alan Blumenfeld]} at AllMovie
Where Are They Now? {PERSON[Alan Blumenfeld - "Larry]}" at {ORG[FridayThe13thFilms.com
]}
 </spacy_body>
</doc>