<?xml version="1.0" encoding="utf-8"?>
<doc>
 <title>
  Alana de la Garza
 </title>
 <original_abstract>
  Alana de la Garza (born June 18, 1976) is an American actress. She is known for her roles as Connie Rubirosa on the NBC television series Law &amp; Order in its last four seasons through 2010, Law &amp; Order: LA until the show's conclusion in 2011, and in Law &amp; Order: Special Victims Unit. She also portrayed Marisol Delko-Caine on CSI: Miami. In 2014 and 2015, she starred as Detective Jo Martinez in the ABC series Forever. From 2016 to 2017, she starred in Criminal Minds: Beyond Borders as Special Agent Clara Seger. In 2019, she began starring as SAC Isobel Castille on FBI, a role she also plays on the spin-off series FBI: Most Wanted.
 </original_abstract>
 <spacy_abstract>
  {PERSON[Alana de la Garza]} (born {DATE[June 18, 1976]}) is an {NORP[American]} actress. She is known for her roles as {PERSON[Connie Rubirosa]} on the {ORG[NBC]} television series {ORG[Law &amp; Order]} in its {DATE[last four seasons]} through {DATE[2010]}, {ORG[Law &amp; Order]}: {GPE[LA]} until the show's conclusion in {DATE[2011]}, and in {ORG[Law &amp; Order: Special Victims Unit]}. She also portrayed {PERSON[Marisol Delko-Caine]} on CSI: {GPE[Miami]}. In {DATE[2014]} and {DATE[2015]}, she starred as {PERSON[Detective Jo Martinez]} in the {ORG[ABC]} series {WORK_OF_ART[Forever.]} From {DATE[2016]} to {DATE[2017]}, she starred in Criminal Minds: Beyond Borders as Special Agent {PERSON[Clara Seger]}. In {DATE[2019]}, she began starring as SAC {PERSON[Isobel Castille]} on {ORG[FBI]}, a role she also plays on the spin-off series {ORG[FBI]}: Most Wanted.
 </spacy_abstract>
 <original_body>
  De la Garza was born in Columbus, Ohio, to a Mexican-American father and an Irish-American mother. She was raised in El Paso, Texas.She won the "Miss Photogenic" title in the Miss El Paso Teen USA local beauty pageant. She became a special-needs teacher and enrolled at the University of Texas at El Paso, studying physical therapy and social work.
After graduation, she landed some small roles while living in Orlando, Florida, then soon after moved to New York City.
In 2001, she was featured in the music video for Brooks &amp; Dunn's song "Ain't Nothing 'bout You". Garza also appeared in the music video "All or Nothing" released by the boy band O-Town in 2001. She obtained the role of Rosa Santos on the soap opera, All My Children, guest-starring roles in JAG, Charmed, Two and a Half Men, and Las Vegas. She starred as Maria in the short-lived television series The Mountain. In 2006, she starred in Mr. Fix-It co-starring David Boreanaz. She also guest-starred as an evil Kryptonian (named "Aethyr" in promotional materials) in the Season 5 premiere episode of Smallville and played the recurring role of Marisol Delko Caine on the CBS television series CSI: Miami. She has twice been featured in the "Girls of Maxim" online gallery.
In 2006, she joined the cast of NBC's Law &amp; Order during the premiere of Season 17, portraying Assistant District Attorney Connie Rubirosa. Her performance as ADA Rubirosa has been widely praised by critics. In 2007, she earned a nomination for "Best Supporting Actress—Television" by the Imagen Foundation Awards. Following in 2008, she was nominated for an ALMA Award as "Outstanding Supporting Actress in a Drama Television Series". Later that year, she garnered an "Impact Award" for "Outstanding Performance in a Dramatic Television Series" by the National Hispanic Media Coalition.De la Garza played Assistant District Attorney (later DDA) Rubirosa for the final four seasons of Law &amp; Order, a role she also played on the short-lived spin-off Law &amp; Order: LA (2011). On January 22, 2014 she guest starred in an episode of Law &amp; Order: Special Victims Unit as Connie Rubirosa. Rubirosa, who had recently departed the Los Angeles District Attorney's Office, is now a federal prosecutor, heading up a joint task force on underage sex trafficking. Her guest appearance first aired on January 22, 2014. This is, to date, her final appearance in the franchise.
In July 2011, de la Garza was reported to reprise her role as Marisol Delko Caine, on CSI: Miami's season 10 premiere.In February 2012, she was cast as a lead in the NBC medical drama pilot Do No Harm. She played Dr. Lena Solis, a neurologist. In June 2012, De La Garza was added to the cast of Are You Here, the feature film debut of Mad Men creator Matthew Weiner.In 2014–2015 she co-starred as police detective Jo Martinez in the ABC television series Forever. In September 2015, she began a recurring role as the new head of Homeland Security on Scorpion. She appeared in Criminal Minds: Beyond Borders, starring as the female-lead opposite Gary Sinise. In 2019 she was cast in season two of FBI as Isobel Castille.
De la Garza married her long-time boyfriend, Michael Roberts, a writer, on May 31, 2008, in Orlando, Orange County, Florida. They have a son
and a daughter. Alana is a distant cousin of TV writer-producer René Balcer, sharing a common relative Juan Cortina, a Mexican folk hero known as the Rio Grande Robin Hood.
Alana de la Garza at IMDb
 </original_body>
 <spacy_body>
  {PERSON[De la Garza]} was born in {GPE[Columbus]}, {GPE[Ohio]}, to a {NORP[Mexican-American]} father and an {NORP[Irish]}-American mother. She was raised in {GPE[El Paso]}, {GPE[Texas]}.She won {ORG[the "Miss Photogenic"]} title in the Miss El Paso {ORG[Teen USA]} local beauty pageant. She became a special-needs teacher and enrolled at {ORG[the University of Texas]} at {GPE[El Paso]}, studying physical therapy and social work.
After graduation, she landed some small roles while living in {GPE[Orlando]}, {GPE[Florida]}, then soon after moved to {GPE[New York City]}.
In {DATE[2001]}, she was featured in the music video for {ORG[Brooks &amp; Dunn's]} song "{WORK_OF_ART[Ain't Nothing 'bout You"]}. {PERSON[Garza]} also appeared in the music video "{WORK_OF_ART[All or Nothing]}" released by the boy band O-Town in {DATE[2001]}. She obtained the role of {PERSON[Rosa Santos]} on the soap opera, {WORK_OF_ART[All My Children]}, guest-starring roles in {NORP[JAG]}, {GPE[Charmed]}, {CARDINAL[Two and a]} Half Men, and {GPE[Las Vegas]}. She starred as {PERSON[Maria]} in the short-lived television series {WORK_OF_ART[The Mountain]}. In {DATE[2006]}, she starred in Mr. {PERSON[Fix-]}It co-starring {PERSON[David Boreanaz]}. She also guest-starred as an evil {NORP[Kryptonian]} (named "{PERSON[Aethyr]}" in promotional materials) in the {DATE[Season 5]} premiere episode of {GPE[Smallville]} and played the recurring role of {ORG[Marisol Delko Caine]} on the {ORG[CBS]} television series CSI: {GPE[Miami]}. She has twice been featured in the "Girls of Maxim" online gallery.
In {DATE[2006]}, she joined the cast of {ORG[NBC]}'s {ORG[Law &amp; Order]} during the premiere of {DATE[Season 17]}, portraying Assistant District Attorney {PERSON[Connie Rubirosa]}. Her performance as {PERSON[ADA Rubirosa]} has been widely praised by critics. In {DATE[2007]}, she earned a nomination for "{WORK_OF_ART[Best Supporting Actress—Television]}" by {ORG[the Imagen Foundation Awards]}. Following in {DATE[2008]}, she was nominated for an ALMA Award as "{WORK_OF_ART[Outstanding Supporting Actress]} in a Drama Television Series". {DATE[Later that year]}, she garnered an "Impact Award" for "{WORK_OF_ART[Outstanding Performance in a Dramatic Television Series]}" by {ORG[the National Hispanic Media Coalition]}.{PERSON[De la Garza]} played Assistant District Attorney (later DDA) {PERSON[Rubirosa]} for the final {CARDINAL[four]} seasons of {ORG[Law &amp; Order]}, a role she also played on the short-lived spin-off {ORG[Law &amp; Order]}: LA ({DATE[2011]}). On {DATE[January 22, 2014]} she guest starred in an episode of {ORG[Law &amp; Order: Special Victims Unit]} as {PERSON[Connie Rubirosa]}. {PERSON[Rubirosa]}, who had recently departed the {GPE[Los Angeles]} District Attorney's Office, is now a federal prosecutor, heading up a joint task force on underage sex trafficking. Her guest appearance first aired on {DATE[January 22, 2014]}. This is, to date, her final appearance in the franchise.
In {DATE[July 2011]}, {PERSON[de la Garza]} was reported to reprise her role as {ORG[Marisol Delko Caine]}, on {ORG[CSI]}: {GPE[Miami]}'s {DATE[season 10]} premiere.In {DATE[February 2012]}, she was cast as a lead in the {ORG[NBC]} medical drama pilot Do No Harm. She played Dr. {PERSON[Lena Solis]}, a neurologist. In {DATE[June 2012]}, {PERSON[De La Garza]} was added to the cast of {WORK_OF_ART[Are You Here]}, the feature film debut of {ORG[Mad Men]} creator {PERSON[Matthew Weiner]}.In {CARDINAL[2014–2015]} she co-starred as police detective {PERSON[Jo Martinez]} in the {ORG[ABC]} television series {PERSON[Forever]}. In {DATE[September 2015]}, she began a recurring role as the new head of {ORG[Homeland Security on Scorpion]}. She appeared in {ORG[Criminal Minds]}: {PERSON[Beyond Borders]}, starring as the female-lead opposite {PERSON[Gary Sinise]}. In {DATE[2019]} she was cast in season {CARDINAL[two]} of {ORG[FBI]} as {PERSON[Isobel Castille]}.
{PERSON[De la Garza]} married her long-time boyfriend, {PERSON[Michael Roberts]}, a writer, on {DATE[May 31, 2008]}, in {GPE[Orlando]}, {GPE[Orange County]}, {GPE[Florida]}. They have a son
and a daughter. Alana is a distant cousin of TV writer-producer {PERSON[René Balcer]}, sharing a common relative {PERSON[Juan Cortina]}, a {NORP[Mexican]} folk hero known as the {PERSON[Rio Grande Robin Hood]}.
{PERSON[Alana de la Garza]} at IMDb
 </spacy_body>
</doc>