<?xml version="1.0" encoding="utf-8"?>
<doc>
 <title>
  Alan Mowbray
 </title>
 <original_abstract>
  Alan Mowbray MM (born Alfred Ernest Allen; 18 August 1896 – 25 March 1969) was an English stage and film actor who found success in Hollywood.
 </original_abstract>
 <spacy_abstract>
  {PERSON[Alan Mowbray MM]} (born {PERSON[Alfred Ernest Allen]}; {DATE[18 August 1896]} – {DATE[25 March 1969]}) was an {LANGUAGE[English]} stage and film actor who found success in {GPE[Hollywood]}.
 </spacy_abstract>
 <original_body>
  Mowbray was born in London, England.  He served with distinction in the British Army in World War I, being awarded the Military Medal and the French Croix de Guerre for bravery in action. He applied for transfer to the Royal Air Force, which was granted just six days before the war ended. This placed him in London on Armistice Day. His service came to an end when the Royal Air Force wanted another seven years from him.
Mowbray began his stage career in London in 1922, as an actor and stage manager. In 1923 he arrived in the United States and was soon acting with New York stock companies. He debuted on Broadway in The Sport of Kings (1926); in 1929 he wrote, directed and starred in the unsuccessful Dinner Is Served.
Mowbray made his film debut in God's Gift to Women (1931) playing a butler, a role in which he was thereafter often cast. So often that famed ‘30s novelist and screenwriter Raymond Chandler lampooned Mowbray's screen persona in his pulp magazine story Mandarin's Jade (1937): "The Philip Courtney Prendergasts lived on one of those wide, curving streets where the houses seem to be too close together for their size and the amount of money they represent... The house had an English slate roof and a porte-cochère, some nice imported trees, a trellis with bougainvillaea. It was a nice place and not loud. But Beverly Hills is Beverly Hills, so the butler had a wing collar and an accent like Alan Mowbray.”
Mowbray appeared in five more pictures in 1931, notably portraying George Washington in Alexander Hamilton. In 1935, he played one of the male leads in Becky Sharp, the first feature-length film in full-colour Technicolor, as well as playing the lead in the farcical Night Life of the Gods, based on a Thorne Smith novel. It was for another Thorne Smith–derived film, Topper (1937), that Mowbray may be best remembered; he played Topper's butler Wilkins, a role he reprised the following year in Topper Takes a Trip. Throughout the 1930s and 1940s, Mowbray worked steadily, appearing in over 120 films.In the 1950s, Mowbray's film roles decreased, and he began to appear on television. He played the title role in the DuMont TV series Colonel Humphrey Flack, which first aired in 1953–54 and was revived in 1958–59. In the 1954–55 television season, Mowbray played Mr. Swift, the drama coach of the character Mickey Mulligan, in NBC's short-lived The Mickey Rooney Show: Hey, Mulligan. He portrayed the character Stewart Styles, a maitre d with a checkered past in the 1960-1961 adventure/drama series Dante, reprising a role he had originally played in several episodes of Four Star Theatre. Mowbray appeared in the titular role as a crooked astrologer in the 1959 episode "The Misfortune Teller" of the Maverick television series starring James Garner and Kathleen Crowley, and as Cranshaw in the episode "Quite a Woman" of the 1961 series The Investigators starring James Franciscus.
In 1956, Mowbray appeared in three major films, The King and I, The Man Who Knew Too Much and Around the World in 80 Days. His final film role was as Captain Norcross in A Majority of One in 1961. In 1963, he returned to Broadway in the successful comedy Enter Laughing, playing Marlowe, the unscrupulous mentor to David Kolowitz (played by Alan Arkin).
Mowbray was a founding member of the Screen Actors Guild in 1933, writing a personal check to fund the group's incorporation and serving as the first vice president.
Mowbray married Lorraine Carpenter in 1927. Together they had two children, including daughter Patricia, who at age 28 would marry her father's friend, (then) 70-year-old actor Douglass Dumbrille, in 1960.Mowbray was among the founders of the Hollywood Cricket Club. He was a prominent early member of the Masquers Club, and donated the group's long-time clubhouse on Sycamore in Hollywood.Mowbray died of a heart attack in 1969 in Hollywood, survived by his wife and children. His body is interred in the Holy Cross Cemetery in Culver City, California.
The Patty Duke Show, as director of the high school play in which both Patty and Cathy appeared
Four Star Playhouse in Dick Powell's episode "The House Always Wins" (1955)
Whispering Smith, in "Poet and Peasant Case" episode (1960)
Maverick with James Garner and Kathleen Crowley, in "The Misfortune Teller" episode as Luke Abigor (1960)
The Investigators with James Franciscus and James Philbrook, in the episode "Quite a Woman" as Cranshaw (1961)

Alan Mowbray at IMDb 
Alan Mowbray at AllMovie 
Alan Mowbray at the Internet Broadway Database 
Alan Mowbray at Find a Grave 
The Adventures of Colonel Flack
"Up From Central Park: Scenes From an Actor's Life", book review of Mowbray's memoirs at Immortal Ephemera, including excerpts; accessed 6 November 2015.
 </original_body>
 <spacy_body>
  Mowbray was born in {GPE[London]}, {GPE[England]}.  He served with distinction in {ORG[the British Army]} in {EVENT[World War I]}, being awarded the Military Medal and the {NORP[French]} Croix de Guerre for bravery in action. He applied for transfer to {ORG[the Royal Air Force]}, which was granted {DATE[just six days]} before the war ended. This placed him in {GPE[London]} on {DATE[Armistice Day]}. His service came to an end when {ORG[the Royal Air Force]} wanted {DATE[another seven years]} from him.
{PERSON[Mowbray]} began his stage career in {GPE[London]} in {DATE[1922]}, as an actor and stage manager. In {DATE[1923]} he arrived in {GPE[the United States]} and was soon acting with {GPE[New York]} stock companies. He debuted on {FAC[Broadway]} in {LOC[The Sport of Kings]} ({DATE[1926]}); in {DATE[1929]} he wrote, directed and starred in the unsuccessful {PERSON[Dinner Is Served]}.
{PERSON[Mowbray]} made his film debut in God's Gift to Women ({DATE[1931]}) playing a butler, a role in which he was thereafter often cast. So often that famed ‘{DATE[30s]} novelist and screenwriter {PERSON[Raymond Chandler]} lampooned {PERSON[Mowbray]}'s screen persona in his pulp magazine story {LANGUAGE[Mandarin]}'s Jade ({DATE[1937]}): "{WORK_OF_ART[The Philip Courtney Prendergasts]} lived on one of those wide, curving streets where the houses seem to be too close together for their size and the amount of money they represent... The house had an {LANGUAGE[English]} slate roof and a porte-cochère, some nice imported trees, a trellis with bougainvillaea. It was a nice place and not loud. But {GPE[Beverly Hills]} is {GPE[Beverly Hills]}, so the butler had a wing collar and an accent like {PERSON[Alan Mowbray]}.”
{PERSON[Mowbray]} appeared in {CARDINAL[five]} more pictures in {DATE[1931]}, notably portraying {PERSON[George Washington]} in {PERSON[Alexander Hamilton]}. In {DATE[1935]}, he played one of the male leads in {FAC[Becky Sharp]}, the {ORDINAL[first]} feature-length film in full-colour {PERSON[Technicolor]}, as well as playing the lead in the farcical {WORK_OF_ART[Night Life of the Gods]}, based on a {PERSON[Thorne Smith]} novel. It was for another {PERSON[Thorne Smith]}–derived film, {PERSON[Topper]} ({DATE[1937]}), that {PERSON[Mowbray]} may be best remembered; he played {PERSON[Topper]}'s butler {PERSON[Wilkins]}, a role he reprised the following year in {PERSON[Topper]} Takes a Trip. Throughout the {DATE[1930s]} and {DATE[1940s]}, {PERSON[Mowbray]} worked steadily, appearing in {CARDINAL[over 120]} films.In {DATE[the 1950s]}, {PERSON[Mowbray]}'s film roles decreased, and he began to appear on television. He played the title role in the {ORG[DuMont TV]} series Colonel {PERSON[Humphrey Flack]}, which {ORDINAL[first]} aired in {GPE[1953–54]} and was revived in {DATE[1958–59]}. In {DATE[the 1954–55 television season]}, {PERSON[Mowbray]} played Mr. {PERSON[Swift]}, the drama coach of the character {PERSON[Mickey Mulligan]}, in {ORG[NBC]}'s short-lived {WORK_OF_ART[The Mickey Rooney Show:]} Hey, {PERSON[Mulligan]}. He portrayed the character {PERSON[Stewart Styles]}, a maitre d with a checkered past in the {DATE[1960-1961]} adventure/drama series Dante, reprising a role he had originally played in several episodes of {ORG[Four Star Theatre]}. Mowbray appeared in the titular role as a crooked astrologer in the {DATE[1959]} episode "{WORK_OF_ART[The Misfortune Teller]}" of the {GPE[Maverick]} television series starring {PERSON[James Garner]} and {PERSON[Kathleen Crowley]}, and as {ORG[Cranshaw]} in the episode "{WORK_OF_ART[Quite a Woman]}" of the {DATE[1961]} series The Investigators starring {PERSON[James Franciscus]}.
In {DATE[1956]}, {PERSON[Mowbray]} appeared in {CARDINAL[three]} major films, {WORK_OF_ART[The King and I, The Man Who Knew Too Much and Around the World]} in {DATE[80 Days]}. His final film role was as Captain Norcross in A Majority of {CARDINAL[One]} in {DATE[1961]}. In {DATE[1963]}, he returned to {FAC[Broadway]} in the successful comedy {WORK_OF_ART[Enter Laughing]}, playing {PERSON[Marlowe]}, the unscrupulous mentor to {PERSON[David Kolowitz]} (played by {PERSON[Alan Arkin]}).
{PERSON[Mowbray]} was a founding member of {ORG[the Screen Actors Guild]} in {DATE[1933]}, writing a personal check to fund the group's incorporation and serving as the {ORDINAL[first]} vice president.
{PERSON[Mowbray]} married {PERSON[Lorraine Carpenter]} in {DATE[1927]}. Together they had {CARDINAL[two]} children, including daughter {PERSON[Patricia]}, who at {DATE[age 28]} would marry her father's friend, (then) {DATE[70-year-old]} actor {PERSON[Douglass Dumbrille]}, in {DATE[1960.Mowbray]} was among the founders of {ORG[the Hollywood Cricket Club]}. He was a prominent early member of {ORG[the Masquers Club]}, and donated the group's long-time clubhouse on Sycamore in {GPE[Hollywood]}.Mowbray died of a heart attack in {DATE[1969]} in {GPE[Hollywood]}, survived by his wife and children. His body is interred in {FAC[the Holy Cross Cemetery]} in {GPE[Culver City]}, {GPE[California]}.
{EVENT[The Patty Duke Show]}, as director of the high school play in which both {GPE[Patty]} and {PERSON[Cathy]} appeared
{ORG[Four Star Playhouse]} in {PERSON[Dick Powell's]} episode "{WORK_OF_ART[The House Always Wins]}" ({DATE[1955]})
Whispering Smith, in "{WORK_OF_ART[Poet and Peasant Case]}" episode ({DATE[1960]})
{PERSON[Maverick]} with {PERSON[James Garner]} and {PERSON[Kathleen Crowley]}, in "{WORK_OF_ART[The Misfortune Teller]}" episode as {PERSON[Luke Abigor]} ({DATE[1960]})
The Investigators with {PERSON[James Franciscus]} and {PERSON[James Philbrook]}, in the episode "{WORK_OF_ART[Quite a Woman]}" as {ORG[Cranshaw]} ({DATE[1961]})

{PERSON[Alan Mowbray]} at IMDb 
{PERSON[Alan Mowbray]} at {ORG[AllMovie]} 
{PERSON[Alan Mowbray]} at the Internet Broadway Database 
{PERSON[Alan Mowbray]} at Find a Grave 
The Adventures of Colonel {PERSON[Flack]}
"Up From {LOC[Central Park]}: Scenes From an Actor's Life", book review of {PERSON[Mowbray]}'s memoirs at {ORG[Immortal Ephemera]}, including excerpts; accessed {CARDINAL[6]} {DATE[November 2015]}.
 </spacy_body>
</doc>