<?xml version="1.0" encoding="utf-8"?>
<doc>
 <title>
  Alana Austin
 </title>
 <original_abstract>
  Alana Austin is an American retired film and television actress. She played the role of Abby Logan in the sitcom Ink and starred in the Disney Channel Original film Motocrossed.
 </original_abstract>
 <spacy_abstract>
  {PERSON[Alana Austin]} is an {NORP[American]} retired film and television actress. She played the role of {PERSON[Abby Logan]} in the sitcom Ink and starred in {ORG[the Disney Channel Original]} film {ORG[Motocrossed]}.
 </spacy_abstract>
 <original_body>
  Austin was born in Palm Springs, California. She is the daughter of Steven Kent Austin a film producer who was the founder and chairman of the now-defunct Tag Entertainment.Austin made her major acting debut in the 1992 TV film Criminal Behavior starring Farrah Fawcett. Three subsequent 1993 TV films followed before co-starring in the 1994 theatrical film North. She then co-starred in the film A Simple Twist of Fate with Steve Martin for which was nominated for a Young Artist Award.In 1996, Austin was cast in the CBS sitcom Ink opposite Ted Danson and Mary Steenburgen, the series was later canceled after its first season. She then went to guest star on Sister, Sister, In the House, That '80s Show, 7th Heaven, Boston Public, Cold Case and Close to Home. As well as appearing in the films Road Rage, Hansel and Gretel, A Mother's Instinct, Popstar (opposite Aaron Carter) and the Disney Channel Original film Motocrossed.
She was also scheduled to appear in a unproduced movie based on the Monster Jam tour which would have acted as a sequel to Motocrossed.
After retiring from acting, Austin studied pre-medicine at the University of Southern California.
Alana Austin at IMDb
 </original_body>
 <spacy_body>
  {PERSON[Austin]} was born in {GPE[Palm Springs]}, {GPE[California]}. She is the daughter of {PERSON[Steven Kent Austin]} a film producer who was the founder and chairman of the now-defunct {ORG[Tag Entertainment]}.{PERSON[Austin]} made her major acting debut in the {DATE[1992]} TV film {ORG[Criminal Behavior]} starring {PERSON[Farrah Fawcett]}. {CARDINAL[Three]} subsequent {DATE[1993]} TV films followed before co-starring in the {DATE[1994]} theatrical film {LOC[North]}. She then co-starred in the film {WORK_OF_ART[A Simple Twist of Fate]} with {PERSON[Steve Martin]} for which was nominated for a {WORK_OF_ART[Young Artist Award]}.In {DATE[1996]}, {PERSON[Austin]} was cast in the {ORG[CBS]} sitcom Ink opposite {PERSON[Ted Danson]} and {PERSON[Mary Steenburgen]}, the series was later canceled after {DATE[its first season]}. She then went to guest star on Sister, Sister, In the {ORG[House]}, That '80s Show, {ORDINAL[7th]} Heaven, Boston Public, Cold Case and Close to Home. As well as appearing in the films {ORG[Road Rage]}, {ORG[Hansel]} and {ORG[Gretel]}, {ORG[A Mother's Instinct]}, Popstar (opposite {PERSON[Aaron Carter]}) and {ORG[the Disney Channel Original]} film {PERSON[Motocrossed]}.
She was also scheduled to appear in a unproduced movie based on the Monster Jam tour which would have acted as a sequel to Motocrossed.
After retiring from acting, {PERSON[Austin]} studied pre-medicine at {ORG[the University of Southern California]}.
{PERSON[Alana Austin]} at IMDb
 </spacy_body>
</doc>