<?xml version="1.0" encoding="utf-8"?>
<doc>
 <title>
  Alan Webb (actor)
 </title>
 <original_abstract>
  Alan Norton Fletcher Webb (2 July 1906 – 22 June 1982) was an English actor. He was principally known as a stage performer, but made several film and television appearances. He seldom played leading roles, but was frequently cast in important character parts. He created roles in plays by A. A. Milne, Noël Coward, T. S. Eliot and other contemporary playwrights.
 </original_abstract>
 <spacy_abstract>
  {PERSON[Alan Norton]} Fletcher Webb ({DATE[2 July 1906]} – {DATE[22 June 1982]}) was an {LANGUAGE[English]} actor. He was principally known as a stage performer, but made several film and television appearances. He seldom played leading roles, but was frequently cast in important character parts. He created roles in plays by {PERSON[A. A. Milne]}, {PERSON[Noël Coward]}, {PERSON[T. S. Eliot]} and other contemporary playwrights.
 </spacy_abstract>
 <original_body>
  Educated at Bramcote School, Scarborough, North Riding of Yorkshire and RN Colleges Osborne and Dartmouth. He served in the Royal Navy.
Webb's early days were spent performing with the Lena Ashwell Players (1924–26), J.B. Fagan's Oxford Players (1926–28), the Croydon Repertory Company (1932–33) and the Old Vic-Sadler's Wells Company (1934–35). In 1936 he starred in Noël Coward's Tonight at 8.30 and directed Coward's Peace In Our Time in 1947. In 1960 he appeared in the role of "Dudard" in Eugène Ionesco's Rhinoceros, directed by Orson Welles and co-starring Laurence Olivier, at the Royal Court Theatre.He appeared in many plays on Broadway, starting with the aforementioned Tonight at 8.30 in 1936 through his final production, I Never Sang for My Father in 1968, for which he was nominated for a Tony Award, Best Performance by a Leading Actor in a Play.He made his film debut in Challenge to Lassie (1949), and went on to appear in such films as The Pumpkin Eater (1964), King Rat (1965); Chimes at Midnight (1965), The Taming of the Shrew (1967), Women in Love (1969), Entertaining Mr. Sloane (1970), The Canterbury Tales (1972) and The Duellists (1977).He appeared several times on the BBC Play of the Month, Hallmark Hall of Fame and Play for Today, as well as popular television series Z-Cars, The Protectors, and Public Eye. In 1963, he was offered the role of the First Doctor in the BBC's new science fiction series Doctor Who but declined.  Webb was also cast as Emperor Palpatine in Star Wars Return of the Jedi but bowed out due to illness.
Challenge to Lassie (1949) - James Brown
The Astonished Heart (1950) - Sir Reginald
The Cruel Sea (1953) - Admiral Murray-Forbes (uncredited)
West of Zanzibar (1954) - Alan, Bob's Boss (uncredited)
Lease of Life (1954) - Dr. Pembury
The Night My Number Came Up (1955) - Governor (uncredited)
The Silent Enemy (1958) - British Consul
The Scapegoat (1959) - Inspector
The Third Secret (1964) - Alden Hoving
The Pumpkin Eater (1964) - Mr. Armitage - Jake's father
King Rat (1965) - Brant
Chimes at Midnight (1965) - Shallow
The Taming of the Shrew (1967) - Gremio
Interlude (1968) - Andrew
Women in Love (1969) - Thomas Crich
Entertaining Mr Sloane (1970) - Kemp ('Dadda')
King Lear (1971) - Gloucester
The Horsemen (1971) - Gardi Gay (uncredited)
Nicholas and Alexandra (1971) - Yurovsky
The Canterbury Tales (1972) - Old Man
The Duellists (1977) - Chevalier
The First Great Train Robbery (1979) - Trent
Rough Cut (1980) - Sir Samuel Sacks
Deadly Game (1982) - Joseph Pillet (final film role)
Alan Webb at IMDb
Alan Webb at the Internet Broadway Database
Webb film listing at fandango.com
 </original_body>
 <spacy_body>
  Educated at {ORG[Bramcote School]}, {GPE[Scarborough]}, {GPE[North Riding]} of Yorkshire and {PERSON[RN Colleges Osborne]} and {ORG[Dartmouth]}. He served in {ORG[the Royal Navy]}.
{PERSON[Webb]}'s {DATE[early days]} were spent performing with {ORG[the Lena Ashwell Players]} (1924–26), {PERSON[J.B. Fagan's]} {PERSON[Oxford Players]} (1926–28), {ORG[the Croydon Repertory Company]} (1932–33) and the Old Vic-Sadler's {ORG[Wells Company]} (1934–35). In {DATE[1936]} he starred in {ORG[Noël Coward's]} {TIME[Tonight]} at {CARDINAL[8.30]} and {ORG[directed Coward's Peace In Our Time]} in {DATE[1947]}. In {DATE[1960]} he appeared in the role of "{WORK_OF_ART[Dudard"]} in {GPE[Eugène Ionesco's]} {ORG[Rhinoceros]}, directed by {PERSON[Orson Welles]} and co-starring {PERSON[Laurence Olivier]}, at {FAC[the Royal Court Theatre]}.He appeared in many plays on {FAC[Broadway]}, starting with the aforementioned {TIME[Tonight]} at {CARDINAL[8.30]} in {DATE[1936]} through his final production, I {GPE[Never Sang]} for My Father in {DATE[1968]}, for which he was nominated for {WORK_OF_ART[a Tony Award]}, {PERSON[Best Performance]} by a Leading Actor in a Play.He made his film debut in {NORP[Challenge]} to {ORG[Lassie]} ({DATE[1949]}), and went on to appear in such films as {WORK_OF_ART[The Pumpkin Eater]} ({DATE[1964]}), King Rat ({DATE[1965]}); Chimes at {TIME[Midnight]} ({DATE[1965]}), {WORK_OF_ART[The Taming of the Shrew (1967]}), Women in {WORK_OF_ART[Love]} ({DATE[1969]}), Entertaining Mr. {PERSON[Sloane]} ({DATE[1970]}), {WORK_OF_ART[The Canterbury Tales]} ({DATE[1972]}) and The Duellists (1977).He appeared several times on the {ORG[BBC]} Play of {DATE[the Month]}, {ORG[Hallmark Hall of Fame]} and {WORK_OF_ART[Play for]} Today, as well as popular television series {PRODUCT[Z-Cars]}, The Protectors, and {ORG[Public Eye]}. In {DATE[1963]}, he was offered the role of the First Doctor in the {ORG[BBC]}'s new science fiction series Doctor Who but declined.  {PERSON[Webb]} was also cast as {ORG[Emperor Palpatine]} in {WORK_OF_ART[Star Wars Return]} of the {ORG[Jedi]} but bowed out due to illness.
Challenge to {ORG[Lassie]} ({DATE[1949]}) - {PERSON[James Brown]}
{WORK_OF_ART[The Astonished Heart (1950]}) - Sir {PERSON[Reginald]}
{LOC[The Cruel Sea]} ({DATE[1953]}) - Admiral {PERSON[Murray-Forbes]} (uncredited)
West of {GPE[Zanzibar]} ({DATE[1954]}) - Alan, {PERSON[Bob]}'s Boss (uncredited)
Lease of Life ({DATE[1954]}) - Dr. {PERSON[Pembury]}
{WORK_OF_ART[The Night]} My Number Came Up ({DATE[1955]}) - Governor (uncredited)
{ORG[The Silent Enemy]} ({DATE[1958]}) - {NORP[British]} Consul
The {GPE[Scapegoat]} ({DATE[1959]}) - Inspector
The {ORDINAL[Third]} Secret ({DATE[1964]}) - Alden Hoving
The Pumpkin Eater ({DATE[1964]}) - Mr. {PERSON[Armitage - Jake's]} father
King {PERSON[Rat]} ({DATE[1965]}) - Brant
Chimes at {TIME[Midnight]} ({DATE[1965]}) - Shallow
The Taming of the Shrew ({DATE[1967]}) - Gremio
Interlude ({DATE[1968]}) - Andrew
Women in Love ({DATE[1969]}) - Thomas Crich
Entertaining {PERSON[Mr Sloane]} ({DATE[1970]}) {PERSON[- Kemp]} ('{ORG[Dadda]}')
{PERSON[King Lear]} ({DATE[1971]}) - Gloucester
The Horsemen ({DATE[1971]}) - Gardi Gay (uncredited)
{PERSON[Nicholas]} and {PERSON[Alexandra]} ({DATE[1971]}) - Yurovsky
The Canterbury Tales ({DATE[1972]}) - Old Man
The Duellists ({DATE[1977]}) - Chevalier
The {ORDINAL[First]} Great Train Robbery ({DATE[1979]}) - Trent
Rough Cut ({DATE[1980]}) - Sir {PERSON[Samuel Sacks]}
Deadly Game ({DATE[1982]}) - {PERSON[Joseph Pillet]} (final film role)
{PERSON[Alan Webb]} at IMDb
{PERSON[Alan Webb]} at {FAC[the Internet Broadway Database]}
{PERSON[Webb]} film listing at fandango.com
 </spacy_body>
</doc>