<?xml version="1.0" encoding="utf-8"?>
<doc>
 <title>
  Alberto San Juan
 </title>
 <original_abstract>
  Alberto San Juan Guijarro (born 1 November 1968, in Madrid) is a Spanish film, stage  and television actor.
 </original_abstract>
 <spacy_abstract>
  {PERSON[Alberto San Juan Guijarro]} (born {DATE[1 November 1968]}, in {GPE[Madrid]}) is a {NORP[Spanish]} film, stage  and television actor.
 </spacy_abstract>
 <original_body>
  Alberto San Juan at IMDb
 </original_body>
 <spacy_body>
  {PERSON[Alberto San Juan]} at IMDb
 </spacy_body>
</doc>