<?xml version="1.0" encoding="utf-8"?>
<doc>
 <title>
  Albert Ray
 </title>
 <original_abstract>
  Albert Ray (August 28, 1897 – February 5, 1944) was an American film director, actor, and screenwriter. He directed more than 70 films between 1920 and 1939. He also appeared in 18 films between 1915 and 1922. He was born in New Rochelle, New York and died in Los Angeles, California.
 </original_abstract>
 <spacy_abstract>
  {PERSON[Albert Ray]} ({DATE[August 28, 1897]} – {DATE[February 5, 1944]}) was an {NORP[American]} film director, actor, and screenwriter. He directed {CARDINAL[more than 70]} films {DATE[between 1920 and 1939]}. He also appeared in {CARDINAL[18]} films {DATE[between 1915 and 1922]}. He was born in {GPE[New Rochelle]}, {GPE[New York]} and died in {GPE[Los Angeles]}, {GPE[California]}.
 </spacy_abstract>
 <original_body>
  Albert Ray at IMDb
Albert Ray at AllMovie
"Albert Ray". Find a Grave. Retrieved September 3, 2010.
 </original_body>
 <spacy_body>
  {PERSON[Albert Ray]} at IMDb
{PERSON[Albert Ray]} at {ORG[AllMovie]}
"{PERSON[Albert Ray]}". Find a Grave. Retrieved {DATE[September 3, 2010]}.
 </spacy_body>
</doc>