<?xml version="1.0" encoding="utf-8"?>
<doc>
 <title>
  Albert Reed Jr.
 </title>
 <original_abstract>
  Albert Reed Jr. (January 28, 1910 – May 31, 1986) was an American actor and law enforcement officer. He was mostly known for his recurring role as Alderman Fred C. Davis on Good Times. He also had a recurring role on the children's adventure series The Secret of Isis as Dr. Joshua Barnes and made guest appearances on The Jeffersons and Sanford and Son. On Sanford and Son, he appeared in the role of Grady Wilson, a cousin of Fred's, a part he played for just one episode; another role that involved a character named Grady Wilson, a longtime friend of Fred's, would later go to actor Whitman Mayo. He portrayed "Lieutenant Ned Ordway" in the original Airport movie (1970), a case of art imitating life, as Reed was also an airport law enforcement official.
Outside of his acting career, Reed also served with the Security Division at Los Angeles International Airport from 1959 to 1983, ending his career as the Chief of Security, 1979–1983. (The Security Division later grew into what is now known as the "Los Angeles Airport Police.")
 </original_abstract>
 <spacy_abstract>
  {PERSON[Albert Reed Jr.]} ({DATE[January 28, 1910]} – {DATE[May 31, 1986]}) was an {NORP[American]} actor and law enforcement officer. He was mostly known for his recurring role as {PERSON[Alderman Fred C. Davis]} on {ORG[Good Times]}. He also had a recurring role on the children's adventure series {WORK_OF_ART[The Secret of Isis]} as Dr. {PERSON[Joshua Barnes]} and made guest appearances on The {PERSON[Jeffersons]} and {PERSON[Sanford]} and Son. On {PERSON[Sanford]} and Son, he appeared in the role of {PERSON[Grady Wilson]}, a cousin of Fred's, a part he played for just one episode; another role that involved a character named {PERSON[Grady Wilson]}, a longtime friend of {PERSON[Fred]}'s, would later go to actor {PERSON[Whitman Mayo]}. He portrayed "Lieutenant {PERSON[Ned Ordway]}" in the original Airport movie ({DATE[1970]}), a case of art imitating life, as {PERSON[Reed]} was also an airport law enforcement official.
Outside of his acting career, {PERSON[Reed]} also served with {ORG[the Security Division]} at {ORG[Los Angeles International Airport]} from {DATE[1959]} to {DATE[1983]}, ending his career as the Chief of {ORG[Security]}, {DATE[1979–1983]}. ({ORG[The Security Division]} later grew into what is now known as the "Los Angeles Airport Police.")
 </spacy_abstract>
 <original_body>
  Albert Reed Jr. at IMDb
 </original_body>
 <spacy_body>
  {PERSON[Albert Reed Jr.]} at IMDb
 </spacy_body>
</doc>