<?xml version="1.0" encoding="utf-8"?>
<doc>
 <title>
  Albert M. Ottenheimer
 </title>
 <original_abstract>
  Albert M. Ottenheimer (September 6, 1904 – January 25, 1980) was an American stage actor who was blacklisted in the 1950s.
Albert was born in Tacoma, Washington.  He attended the University of Washington, where he graduated magna cum laude, Phi Beta Kappa in 1927.  While there he worked in stage productions and worked with the school publications.
In 1928 he co-founded the Seattle Repertory Playhouse with Florence and Burton James.  Two plays produced there were written by Albert, L'Envoi and Funny Man.  He also wrote books, on which two musicals were produced, Calico Cargo and San Juan Story.  He took a leave of absence from the Playhouse to be a screenwriter at Metro-Goldwyn-Mayer.
He was a founding member of Seattle local of the American Federation of Radio Artists and chairman of its Negotiating Committee. Where he worked in the field of labor relations. His duties included: writing exhibits and briefs for The Brotherhood in Presidential Emergency Board cases.
 </original_abstract>
 <spacy_abstract>
  {PERSON[Albert M. Ottenheimer]} ({DATE[September 6, 1904]} – {DATE[January 25, 1980]}) was an {NORP[American]} stage actor who was blacklisted in {DATE[the 1950s]}.
{PERSON[Albert]} was born in {GPE[Tacoma]}, {GPE[Washington]}.  He attended {ORG[the University of Washington]}, where he graduated {PERSON[magna cum laude]}, {ORG[Phi Beta Kappa]} in {DATE[1927]}.  While there he worked in stage productions and worked with the school publications.
In {DATE[1928]} he co-founded {ORG[the Seattle Repertory Playhouse]} with {GPE[Florence]} and {PERSON[Burton James]}.  {CARDINAL[Two]} plays produced there were written by {PERSON[Albert]}, L'Envoi and Funny Man.  He also wrote books, on which {CARDINAL[two]} musicals were produced, {ORG[Calico Cargo]} and San Juan Story.  He took a leave of absence from the {ORG[Playhouse]} to be a screenwriter at {ORG[Metro-Goldwyn-Mayer]}.
He was a founding member of {GPE[Seattle]} local of {ORG[the American Federation of Radio Artists]} and chairman of its {ORG[Negotiating Committee]}. Where he worked in the field of labor relations. His duties included: writing exhibits and briefs for {ORG[The Brotherhood]} in Presidential Emergency Board cases.
 </spacy_abstract>
 <original_body>
  Albert was blacklisted in Seattle during the McCarthy era.  Because of this listing, he moved to New York City in 1951.  The Canwell Committee was investigating communist activity on the University of Washington campus during the 1940s.  Albert refused to answer questions based on his activities and beliefs, and was sentenced to 30 days in jail, in addition to being put on the blacklist.  The Playhouse also suffered from this and eventually closed (later reopened as the Seattle Repertory Theater).Albert moved to New York where he joined the Equity Union in 1951. Albert worked as an actor in New York until the blacklisting caught up with him, he then turned to working as a temporary typist.  By the late 1950s, he was able to resume acting.
After the return to acting, Albert began working in television serials, commercials, and dramas.  But his most notable roles continued to take place on the stage.  His most notable role was as Doc in West Side Story.  He toured Europe in this role.  While in Amsterdam he met Mies Waalewijn.  Mies was also an actor.  They married before Albert's return to the United States.
Other plays that Albert appeared in include:

The Deputy
The Tender Heel
Mardi Gras
Yentl
Affair of HonorAlbert died while rehearsing for a play at the Cincinnati Playhouse in Cincinnati, Ohio, on January 25, 1980.

Albert M. Ottenheimer at IMDb
Albert M. Ottenheimer at the Internet Broadway Database
 </original_body>
 <spacy_body>
  {PERSON[Albert]} was blacklisted in {GPE[Seattle]} during the {PERSON[McCarthy]} era.  Because of this listing, he moved to {GPE[New York City]} in {DATE[1951]}.  {ORG[The Canwell Committee]} was investigating communist activity on {ORG[the University of Washington]} campus during {DATE[the 1940s]}.  {PERSON[Albert]} refused to answer questions based on his activities and beliefs, and was sentenced to {DATE[30 days]} in jail, in addition to being put on the blacklist.  The {ORG[Playhouse]} also suffered from this and eventually closed (later reopened as the {ORG[Seattle Repertory]} Theater).Albert moved to {GPE[New York]} where he joined {ORG[the Equity Union]} in {DATE[1951]}. {PERSON[Albert]} worked as an actor in {GPE[New York]} until the blacklisting caught up with him, he then turned to working as a temporary typist.  By {DATE[the late 1950s]}, he was able to resume acting.
After the return to acting, {PERSON[Albert]} began working in television serials, commercials, and dramas.  But his most notable roles continued to take place on the stage.  His most notable role was as {PERSON[Doc]} in {FAC[West Side Story]}.  He toured {LOC[Europe]} in this role.  While in {GPE[Amsterdam]} he met {PERSON[Mies Waalewijn]}.  {PERSON[Mies]} was also an actor.  They married before {PERSON[Albert]}'s return to {GPE[the United States]}.
Other plays that {PERSON[Albert]} appeared in include:

The Deputy
The Tender Heel
{PERSON[Mardi Gras]}
{GPE[Yentl]}
Affair of {ORG[HonorAlbert]} died while rehearsing for a play at {ORG[the Cincinnati Playhouse]} in {GPE[Cincinnati]}, {GPE[Ohio]}, on {DATE[January 25, 1980]}.

{PERSON[Albert M. Ottenheimer]} at IMDb
{PERSON[Albert M. Ottenheimer]} at the Internet Broadway Database
 </spacy_body>
</doc>