<?xml version="1.0" encoding="utf-8"?>
<doc>
 <title>
  Albert Edward Anson
 </title>
 <original_abstract>
  Albert Edward Anson (14 September 1879 – 25 June 1936) was a  British stage and screen actor.
Born in London, he made his first appearance onstage in 1895. He left the stage briefly to pursue a degree in engineering and returned to appear with Beerbohm Tree's company in 1904. He gained fame as a Shakespearian actor appearing on London and New York stages.
In 1931, Anson made his screen debut in John Ford's film Arrowsmith. Director Frank Capra cast him to play the "High Lama" in his film Lost Horizon, but Anson died before filming so the role was given to Sam Jaffe. 
Anson died on 25 June 1936, in Monrovia, California, and was buried in the Hollywood Forever Cemetery in Los Angeles.
 </original_abstract>
 <spacy_abstract>
  {PERSON[Albert Edward Anson]} ({DATE[14 September 1879]} – {DATE[25 June 1936]}) was a  {NORP[British]} stage and screen actor.
Born in {GPE[London]}, he made his {ORDINAL[first]} appearance onstage in {DATE[1895]}. He left the stage briefly to pursue a degree in engineering and returned to appear with {ORG[Beerbohm Tree's]} company in {DATE[1904]}. He gained fame as a Shakespearian actor appearing on {GPE[London]} and {GPE[New York]} stages.
In {DATE[1931]}, {PERSON[Anson]} made his screen debut in {PERSON[John Ford's]} film {WORK_OF_ART[Arrowsmith]}. Director {PERSON[Frank Capra]} cast him to play the "High Lama" in his film {WORK_OF_ART[Lost Horizon]}, but {PERSON[Anson]} died before filming so the role was given to {PERSON[Sam Jaffe]}. 
{PERSON[Anson]} died on {DATE[25 June 1936]}, in {GPE[Monrovia]}, {GPE[California]}, and was buried in {EVENT[the Hollywood Forever Cemetery]} in {GPE[Los Angeles]}.
 </spacy_abstract>
 <original_body>
  His father was the Shakespearean and character actor George W. Anson.His stage debut was at the Court Theatre in London on 27 April 1895. In 1904 (like his father at around this time) he joined Herbert Beerbohm Tree's company. In 1905 he played Brabantio in Othello, his first major role.In 1905 he toured the USA: he appeared in the play The Toast of the Town by Clyde Fitch, with Viola Allen and Hassard Short.

He first appeared in New York in 1902, in Shakespeare's Julius Caesar.
As a member of the New Theatre Company, which included many English actors, he was in the first play produced in the New Theatre in New York, opening on 6 November 1909, playing Octavian in Shakespeare's Antony and Cleopatra, and was in Galsworthy's Strife, opening on 17 November. The company produced Shakespeare's The Merry Wives of Windsor, which opened on 7 November 1910, Anson playing Master Ford. This last play came in December 1910 to Toronto, where a reviewer wrote, "Mr. Anson was especially fine as the jealous husband Ford. Indeed his was a performance that deepened the significance of the play."He was in The Witness for the Defence by A. E. W. Mason, which ran for 64 performances at the Empire Theatre, opening in December 1911. This came to Toronto, where the same reviewer wrote, "Mr. A. E. Anson... is known to be one of the most eloquent actors of the day – a man much of the type of Sir George Alexander, the possessor of a beautiful voice and the bearing of a person of distinction as he is supposed to be in the play."The play Romance by Edward Sheldon, in which Anson played Cornelius van Tuyl, ran for 160 performances in 1913 at the Maxine Elliott Theatre. A critic wrote, "Mr. Anson's complete command of the resources of his art is a treat to all lovers of acting, and his suave ease upon the stage a thing to be copied by many a player." In London, Romance opened at the Duke of York's Theatre on 6 October 1915; Anson, who produced the play, appeared again as van Tuyl. The play ran for 1,049 performances.

Back in New York, he reprised the role of van Tuyl in the 1921 revival of Romance at the Playhouse Theatre, where it ran for 106 performances.He was in the play White Cargo, which ran for 257 performances at the Greenwich Village Theatre, opening in November 1923, Anson playing Witzel. The play was written and staged by Leon Gordon. (It was made into a film in 1942.)He married three times: to actress Cora Busch in 1902 (their daughter Cora Marjorie Viola Anson was born in 1906) and they divorced in 1912; to actress Deirdre Doyle in 1912, they were later divorced; thirdly to actress Mary Malleson, with whom he appeared in New York in The Barton Mystery by Walter C. Hackett in 1917; he also directed this play. During the 1920s he was engaged to, but did not marry, the actress Marjorie Rambeau with whom he was in two New York productions: As You Like It in 1923, and The Road Together (which closed after one performance) by George Middleton in 1924.
In the 1930s he moved to California. He appeared in the 1931 film Arrowsmith, directed by John Ford. The film was based on the novel of the same name by Sinclair Lewis, about the life of Martin Arrowsmith, an idealistic doctor (played by Ronald Colman); Anson played the part of his mentor Dr Gottlieb.
Anson had a minor part in the 1931 film The Road to Singapore, directed by Alfred E. Green. (The film, which featured William Powell, was based on the play Heatwave by Denise Robins and Roland Pertwee).He died on 25 June 1936 in Monrovia, and was buried in the Hollywood Forever Cemetery in Los Angeles.
Albert Edward Anson at the Internet Broadway Database 
Albert Edward Anson at Find a Grave
 </original_body>
 <spacy_body>
  His father was the {NORP[Shakespearean]} and character actor {PERSON[George W. Anson]}.His stage debut was at {FAC[the Court Theatre]} in {GPE[London]} on {DATE[27 April 1895]}. In {DATE[1904]} (like his father at around this time) he joined {PERSON[Herbert Beerbohm Tree's]} company. In {DATE[1905]} he played Brabantio in {GPE[Othello]}, his {ORDINAL[first]} major role.In {DATE[1905]} he toured the USA: he appeared in the play {WORK_OF_ART[The Toast of the Town by Clyde Fitch]}, with {PERSON[Viola Allen]} and {PERSON[Hassard Short]}.

He {ORDINAL[first]} appeared in {GPE[New York]} in {DATE[1902]}, in {PERSON[Shakespeare]}'s {PERSON[Julius Caesar]}.
As a member of {ORG[the New Theatre Company]}, which included many {NORP[English]} actors, he was in the first play produced in {FAC[the New Theatre]} in {GPE[New York]}, opening on {DATE[6 November 1909]}, playing {FAC[Octavian]} in {PERSON[Shakespeare]}'s {PERSON[Antony]} and {PERSON[Cleopatra]}, and was in {PERSON[Galsworthy]}'s Strife, opening on {DATE[17 November]}. The company produced {PERSON[Shakespeare]}'s {WORK_OF_ART[The Merry Wives of Windsor]}, which opened on {DATE[7 November 1910]}, {PERSON[Anson]} playing Master {PERSON[Ford]}. This last play came in {DATE[December 1910]} to {GPE[Toronto]}, where a reviewer wrote, "Mr. {PERSON[Anson]} was especially fine as the jealous husband {ORG[Ford]}. Indeed his was a performance that deepened the significance of the play."He was in {WORK_OF_ART[The Witness for the Defence by A. E. W. Mason]}, which ran for {CARDINAL[64]} performances at {FAC[the Empire Theatre]}, opening in {DATE[December 1911]}. This came to {GPE[Toronto]}, where the same reviewer wrote, "Mr. {PERSON[A. E. Anson]}... is known to be one of the most eloquent actors of {DATE[the day]} – a man much of the type of Sir {PERSON[George Alexander]}, the possessor of a beautiful voice and the bearing of a person of distinction as he is supposed to be in the play."The play Romance by {PERSON[Edward Sheldon]}, in which {PERSON[Anson]} played {PERSON[Cornelius van Tuyl]}, ran for {CARDINAL[160]} performances in {DATE[1913]} at {FAC[the Maxine Elliott Theatre]}. A critic wrote, "Mr. {PERSON[Anson]}'s complete command of the resources of his art is a treat to all lovers of acting, and his suave ease upon the stage a thing to be copied by many a player." In {GPE[London]}, {PERSON[Romance]} opened at the Duke of York's {GPE[Theatre]} on {DATE[6 October 1915]}; {PERSON[Anson]}, who produced the play, appeared again as {PERSON[van Tuyl]}. The play ran for {CARDINAL[1,049]} performances.

Back in {GPE[New York]}, he reprised the role of {PERSON[van Tuyl]} in the {DATE[1921]} revival of Romance at {FAC[the Playhouse Theatre]}, where it ran for {CARDINAL[106]} performances.He was in the play {PERSON[White Cargo]}, which ran for {CARDINAL[257]} performances at {FAC[the Greenwich Village Theatre]}, opening in {DATE[November 1923]}, {PERSON[Anson]} playing {PERSON[Witzel]}. The play was written and staged by {PERSON[Leon Gordon]}. (It was made into a film in {CARDINAL[1942.)He]} married {CARDINAL[three]} times: to actress {PERSON[Cora Busch]} in {DATE[1902]} (their daughter {PERSON[Cora Marjorie]} {PERSON[Viola Anson]} was born in {DATE[1906]}) and they divorced in {DATE[1912]}; to actress {PERSON[Deirdre Doyle]} in {DATE[1912]}, they were later divorced; {ORDINAL[thirdly]} to actress {PERSON[Mary Malleson]}, with whom he appeared in {GPE[New York]} in The Barton Mystery by {PERSON[Walter C. Hackett]} in {DATE[1917]}; he also directed this play. During {DATE[the 1920s]} he was engaged to, but did not marry, the actress {PERSON[Marjorie Rambeau]} with whom he was in {CARDINAL[two]} {GPE[New York]} productions: As You Like It in {DATE[1923]}, and {WORK_OF_ART[The Road Together]} (which closed after {CARDINAL[one]} performance) by {PERSON[George Middleton]} in {DATE[1924]}.
In {DATE[the 1930s]} he moved to {GPE[California]}. He appeared in the {DATE[1931]} film Arrowsmith, directed by {PERSON[John Ford]}. The film was based on the novel of the same name by {PERSON[Sinclair Lewis]}, about the life of {PERSON[Martin Arrowsmith]}, an idealistic doctor (played by {PERSON[Ronald Colman]}); {PERSON[Anson]} played the part of his mentor {PERSON[Dr Gottlieb]}.
{PERSON[Anson]} had a minor part in the {DATE[1931]} film {FAC[The Road to Singapore]}, directed by {PERSON[Alfred E. Green]}. (The film, which featured {PERSON[William Powell]}, was based on the play {PERSON[Heatwave]} by {PERSON[Denise Robins]} and {PERSON[Roland Pertwee).He]} died on {DATE[25 June 1936]} in {GPE[Monrovia]}, and was buried in {FAC[the Hollywood Forever Cemetery]} in {GPE[Los Angeles]}.
{PERSON[Albert Edward Anson]} at the Internet Broadway Database 
{PERSON[Albert Edward Anson]} at Find a Grave
 </spacy_body>
</doc>