<?xml version="1.0" encoding="utf-8"?>
<doc>
 <title>
  Albert Popwell
 </title>
 <original_abstract>
  Albert Popwell (July 15, 1926 – April  9, 1999) was an American stage, television and film actor with a career spanning six decades.Born in New York City, Popwell started as a professional dancer before taking up a career in acting.  Popwell made his professional debut on Broadway at age 16 in The Pirate.
 </original_abstract>
 <spacy_abstract>
  {PERSON[Albert Popwell]} ({DATE[July 15, 1926]} – {DATE[April  9, 1999]}) was an {NORP[American]} stage, television and film actor with a career spanning {DATE[six decades]}.Born in {GPE[New York City]}, {ORG[Popwell]} started as a professional dancer before taking up a career in acting.  {ORG[Popwell]} made his professional debut on {FAC[Broadway]} at {DATE[age 16]} in The {ORG[Pirate]}.
 </spacy_abstract>
 <original_body>
  Popwell was featured on many television series, but is perhaps best known for his appearances in films opposite Clint Eastwood, whom he appeared with in five films, beginning with Coogan's Bluff (1968) and in the first four of the five films in the Dirty Harry series, playing a different character in each film.  Popwell was the wounded bank robber at the receiving end of Eastwood's iconic "Do you feel lucky?" monologue from Dirty Harry (1971).  He was a murderous pimp in Magnum Force (1973), appeared as militant Big Ed Mustapha in The Enforcer (1976) and as Harry's detective colleague Horace King in Sudden Impact (1983). Popwell was offered a role  in the last film in the series, The Dead Pool (1988), but could not appear due to a scheduling conflict.
Popwell's final film role was opposite Sharon Stone in Scissors (1991).  He died eight years later, at age 72, from complications following open heart surgery.
Albert Popwell at IMDb
Albert Popwell at AllMovie
Albert Popwell at Find a Grave
 </original_body>
 <spacy_body>
  {ORG[Popwell]} was featured on many television series, but is perhaps best known for his appearances in films opposite {WORK_OF_ART[Clint Eastwood]}, whom he appeared with in {CARDINAL[five]} films, beginning with {LOC[Coogan's Bluff]} ({DATE[1968]}) and in the {ORDINAL[first]} {CARDINAL[four]} of the {CARDINAL[five]} films in the Dirty Harry series, playing a different character in each film.  {PERSON[Popwell]} was the wounded bank robber at the receiving end of {ORG[Eastwood]}'s iconic "Do you feel lucky?" monologue from {PERSON[Dirty Harry]} ({DATE[1971]}).  He was a murderous pimp in {ORG[Magnum Force]} ({DATE[1973]}), appeared as militant Big {PERSON[Ed Mustapha]} in The Enforcer ({DATE[1976]}) and as {PERSON[Harry]}'s detective colleague {WORK_OF_ART[Horace King]} in Sudden Impact ({DATE[1983]}). {ORG[Popwell]} was offered a role  in the last film in the series, {ORG[The Dead Pool]} ({DATE[1988]}), but could not appear due to a scheduling conflict.
{ORG[Popwell]}'s final film role was opposite {PERSON[Sharon Stone]} in {GPE[Scissors]} ({DATE[1991]}).  He died {DATE[eight years later]}, at {DATE[age 72]}, from complications following open heart surgery.
{PERSON[Albert Popwell]} at IMDb
{PERSON[Albert Popwell]} at {ORG[AllMovie]}
{PERSON[Albert Popwell]} at Find a Grave
 </spacy_body>
</doc>