<?xml version="1.0" encoding="utf-8"?>
<doc>
 <title>
  Albert Paulsen
 </title>
 <original_abstract>
  Albert Paulsen (born Albert Paulson; 13 December 1925 in Guayaquil, Ecuador – 25 April 2004 in Los Angeles, California) was an Ecuadorian-American actor who appeared in many American television series beginning in the 1960s, playing characters primarily of European origin.  A life member of The Actors Studio, Paulsen won an Emmy Award in 1964 for the Bob Hope Presents the Chrysler Theatre presentation  One Day in the Life of Ivan Denisovich, an historical novel by Aleksandr Solzhenitsyn.
Mr. Paulsen was a graduate of the Neighborhood Playhouse School of the Theatre studying under Sanford Meisner. He died from natural causes at the age of 78.
 </original_abstract>
 <spacy_abstract>
  {PERSON[Albert Paulsen]} (born {PERSON[Albert Paulson]}; {DATE[13 December 1925]} in {GPE[Guayaquil]}, {GPE[Ecuador]} – {DATE[25 April 2004]} in {GPE[Los Angeles]}, {GPE[California]}) was an {NORP[Ecuadorian]}-American actor who appeared in many {NORP[American]} television series beginning in {DATE[the 1960s]}, playing characters primarily of {NORP[European]} origin.  A life member of {ORG[The Actors Studio]}, {PERSON[Paulsen]} won an {WORK_OF_ART[Emmy Award]} in {DATE[1964]} for the Bob Hope Presents the {ORG[Chrysler Theatre]} presentation  {DATE[One Day]} in the Life of {PERSON[Ivan Denisovich]}, an historical novel by {PERSON[Aleksandr Solzhenitsyn]}.
Mr. {PERSON[Paulsen]} was a graduate of {ORG[the Neighborhood Playhouse School of the]} {ORG[Theatre]} studying under {PERSON[Sanford Meisner]}. He died from natural causes at {DATE[the age of 78]}.
 </spacy_abstract>
 <original_body>
  All Fall Down (1962) - Captain Ramirez
The Manchurian Candidate (1962) - Zilkov
The Three Sisters (1966) - Kulygin
Gunn (1967) - Nick Fusco
How to Steal the World (1968) - Dr. Kurt Erikson
Che! (1969) - Capt. Vasquez
Mrs. Pollifax-Spy (1971) - Perdido
The Laughing Policeman (1973) - Henry Camerero
The Next Man (1976) - Hamid
The Gypsy Warriors (1978) - SS Colonel Schlager
Eyewitness (1981) - Mr. Sokolow
Dikiy veter (1986) - Maj. Ted Kegan
Albert Paulsen at IMDb
Albert Paulsen at the Internet Broadway Database
Albert Paulsen at the Internet Off-Broadway Database
Albert Paulsen (as Albert Paulson) at the Internet Off-Broadway Database
Obituaries For Your Eyes Only: Albert Paulsen
 </original_body>
 <spacy_body>
  All Fall Down ({DATE[1962]}) - Captain {PERSON[Ramirez]}
The {NORP[Manchurian]} Candidate ({DATE[1962]}) - Zilkov
{WORK_OF_ART[The Three Sisters]} ({DATE[1966]}) - Kulygin
Gunn ({DATE[1967]}) - {PERSON[Nick Fusco]}
How to Steal the World ({DATE[1968]}) - Dr. {PERSON[Kurt Erikson]}
Che! ({DATE[1969]}) - Capt. Vasquez
Mrs. {PERSON[Pollifax-Spy]} ({DATE[1971]}) - Perdido
{WORK_OF_ART[The Laughing Policeman]} ({DATE[1973]}) - {PERSON[Henry Camerero]}
{WORK_OF_ART[The Next Man]} ({DATE[1976]}) - Hamid
The Gypsy Warriors ({DATE[1978]}) - SS Colonel Schlager
Eyewitness ({DATE[1981]}) - Mr. {PERSON[Sokolow]}
{PERSON[Dikiy veter]} ({DATE[1986]}) - Maj. {PERSON[Ted Kegan]}
{PERSON[Albert Paulsen]} at IMDb
{PERSON[Albert Paulsen]} at {FAC[the Internet Broadway Database]}
{PERSON[Albert Paulsen]} at {FAC[the Internet Off-Broadway Database]}
{PERSON[Albert Paulsen]} (as {PERSON[Albert Paulson]}) at {FAC[the Internet Off-Broadway Database]}
Obituaries For Your Eyes Only: {PERSON[Albert Paulsen]}
 </spacy_body>
</doc>