<?xml version="1.0" encoding="utf-8"?>
<doc>
 <title>
  Albert Howson
 </title>
 <original_abstract>
  Albert S. Howson (3 February 1881 – 2 August 1960) was an American actor and head of the censorship department of Warner Brothers who lived in Forest Hills Gardens, Queens. He made his stage debut in New York in 1898 and appeared in 21 Broadway plays spanning 30 years, as well as seven films during World War I. Notable roles include Kassim Baba in the original Broadway production of Chu Chin Chow. He also wrote the 1927 silent film Matinee Ladies.
Howson, whose middle name has been reported as Sidney or Sydney, was a nephew of Australian opera singer Emma Howson of the Howson family.
 </original_abstract>
 <spacy_abstract>
  {PERSON[Albert S. Howson]} ({DATE[3 February 1881]} – {DATE[2 August 1960]}) was an {NORP[American]} actor and head of the censorship department of {ORG[Warner Brothers]} who lived in {LOC[Forest Hills Gardens]}, {GPE[Queens]}. He made his stage debut in {GPE[New York]} in {DATE[1898]} and appeared in {CARDINAL[21]} {FAC[Broadway]} plays spanning {DATE[30 years]}, as well as {CARDINAL[seven]} films during {EVENT[World War I.]} Notable roles include {PERSON[Kassim Baba]} in the original {FAC[Broadway]} production of {PERSON[Chu Chin Chow]}. He also wrote the {DATE[1927]} silent film {WORK_OF_ART[Matinee Ladies]}.
{PERSON[Howson]}, whose middle name has been reported as {PERSON[Sidney]} or {GPE[Sydney]}, was a nephew of {NORP[Australian]} opera singer {PERSON[Emma Howson]} of the {PERSON[Howson]} family.
 </spacy_abstract>
 <original_body>
  The Better Man (1914)
The Vampire (1915)
My Madonna (1915)
"Who's who in Music and Drama: An Encyclopedia of Biography of Notable Men and Women in Music and the Drama" by Harry Prescott Hanaford and Dixie Hines, H.P. Hanaford, 1914
"Albert S. Howson, Ex-Stage Actor, 79", New York Times obituary, August 3, 1960
Albert Howson at IMDb
Albert Howson at the Internet Broadway Database
 </original_body>
 <spacy_body>
  The Better Man ({DATE[1914]})
The Vampire ({DATE[1915]})
My {PERSON[Madonna]} ({DATE[1915]})
"Who's who in {NORP[Music]} and Drama: {WORK_OF_ART[An Encyclopedia of Biography of Notable Men and Women in Music]} and the {GPE[Drama]}" by {PERSON[Harry Prescott Hanaford]} and {GPE[Dixie Hines]}, {GPE[H.P. Hanaford]}, {DATE[1914]}
"{PERSON[Albert S. Howson]}, Ex-Stage Actor, {CARDINAL[79]}", {ORG[New York Times]} obituary, {DATE[August 3, 1960]}
{PERSON[Albert Howson]} at IMDb
{PERSON[Albert Howson]} at {FAC[the Internet Broadway Database]}
 </spacy_body>
</doc>