<?xml version="1.0" encoding="utf-8"?>
<doc>
 <title>
  Albert Austin
 </title>
 <original_abstract>
  Albert Austin (13 December 1882 – 17 August 1953) was an English actor, film star, director, and script writer, remembered for his work in Charlie Chaplin films.
 </original_abstract>
 <spacy_abstract>
  {PERSON[Albert Austin]} ({DATE[13 December 1882]} – {DATE[17 August 1953]}) was an {LANGUAGE[English]} actor, film star, director, and script writer, remembered for his work in {PERSON[Charlie Chaplin]} films.
 </spacy_abstract>
 <original_body>
  Austin was born in Birmingham, Warwickshire, England, and was a music hall performer before going to the United States with Chaplin, both as members of the Fred Karno troupe in 1910.
Known for his painted handlebar moustache and acerbic manner, he worked for Chaplin's stock company and played supporting roles in many of his films, often as a foil to the star and working as his assistant director.
After the development of sound films, he moved into scriptwriting, directing, and acting, chiefly in comedy shorts. Among other things, he assisted Chaplin in developing the plot of The Adventurer (1917). However, he only received screen credit as a collaborator once, for City Lights (1931).
As an actor, he appeared in Chaplin's comedies for the Mutual Film Corporation. Later he had two brief, uncredited roles in one of Chaplin's 'silent' comedies made in the sound era, City Lights. Austin is also seen very briefly (as a cab driver) at the beginning of Chaplin's short film One A.M. (1916). He also appeared in films starring Jackie Coogan and Mack Sennett.
Austin's best known performance may be in Chaplin's short The Pawnshop (1916). Austin enters the shop with an alarm clock, hoping to pawn it. To establish the clock's value, Chaplin dissects it. Austin maintains a deadpan expression as Chaplin progressively destroys his clock, then hands the pieces back to Austin.
He had the leading role in Mary Pickford's Suds (1920), where he co-stars as a customer leaving his shirt at her laundry. In that film he appears without his comic moustache.
In his final years he worked as a police officer at the Warner Brothers studios, according to a The New York Times obituary. He died on 17 August 1953, and was interred at Grand View Memorial Park Cemetery in Glendale, California.
The New York Times obituary, 19 August 1953 (accessed via http://select.nytimes.com, 10 November 2008)
Charlie Chaplin's Collaborators, British Film Institute, accessed 10 November 2008
Works by or about Albert Austin at Internet Archive
Albert Austin at IMDb
 </original_body>
 <spacy_body>
  {PERSON[Austin]} was born in {GPE[Birmingham]}, {GPE[Warwickshire]}, {GPE[England]}, and was a music hall performer before going to {GPE[the United States]} with {PERSON[Chaplin]}, both as members of the Fred Karno troupe in {DATE[1910]}.
Known for his painted handlebar moustache and acerbic manner, he worked for {PERSON[Chaplin]}'s stock company and played supporting roles in many of his films, often as a foil to the star and working as his assistant director.
After the development of sound films, he moved into scriptwriting, directing, and acting, chiefly in comedy shorts. Among other things, he assisted {PERSON[Chaplin]} in developing the plot of The Adventurer ({DATE[1917]}). However, he only received screen credit as a collaborator once, for {ORG[City Lights]} ({DATE[1931]}).
As an actor, he appeared in {PERSON[Chaplin]}'s comedies for {ORG[the Mutual Film Corporation]}. Later he had {CARDINAL[two]} brief, uncredited roles in {CARDINAL[one]} of {PERSON[Chaplin]}'s 'silent' comedies made in the sound era, City Lights. {PERSON[Austin]} is also seen very briefly (as a cab driver) at the beginning of {PERSON[Chaplin]}'s short film One A.M. ({DATE[1916]}). He also appeared in films starring {PERSON[Jackie Coogan]} and {PERSON[Mack Sennett]}.
{PERSON[Austin]}'s best known performance may be in {PERSON[Chaplin]}'s short The {NORP[Pawnshop]} ({DATE[1916]}). {PERSON[Austin]} enters the shop with an alarm clock, hoping to pawn it. To establish the clock's value, {PERSON[Chaplin]} dissects it. {PERSON[Austin]} maintains a deadpan expression as {PERSON[Chaplin]} progressively destroys his clock, then hands the pieces back to {PERSON[Austin]}.
He had the leading role in {PERSON[Mary Pickford's]} {PERSON[Suds]} ({DATE[1920]}), where he co-stars as a customer leaving his shirt at her laundry. In that film he appears without his comic moustache.
In {DATE[his final years]} he worked as a police officer at the {ORG[Warner Brothers]} studios, according to a {ORG[The New York Times]} obituary. He died on {DATE[17 August 1953]}, and was interred at {FAC[Grand View Memorial Park Cemetery]} in {GPE[Glendale]}, {GPE[California]}.
{ORG[The New York Times]} obituary, {DATE[19 August 1953]} (accessed via http://select.nytimes.com, {DATE[10 November 2008]})
{PERSON[Charlie Chaplin's]} Collaborators, {ORG[British Film Institute]}, accessed {CARDINAL[10]} {DATE[November 2008]}
Works by or about {PERSON[Albert Austin]} at Internet Archive
{PERSON[Albert Austin]} at IMDb
 </spacy_body>
</doc>