<?xml version="1.0" encoding="utf-8"?>
<doc>
 <title>
  Albert Parker (director)
 </title>
 <original_abstract>
  Albert Parker (May 11, 1885 – August 10, 1974) was an American film director, producer, screenwriter and actor. He directed 36 films between 1917 and 1938. In the early 1930s Parker left Hollywood for England where he continued to direct films and also opened an actors' agency office. One of his later clients in the 1960s was a young actress named Helen Mirren. He was born in New York City, USA, and died in London, England.
 </original_abstract>
 <spacy_abstract>
  {PERSON[Albert Parker]} ({DATE[May 11, 1885]} – {DATE[August 10, 1974]}) was an {NORP[American]} film director, producer, screenwriter and actor. He directed {CARDINAL[36]} films {DATE[between 1917 and 1938]}. In {DATE[the early 1930s]} {PERSON[Parker]} left {GPE[Hollywood]} for {GPE[England]} where he continued to direct films and also opened an actors' agency office. {CARDINAL[One]} of his later clients in {DATE[the 1960s]} was a young actress named {PERSON[Helen Mirren]}. He was born in {GPE[New York City]}, {GPE[USA]}, and died in {GPE[London]}, {GPE[England]}.
 </spacy_abstract>
 <original_body>
  Albert Parker at IMDb
 </original_body>
 <spacy_body>
  {PERSON[Albert Parker]} at IMDb
 </spacy_body>
</doc>