<?xml version="1.0" encoding="utf-8"?>
<doc>
 <title>
  Albert Préjean
 </title>
 <original_abstract>
  Albert Préjean (27 October 1894 in Paris – 1 November 1979 in Paris) was a French actor, primarily in film. He served in World War I, and was decorated with the Croix de Guerre and the Legion d'honneur. With Lysiane Rey, he was the father of Patrick Préjean, and grandfather of Laura Préjean.
 </original_abstract>
 <spacy_abstract>
  {PERSON[Albert Préjean]} ({DATE[27 October 1894]} in {GPE[Paris]} – {DATE[1 November 1979]} in {GPE[Paris]}) was a {NORP[French]} actor, primarily in film. He served in {EVENT[World War I]}, and was decorated with the Croix de Guerre and the Legion d'honneur. With {PERSON[Lysiane Rey]}, he was the father of {PERSON[Patrick Préjean]}, and grandfather of {PERSON[Laura Préjean]}.
 </spacy_abstract>
 <original_body>
  Préjean shot his first five films with French director Henri Diamant-Berger between 1921 and 1923. The roles he played tended to embody the leading man for the people, generous and strong.  His most lasting fame stems from his work in the films of René Clair that transition from the silent to the sound eras.  These include most notably the farce Un Chapeau de Paille d'Italie (1928) and the musicalized melancomic Sous les toits de Paris (1930).  When German director G. W. Pabst directed the film version of the huge Brecht-Weill musical hit Die Dreigroschenoper in 1931, he simultaneously shot a French-language version (L'opéra de quat'sous) with a French lead cast.  Préjean was given the coveted lead role of the underworld kingpin Mackie Messer.
In 1929 he directed a medium-length film  L'Aventure de Luna-Park with Daniele Parola. In addition to acting he was also a popular singer in the 1930s. He sang songs like "La Valse to Dede Montmartre".
During World War II he continued to act in films. In March 1942, he joined a group of actors who at the invitation of the Germans visited film studios in Berlin. This was alongside French actors and actresses such as René Dary, Astor Junie, Viviane Romance, Suzy Delair and Danielle Darrieux.
He recollected his memories in a book published in 1979 with the help of his son, voice actor Patrick Préjean.
Le Miracle des loups (1924)
The Phantom of the Moulin Rouge (1925)
The Crazy Ray (1925)
The Imaginary Voyage (1926)
The Italian Straw Hat (1928)
Verdun: Visions of History (1929)
Les Nouveaux Messieurs (1929)
The Shark (1930)
Under the Roofs of Paris (1930)
L'Opéra de quat'sous (1931)
Amourous Adventure (1932)
A Son from America (1932)
Madame Makes Her Exit (1932)
Sailor's Song (1932)
Honeymoon Trip (1933)
Volga in Flames (1934)
The Crisis is Over (1934)
Gold in the Street (1934)
Princess Tam Tam (1935)
Jenny (1936)
The Alibi (1937)
Mollenard (1938)
Unknown of Monte Carlo (1939)
Metropolitan (1939)
Cristobal's Gold (1940)
Strange Suzy (1941)
Caprices (1942)
Shop Girls of Paris (1943)
Cecile Is Dead (1944)
Majestic Hotel Cellars (1945)
The Murderer is Not Guilty (1946)
The Scarlet Bazaar (1947)
Love and Desire (1951)
A Missionary (1955)
Bombs on Monte Carlo (1960)
Albert Préjean at IMDb
 </original_body>
 <spacy_body>
  {NORP[Préjean]} shot his {ORDINAL[first]} {CARDINAL[five]} films with {NORP[French]} director {PERSON[Henri Diamant-Berger]} {DATE[between 1921 and 1923]}. The roles he played tended to embody the leading man for the people, generous and strong.  His most lasting fame stems from his work in the films of {PERSON[René Clair]} that transition from the silent to the sound eras.  These include most notably the farce {PERSON[Un Chapeau de Paille d'Italie]} (1928) and the musicalized melancomic Sous les toits de Paris ({DATE[1930]}).  When {NORP[German]} director {PERSON[G. W. Pabst]} directed the film version of the huge {ORG[Brecht-Weill]} musical hit {ORG[Die Dreigroschenoper]} in {DATE[1931]}, he simultaneously shot a {LANGUAGE[French]}-language version (L'opéra de quat'sous) with a {NORP[French]} lead cast.  {NORP[Préjean]} was given the coveted lead role of the underworld kingpin {PERSON[Mackie Messer]}.
In {DATE[1929]} he directed a medium-length film  {PERSON[L'Aventure de Luna-Park]} with {ORG[Daniele Parola]}. In addition to acting he was also a popular singer in {DATE[the 1930s]}. He sang songs like "{WORK_OF_ART[La Valse]} to {PERSON[Dede Montmartre]}".
During {EVENT[World War II]} he continued to act in films. In {DATE[March 1942]}, he joined a group of actors who at the invitation of the {NORP[Germans]} visited film studios in {GPE[Berlin]}. This was alongside {NORP[French]} actors and actresses such as {ORG[René Dary]}, {PERSON[Astor Junie]}, {PERSON[Viviane Romance]}, {PERSON[Suzy Delair]} and {PERSON[Danielle Darrieux]}.
He recollected his memories in a book published in {DATE[1979]} with the help of his son, voice actor {PERSON[Patrick Préjean]}.
{ORG[Le Miracle des loups]} ({DATE[1924]})
The Phantom of {ORG[the Moulin Rouge]} ({DATE[1925]})
{WORK_OF_ART[The Crazy Ray]} ({DATE[1925]})
{ORG[The Imaginary Voyage]} ({DATE[1926]})
The {NORP[Italian]} Straw Hat ({DATE[1928]})
Verdun: Visions of History ({DATE[1929]})
{PERSON[Les Nouveaux Messieurs]} ({DATE[1929]})
The {PERSON[Shark]} (1930)
Under {ORG[the Roofs of Paris]} ({DATE[1930]})
{PERSON[L'Opéra de quat'sous]} ({DATE[1931]})
Amourous Adventure ({DATE[1932]})
A Son from {GPE[America]} ({DATE[1932]})
Madame Makes Her Exit ({DATE[1932]})
Sailor's Song ({DATE[1932]})
{PERSON[Honeymoon Trip]} ({DATE[1933]})
{PERSON[Volga]} in {GPE[Flames]} ({DATE[1934]})
{WORK_OF_ART[The Crisis]} is Over (1934)
Gold in the Street (1934)
Princess {PERSON[Tam Tam]} ({DATE[1935]})
{PERSON[Jenny]} ({DATE[1936]})
The {ORG[Alibi]} ({DATE[1937]})
Mollenard ({DATE[1938]})
Unknown of {PERSON[Monte Carlo]} (1939)
{PERSON[Metropolitan]} (1939)
Cristobal's Gold ({DATE[1940]})
{PERSON[Strange Suzy]} ({DATE[1941]})
Caprices ({DATE[1942]})
Shop Girls of {GPE[Paris]} ({DATE[1943]})
Cecile Is Dead ({DATE[1944]})
Majestic Hotel Cellars ({DATE[1945]})
The Murderer is Not Guilty ({DATE[1946]})
The Scarlet Bazaar ({DATE[1947]})
Love and Desire ({DATE[1951]})
A Missionary ({DATE[1955]})
Bombs on {PERSON[Monte Carlo]} ({DATE[1960]})
{PERSON[Albert Préjean]} at IMDb
 </spacy_body>
</doc>