<?xml version="1.0" encoding="utf-8"?>
<doc>
 <title>
  Albert Henderson (actor)
 </title>
 <original_abstract>
  Albert Horton Henderson ((1915-01-29)January 29, 1915 – (2004-01-23)January 23, 2004) was an American actor. He was born in New York City and died in Los Angeles.: 163–164
 </original_abstract>
 <spacy_abstract>
  {PERSON[Albert Horton Henderson]} (({DATE[1915-01-29)January]} {DATE[29, 1915]} – ({DATE[2004-01-23)January]} {DATE[23, 2004]}) was an {NORP[American]} actor. He was born in {GPE[New York City]} and died in {GPE[Los Angeles]}.: {CARDINAL[163–164]}
 </spacy_abstract>
 <original_body>
  Henderson was a film and television actor, known for his roles in Car 54, Where Are You? (1961-1963), Coogan's Bluff (1968), Greaser's Palace (1972), Serpico (1973), The Postman Always Rings Twice (1981), and Mr. Jones (1993), among others.
1968: Madigan – Lt. Strong
1968: What's So Bad About Feeling Good? – (Uncredited)
1968: Coogan's Bluff – Desk sergeant
1971: The Pursuit of Happiness – Convict McCardle
1972: The Hot Rock – Prison Property Clerk (uncredited)
1972: Greaser's Palace – Seaweedhead Greaser
1973: Cops and Robbers – Cop
1973: Serpico – Peluce
1974: The Super Cops – Captain Arbow
1975: The Reincarnation of Peter Proud – Police Sergeant
1980: Seed of Innocence – Delbert Young
1981: Modern Romance – Head Mixer
1981: The Postman Always Rings Twice – Art Beeman
1987: Barfly – Louie
1988: Big Top Pee-wee – Mr. Ryan
1989: Three Fugitives – Man in Raincoat
1990: The End of Innocence – Grandpa
1991: Trancers II – Wino #3
1993: Mr. Jones – Patient
1995: Leaving Las Vegas – Man at bar
1957: Harbormaster
1958-1963: Naked City – Patrolman on Beat / Bartender / Police Driver / Landers
1960: Dow Hour of Great Mysteries
1961: Car 54, Where Are You? – Officer O'Hara
1961: Brenner – Patrolman Franklin
1967: N.Y.P.D. – Captain Parnell
1973: Koska and His Family
1976: Bronk
1976: Serpico: The Deadly Game – Sgt. Morgan
1976: Sara – Samuel Higgins
1976: Kojak – Denny Schwartz / Police Captain
1979-1981: Trapper John, M.D. – Guard / Onlooker #1 / Officer #1
1980: Rage! – Guard
1982: Quincy, M.E. – Judge
1994: Star Trek: Deep Space Nine – Cos
1995: ER
1995: NYPD Blue – Mr. Markham (final appearance)

Albert Henderson at IMDb
"Albert Horton Henderson obituary". Los Angeles Times. www.legacy.com. 23 January 2004.
 </original_body>
 <spacy_body>
  {ORG[Henderson]} was a film and television actor, known for his roles in Car {CARDINAL[54]}, {WORK_OF_ART[Where Are You]}? ({DATE[1961-1963]}), {LOC[Coogan's Bluff]} (1968), {ORG[Greaser]}'s {ORG[Palace]} ({DATE[1972]}), Serpico ({DATE[1973]}), {ORG[The Postman Always Rings Twice]} ({DATE[1981]}), and Mr. {PERSON[Jones]} ({DATE[1993]}), among others.
1968: Madigan – Lt. Strong
{DATE[1968]}: What's So {WORK_OF_ART[Bad About Feeling Good]}? – (Uncredited)
1968: {LOC[Coogan's Bluff]} – Desk sergeant
{DATE[1971]}: {WORK_OF_ART[The Pursuit of Happiness – Convict McCardle]}
1972: The Hot Rock – Prison Property Clerk (uncredited)
{DATE[1972]}: {ORG[Greaser]}'s {ORG[Palace]} – Seaweedhead Greaser
{DATE[1973]}: Cops and Robbers – Cop
{DATE[1973]}: Serpico – Peluce
{DATE[1974]}: {ORG[The Super Cops]} – Captain Arbow
{DATE[1975]}: The Reincarnation of {PERSON[Peter Proud]} – Police Sergeant
{DATE[1980]}: Seed of Innocence – Delbert Young
{DATE[1981]}: {WORK_OF_ART[Modern Romance]} – Head Mixer
{DATE[1981]}: {ORG[The Postman Always Rings Twice]} – {PERSON[Art Beeman]}
{DATE[1987]}: Barfly – Louie
{DATE[1988]}: Big {PERSON[Top Pee-wee]} – Mr. {PERSON[Ryan]}
{DATE[1989]}: {CARDINAL[Three]} Fugitives – Man in Raincoat
1990: The End of Innocence – Grandpa
1991: Trancers II – Wino {MONEY[#3
]}{DATE[1993]}: Mr. {PERSON[Jones]} – Patient
{DATE[1995]}: Leaving {GPE[Las Vegas]} – Man at bar
{DATE[1957]}: Harbormaster
{DATE[1958-1963]}: {GPE[Naked City]} – Patrolman on Beat / Bartender / Police Driver / Landers
{DATE[1960]}: {TIME[Dow Hour]} of {ORG[Great Mysteries]}
{DATE[1961]}: Car {CARDINAL[54]}, Where Are You? – Officer O'Hara
{DATE[1961]}: {PERSON[Brenner]} – Patrolman Franklin
{DATE[1967]}: N.Y.P.D. – Captain Parnell
{DATE[1973]}: {GPE[Koska]} and His Family
1976: Bronk
{DATE[1976]}: Serpico: The Deadly Game – Sgt. {PERSON[Morgan]}
1976: {PERSON[Sara]} – {PERSON[Samuel Higgins]}
{DATE[1976]}: {NORP[Kojak]} – Denny Schwartz / Police Captain
{DATE[1979-1981]}: {PERSON[Trapper John]}, {GPE[M.D.]} – {ORG[Guard / Onlooker]} {MONEY[#1 / Officer #1
]}{DATE[1980]}: Rage! – Guard
{DATE[1982]}: Quincy, {GPE[M.E.]} – Judge
{DATE[1994]}: {WORK_OF_ART[Star Trek:]} {WORK_OF_ART[Deep Space]} Nine – Cos
{DATE[1995]}: ER
{DATE[1995]}: NYPD Blue – Mr. {PERSON[Markham]} (final appearance)

{PERSON[Albert Henderson]} at IMDb
"{PERSON[Albert Horton Henderson]} obituary". {ORG[Los Angeles Times]}. www.legacy.com. {DATE[23 January 2004]}.
 </spacy_body>
</doc>