<?xml version="1.0" encoding="utf-8"?>
<doc>
 <title>
  Alberto Closas
 </title>
 <original_abstract>
  Alberto Closas Lluró (30 October 1921, in Barcelona – 19 September 1994, in Madrid) was a prolific Spanish  film actor who appeared in the Cinema of Argentina in the 1940s and 1950s and in Spanish cinema after 1955.
His family emigrated to Argentina in 1936 during the Spanish Civil War where in 1942 he acted in his first film Nada más que amor. He made over 90 film and television appearances and he continued to appear on Spanish television until his death in September 1994 from lung cancer.
He was married to Argentine actress Amelia Bence between 1950 and 1955.
 </original_abstract>
 <spacy_abstract>
  {PERSON[Alberto Closas Lluró]} ({DATE[30 October 1921]}, in {GPE[Barcelona]} – {DATE[19 September 1994]}, in {GPE[Madrid]}) was a prolific {NORP[Spanish]}  film actor who appeared in {ORG[the Cinema of Argentina]} in {DATE[the 1940s and]} {DATE[1950s]} and in {NORP[Spanish]} cinema after {DATE[1955]}.
His family emigrated to {GPE[Argentina]} in {DATE[1936]} during {EVENT[the Spanish Civil War]} where in {DATE[1942]} he acted in his {ORDINAL[first]} film {PERSON[Nada más que amor]}. He made over 90 film and television appearances and he continued to appear on {NORP[Spanish]} television until his death in {DATE[September 1994]} from lung cancer.
He was married to {NORP[Argentine]} actress {PERSON[Amelia Bence]} {DATE[between 1950 and 1955]}.
 </spacy_abstract>
 <original_body>
  Alberto Closas at IMDb
 </original_body>
 <spacy_body>
  {PERSON[Alberto Closas]} at IMDb
 </spacy_body>
</doc>