<?xml version="1.0" encoding="utf-8"?>
<doc>
 <title>
  Albert Burdon
 </title>
 <original_abstract>
  Albert Burdon (4 July 1900–13 April 1981) was a British actor and comedian, 
He was born in South Shields, County Durham.  He started his career playing in provincial revues, and was spotted by C. B. Cochran who gave him a part in the Rodgers and Hart musical Ever Green at the Adelphi Theatre in London in 1930.Although he was described by Roy Hudd as "a master of physical comedy", Burdon never became a star in London, though he did take prominent roles in a series of pantomimes at the Lyceum Theatre in the 1930s.   He made nine films, including It's a Boy (1933), and continued to perform on stage until the late 1950s, in later years with his son, Bryan Burdon.He died in South Shields in 1981, aged 80.
 </original_abstract>
 <spacy_abstract>
  {PERSON[Albert Burdon]} ({DATE[4 July 1900–13 April 1981]}) was a {NORP[British]} actor and comedian, 
He was born in {GPE[South Shields]}, {GPE[County Durham]}.  He started his career playing in provincial revues, and was spotted by {PERSON[C. B. Cochran]} who gave him a part in the {PERSON[Rodgers]} and Hart musical Ever Green at {ORG[the Adelphi Theatre]} in {GPE[London]} in 1930.Although he was described by {PERSON[Roy Hudd]} as "a master of physical comedy", {PERSON[Burdon]} never became a star in {GPE[London]}, though he did take prominent roles in a series of pantomimes at {ORG[the Lyceum Theatre]} in {DATE[the 1930s]}.   He made {CARDINAL[nine]} films, including It's a Boy ({DATE[1933]}), and continued to perform on stage until {DATE[the late 1950s]}, in {DATE[later years]} with his son, {PERSON[Bryan Burdon]}.He died in {LOC[South Shields]} in {DATE[1981]}, aged {DATE[80]}.
 </spacy_abstract>
 <original_body>
  Albert Burdon at IMDb
 </original_body>
 <spacy_body>
  {PERSON[Albert Burdon]} at IMDb
 </spacy_body>
</doc>