<?xml version="1.0" encoding="utf-8"?>
<doc>
 <title>
  Albert Dupontel
 </title>
 <original_abstract>
  Albert Dupontel (French: [al.bɛʁ dy.pɔ̃.tɛl]; born 11 January 1964) is a French actor, film director and screenwriter. Following his father's path, he studied medicine but eventually switched to theater, disillusioned by hospital life. He started his career as a stand-up comedian. In February 1998, his film Bernie took the Grand Prize at the 9th Yubari International Fantastic Film Festival which was attended by Dupontel.
 </original_abstract>
 <spacy_abstract>
  {PERSON[Albert Dupontel]} ({NORP[French]}: [al.bɛʁ dy.pɔ̃.tɛl]; born {DATE[11 January 1964]}) is a {NORP[French]} actor, film director and screenwriter. Following his father's path, he studied medicine but eventually switched to theater, disillusioned by hospital life. He started his career as a stand-up comedian. In {DATE[February 1998]}, his film {PERSON[Bernie]} took {EVENT[the Grand Prize]} at the {ORDINAL[9th]} {EVENT[Yubari International Fantastic Film Festival]} which was attended by {ORG[Dupontel]}.
 </spacy_abstract>
 <original_body>
  official website
Albert Dupontel at IMDb
 </original_body>
 <spacy_body>
  official website
{PERSON[Albert Dupontel]} at IMDb
 </spacy_body>
</doc>