<?xml version="1.0" encoding="utf-8"?>
<doc>
 <title>
  Albert MacQuarrie
 </title>
 <original_abstract>
  Albert MacQuarrie (January 8, 1882, San Francisco – February 17, 1950, California) was an American silent film actor.
He was signed in 1912 and starred in about 70 films before his retirement.
He starred with William Garwood in films such as Lord John in New York and The Grey Sisterhood and also starred regularly with Douglas Fairbanks.
 </original_abstract>
 <spacy_abstract>
  {PERSON[Albert MacQuarrie]} ({DATE[January 8, 1882]}, {GPE[San Francisco]} – {DATE[February 17, 1950]}, {GPE[California]}) was an {NORP[American]} silent film actor.
He was signed in {DATE[1912]} and starred in {CARDINAL[about 70]} films before his retirement.
He starred with {PERSON[William Garwood]} in films such as Lord John in {GPE[New York]} and {ORG[The Grey Sisterhood]} and also starred regularly with {PERSON[Douglas Fairbanks]}.
 </spacy_abstract>
 <original_body>
  Albert MacQuarrie at IMDb
 </original_body>
 <spacy_body>
  {PERSON[Albert MacQuarrie]} at IMDb
 </spacy_body>
</doc>