<?xml version="1.0" encoding="utf-8"?>
<doc>
 <title>
  Albert Dieudonné
 </title>
 <original_abstract>
  Albert Dieudonné (26 November 1889 – 19 March 1976) was a French actor, screenwriter, film director and novelist.
 </original_abstract>
 <spacy_abstract>
  {PERSON[Albert Dieudonné]} ({DATE[26 November 1889]} – {DATE[19 March 1976]}) was a {NORP[French]} actor, screenwriter, film director and novelist.
 </spacy_abstract>
 <original_body>
  Dieudonné was born in Paris, France, and made his acting debut in silent film in 1908 for The Assassination of the Duke of Guise, with musical score by Camille Saint-Saëns. In 1924, he directed the film drama Catherine, in which he also appeared as a major character. Jean Renoir acted as his assistant director on the film.
Between 1915 and 1916, Dieudonné acted in five films for director Abel Gance, including the 1915 film La Folie du Docteur Tube and the 1916 film Le périscope. In 1927 he was hired back to star in the title role in Gance's epic film, Napoléon. In 1929 Dieudonné wrote a novel that was made into a 1930 musical comedy film titled The Sweetness of Loving, and he wrote the script for the 1936 La Garçonne.
Albert Dieudonné died in Paris in 1976 at the age of 86. According to his last wishes, he is buried wearing his Napoleon costume.
La Folie du Docteur Tube (1915)
Le périscope (1916)
Anguish (1917)
The Jackals (1917)
The Crushed Idol (1920)
Jacques Landauze (1920)
Napoléon (1927)
Albert Dieudonné at IMDb
 </original_body>
 <spacy_body>
  Dieudonné was born in {GPE[Paris]}, {GPE[France]}, and made his acting debut in silent film in {DATE[1908]} for {WORK_OF_ART[The Assassination of the Duke of Guise]}, with musical score by {PERSON[Camille Saint-Saëns]}. In {DATE[1924]}, he directed the film drama {PERSON[Catherine]}, in which he also appeared as a major character. {PERSON[Jean Renoir]} acted as his assistant director on the film.
{DATE[Between 1915 and 1916]}, {ORG[Dieudonné]} acted in {CARDINAL[five]} films for director {PERSON[Abel Gance]}, including the {DATE[1915]} film {GPE[La Folie]} du {PERSON[Docteur Tube]} and the {DATE[1916]} film {FAC[Le]} périscope. In {DATE[1927]} he was hired back to star in the title role in {GPE[Gance]}'s epic film, {GPE[Napoléon]}. In {DATE[1929]} {ORG[Dieudonné]} wrote a novel that was made into a {DATE[1930]} musical comedy film {WORK_OF_ART[titled The Sweetness of Loving]}, and he wrote the script for the {DATE[1936]} {PERSON[La Garçonne]}.
{PERSON[Albert Dieudonné]} died in {GPE[Paris]} in {DATE[1976]} at {DATE[the age of 86]}. According to his last wishes, he is buried wearing his {ORG[Napoleon]} costume.
{PERSON[La Folie]} du {PERSON[Docteur Tube]} ({DATE[1915]})
{FAC[Le]} périscope (1916)
{ORG[Anguish]} ({DATE[1917]})
The Jackals ({DATE[1917]})
{ORG[The Crushed Idol]} ({DATE[1920]})
{PERSON[Jacques Landauze]} ({DATE[1920]})
Napoléon ({DATE[1927]})
{PERSON[Albert Dieudonné]} at IMDb
 </spacy_body>
</doc>