<?xml version="1.0" encoding="utf-8"?>
<doc>
 <title>
  Albert Gran
 </title>
 <original_abstract>
  Albert Gran (August 4, 1862 – December 16, 1932) was a Norwegian-born American stage and film actor. He is most associated with his appearance in drama and light comedy films.
 </original_abstract>
 <spacy_abstract>
  {PERSON[Albert Gran]} ({DATE[August 4, 1862]} – {DATE[December 16, 1932]}) was a {NORP[Norwegian]}-born {NORP[American]} stage and film actor. He is most associated with his appearance in drama and light comedy films.
 </spacy_abstract>
 <original_body>
  Albert Gran was born in Bergen, Norway. He was the son of Albert Nicolai Gran (1838-1915) and Auguste Schwarting (1844-1910). He emigrated to the United States during 1914. Gran launched his screen career in 1916. He appeared as a character actor in 44 films between 1916 and 1933. He was seen as Duke Travina with  Marion Davies in Beverly of Graustark (1926), as Paul Boul with Janet Gaynor in Seventh Heaven (1927), and as B. Bickering Brown with Joan Crawford in Our Modern Maidens (1929). Albert Gran died in Los Angeles, California in an automobile accident at the age of 70 prior to the release of his final film.
Out of the Drifts (1916)
Where Love Leads (1916)
Caprice of the Mountains (1916)
Civilian Clothes (1920)
Tarnish (1924)
Graustark (1925)
Beverly of Graustark (1926)
Early to Wed (1926)
More Pay, Less Work (1926)
Honesty – The Best Policy (1926)
Seventh Heaven (1927)
Breakfast at Sunrise (1927)
The Blue Danube (1928)
Mother Knows Best (1928) Fox's first full talkie
Dry Martini (1928)
Geraldine (1929)
Gold Diggers of Broadway (1929)
Our Modern Maidens (1929)
Tanned Legs (1929)
The Little Accident (1930)
The Brat (1931)
Command Performance (1931)
Beauty Parlor (1932)
Employees' Entrance (1932) (Gran died in an auto accident before the film was finished and released)
Albert Gran at IMDb
Albert Gran at the Internet Broadway Database
 </original_body>
 <spacy_body>
  {PERSON[Albert Gran]} was born in {GPE[Bergen]}, {GPE[Norway]}. He was the son of {PERSON[Albert Nicolai Gran]} ({DATE[1838-1915]}) and {PERSON[Auguste Schwarting]} ({DATE[1844-1910]}). He emigrated to {GPE[the United States]} during {DATE[1914]}. Gran launched his screen career in {DATE[1916]}. He appeared as a character actor in {CARDINAL[44]} films {DATE[between 1916 and 1933]}. He was seen as {PERSON[Duke Travina]} with  Marion Davies in Beverly of Graustark ({DATE[1926]}), as {PERSON[Paul Boul]} with {PERSON[Janet Gaynor]} in {ORDINAL[Seventh]} Heaven ({DATE[1927]}), and as {PERSON[B. Bickering Brown]} with {PERSON[Joan Crawford]} in Our Modern Maidens ({DATE[1929]}). {PERSON[Albert Gran]} died in {GPE[Los Angeles]}, {GPE[California]} in an automobile accident at {DATE[the age of 70]} prior to the release of his final film.
Out of the Drifts (1916)
{WORK_OF_ART[Where Love Leads]} ({DATE[1916]})
Caprice of the {LOC[Mountains]} ({DATE[1916]})
Civilian Clothes ({DATE[1920]})
Tarnish ({CARDINAL[1924]})
Graustark ({DATE[1925]})
{QUANTITY[Beverly]} of Graustark ({DATE[1926]})
Early to Wed ({DATE[1926]})
More Pay, Less Work ({DATE[1926]})
Honesty – The Best Policy ({DATE[1926]})
{ORDINAL[Seventh]} Heaven ({DATE[1927]})
Breakfast at Sunrise ({DATE[1927]})
The Blue Danube ({DATE[1928]})
Mother Knows Best ({DATE[1928]}) {ORG[Fox]}'s {ORDINAL[first]} full talkie
Dry Martini ({DATE[1928]})
Geraldine ({DATE[1929]})
{WORK_OF_ART[Gold Diggers of Broadway]} ({DATE[1929]})
Our Modern Maidens ({DATE[1929]})
Tanned {PERSON[Legs]} ({DATE[1929]})
{WORK_OF_ART[The Little Accident]} ({DATE[1930]})
The Brat ({DATE[1931]})
Command Performance ({DATE[1931]})
Beauty Parlor ({DATE[1932]})
Employees' Entrance ({DATE[1932]}) (Gran died in an auto accident before the film was finished and released)
{PERSON[Albert Gran]} at IMDb
{PERSON[Albert Gran]} at the Internet Broadway Database
 </spacy_body>
</doc>