<?xml version="1.0" encoding="utf-8"?>
<doc>
 <title>
  Alec Worcester
 </title>
 <original_abstract>
  Alec Worcester (1887–1952) was a British stage and silent film actor. He played the lead role opposite Alma Taylor in The Cloister and the Hearth and was the lead in fifty shorts. He was married to the actress Violet Hopson until their divorce in 1919.
 </original_abstract>
 <spacy_abstract>
  {PERSON[Alec Worcester]} ({CARDINAL[1887–1952]}) was a {NORP[British]} stage and silent film actor. He played the lead role opposite {PERSON[Alma Taylor]} in The Cloister and the Hearth and was the lead in {CARDINAL[fifty]} shorts. He was married to the actress {PERSON[Violet Hopson]} until their divorce in {DATE[1919]}.
 </spacy_abstract>
 <original_body>
  Shadows of a Great City (1913)
Kissing Cup (1913)
The Cloister and the Hearth (1913)
Justice (1914)
Goble, Alan. The Complete Index to Literary Sources in Film. Walter de Gruyter, 1999.
Alec Worcester at IMDb
 </original_body>
 <spacy_body>
  Shadows of a Great City ({DATE[1913]})
{WORK_OF_ART[Kissing Cup]} ({DATE[1913]})
{WORK_OF_ART[The Cloister]} and the Hearth (1913)
Justice (1914)
{PERSON[Goble]}, {PERSON[Alan]}. {WORK_OF_ART[The Complete Index to Literary Sources in Film]}. {PERSON[Walter de Gruyter]}, {DATE[1999]}.
{PERSON[Alec Worcester]} at IMDb
 </spacy_body>
</doc>