<?xml version="1.0" encoding="utf-8"?>
<doc>
 <title>
  Alec B. Francis
 </title>
 <original_abstract>
  Alec B. Francis (born Alec Francis Budd, 2 December 1867 – 6 July 1934) was an English actor, largely of the silent era. He appeared in more than 240 films between 1911 and 1934.
 </original_abstract>
 <spacy_abstract>
  {PERSON[Alec B. Francis]} (born {PERSON[Alec Francis Budd]}, {DATE[2 December 1867]} – {DATE[6 July 1934]}) was an {LANGUAGE[English]} actor, largely of the silent era. He appeared in {CARDINAL[more than 240]} films {DATE[between 1911 and 1934]}.
 </spacy_abstract>
 <original_body>
  Francis was born in Suffolk, England. He studied law at Uppingham College in England and practiced with a legal firm in London.Disliking legal work, Francis joined a stock theater company for which he played bit parts, and was baggage master and property man. He eventually came under contract with a touring company headed by Mr. and Mrs. W. H. Kendall, acting in leading roles in England, India, South Africa, and the United States. He also performed in vaudeville.Francis served twice in the military, once for Britain and once for the United States. He was in India for a four-year tour of duty with the British Royal Horse Artillery, and He was a nurse with American forces during the Spanish-American War.Although Francis tried farming after his service as a nurse, he returned to acting and appeared in some plays, including musical productions in which he sang as a baritone. He began acting in films in 1913 and worked for Vitagraph, World, and other film studios.Francis died in Hollywood Hospital in Hollywood, California, on 6 July 1934, three days after emergency abdominal surgery. His funeral was held at St. Athanasius Episcopal Church in Los Angeles, and his remains cremated.
Alec B. Francis at IMDb
Alec B. Francis at Find a Grave
 </original_body>
 <spacy_body>
  {PERSON[Francis]} was born in {GPE[Suffolk]}, {GPE[England]}. He studied law at {ORG[Uppingham College]} in {GPE[England]} and practiced with a legal firm in {GPE[London]}.Disliking legal work, {PERSON[Francis]} joined a stock theater company for which he played bit parts, and was baggage master and property man. He eventually came under contract with a touring company headed by Mr. and Mrs. {PERSON[W. H. Kendall]}, acting in leading roles in {GPE[England]}, {GPE[India]}, {GPE[South Africa]}, and {GPE[the United States]}. He also performed in {GPE[vaudeville]}.{PERSON[Francis]} served twice in the military, once for {GPE[Britain]} and once for {GPE[the United States]}. He was in {GPE[India]} for a {DATE[four-year]} tour of duty with {ORG[the British Royal Horse Artillery]}, and He was a nurse with {NORP[American]} forces during {EVENT[the Spanish-American War]}.Although {PERSON[Francis]} tried farming after his service as a nurse, he returned to acting and appeared in some plays, including musical productions in which he sang as a baritone. He began acting in films in {DATE[1913]} and worked for {GPE[Vitagraph]}, {ORG[World]}, and other film studios.{PERSON[Francis]} died in {ORG[Hollywood Hospital]} in {GPE[Hollywood]}, {GPE[California]}, on {DATE[6 July 1934]}, {DATE[three days]} after emergency abdominal surgery. His funeral was held at {ORG[St. Athanasius Episcopal Church]} in {GPE[Los Angeles]}, and his remains cremated.
{PERSON[Alec B. Francis]} at IMDb
{PERSON[Alec B. Francis]} at {ORG[Find a Grave]}
 </spacy_body>
</doc>