<?xml version="1.0" encoding="utf-8"?>
<doc>
 <title>
  Alec Mango
 </title>
 <original_abstract>
  Alec Mango (16 March 1911 – 7 November 1989) was an English actor. He is best known for portraying El Supremo in the 1951 Captain Horatio Hornblower, he also appeared in South of Algiers (1953), The Strange World of Planet X (1958), The 7th Voyage of Sinbad (1958), Danger Man (1961), and Frankenstein Created Woman (1967). He also appeared in the TV series, The Adventures of Robin Hood. One of his last T.V appearances was Channel 4's TV Movie The Gourmet as Rossi on 4th of January 1987.
 </original_abstract>
 <spacy_abstract>
  {PERSON[Alec Mango]} ({DATE[16 March 1911]} – {DATE[7 November 1989]}) was an {LANGUAGE[English]} actor. He is best known for portraying {ORG[El Supremo]} in the {DATE[1951]} Captain {PERSON[Horatio Hornblower]}, he also appeared in {GPE[South of Algiers]} ({DATE[1953]}), {WORK_OF_ART[The Strange World of Planet X]} ({DATE[1958]}), The {ORDINAL[7th]} Voyage of Sinbad ({DATE[1958]}), Danger Man ({DATE[1961]}), and {PERSON[Frankenstein Created Woman]} ({DATE[1967]}). He also appeared in the TV series, {WORK_OF_ART[The Adventures of Robin Hood]}. {CARDINAL[One]} of his last {PERSON[T.V]} appearances was {ORG[Channel 4's]} TV Movie The {ORG[Gourmet]} as {PERSON[Rossi]} on {DATE[4th of January 1987]}.
 </spacy_abstract>
 <original_body>
  Alec Mango at IMDb
 </original_body>
 <spacy_body>
  {PERSON[Alec Mango]} at IMDb
 </spacy_body>
</doc>