<?xml version="1.0" encoding="utf-8"?>
<doc>
 <title>
  Alejandro Alcondez
 </title>
 <original_abstract>
  Alejandro Alcondez (born August 3, 1970) is a Mexican/American actor, screenwriter, film producer and film director.  Born in Jalisco, Mexico, Alcondez moved to Hollywood, California in the early 1990s.  His acting career began in theater production plays, he then moved on to produce and write his own Mexican films Impacto de Muerte, Furia Salvaje and El Bronko Negro, which were distributed by his company Producciones Alejandro Alcondez.
His most recent American film "Cielito Lindo" Beautiful Heaven (produced, written and directed by Alejandro Alcondez) was written especially for Alcondez where he plays the lead role of Pablo Pastor. This film was released by his own production and distribution company Alejandro Alcondez Pictures
 </original_abstract>
 <spacy_abstract>
  {PERSON[Alejandro Alcondez]} (born {DATE[August 3, 1970]}) is a {NORP[Mexican]}/{NORP[American]} actor, screenwriter, film producer and film director.  Born in {GPE[Jalisco]}, {GPE[Mexico]}, {PRODUCT[Alcondez]} moved to {GPE[Hollywood]}, {GPE[California]} in {DATE[the early 1990s]}.  His acting career began in theater production plays, he then moved on to produce and write his own {NORP[Mexican]} films {ORG[Impacto de Muerte]}, {PERSON[Furia Salvaje]} and {ORG[El Bronko Negro]}, which were distributed by his company Producciones {PERSON[Alejandro Alcondez]}.
His most recent {NORP[American]} film "{PERSON[Cielito Lindo]}" {WORK_OF_ART[Beautiful Heaven]} (produced, written and directed by {PERSON[Alejandro Alcondez]}) was written especially for {PRODUCT[Alcondez]} where he plays the lead role of {PERSON[Pablo Pastor]}. This film was released by his own production and distribution company {PERSON[Alejandro Alcondez]} Pictures
 </spacy_abstract>
 <original_body>
  Alejandro Alcondez founded Producciones Alejandro Alcondez and decided to produce his first film.  Alejandro called upon Mexican actor Mario Almada (actor) he produced the film he also wrote the story and had a lead part alongside Mario Almada.  The film was directed by Alberto Mariscal.
Alcondez continued to film as a producer, writer, director and lead actor in a large number of films alongside Mexican actors Luis Aguilar, Sergio Goyri, Jorge Reynoso, Hugo Stiglitz, Fernando Almada, Fernando Saenz, Manuel Ojeda, Luis de Alba, Cesar Bono, Jaime Fernández, Miguel Angel Rodriguez, Bernabe Melendrez, Los Tucanes de Tijuana, Patricia Rivera, Roxana San Juan, Karla Barahona, Rebeca Silva, Lorena Velasquez, Lina Santos, and Rosenda Bernal, just to name a few. Alcondez has also starred in many film productions produced by Mr. Delfino Lopez of Baja Films.
Alejandro Alcondez decided that he was ready for Hollywood and founded his American production company, Alejandro Alcondez Pictures, which produces English and Spanish movies for worldwide distribution. He produced his first English-speaking film entitled Cielito Lindo (Beautiful Heaven) in 2007. Alcondez visited many locations and decided to begin film production in Chihuahua, Chihuahua, Mexico.  The film premiered at Grauman's Chinese Theatre on May 27, 2010 Alejandro Alcondez not only wrote the script, produced the film, he also directed and starred as a lead actor alongside Adam Rodríguez, Nestor Serrano, Nicole Paggi, Ilia Volok, and Pato Hoffmann, among others.
During his early career, Alcondez participated in various theater productions as an actor, director, writer and producer, gaining valuable experience in screenwriting and filmmaking
Alcondez has been part of many other projects including screen writing, producing and directing many music videos and various feature films like.  Cielito Lindo (Beautiful Heaven) filmed at Chihuahua, Mexico. In an interview in a Mexican newspaper, Alcondez explained the reason he chose to film at that location as well the plot of the film and when he wrote the Screenplay for "Cielito Lindo" (Beautiful Heaven). as well as the number of films he has participated.
Alejandro Alcondez Website
Alejandro Alcondez Film Production Company (English)
Alejandro Alcondez at IMDb
Alejandro Alcondez Feature Films at YouTube
Alejandro Alcondez Google Profile
Alejandro Alcondez Film Premiere at Grauman's Chinese Theatre
 </original_body>
 <spacy_body>
  {ORG[Alejandro Alcondez]} founded {ORG[Producciones Alejandro Alcondez]} and decided to produce his {ORDINAL[first]} film.  {ORG[Alejandro]} called upon {NORP[Mexican]} actor {PERSON[Mario Almada]} (actor) he produced the film he also wrote the story and had a lead part alongside {PERSON[Mario Almada]}.  The film was directed by {PERSON[Alberto Mariscal]}.
{PERSON[Alcondez]} continued to film as a producer, writer, director and lead actor in a large number of films alongside {NORP[Mexican]} actors {PERSON[Luis Aguilar]}, {PERSON[Sergio Goyri]}, {PERSON[Jorge Reynoso]}, {PERSON[Hugo Stiglitz]}, {PERSON[Fernando Almada]}, {PERSON[Fernando Saenz]}, {PERSON[Manuel Ojeda]}, {PERSON[Luis de Alba]}, {PERSON[Cesar Bono]}, {PERSON[Jaime Fernández]}, {PERSON[Miguel Angel Rodriguez]}, {PERSON[Bernabe Melendrez]}, {ORG[Los Tucanes de Tijuana]}, {PERSON[Patricia Rivera]}, {PERSON[Roxana San Juan]}, {PERSON[Karla Barahona]}, {PERSON[Rebeca Silva]}, {PERSON[Lorena Velasquez]}, {PERSON[Lina Santos]}, and {ORG[Rosenda Bernal]}, just to name a few. {PERSON[Alcondez]} has also starred in many film productions produced by Mr. {PERSON[Delfino Lopez]} of {PERSON[Baja Films]}.
{ORG[Alejandro Alcondez]} decided that he was ready for {GPE[Hollywood]} and founded his {NORP[American]} production company, {ORG[Alejandro Alcondez Pictures]}, which produces {LANGUAGE[English]} and {NORP[Spanish]} movies for worldwide distribution. He produced his {ORDINAL[first]} {LANGUAGE[English]}-speaking film entitled {PERSON[Cielito Lindo]} (Beautiful Heaven) in {DATE[2007]}. {PERSON[Alcondez]} visited many locations and decided to begin film production in {GPE[Chihuahua, Chihuahua]}, {GPE[Mexico]}.  The film premiered at {ORG[Grauman]}'s {FAC[Chinese Theatre]} on {DATE[May 27,]} 2010 {ORG[Alejandro Alcondez]} not only wrote the script, produced the film, he also directed and starred as a lead actor alongside {PERSON[Adam Rodríguez]}, {PERSON[Nestor Serrano]}, {PERSON[Nicole Paggi]}, {PERSON[Ilia Volok]}, and {PERSON[Pato Hoffmann]}, among others.
During his early career, {PERSON[Alcondez]} participated in various theater productions as an actor, director, writer and producer, gaining valuable experience in screenwriting and filmmaking
{PERSON[Alcondez]} has been part of many other projects including screen writing, producing and directing many music videos and various feature films like.  {PERSON[Cielito Lindo]} (Beautiful Heaven) filmed at {GPE[Chihuahua]}, {GPE[Mexico]}. In an interview in a {NORP[Mexican]} newspaper, {PERSON[Alcondez]} explained the reason he chose to film at that location as well the plot of the film and when he wrote the Screenplay for "Cielito Lindo" (Beautiful Heaven). as well as the number of films he has participated.
{ORG[Alejandro Alcondez Website]}
{ORG[Alejandro Alcondez Film Production Company]} ({LANGUAGE[English]})
{ORG[Alejandro Alcondez]} at IMDb
{ORG[Alejandro Alcondez Feature Films]} at YouTube
Alejandro Alcondez Google Profile
{ORG[Alejandro Alcondez Film Premiere]} at {ORG[Grauman]}'s {NORP[Chinese]} Theatre
 </spacy_body>
</doc>