<?xml version="1.0" encoding="utf-8"?>
<doc>
 <title>
  Alexander Hanson (actor)
 </title>
 <original_abstract>
  Alexander Harald St John Hanson-Akins (born 28 April 1961) is a Norwegian-born British stage actor who has appeared in numerous plays and musicals in the West End, and also on Broadway.
 </original_abstract>
 <spacy_abstract>
  {PERSON[Alexander Harald St]} {PERSON[John Hanson-Akins]} (born {DATE[28 April 1961]}) is a {NORP[Norwegian]}-born {NORP[British]} stage actor who has appeared in numerous plays and musicals in {GPE[the West End]}, and also on {FAC[Broadway]}.
 </spacy_abstract>
 <original_body>
  Hanson was born in Oslo, Norway. His mother, Ellen, was half-French, half-Norwegian, and his father was English. After divorce, his mother remarried George Akins, a Nottingham businessman. He initially prepared for a career in hotels and catering, but then decided on a career in acting, and entered drama school. Hanson is an alumnus of Guildhall School of Music and Drama.He has been married since 1989 to actress Samantha Bond, and has two children with her, Molly and Tom.
He appeared in the West End production of An Ideal Husband in November 2010, opposite his wife Samantha Bond. He starred in the West End production of A Little Night Music, and also appeared in the transfer of that production to Broadway in 2009-2010.Hanson starred in the high-profile West End revival of The Sound of Music in 2006 as Captain Georg Von Trapp. He was brought in to replace Simon Shepherd, who bowed out of the show during previews. Hanson originated the role of Khashoggi in London's We Will Rock You, leaving the production after seven months.
He played Captain Macheath in the Royal National Theatre production of The Villain's Opera, Nick Dear and Stephen Warbeck's updating of The Beggars Opera in 2000.in 1995, he played Joe Gillis, the male lead in Sunset Boulevard, opposite Elaine Paige and then Petula Clark at the Adelphi Theatre. He played Pilate in the 2012 UK arena tour of Andrew Lloyd Webber and Tim Rice's popular musical Jesus Christ Superstar, and reprised the role in the 2013 leg of the tour.
In 2013, he was cast in the title role in Stephen Ward the Musical, Andrew Lloyd Webber's musical telling the story of the Profumo scandal.
Marguerite as Otto
The Sound of Music
Talking to Terrorists for Out of Joint and Royal Court Theatre
We Will Rock You (original cast) as Khashoggi
Enter the Guardsman and Brel
The Things We Do For Love
Shallow End
Sunset Boulevard as Joe Gillis
Arcadia
Aspects of Love as Alex Dillingham
Valentine's Day
Copenhagen
The Villain's Opera
Troilus and Cressida
Candide
The Merchant of Venice and The London Cuckolds
Cracked and The Memory of Water
A Little Night Music as Fredrik Egerman (West End and Broadway 2009/2010 revival)
An Ideal Husband
Jesus Christ Superstar (The Arena Tour as Pontius Pilate)
Stephen Ward the Musical as Stephen Ward
Follies as Ben Stone
Party Animals
The Bill
Kidulthood
The Fugitives
Murder City
Auf Wiedersehen, Pet
The Last Detective
Rosemary &amp; Thyme
Heartbeat
Beech is Back
Relic Hunters
Casualty
The Merchant of Venice
The Escort
Unfinished Business
Peak Practice
Doctor Finlay
Poetry Readings
Ffizz
Fellow Traveller
Museums of Madness
The Black Candle
Taking the Floor
Boon
The Chief
Six Characters in Search of an Author
Lewis.
Alexander Hanson at IMDb
My hols: Alexander Hanson
 </original_body>
 <spacy_body>
  {PERSON[Hanson]} was born in {GPE[Oslo]}, {GPE[Norway]}. His mother, {PERSON[Ellen]}, was {NORP[half-French]}, {NORP[half-Norwegian]}, and his father was {LANGUAGE[English]}. After divorce, his mother remarried {PERSON[George Akins]}, a {GPE[Nottingham]} businessman. He initially prepared for a career in hotels and catering, but then decided on a career in acting, and entered drama school. {PERSON[Hanson]} is an alumnus of {ORG[Guildhall School of Music]} and Drama.He has been married since {DATE[1989]} to actress {PERSON[Samantha Bond]}, and has {CARDINAL[two]} children with her, {PERSON[Molly]} and {PERSON[Tom]}.
He appeared in the West End production of {WORK_OF_ART[An Ideal Husband]} in {DATE[November 2010]}, opposite his wife {PERSON[Samantha Bond]}. He starred in the West End production of {WORK_OF_ART[A Little Night Music]}, and also appeared in the transfer of that production to {FAC[Broadway]} in {DATE[2009]}-2010.Hanson starred in the high-profile {LOC[West End]} revival of {LOC[The Sound of Music]} in {DATE[2006]} as Captain {PERSON[Georg Von Trapp]}. He was brought in to replace {PERSON[Simon Shepherd]}, who bowed out of the show during previews. {PERSON[Hanson]} originated the role of {GPE[Khashoggi]} in {GPE[London]}'s {LOC[We Will Rock You]}, leaving the production after {DATE[seven months]}.
He played Captain {PERSON[Macheath]} in {FAC[the Royal National Theatre]} production of {FAC[The Villain's Opera]}, {PERSON[Nick Dear]} and {PERSON[Stephen Warbeck's]} updating of {ORG[The Beggars Opera]} in {DATE[2000.in 1995]}, he played {PERSON[Joe Gillis]}, the male lead in {FAC[Sunset Boulevard]}, opposite {PERSON[Elaine Paige]} and then {PERSON[Petula Clark]} at {FAC[the Adelphi Theatre]}. He played {ORG[Pilate]} in the {DATE[2012]} {GPE[UK]} arena tour of {PERSON[Andrew Lloyd Webber]} and {PERSON[Tim Rice's]} popular musical {PERSON[Jesus Christ Superstar]}, and reprised the role in the {DATE[2013]} leg of the tour.
In {DATE[2013]}, he was cast in the title role in {GPE[Stephen Ward]} the Musical, {PERSON[Andrew Lloyd Webber's]} musical telling the story of the {ORG[Profumo]} scandal.
Marguerite as {PERSON[Otto
]}The Sound of Music
Talking to Terrorists for Out of Joint and {ORG[Royal Court]} Theatre
We Will Rock You (original cast) as {GPE[Khashoggi]}
Enter the Guardsman and {PERSON[Brel]}
The Things We Do For Love
Shallow End
Sunset Boulevard as {PERSON[Joe Gillis]}
Arcadia
Aspects of Love as {PERSON[Alex Dillingham]}
{PERSON[Valentine]}'s Day
Copenhagen
The {GPE[Villain]}'s Opera
Troilus and Cressida
Candide
{LOC[The Merchant of Venice]} and The London Cuckolds
Cracked and {WORK_OF_ART[The Memory of Water
]}A Little Night Music as {PERSON[Fredrik Egerman]} (West End and {PRODUCT[Broadway]} {DATE[2009/2010]} revival)
An {ORG[Ideal]} Husband
Jesus Christ {PERSON[Superstar]} ({ORG[The Arena Tour]} as {PERSON[Pontius Pilate]})
{PERSON[Stephen Ward the Musical]} as {PERSON[Stephen Ward
]}{PERSON[Follies]} as {PERSON[Ben Stone
]}Party Animals
The Bill
Kidulthood
The {ORG[Fugitives]}
Murder City
{PERSON[Auf Wiedersehen]}, {WORK_OF_ART[Pet
]}The Last Detective
Rosemary &amp; Thyme
Heartbeat
Beech is Back
{PERSON[Relic Hunters]}
Casualty
The Merchant of Venice
The Escort
Unfinished Business
Peak Practice
Doctor Finlay
Poetry Readings
Ffizz
Fellow {PERSON[Traveller]}
Museums of Madness
{ORG[The Black Candle
]}Taking the Floor
Boon
The Chief
Six Characters in Search of an Author
{PERSON[Lewis]}.
{PERSON[Alexander Hanson]} at IMDb
My hols: {PERSON[Alexander Hanson]}
 </spacy_body>
</doc>