<?xml version="1.0" encoding="utf-8"?>
<doc>
 <title>
  Alexie Gilmore
 </title>
 <original_abstract>
  Alexie Gilmore (born December 11, 1976) is an American actress who starred in New Amsterdam as Dr. Sara Dillane.  She is featured in Definitely, Maybe and co-starred in Surfer, Dude. Alexie also played the part of Kelly in Willow Creek. She played Devon Atwood in three episodes of CSI: Cyber as the wife of character Elijah Mundo. Alexie's other credits include 90210 and Legends.
 </original_abstract>
 <spacy_abstract>
  {PERSON[Alexie Gilmore]} (born {DATE[December 11, 1976]}) is an {NORP[American]} actress who starred in {GPE[New Amsterdam]} as Dr. {PERSON[Sara Dillane]}.  She is featured in Definitely, Maybe and co-starred in Surfer, Dude. {PERSON[Alexie]} also played the part of {PERSON[Kelly]} in {GPE[Willow Creek]}. She played {PERSON[Devon Atwood]} in {CARDINAL[three]} episodes of CSI: Cyber as the wife of character {PERSON[Elijah Mundo]}. {PERSON[Alexie]}'s other credits include 90210 and {WORK_OF_ART[Legends]}.
 </spacy_abstract>
 <original_body>
  Gilmore was born in Manhattan and moved to Tenafly, New Jersey, where she attended Tenafly High School. Gilmore attended Allentown College (now known as DeSales University) in Center Valley, Pennsylvania.
Alexie Gilmore at IMDb
 </original_body>
 <spacy_body>
  Gilmore was born in {GPE[Manhattan]} and moved to {GPE[Tenafly]}, {GPE[New Jersey]}, where she attended {ORG[Tenafly High School]}. Gilmore attended {ORG[Allentown College]} (now known as {ORG[DeSales University]}) in {GPE[Center Valley]}, {GPE[Pennsylvania]}.
{PERSON[Alexie Gilmore]} at IMDb
 </spacy_body>
</doc>