<?xml version="1.0" encoding="utf-8"?>
<doc>
 <title>
  Alexandre Mihalesco
 </title>
 <original_abstract>
  Alexandre Mihalesco (French: [alɛksɑ̃dʁ mi.alɛsko]; born Alexandru Mihăilescu, Romanian: [alekˈsandru mihə.iˈlesku]; 19 October 1883 – 28 December 1974) was a Romanian film actor who largely appeared in French productions.
 </original_abstract>
 <spacy_abstract>
  {PERSON[Alexandre Mihalesco]} ({NORP[French]}: [alɛksɑ̃dʁ mi.alɛsko]; born {PERSON[Alexandru Mihăilescu]}, {NORP[Romanian]}: [alekˈsandru mihə.iˈlesku]; {DATE[19 October 1883]} – {DATE[28 December 1974]}) was a {NORP[Romanian]} film actor who largely appeared in {NORP[French]} productions.
 </spacy_abstract>
 <original_body>
  Goble, Alan. The Complete Index to Literary Sources in Film. Walter de Gruyter, 1999.
Alexandre Mihalesco at IMDb
 </original_body>
 <spacy_body>
  {ORG[Goble]}, {PERSON[Alan]}. {WORK_OF_ART[The Complete Index to Literary Sources in Film]}. {PERSON[Walter de Gruyter]}, {DATE[1999]}.
{PERSON[Alexandre Mihalesco]} at IMDb
 </spacy_body>
</doc>