<?xml version="1.0" encoding="utf-8"?>
<doc>
 <title>
  Alexander Archdale
 </title>
 <original_abstract>
  Alexander Mervyn Archdale (26 November 1905 – 13 May 1986) was a British actor, manager and theatre producer. He had a very long career in both the theatre and in film, stretching from the 1930s to the 1980s.  He spent the latter part of his life and career in Australia.
 </original_abstract>
 <spacy_abstract>
  {PERSON[Alexander Mervyn Archdale]} ({DATE[26 November 1905]} – {DATE[13 May 1986]}) was a {NORP[British]} actor, manager and theatre producer. He had a very long career in both the theatre and in film, stretching from {DATE[the 1930s]} to {DATE[the 1980s]}.  He spent the latter part of his life and career in {GPE[Australia]}.
 </spacy_abstract>
 <original_body>
  Lucky Days (1935)
House of Darkness (1948)
Floodtide (1949) (as 2nd. Director)
His Majesty O'Keefe (1954)
The Scapegoat (1959)
Marriage of Convenience (1960)
Village of the Damned (1960)
The Adventures of Barry McKenzie (1972)
The Night the Prowler (1978)
Newsfront (1978)
The Killing of Angel Street (1981)
Alexander Archdale at the Internet Movie Database
Alexander Archdale at the Internet Broadway Database
Photos of  Alexander Archdale at Aveleyman
A Who's who of Australian and New Zealand Film Actors: The Sound Era h
Theatre Australia (un)limited: Australian Theatre Since the 1950s h
The importance of Marian Street Theatre - images of Alexander Archdale http://www.savemariansttheatre.com/a-brief-history/
 </original_body>
 <spacy_body>
  {ORG[Lucky Days]} ({DATE[1935]})
House of Darkness ({DATE[1948]})
Floodtide ({DATE[1949]}) ({DATE[as 2nd]}. Director)
His {PERSON[Majesty O'Keefe]} ({DATE[1954]})
The {GPE[Scapegoat]} ({DATE[1959]})
Marriage of Convenience ({DATE[1960]})
Village of the Damned ({DATE[1960]})
The Adventures of {PERSON[Barry McKenzie]} ({DATE[1972]})
{WORK_OF_ART[The Night the Prowler]} ({DATE[1978]})
Newsfront ({DATE[1978]})
{WORK_OF_ART[The Killing of Angel Street]} (1981)
{PERSON[Alexander Archdale]} at the Internet Movie Database
{PERSON[Alexander Archdale]} at the Internet Broadway Database
Photos of  Alexander Archdale at Aveleyman
A Who's who of {NORP[Australian]} and {ORG[New Zealand Film Actors]}: {ORG[The Sound Era]} h
{PERSON[Theatre Australia]} (un)limited: {NORP[Australian]} Theatre Since the 1950s h
The importance of {FAC[Marian Street Theatre]} - images of {ORG[Alexander Archdale http://www.savemariansttheatre.com/a-brief-history/]}
 </spacy_body>
</doc>