<?xml version="1.0" encoding="utf-8"?>
<doc>
 <title>
  Alexandre Arquillière
 </title>
 <original_abstract>
  Alexandre Arquillière (1870–1953) was a French stage and film actor.
 </original_abstract>
 <spacy_abstract>
  {PERSON[Alexandre Arquillière]} ({CARDINAL[1870–1953]}) was a {NORP[French]} stage and film actor.
 </spacy_abstract>
 <original_body>
  The Cameo (1913)
La folie du doute (1920)
La Souriante Madame Beudet (1922)
The End of the Day (1939)
Waldman, Harry. Maurice Tourneur: The Life and Films. McFarland, 2001.
Alexandre Arquillière at IMDb
 </original_body>
 <spacy_body>
  The {PERSON[Cameo]} ({DATE[1913]})
{PERSON[La folie du]} doute ({DATE[1920]})
{PERSON[La Souriante Madame]} Beudet ({DATE[1922]})
{WORK_OF_ART[The End of the Day]} (1939)
{PERSON[Waldman]}, {PERSON[Harry]}. {PERSON[Maurice Tourneur]}: {WORK_OF_ART[The Life and Films.]} McFarland, {DATE[2001]}.
{PERSON[Alexandre Arquillière]} at IMDb
 </spacy_body>
</doc>