<?xml version="1.0" encoding="utf-8"?>
<doc>
 <title>
  Alex Fernandez (actor)
 </title>
 <original_abstract>
  Alex Fernandez is an American actor who is known primarily for his work on television, most notably as National Security Advisor Anthony Prado on Commander in Chief, Rafael "Rafi" Alvarez on Without a Trace, Roy Vickers on Dallas, or Pablo Diaz on Devious Maids. He was also series regular on ABC's short-lived crime drama Killer Women, playing the role of Luis Zea.
 </original_abstract>
 <spacy_abstract>
  {PERSON[Alex Fernandez]} is an {NORP[American]} actor who is known primarily for his work on television, most notably as National Security Advisor {PERSON[Anthony Prado]} on Commander in Chief, {PERSON[Rafael "Rafi" Alvarez]} on Without a {ORG[Trace]}, {PERSON[Roy Vickers]} on {GPE[Dallas]}, or {PERSON[Pablo Diaz]} on {WORK_OF_ART[Devious Maids]}. He was also series regular on {ORG[ABC]}'s short-lived crime drama {WORK_OF_ART[Killer Women]}, playing the role of {PERSON[Luis Zea]}.
 </spacy_abstract>
 <original_body>
  He has made guest appearances on such series as House, The Closer, NCIS: Los Angeles, Army Wives, Prison Break, CSI: Miami, Cold Case, Heroes, The West Wing, The Good Wife  , The Shield and Devious Maids, Off the Map, among many others. He is also noted for his voiceover work in video games, especially as antagonist Maester Seymour Guado in Final Fantasy X, Mangus in Brütal Legend, Carlito Keyes in Dead Rising, and as Uka Uka in Crash Twinsanity, taking over the role from actor Clancy Brown. He was also the original voice of The Chief in the classic game Where in the World Is Carmen Sandiego?. He has also had roles in other video games, including Saints Row and Saints Row 2, James Bond 007: Everything or Nothing, Quantum of Solace, Splinter Cell: Double Agent, and Mercenaries 2: World in Flames. He has also voiced numerous characters in animation, including the films Tekkonkinkreet, Gen¹³, Vampire Hunter D and The Animatrix, and the series Family Guy, American Dad!, Spawn, Petshop of Horrors, and Ninja Scroll: The Series.
He appeared in Body of Proof episode "Hunting Party". In 2016, he appeared in two episodes of the Fox Network series Lucifer as Warden Perry Smith.
In 2017 he played the role of Sergeant Daniel Vega in "Genetics" the 11th episode of the 7the season of the CBS police procedural drama Blue Bloods.
Alex Fernandez at IMDb
 </original_body>
 <spacy_body>
  He has made guest appearances on such series as {ORG[House]}, The Closer, {ORG[NCIS]}: {GPE[Los Angeles]}, {ORG[Army Wives]}, {ORG[Prison Break]}, {ORG[CSI]}: {GPE[Miami]}, Cold Case, Heroes, {LOC[The West Wing]}, {WORK_OF_ART[The Good Wife  , The Shield and Devious Maids]}, Off the Map, among many others. He is also noted for his voiceover work in video games, especially as antagonist {PERSON[Maester Seymour Guado]} in Final Fantasy X, {GPE[Mangus]} in {GPE[Brütal Legend]}, {PERSON[Carlito Keyes]} in {PERSON[Dead Rising]}, and as {PERSON[Uka Uka]} in {WORK_OF_ART[Crash Twinsanity]}, taking over the role from actor {PERSON[Clancy Brown]}. He was also the original voice of The Chief in the classic game Where in the {WORK_OF_ART[World Is Carmen Sandiego]}?. He has also had roles in other video games, including {WORK_OF_ART[Saints Row and Saints Row 2]}, {PERSON[James Bond]} {CARDINAL[007]}: Everything or Nothing, {ORG[Quantum]} of {ORG[Solace]}, Splinter Cell: Double Agent, and {PRODUCT[Mercenaries 2]}: World in {GPE[Flames]}. He has also voiced numerous characters in animation, including the films {NORP[Tekkonkinkreet]}, Gen¹³, {PERSON[Vampire Hunter]} D and The Animatrix, and the series {PERSON[Family Guy]}, {WORK_OF_ART[American Dad]}!, {PERSON[Spawn]}, {WORK_OF_ART[Petshop of Horrors]}, and {WORK_OF_ART[Ninja Scroll:]} The {EVENT[Series]}.
He appeared in {WORK_OF_ART[Body of Proof episode]} "{WORK_OF_ART[Hunting Party]}". In {DATE[2016]}, he appeared in {CARDINAL[two]} episodes of the {ORG[Fox Network]} series {PERSON[Lucifer]} as {PERSON[Warden Perry Smith]}.
In {DATE[2017]} he played the role of Sergeant {PERSON[Daniel Vega]} in "{WORK_OF_ART[Genetics]}" the {ORDINAL[11th]} episode of {DATE[the 7the season]} of the {ORG[CBS]} police procedural drama {ORG[Blue Bloods]}.
{PERSON[Alex Fernandez]} at IMDb
 </spacy_body>
</doc>