<?xml version="1.0" encoding="utf-8"?>
<doc>
 <title>
  Alexandra Neil
 </title>
 <original_abstract>
  Alexandra Neil (born April 7, 1955) is an American stage, film and television actress. She is also an activist – co-founder of Downtown Women for Change in NYC.
 </original_abstract>
 <spacy_abstract>
  {PERSON[Alexandra Neil]} (born {DATE[April 7, 1955]}) is an {NORP[American]} stage, film and television actress. She is also an activist – co-founder of {ORG[Downtown Women for Change]} in {GPE[NYC]}.
 </spacy_abstract>
 <original_body>
  Alexandra Neil at IMDb
Alexandra Neil profile - SoapCentral.com
Alexandra Neil profile - ABC.com
Clips from Texas episodes
 </original_body>
 <spacy_body>
  {PERSON[Alexandra Neil]} at IMDb
{PERSON[Alexandra Neil]} profile - SoapCentral.com
{PERSON[Alexandra Neil]} profile - ABC.com
Clips from {GPE[Texas]} episodes
 </spacy_body>
</doc>