<?xml version="1.0" encoding="utf-8"?>
<doc>
 <title>
  Alexandra Breckenridge
 </title>
 <original_abstract>
  Alexandra Hetherington Breckenridge is an American actress. She began her career with supporting roles in the teen comedy films Big Fat Liar (2002) and She's the Man (2006). She later played reporter Willa McPherson in the FX series Dirt and had a supporting role in the short-lived series The Ex List. She starred as a young Moira O'Hara in the first season of FX's American Horror Story, and played Kaylee in the third season. She played Jessie Anderson in the AMC series The Walking Dead and Sophie in the NBC series This Is Us. She is also the voice of various characters in the animated comedy series Family Guy. Since 2019, she has starred as Melinda "Mel" Monroe in the Netflix series Virgin River.
 </original_abstract>
 <spacy_abstract>
  {PERSON[Alexandra Hetherington Breckenridge]} is an {NORP[American]} actress. She began her career with supporting roles in the teen comedy films {WORK_OF_ART[Big Fat Liar]} ({DATE[2002]}) and She's the Man ({DATE[2006]}). She later played reporter {PERSON[Willa McPherson]} in the FX series Dirt and had a supporting role in the short-lived series {WORK_OF_ART[The Ex List]}. She starred as a young {PERSON[Moira O'Hara]} in {DATE[the first season]} of {ORG[FX]}'s {NORP[American]} Horror Story, and played {PERSON[Kaylee]} in {DATE[the third season]}. She played {PERSON[Jessie Anderson]} in the {ORG[AMC]} series {WORK_OF_ART[The Walking Dead and]} {PERSON[Sophie]} in the {ORG[NBC]} series This Is Us. She is also the voice of various characters in the animated comedy series {WORK_OF_ART[Family Guy]}. Since {DATE[2019]}, she has starred as {PERSON[Melinda]} "{PERSON[Mel" Monroe]} in the {ORG[Netflix]} series {LOC[Virgin River]}.
 </spacy_abstract>
 <original_body>
  Alexandra Hetherington Breckenridge was born in Bridgeport, Connecticut, on May 15, 1982. She lived in nearby Darien until the age of 10, when she and her mother moved to California, where they moved around for a year before settling in Mill Valley. Breckenridge became interested in acting, photography, and singing at age 13. When she was 15, she moved with her mother back to Los Angeles to pursue her acting career.
In 2000, Breckenridge guest starred as Shelly Weaver in Freaks and Geeks. She also guest starred in Buffy the Vampire Slayer, Charmed, CSI: Crime Scene Investigation, Dawson's Creek, JAG, Medium, and Undeclared. Breckenridge also guest-starred as Francise in three episodes of Opposite Sex. In 2002, she appeared in the film Big Fat Liar, starring Frankie Muniz, as Jason Shepherd's older sister Janie.
Breckenridge has had numerous voice roles in the animated television series Family Guy. During an interview with FHM, she stated: "When I first went for Family Guy, I auditioned for a guest voice. I don't know why, but [creator] Seth MacFarlane really likes the sound of my voice. I'll never understand that. He just liked me and they call me back all the time to do different things." Breckenridge often does celebrity impressions in the series, such as Sarah Jessica Parker and Renée Zellweger. She also had roles in MacFarlane's web series Cavalcade of Cartoon Comedy. Breckenridge also guest starred in the episode "With Friends Like Steve's" of American Dad!, also created by MacFarlane.In 2006, Breckenridge starred as Monique in the film She's the Man. She has also appeared in a couple of series that have later been canceled, such as the FX drama series Dirt from 2007 to 2008, in which she played Willa McPherson, a young upstart writer. In 2009, Breckenridge co-starred in the independent film The Bridge to Nowhere, directed by Blair Underwood. In 2012, she had a role in the film Ticket Out.Breckenridge had a recurring role in season four of HBO's True Blood as Katerina Pelham and also in season one of FX's American Horror Story as young Moira O'Hara, the ghost of a maid trapped in the house in which she was employed. In addition, she returned for two episodes in season three of the series, Coven, as Kaylee, a young witch who excels in pyrokinesis.From 2015 to 2016, Breckenridge portrayed Jessie Anderson, a character from the comic book series of the same name, in season five and season six of the AMC post-apocalyptic horror series The Walking Dead. In 2015, she co-starred in the psychological thriller Dark from executive producer Joe Dante and director Nick Basile. In 2017, Breckenridge appeared in the recurring role of Sophie, Kate's childhood friend and Kevin's ex-wife, in the first season of the NBC drama series This Is Us. She was promoted to a series regular for the second season, and appeared in one episode in the third season and two episodes in the fourth season.Since 2019, Breckenridge has played lead character Melinda "Mel" Monroe, a nurse practitioner who moves to a small northern California town following a personal tragedy, in the Netflix series Virgin River. The series was renewed for a third season by Netflix in December 2020.
Breckenridge married guitarist Casey Hooper in September 2015. They had their first child, a son named Jack, in September 2016. Their second child, a daughter named Billie, was born in December 2017.Breckenridge is the niece of actor Michael Weatherly. She has several tattoos that are covered by make-up for her on-screen projects, but not during photo shoots.
Official website
Alexandra Breckenridge at IMDb
 </original_body>
 <spacy_body>
  {PERSON[Alexandra Hetherington Breckenridge]} was born in {GPE[Bridgeport]}, {GPE[Connecticut]}, on {DATE[May 15, 1982]}. She lived in nearby {PERSON[Darien]} until {DATE[the age of 10]}, when she and her mother moved to {GPE[California]}, where they moved around for {DATE[a year]} before settling in {GPE[Mill Valley]}. {ORG[Breckenridge]} became interested in acting, photography, and singing at {DATE[age 13]}. When she was {DATE[15]}, she moved with her mother back to {GPE[Los Angeles]} to pursue her acting career.
In {DATE[2000]}, {ORG[Breckenridge]} guest starred as {PERSON[Shelly Weaver]} in {GPE[Freaks]} and {PERSON[Geeks]}. She also guest starred in {WORK_OF_ART[Buffy the Vampire Slayer]}, {GPE[Charmed]}, CSI: Crime Scene Investigation, {PERSON[Dawson]}'s {LOC[Creek]}, {NORP[JAG]}, {ORG[Medium]}, and {ORG[Undeclared]}. {ORG[Breckenridge]} also guest-starred as {FAC[Francise]} in {CARDINAL[three]} episodes of Opposite Sex. In {DATE[2002]}, she appeared in the film {WORK_OF_ART[Big Fat Liar]}, starring {PERSON[Frankie Muniz]}, as {PERSON[Jason Shepherd's]} older sister {GPE[Janie]}.
{ORG[Breckenridge]} has had numerous voice roles in the animated television series {PERSON[Family Guy]}. During an interview with {ORG[FHM]}, she stated: "When I {ORDINAL[first]} went for {PERSON[Family Guy]}, I auditioned for a guest voice. I don't know why, but [creator] Seth MacFarlane really likes the sound of my voice. I'll never understand that. He just liked me and they call me back all the time to do different things." {ORG[Breckenridge]} often does celebrity impressions in the {EVENT[series]}, such as {PERSON[Sarah Jessica Parker]} and {PERSON[Renée Zellweger]}. She also had roles in {ORG[MacFarlane]}'s web series {WORK_OF_ART[Cavalcade of Cartoon Comedy]}. Breckenridge also guest starred in the episode "With Friends Like {PERSON[Steve]}'s" of {WORK_OF_ART[American Dad]}!, also created by {ORG[MacFarlane]}.In {DATE[2006]}, {ORG[Breckenridge]} starred as {PERSON[Monique]} in the film She's the Man. She has also appeared in {CARDINAL[a couple of series that have later]} been canceled, such as the {ORG[FX]} drama series Dirt from {DATE[2007]} to {DATE[2008]}, in which she played {PERSON[Willa McPherson]}, a young upstart writer. In {DATE[2009]}, {ORG[Breckenridge]} co-starred in the independent film {WORK_OF_ART[The Bridge to Nowhere]}, directed by {PERSON[Blair Underwood]}. In {DATE[2012]}, she had a role in the film {EVENT[Ticket Out]}.{ORG[Breckenridge]} had a recurring role in {DATE[season four]} of {ORG[HBO]}'s {PERSON[True Blood]} as {PERSON[Katerina Pelham]} and also in season {CARDINAL[one]} of {ORG[FX]}'s {NORP[American]} Horror Story as young {PERSON[Moira O'Hara]}, the ghost of a maid trapped in the house in which she was employed. In addition, she returned for {CARDINAL[two]} episodes in season {CARDINAL[three]} of the series, {GPE[Coven]}, as {PERSON[Kaylee]}, a young witch who excels in pyrokinesis.{DATE[From 2015 to 2016]}, {ORG[Breckenridge]} portrayed {PERSON[Jessie Anderson]}, a character from the comic book series of the same name, in {DATE[season five and season six]} of the {ORG[AMC]} post-apocalyptic horror series {WORK_OF_ART[The Walking Dead]}. In {DATE[2015]}, she co-starred in the psychological thriller {PERSON[Dark]} from executive producer {PERSON[Joe Dante]} and director {PERSON[Nick Basile]}. In {DATE[2017]}, {ORG[Breckenridge]} appeared in the recurring role of {PERSON[Sophie]}, {PERSON[Kate]}'s childhood friend and {PERSON[Kevin]}'s ex-wife, in {DATE[the first season]} of the {ORG[NBC]} drama series This Is Us. She was promoted to a series regular for {DATE[the second season]}, and appeared in {CARDINAL[one]} episode in {DATE[the third season]} and {CARDINAL[two]} episodes in {DATE[the fourth season]}.Since {DATE[2019]}, {ORG[Breckenridge]} has played lead character {PERSON[Melinda "Mel" Monroe]}, a nurse practitioner who moves to a small northern {GPE[California]} town following a personal tragedy, in the Netflix series {LOC[Virgin River]}. The series was renewed for {DATE[a third season]} by {GPE[Netflix]} in {DATE[December 2020]}.
{ORG[Breckenridge]} married guitarist {PERSON[Casey Hooper]} in {DATE[September 2015]}. They had their {ORDINAL[first]} child, a son named {PERSON[Jack]}, in {DATE[September 2016]}. Their {ORDINAL[second]} child, a daughter named {PERSON[Billie]}, was born in {DATE[December 2017.Breckenridge]} is the niece of actor {PERSON[Michael Weatherly]}. She has several tattoos that are covered by make-up for her on-screen projects, but not during photo shoots.
Official website
{PERSON[Alexandra Breckenridge]} at IMDb
 </spacy_body>
</doc>