<?xml version="1.0" encoding="utf-8"?>
<doc>
 <title>
  Alexandra Bokyun Chun
 </title>
 <original_abstract>
  Alexandra Bokyun Chun is an American actress and filmmaker. Born in South Korea, she lives in Los Angeles, California.
 </original_abstract>
 <spacy_abstract>
  {PERSON[Alexandra Bokyun Chun]} is an {NORP[American]} actress and filmmaker. Born in {GPE[South Korea]}, she lives in {GPE[Los Angeles]}, {GPE[California]}.
 </spacy_abstract>
 <original_body>
  Alexandra Bokyun Chun immigrated to the United States when she was seven years old. After attending McDonogh School in Maryland, she pursued a study in Western Philosophy at St. John's College, U. S. in Santa Fe, New Mexico.Intent on becoming a medical doctor after graduation, she entered a relationship with Ottmar Liebert in her senior year which dramatically changed the course of her life to pursue the performing arts.
Shortly after moving to Los Angeles for an acting career in film, she was cast for a regular role on the soap, Another World, which moved her to New York City. When her contract ended with the soap opera, she returned to Los Angeles to work in numerous film and television shows.
In 1999, along with three other theatre professionals, she founded and co-artistic directed a theatre company called Lodestone Theatre Ensemble.  In the Fall of 2004, as writer, director, and producer, Alexandra Chun launched a website of short films that take place in hotel rooms.
On July 25, 2016, Alexandra Chun returned to her birthplace, South Korea to protest the torture and slaughter of dogs in the Asian Dog Meat Trade. She returned to the US with three dogs rescued from slaughter.
Mugunghwaggoti pieotseubnida (1995) - Daughter of Dr. Lee Hui So
Color of a Brisk and Leaping Day (1996) - Angela
Strategic Command (1997) - Amie
Cold Night Into Dawn (1997) - Shen
Where's Marlowe? (1998) - Detective Hsu
Ali (2001) - Asian Cosmetologist
A Ribbon of Dreams (2002) - June Wong
Saw (2004) - Carla
Innocent Blood (2013) - Susan Park
Tiny Pretty Things (2020) -  Maricel Park
Alexandra Bokyun Chun at IMDb
Alexandrachun.com
The Hotel Movies
Dog Rescue
 </original_body>
 <spacy_body>
  {PERSON[Alexandra Bokyun Chun]} immigrated to {GPE[the United States]} when she was {DATE[seven years old]}. After attending {ORG[McDonogh School]} in {GPE[Maryland]}, she pursued a study in {ORG[Western Philosophy]} at {ORG[St. John's College]}, {PERSON[U. S.]} in {GPE[Santa Fe]}, {GPE[New Mexico]}.Intent on becoming a medical doctor after graduation, she entered a relationship with {PERSON[Ottmar Liebert]} in her senior year which dramatically changed the course of her life to pursue the performing arts.
Shortly after moving to {GPE[Los Angeles]} for an acting career in film, she was cast for a regular role on the soap, {ORG[Another World]}, which moved her to {GPE[New York City]}. When her contract ended with the soap opera, she returned to {GPE[Los Angeles]} to work in numerous film and television shows.
In {DATE[1999]}, along with {CARDINAL[three]} other theatre professionals, she founded and co-artistic directed a theatre company called {ORG[Lodestone Theatre Ensemble]}.  In {DATE[the Fall of 2004]}, as writer, director, and producer, {PERSON[Alexandra Chun]} launched a website of short films that take place in hotel rooms.
On {DATE[July 25, 2016]}, {PERSON[Alexandra Chun]} returned to her birthplace, {GPE[South Korea]} to protest the torture and slaughter of dogs in {ORG[the Asian Dog Meat Trade]}. She returned to the {GPE[US]} with {CARDINAL[three]} dogs rescued from slaughter.
Mugunghwaggoti pieotseubnida ({DATE[1995]}) - Daughter of Dr. {PERSON[Lee Hui]} So
Color of a Brisk and Leaping Day ({DATE[1996]}) - Angela
Strategic Command ({DATE[1997]}) - Amie
Cold Night {PERSON[Into Dawn]} ({DATE[1997]}) - Shen
Where's {PERSON[Marlowe]}? ({DATE[1998]}) - Detective {PERSON[Hsu
Ali]} ({DATE[2001]}) - {NORP[Asian]} Cosmetologist
A Ribbon of Dreams (2002) - June Wong
Saw ({DATE[2004]}) - Carla
Innocent Blood ({DATE[2013]}) - Susan Park
Tiny Pretty Things ({DATE[2020]}) -  Maricel Park
{PERSON[Alexandra Bokyun Chun]} at IMDb
{ORG[Alexandrachun.com]}
The Hotel Movies
Dog Rescue
 </spacy_body>
</doc>