<?xml version="1.0" encoding="utf-8"?>
<doc>
 <title>
  Alexandra Powers
 </title>
 <original_abstract>
  Alexandra Kristin Powers is an American former actress.
 </original_abstract>
 <spacy_abstract>
  {PERSON[Alexandra Kristin Powers]} is an {NORP[American]} former actress.
 </spacy_abstract>
 <original_body>
  Powers was born in New York City. She grew up in an 'artsy, liberal environment' on both coasts with her divorced parents. Her father teaches acting.  She said in an interview that her parents "encouraged me to find my own truth". Commenting on her faith, she stated "I pray whenever I feel sad. And I believe that whatever is right will work out."  In that same interview, she said that her father was Roman Catholic and her mother Katharyn Powers was interested in metaphysics. Powers' mother wrote for television programs including Fantasy Island and Charlie's Angels. At the age of six, Powers announced her intentions to become an actress.
Powers appeared in various television and films roles including Cast a Deadly Spell, 21 Jump Street, and Dead Poets Society. In the film Rising Sun, Powers portrayed a prostitute who attempted to seduce the character played by actor Wesley Snipes. She also had a recurring role on the NBC legal drama L.A. Law. She portrayed "Dusty Brown" in the NBC miniseries A Matter of Justice. On being successfully cast in the NBC program Tonya and Nancy, Powers commented, "In a lot of ways, it's the role of the year". For the program, she received ice-skating lessons from Dody Teachman, former coach to Tonya Harding. In a review for The Orlando Sentinel, Powers received a positive reception, "It should be said that Powers, the Christian lawyer on L.A. Law, is a dead ringer for Tonya ... and that she delivers a convincing performance."
In the late 1990s she became a Scientologist, and by 1999 had married Gavin Potter and joined the Sea Organization, the religious order of the Church of Scientology.
Powers previously said she did not adhere to any religion: "I've sort of looked and searched. I was a Buddhist for about six months." She was married to actor Barry Sherman in December 1993. Powers lamented, "I have to take my ring off when I go to work. And that makes me sad, because I put the ring on and I don't want to ever have to take it off."
Alexandra Powers at IMDb
 </original_body>
 <spacy_body>
  Powers was born in {GPE[New York City]}. She grew up in an 'artsy, liberal environment' on both coasts with her divorced parents. Her father teaches acting.  She said in an interview that her parents "encouraged me to find my own truth". Commenting on her faith, she stated "I pray whenever I feel sad. And I believe that whatever is right will work out."  In that same interview, she said that her father was {NORP[Roman Catholic]} and her mother {ORG[Katharyn Powers]} was interested in metaphysics. Powers' mother wrote for television programs including {LOC[Fantasy Island]} and {ORG[Charlie's Angels]}. At {DATE[the age of six]}, {ORG[Powers]} announced her intentions to become an actress.
Powers appeared in various television and films roles including {ORG[Cast a Deadly Spell]}, {CARDINAL[21]} {FAC[Jump Street]}, and {ORG[Dead Poets Society]}. In the film {WORK_OF_ART[Rising Sun, Powers]} portrayed a prostitute who attempted to seduce the character played by actor {PERSON[Wesley Snipes]}. She also had a recurring role on the {ORG[NBC]} legal drama {PERSON[L.A. Law]}. She portrayed "{WORK_OF_ART[Dusty Brown]}" in the {ORG[NBC]} miniseries {WORK_OF_ART[A Matter of Justice]}. On being successfully cast in the {ORG[NBC]} program {GPE[Tonya]} and {PERSON[Nancy]}, {PERSON[Powers]} commented, "In a lot of ways, it's the role of {DATE[the year]}". For the program, she received ice-skating lessons from {PERSON[Dody Teachman]}, former coach to {PERSON[Tonya Harding]}. In a review for {ORG[The Orlando Sentinel]}, {ORG[Powers]} received a positive reception, "It should be said that {ORG[Powers]}, the {NORP[Christian]} lawyer on {PERSON[L.A. Law]}, is a dead ringer for {GPE[Tonya]} ... and that she delivers a convincing performance."
In {DATE[the late 1990s]} she became a {ORG[Scientologist]}, and by {DATE[1999]} had married {PERSON[Gavin Potter]} and joined {ORG[the Sea Organization]}, the religious order of {ORG[the Church of Scientology]}.
Powers previously said she did not adhere to any religion: "I've sort of looked and searched. I was a {NORP[Buddhist]} for {DATE[about six months]}." She was married to actor {PERSON[Barry Sherman]} in {DATE[December 1993]}. Powers lamented, "I have to take my ring off when I go to work. And that makes me sad, because I put the ring on and I don't want to ever have to take it off."
{PERSON[Alexandra Powers]} at IMDb
 </spacy_body>
</doc>