<?xml version="1.0" encoding="utf-8"?>
<doc>
 <title>
  Alex Meneses
 </title>
 <original_abstract>
  Alexandra Estella Meneses (born February 12, 1965) is an American actress and model.
 </original_abstract>
 <spacy_abstract>
  {PERSON[Alexandra Estella Meneses]} (born {DATE[February 12, 1965]}) is an {NORP[American]} actress and model.
 </spacy_abstract>
 <original_body>
  Meneses was born in Chicago, Illinois. She is of Mexican descent on her father’s side and Ukrainian descent on her mother’s side. Meneses studied acting at Chicago's The Second City Improvisational Theater during summer vacations. Immediately upon graduation from high school, she received a modeling contract in Milan, Italy. Originally, her stay in Italy was only to be three months, but she fell in love with the country, and remained there for two years, becoming a successful model. When Meneses returned to the United States, she moved to Los Angeles, where she studied acting at the Lee Strasberg Institute.
Meneses was a regular cast member in the Showtime comedy series Sherman Oaks in 1995. She later had the recurring role as Teresa Morales in the CBS western drama series Dr. Quinn, Medicine Woman. She also had supporting roles in a number of films, including Selena, The Flintstones in Viva Rock Vegas and Auto Focus.
She had other roles on television, appearing in an episode of Friends as Cookie (Joey Tribbiani's sister), as well as episodes of Suddenly Susan, The Hughleys, Any Day Now, CSI: Crime Scene Investigation, NCIS, Psych, and The Goldbergs. Meneses has also appeared in numerous Los Angeles stage productions. She had a recurring role in the CBS comedy series, Everybody Loves Raymond as Robert Barone's Italian girlfriend, Stefania. In 2015, Meneses was cast as aging telenovela star Isabela Santamaria in the NBC comedy series, Telenovela. On February 19, 2021, Meneses was cast in a recurring role for The CW series Walker.
Alex Meneses at IMDb
 </original_body>
 <spacy_body>
  Meneses was born in {GPE[Chicago]}, {GPE[Illinois]}. She is of {NORP[Mexican]} descent on her father’s side and {NORP[Ukrainian]} descent on her mother’s side. Meneses studied acting at {GPE[Chicago]}'s {ORG[The Second City Improvisational Theater]} during {DATE[summer]} vacations. Immediately upon graduation from high school, she received a modeling contract in {GPE[Milan]}, {GPE[Italy]}. Originally, her stay in {GPE[Italy]} was only to be {DATE[three months]}, but she fell in love with the country, and remained there for {DATE[two years]}, becoming a successful model. When {PERSON[Meneses]} returned to {GPE[the United States]}, she moved to {GPE[Los Angeles]}, where she studied acting at {ORG[the Lee Strasberg Institute]}.
{ORG[Meneses]} was a regular cast member in the {ORG[Showtime]} comedy series {PERSON[Sherman Oaks]} in {DATE[1995]}. She later had the recurring role as {PERSON[Teresa Morales]} in the {ORG[CBS]} western drama series Dr. {PERSON[Quinn]}, {ORG[Medicine Woman]}. She also had supporting roles in a number of films, including {WORK_OF_ART[Selena, The Flintstones]} in {GPE[Viva Rock Vegas]} and {ORG[Auto Focus]}.
She had other roles on television, appearing in an episode of {ORG[Friends as Cookie]} ({PERSON[Joey Tribbiani's]} sister), as well as episodes of Suddenly {PERSON[Susan]}, {PERSON[The Hughleys]}, Any Day Now, CSI: {ORG[Crime Scene Investigation]}, {ORG[NCIS]}, Psych, and The Goldbergs. {ORG[Meneses]} has also appeared in numerous {GPE[Los Angeles]} stage productions. She had a recurring role in the {ORG[CBS]} comedy series, Everybody {PERSON[Loves Raymond]} as {PERSON[Robert Barone's]} {NORP[Italian]} girlfriend, {GPE[Stefania]}. In {DATE[2015]}, {ORG[Meneses]} was cast as aging telenovela star {PERSON[Isabela Santamaria]} in the {ORG[NBC]} comedy series, {PERSON[Telenovela]}. On {DATE[February 19, 2021]}, {ORG[Meneses]} was cast in a recurring role for {ORG[The CW series Walker]}.
{PERSON[Alex Meneses]} at IMDb
 </spacy_body>
</doc>