<?xml version="1.0" encoding="utf-8"?>
<doc>
 <title>
  Alexandra Styron
 </title>
 <original_abstract>
  Claire Alexandra Styron known as Alexandra Styron, is an American author and professor.
 </original_abstract>
 <spacy_abstract>
  {PERSON[Claire Alexandra Styron]} known as {PERSON[Alexandra Styron]}, is an {NORP[American]} author and professor.
 </spacy_abstract>
 <original_body>
  Styron is the youngest child of author William Styron and poet and human rights activist Rose Burgunder. She grew up in Roxbury, Connecticut, and in Martha’s Vineyard. Styron attended Barnard College, and later the MFA Creative Writing program at Columbia University.
After a brief stint as an actress, Styron turned to writing and is the author of several books. Her most-noted work, 2011 memoir Reading My Father, detailed her life growing up with the Pulitzer Prize-winning novelist and explored his decades-long struggle with major clinical depression. The book was published by Scribner to strong reviews. In The New York Times Book Review, James Campbell described the book as “brilliant and shocking.” Reading My Father was nominated for the L.A. Times book award and long-listed for The New York Times bestseller list.Styron is a professor in the MFA Creative Writing program at Hunter College in New York City.
All The Finest Girls (2001), a novel;
Reading My Father (2011), a memoir about her father, author William Styron;
Steal This Country: A Handbook for Resistance, Persistence, and Fixing (Almost) Everything (2018), a young adult guide to activism.
Official website 
Alexandra Styron at IMDb
 </original_body>
 <spacy_body>
  {ORG[Styron]} is the youngest child of author {PERSON[William Styron]} and poet and human rights activist {PERSON[Rose Burgunder]}. She grew up in {GPE[Roxbury]}, {GPE[Connecticut]}, and in {GPE[Martha’s Vineyard]}. {PERSON[Styron]} attended {ORG[Barnard College]}, and later {LAW[the MFA Creative Writing]} program at {ORG[Columbia University]}.
After a brief stint as an actress, {ORG[Styron]} turned to writing and is the author of several books. Her most-noted work, {DATE[2011]} memoir Reading My Father, detailed her life growing up with the {WORK_OF_ART[Pulitzer Prize]}-winning novelist and explored his {DATE[decades]}-long struggle with major clinical depression. The book was published by {PERSON[Scribner]} to strong reviews. In {ORG[The New York Times Book Review]}, {PERSON[James Campbell]} described the book as “brilliant and shocking.” Reading My Father was nominated for the {ORG[L.A. Times]} book award and long-listed for {ORG[The New York Times]} bestseller list.{ORG[Styron]} is a professor in the MFA Creative Writing program at {ORG[Hunter College]} in {GPE[New York City]}.
All {ORG[The Finest Girls]} ({DATE[2001]}), a novel;
Reading My Father ({DATE[2011]}), a memoir about her father, author {PERSON[William Styron]};
Steal This Country: A Handbook for Resistance, Persistence, and {PERSON[Fixing]} (Almost) Everything (2018), a young adult guide to activism.
Official website 
{PERSON[Alexandra Styron]} at IMDb
 </spacy_body>
</doc>