<?xml version="1.0" encoding="utf-8"?>
<doc>
 <title>
  Alex D. Linz
 </title>
 <original_abstract>
  Alexander David Linz (born January 3, 1989) is an American filmmaker and former child actor who starred in several late 1990s and early 2000s films and television series. His film roles include Home Alone 3 (1997) and Max Keeble's Big Move (2001).
 </original_abstract>
 <spacy_abstract>
  {PERSON[Alexander David Linz]} (born {DATE[January 3, 1989]}) is an {NORP[American]} filmmaker and former child actor who starred in {DATE[several late 1990s]} and {DATE[early 2000s]} films and television series. His film roles include {ORG[Home Alone 3 (1997]}) and {PERSON[Max Keeble's]} Big Move ({DATE[2001]}).
 </spacy_abstract>
 <original_body>
  Linz was born in Santa Barbara, California, the son of Deborah Baltaxe, an attorney, and Dr. Daniel Linz, a professor of Communication at the University of California, Santa Barbara. His parents are divorced, and he lived with his mother. He has two younger sisters named Lily Alice and Livia. Linz is Jewish, and had a Bar Mitzvah ceremony.He attended Alexander Hamilton High School in Los Angeles during which time he was the lead singer of a local garage band named "The Fez Armada". After he graduated from the University of California, Berkeley, where he was a member of the improvisation and sketch comedy group, jericho!. Linz received a master's degree in Urban and Regional Planning at UCLA in 2017.
Linz made his acting debut in 1995 on an episode of the television series Cybill. He subsequently appeared in several television productions, played Phillip Chancellor IV on the soap opera The Young and the Restless in 1995 for a short period of time, and was cast as the son of Michelle Pfeiffer's character in the 1996 film One Fine Day. In 1997, Linz replaced Macaulay Culkin as the lead actor in Home Alone 3, and voiced both a young Tarzan in the 1999 animated film and a human boy named Franklin in the live-action/animated direct-to-video series The Wacky Adventures of Ronald McDonald, which was produced by Klasky Csupo for participating McDonald's restaurants from 1998 to 2003.
Linz had several starring roles in 2000s films aimed at younger audiences, including 2001's Max Keeble's Big Move, in which he played the title character, 2002's Race to Space, which received a minor theatrical release, and 2003's Hanukkah-themed made-for-television Disney Channel film Full-Court Miracle, in which he played the lead player in a Jewish school's basketball team.  He had a provocative starring role as an eccentric spelling prodigy with a penchant for cross-dressing and fashion in Bruno.
Linz appeared in the comedy The Amateurs, starring Jeff Bridges. He appeared in the 2007 short Order Up as a busboy. His final film role was in the 2007 political film Choose Connor as Owen Norris, alongside Steven Weber.
Linz was a lead science instructor at Galileo Learning, a pedestrian programs intern at the City of Los Angeles, a strategy and planning department intern at Metrolink, and a legal researcher for Smith &amp; Baltaxe, LLP.
Alex D. Linz at IMDb
 </original_body>
 <spacy_body>
  {ORG[Linz]} was born in {GPE[Santa Barbara]}, {GPE[California]}, the son of {PERSON[Deborah Baltaxe]}, an attorney, and Dr. {PERSON[Daniel Linz]}, a professor of Communication at {ORG[the University of California]}, {GPE[Santa Barbara]}. His parents are divorced, and he lived with his mother. He has {CARDINAL[two]} younger sisters named {PERSON[Lily Alice]} and {WORK_OF_ART[Livia]}. {ORG[Linz]} is {NORP[Jewish]}, and had a {PRODUCT[Bar Mitzvah]} ceremony.He attended {ORG[Alexander Hamilton High School]} in {GPE[Los Angeles]} during which time he was the lead singer of a local garage band named "{WORK_OF_ART[The Fez Armada]}". After he graduated from {ORG[the University of California, Berkeley]}, where he was a member of the improvisation and sketch comedy group, {GPE[jericho]}!. {PERSON[Linz]} received a master's degree in {ORG[Urban]} and Regional Planning at {ORG[UCLA]} in {DATE[2017]}.
{ORG[Linz]} made his acting debut in {DATE[1995]} on an episode of the television series {PERSON[Cybill]}. He subsequently appeared in several television productions, played {PERSON[Phillip Chancellor IV]} on the soap opera The {PERSON[Young]} and the {WORK_OF_ART[Restless]} in {DATE[1995]} for a short period of time, and was cast as the son of {PERSON[Michelle Pfeiffer's]} character in the {DATE[1996]} film {DATE[One Fine Day]}. In {DATE[1997]}, {ORG[Linz]} replaced {PERSON[Macaulay Culkin]} as the lead actor in {ORG[Home Alone]} {CARDINAL[3]}, and voiced both a young Tarzan in the {DATE[1999]} animated film and a human boy named {ORG[Franklin]} in the live-action/animated direct-to-video series {WORK_OF_ART[The Wacky Adventures]} of {PERSON[Ronald McDonald]}, which was produced by {PERSON[Klasky Csupo]} for participating {ORG[McDonald]}'s restaurants from {DATE[1998]} to {DATE[2003]}.
{ORG[Linz]} had several starring roles in {DATE[2000s]} films aimed at younger audiences, including {DATE[2001]}'s {PERSON[Max Keeble's]} Big Move, in which he played the title character, {DATE[2002]}'s {WORK_OF_ART[Race to Space]}, which received a minor theatrical release, and {DATE[2003]}'s Hanukkah-themed made-for-television {ORG[Disney Channel]} film {ORG[Full-Court]} Miracle, in which he played the lead player in a {NORP[Jewish]} school's basketball team.  He had a provocative starring role as an eccentric spelling prodigy with a penchant for cross-dressing and fashion in {GPE[Bruno]}.
{ORG[Linz]} appeared in the comedy {WORK_OF_ART[The Amateurs]}, starring {PERSON[Jeff Bridges]}. He appeared in the {DATE[2007]} short Order Up as a busboy. His final film role was in the {DATE[2007]} political film {FAC[Choose Connor]} as {PERSON[Owen Norris]}, alongside {PERSON[Steven Weber]}.
{PERSON[Linz]} was a lead science instructor at {PRODUCT[Galileo Learning]}, a pedestrian programs intern at {GPE[the City of Los Angeles]}, a strategy and planning department intern at {ORG[Metrolink]}, and a legal researcher for {ORG[Smith &amp; Baltaxe]}, {ORG[LLP]}.
{PERSON[Alex D. Linz]} at IMDb
 </spacy_body>
</doc>