<?xml version="1.0" encoding="utf-8"?>
<doc>
 <title>
  Alexander Kirkland
 </title>
 <original_abstract>
  William Alexander Kirkland (September 15, 1901, Mexico City, Mexico – c. 1986) was a leading man in Hollywood during the early sound era as well as a stage actor who starred in productions of the Group Theatre in New York.
 </original_abstract>
 <spacy_abstract>
  {PERSON[William Alexander Kirkland]} ({DATE[September 15, 1901]}, {GPE[Mexico City]}, {GPE[Mexico]} – c. {DATE[1986]}) was a leading man in {GPE[Hollywood]} during the early sound era as well as a stage actor who starred in productions of {ORG[the Group Theatre]} in {GPE[New York]}.
 </spacy_abstract>
 <original_body>
  Kirkland was born on September 15, 1901, in Mexico City, the son of Robert Gowland Kirkland and Charlotte Megan. He was the grandson of rear admiral William Alexander Kirkland and Consuela Gowland.Kirkland attended the Taft School in Watertown, Connecticut and the University of Virginia. He later attended the Pennsylvania Academy of Fine Arts, and while in Philadelphia, he began his acting career  at the Hedgerow Theatre in Media, Pennsylvania. His first play on Broadway was The Devil to Pay.He was also a freelance writer and contributed stories to popular national magazines of the time. In the late 1920s, Kirkland moved to Hollywood and starred as leading man to Tallulah Bankhead in Tarnished Lady (1931). Other credits include Charlie Chan's Chance (1932), Social Register (1934) A Face in the Crowd (1957), A Passport to Hell and Devil's Lottery.

In the 1930s, he was associated with the Group Theatre (New York), founded by Harold Clurman, Cheryl Crawford and Lee Strasberg.On radio, Kirkland played David Brewster in the soap opera Big Sister in the early 1940s, Curt Lansing in John's Other Wife, and Russell Barrington in Society Girl in that same era.He toured as one of the Yale Puppeteers and then worked with the troupe at the Turnabout Theatre in Los Angeles, which operated from 1941 to 1956. His friend and theater colleague Forman Brown used him as the model for one of his characters in the early gay novel Better Angel (1933).He married entertainer Gypsy Rose Lee in 1942. Carl Van Doren introduced them. They separated after three months and finally were divorced in 1944. Their son Eric later was recognized as the son of director Otto Preminger.From 1944 to 1950, he was married to socialite, actress, and TV producer Phyllis Adams (1923-2004), and they had one daughter, Alexandra "Sandy" Marsh, who committed suicide falling from the Park Belvedere 28th floor in 1987. Adams later remarried in 1955 to art director George Jenkins.In the 1950s, Kirkland owned an art gallery in Palm Beach, Florida, and in 1945, he purchased Villa del Sarmiento, an oceanfront Palm Beach estate.In 1959, he married Greta Hunter-Thompson Baldridge, a former Ziegfeld Follies girl, widow of a co-heir of the National Steel Corporation. They lived in Palm Beach, Fairfield, Connecticut, and Cuernavaca, Mexico. Greta died in 1972 in Mexico City. 
After the death of his third wife, Kirkland was connected to British actress Margot Grahame.At the time of his death, Kirkland was living in Cuernavaca, and his daughter said he had wasted all of his money.
Wings Over Europe (1928)
Men in White (1933)
Gold Eagle Guy (1934)
Till the Day I Die (1935)
Weep for the Virgins (1935)
The Case of Clyde Griffiths (1936)
Many Mansions (1937)
This filmography is believed to be complete.
Alexander Kirkland at the Internet Broadway Database
Alexander Kirkland at IMDb
Alexander Kirkland profile, hollywoodheyday.blogspot.com, August 2009; accessed July 26, 2015.Profile, broadway.cas.sc.edu; accessed July 26, 2015.
 </original_body>
 <spacy_body>
  {GPE[Kirkland]} was born on {DATE[September 15, 1901]}, in {GPE[Mexico City]}, the son of {PERSON[Robert Gowland Kirkland]} and {PERSON[Charlotte Megan]}. He was the grandson of rear admiral {PERSON[William Alexander Kirkland]} and {PERSON[Consuela Gowland]}.{PERSON[Kirkland]} attended {ORG[the Taft School]} in {GPE[Watertown]}, {GPE[Connecticut]} and {ORG[the University of Virginia]}. He later attended {ORG[the Pennsylvania Academy of Fine Arts]}, and while in {GPE[Philadelphia]}, he began his acting career  at {FAC[the Hedgerow Theatre]} in {GPE[Media]}, {GPE[Pennsylvania]}. His {ORDINAL[first]} play on {FAC[Broadway]} was The Devil to Pay.He was also a freelance writer and contributed stories to popular national magazines of the time. In {DATE[the late 1920s]}, {GPE[Kirkland]} moved to {GPE[Hollywood]} and starred as leading man to {ORG[Tallulah Bankhead]} in Tarnished Lady ({DATE[1931]}). Other credits include {PERSON[Charlie Chan's]} Chance ({DATE[1932]}), {ORG[Social Register]} ({DATE[1934]}) {WORK_OF_ART[A Face in the Crowd (1957]}), {WORK_OF_ART[A Passport to Hell and Devil's Lottery]}.

In {DATE[the 1930s]}, he was associated with {ORG[the Group Theatre]} ({GPE[New York]}), founded by {PERSON[Harold Clurman]}, {PERSON[Cheryl Crawford]} and {PERSON[Lee Strasberg]}.On radio, {GPE[Kirkland]} played {PERSON[David Brewster]} in the soap opera Big Sister in {DATE[the early 1940s]}, {PERSON[Curt Lansing]} in {PERSON[John]}'s Other Wife, and {PERSON[Russell Barrington]} in {PERSON[Society Girl]} in that same era.He toured as {CARDINAL[one]} of {ORG[the Yale Puppeteers]} and then worked with the troupe at {FAC[the Turnabout Theatre]} in {GPE[Los Angeles]}, which operated from {DATE[1941 to 1956]}. His friend and theater colleague {PERSON[Forman Brown]} used him as the model for {CARDINAL[one]} of his characters in the early gay novel {PERSON[Better Angel]} (1933).He married entertainer {PERSON[Gypsy Rose Lee]} in {DATE[1942]}. {PERSON[Carl Van Doren]} introduced them. They separated after {DATE[three months]} and finally were divorced in {DATE[1944]}. Their son {PERSON[Eric]} later was recognized as the son of director {PERSON[Otto Preminger]}.From {DATE[1944 to 1950]}, he was married to socialite, actress, and TV producer {PERSON[Phyllis Adams]} ({DATE[1923-2004]}), and they had {CARDINAL[one]} daughter, {PERSON[Alexandra "Sandy" Marsh]}, who committed suicide falling from the Park Belvedere {ORDINAL[28th]} floor in {DATE[1987]}. {ORG[Adams]} later remarried in {DATE[1955]} to art director {PERSON[George Jenkins]}.In {DATE[the 1950s]}, {GPE[Kirkland]} owned an art gallery in {GPE[Palm Beach]}, {GPE[Florida]}, and in {DATE[1945]}, he purchased {ORG[Villa del Sarmiento]}, an oceanfront {GPE[Palm Beach]} estate.In {DATE[1959]}, he married {PERSON[Greta Hunter-Thompson Baldridge]}, a former {PERSON[Ziegfeld Follies]} girl, widow of a co-heir of {ORG[the National Steel Corporation]}. They lived in {GPE[Palm Beach]}, {GPE[Fairfield]}, {GPE[Connecticut]}, and {ORG[Cuernavaca]}, {GPE[Mexico]}. Greta died in {DATE[1972]} in {GPE[Mexico City]}. 
After the death of his {ORDINAL[third]} wife, {GPE[Kirkland]} was connected to {NORP[British]} actress {PERSON[Margot Grahame]}.At the time of his death, {GPE[Kirkland]} was living in {ORG[Cuernavaca]}, and his daughter said he had wasted all of his money.
Wings Over Europe (1928)
Men in White ({DATE[1933]})
Gold Eagle Guy ({DATE[1934]})
Till the Day I Die ({DATE[1935]})
Weep for the Virgins ({DATE[1935]})
{WORK_OF_ART[The Case of Clyde Griffiths]} ({DATE[1936]})
Many Mansions ({DATE[1937]})
This filmography is believed to be complete.
{PERSON[Alexander Kirkland]} at {FAC[the Internet Broadway Database]}
{PERSON[Alexander Kirkland]} at IMDb
{PERSON[Alexander Kirkland]} profile, {ORG[hollywoodheyday.blogspot.com]}, {DATE[August 2009]}; accessed {DATE[July 26]}, {DATE[2015.Profile]}, broadway.cas.sc.edu; accessed {DATE[July 26, 2015]}.
 </spacy_body>
</doc>