<?xml version="1.0" encoding="utf-8"?>
<doc>
 <title>
  Alexander Field (actor)
 </title>
 <original_abstract>
  Alexander Field (1892–1971) was an English film and television actor.
 </original_abstract>
 <spacy_abstract>
  {PERSON[Alexander Field]} ({DATE[1892–1971]}) was an {LANGUAGE[English]} film and television actor.
 </spacy_abstract>
 <original_body>
  Alexander Field first appeared on stage at the London Palladium in 1912 and in the following year at the Gaiety Theatre in Manchester. He joined Sir Philip Ben Greet's Shakespearian productions and remained with them for some time. Field also played in some silent pictures before the First World War. He served in the war and, after demobilisation, he continued his stage and film careers. His stage work included a role in the original production of R.C. Sherriff's Journey's End, directed by James Whale, at the Apollo Theatre in 1928.
The Crooked Billet (1929)
Call of the Sea (1930)
Beyond the Cities (1930)
The Last Hour (1930)
Tin Gods (1932)
When London Sleeps (1932)
The Crooked Lady (1932)
A Safe Proposition (1932)
Head of the Family (1933)
Red Wagon (1933)
Dick Turpin (1933)
The Double Event (1934)
No Monkey Business (1935)
Invitation to the Waltz (1935)
Limelight (1936)
Millions (1937)
Waterloo (1937)
Make It Three (1938)
The Return of the Frog (1938)
The Dark Eyes of London (1939)
The Torso Murder Mystery (1939)
The Next of Kin (1942)
Let the People Sing (1942)
Welcome, Mr. Washington (1944)
Loyal Heart (1946)
Here Come the Huggetts (1948)
Under the Frozen Falls (1948)
Warning to Wantons (1949)
Poet's Pub (1949)
Waterfront Woman (1950)
Secret Venture (1955)
There's Always a Thursday (1957)
The Woman Eater (1958)
Undercover Girl (1958)
Naked Fury (1959)
Danger List (1959)
Alexander Field at IMDb
Alexander Field at the Internet Broadway Database
 </original_body>
 <spacy_body>
  {PERSON[Alexander Field]} {ORDINAL[first]} appeared on stage at {FAC[the London Palladium]} in {DATE[1912]} and in {DATE[the following year]} at {FAC[the Gaiety Theatre]} in {GPE[Manchester]}. He joined Sir {PERSON[Philip Ben Greet's]} {NORP[Shakespearian]} productions and remained with them for some time. Field also played in some silent pictures before {EVENT[the First World War]}. He served in the war and, after demobilisation, he continued his stage and film careers. His stage work included a role in the original production of {ORG[R.C. Sherriff's]} {WORK_OF_ART[Journey's End]}, directed by {PERSON[James Whale]}, at {FAC[the Apollo Theatre]} in {DATE[1928]}.
{ORG[The Crooked Billet]} ({DATE[1929]})
Call of the Sea ({DATE[1930]})
Beyond the Cities ({DATE[1930]})
The Last Hour ({DATE[1930]})
Tin Gods ({DATE[1932]})
When {GPE[London]} Sleeps ({DATE[1932]})
{PERSON[The Crooked Lady]} (1932)
{WORK_OF_ART[A Safe Proposition (1932]})
Head of the {PRODUCT[Family]} ({DATE[1933]})
Red Wagon ({DATE[1933]})
{PERSON[Dick Turpin]} ({DATE[1933]})
{LAW[The Double Event]} ({DATE[1934]})
No Monkey Business ({DATE[1935]})
Invitation to the {ORG[Waltz]} ({DATE[1935]})
Limelight ({DATE[1936]})
{CARDINAL[Millions]} (1937)
Waterloo (1937)
Make It Three (1938)
The Return of the Frog (1938)
{WORK_OF_ART[The Dark Eyes of London]} (1939)
The Torso Murder Mystery (1939)
The Next of Kin ({DATE[1942]})
Let the People Sing ({DATE[1942]})
Welcome, Mr. {PERSON[Washington]} ({DATE[1944]})
Loyal Heart ({DATE[1946]})
Here Come the Huggetts ({DATE[1948]})
Under {PERSON[the Frozen Falls]} (1948)
Warning to Wantons (1949)
{WORK_OF_ART[Poet's Pub]} ({DATE[1949]})
{ORG[Waterfront Woman]} ({DATE[1950]})
Secret Venture ({DATE[1955]})
There's Always a {DATE[Thursday]} ({DATE[1957]})
The Woman Eater ({DATE[1958]})
Undercover Girl ({DATE[1958]})
{PERSON[Naked Fury]} ({DATE[1959]})
{PERSON[Danger List]} ({DATE[1959]})
{PERSON[Alexander Field]} at IMDb
{PERSON[Alexander Field]} at {FAC[the Internet Broadway Database]}
 </spacy_body>
</doc>