<?xml version="1.0" encoding="utf-8"?>
<doc>
 <title>
  Alex Skuby
 </title>
 <original_abstract>
  Alex Skuby (born December 27, 1972) is an American actor who has appeared in film and television. He is most known for his role on The King of Queens as Doug Pruzan, Carrie's boss and a lawyer at her Manhattan law firm.Born in Neptune City, New Jersey, Skuby grew up in Manasquan, New Jersey. Skuby graduated from Wall High School in 1990 and attended Brookdale Community College.He is the co-host of comedy podcast "Zen AF" with comedian Wayne Hannah and filmmaker Tyler Boyco.
 </original_abstract>
 <spacy_abstract>
  {PERSON[Alex Skuby]} (born {DATE[December 27, 1972]}) is an {NORP[American]} actor who has appeared in film and television. He is most known for his role on {ORG[The King of Queens]} as {PERSON[Doug Pruzan]}, {PERSON[Carrie]}'s boss and a lawyer at her {GPE[Manhattan]} law firm.Born in {GPE[Neptune City]}, {GPE[New Jersey]}, {ORG[Skuby]} grew up in {GPE[Manasquan]}, {GPE[New Jersey]}. Skuby graduated from {ORG[Wall High School]} in {DATE[1990]} and attended {ORG[Brookdale Community College]}.He is the co-host of comedy podcast "{WORK_OF_ART[Zen AF]}" with comedian {PERSON[Wayne Hannah]} and filmmaker {PERSON[Tyler Boyco]}.
 </spacy_abstract>
 <original_body>
  Official website 
Alex Skuby at IMDb
Alex Skuby on YouTube
 </original_body>
 <spacy_body>
  Official website 
{PERSON[Alex Skuby]} at IMDb
{PERSON[Alex Skuby]} on {ORG[YouTube]}
 </spacy_body>
</doc>