<?xml version="1.0" encoding="utf-8"?>
<doc>
 <title>
  Alex Hyde-White
 </title>
 <original_abstract>
  Alex Hyde-White (born 30 January 1959), also credited as Alex Hyde White, is an American film and television actor. In 1978, he signed with Universal Pictures as one of the last "contract players" in Hollywood, in a group that included Lindsay Wagner, Andrew Stevens, Gretchen Corbett and Sharon Gless.
 </original_abstract>
 <spacy_abstract>
  {PERSON[Alex Hyde-White]} (born {DATE[30 January 1959]}), also credited as {PERSON[Alex Hyde White]}, is an {NORP[American]} film and television actor. In {DATE[1978]}, he signed with {ORG[Universal Pictures]} as {CARDINAL[one]} of the last "contract players" in {GPE[Hollywood]}, in a group that included {PERSON[Lindsay Wagner]}, {PERSON[Andrew Stevens]}, {PERSON[Gretchen Corbett]} and {PERSON[Sharon Gless]}.
 </spacy_abstract>
 <original_body>
  Hyde-White was born in London, the son of Ethel M. (née Korenman), a stage manager who acted under the name Ethel Drew, and actor Wilfrid Hyde-White. Known as Punch to friends, he grew up in Palm Springs, California, attending Palm Springs High School and Georgetown University in Washington, D.C. for one year after which he left to pursue an acting career.
Under contract to Universal Pictures at age 18, his first television job was one line – "leave my mother alone" – spoken to star Jack Klugman on the television series Quincy M.E. He recurred in several episodes, each time as a different character and also made numerous appearances in Battlestar Galactica and later Buck Rogers in the 25th Century which also featured his father Wilfrid. The only time both father and son appeared on screen together was on The Merv Griffin Show in 1980. A clip from that show is featured in his film Three Days of Hamlet.
In 1994 he played the Marvel Comics superhero Reed Richards, a.k.a. Mister Fantastic, in a motion picture adaptation of Marvel's flagship comics series The Fantastic Four. The film was low budget and made by certain parties in order to retain the film rights to the property; it was never released. Bootleg copies of the film made the rounds, and the film has acquired its own following. Hyde-White is regarded by many comics fans as the best embodiment of the character, who has since been played by Ioan Gruffudd and Miles Teller.
Through his production company TMG, named after his mentor, Washington attorney Steven Martindale, he produced the 2002 independent romantic drama Pursuit of Happiness, which starred Frank Whaley, Annabeth Gish, Adam Baldwin and featured Jean Stapleton in a cameo as the advertising agency's owner. Stapleton's son John Putch was the director. Putch had directed Alex previously in Deep Water and in Murder 101 for Hallmark. Alex has worked with Steven Spielberg three times, Indiana Jones and the Last Crusade as Young Henry Jones Senior and Catch Me If You Can as Dick Kesner, the divorce lawyer, and “Tintin”.
Hyde-White directed the TMG production Three Days, from Universal City-based Ytinifni Pictures, headed by David Suarez. Also starring Peter Woodward, Richard Chamberlain and Stefanie Powers, the experimental first-person documentary follows a troupe of actors who gather for three days to rehearse and perform a reading of Shakespeare's Hamlet. The film won Best Documentary at three festivals, International Family Film Festival (Hollywood, Spring 2012), L-Dub (Lake Worth, FL, Fall 2012), and Eugene Int'l Film Festival (Oregon, Fall 2012).His production company, TMG, is developing a few projects for both the big and small screen. One is the existentialist crime novel King of Infinite Space with the book's author Tyler Dilts, as an independent film. Screenwriter Peter Woodward is adapting the novel. The film is called Signal Hill. It is the first in the Danny Beckett series from Long Beach State professor Dilts. Another is Printer of Udell's based on the early 20th century novel by William Bell Wright.
His audiobook production company, Punch Audio, publishes through Audible such titles as Paladins by Joel Rosenberg, Miracle at Merion: Ben Hogan's 1950 Comeback by David Barrett, I Am John Galt, These Precious Hours by Michael Corrigan, and Jesus: The Missing Years by Walter Parks. Other artists at Punch Audio include the British actor Ian Hart, and actresses Mary Jane Wells, Liane Curtis and Kate Huffman. They recently produced for Audible five novels by the late British author Alec Waugh including the novel Island in the Sun which was adapted into the 1957 hit film of the same name starring James Mason, Harry Belafonte and Joan Collins. Fellow actor friends Juliet Mills and Maxwell Caulfield voiced Love in These Days and My Brother Evelyn and Other Stories.
Hyde-White was married to actress Karen Dotrice from 1986 until 1992. They have a son, Garrick. He is married to Shelly Hyde-White and resides in Santa Monica, California. They have a son Jackson.
Alex Hyde-White at IMDb
 </original_body>
 <spacy_body>
  {ORG[Hyde-White]} was born in {GPE[London]}, the son of {PERSON[Ethel M.]} ({PERSON[née Korenman]}), a stage manager who acted under the name {PERSON[Ethel Drew]}, and actor {PERSON[Wilfrid Hyde-White]}. Known as {NORP[Punch]} to friends, he grew up in {GPE[Palm Springs]}, {GPE[California]}, attending {ORG[Palm Springs High School]} and {ORG[Georgetown University]} in {GPE[Washington]}, {GPE[D.C.]} for {DATE[one year]} after which he left to pursue an acting career.
Under contract to {ORG[Universal Pictures]} at {DATE[age 18]}, his {ORDINAL[first]} television job was {CARDINAL[one]} line – "leave my mother alone" – spoken to star {PERSON[Jack Klugman]} on the television series Quincy M.E. He recurred in several episodes, each time as a different character and also made numerous appearances in {GPE[Battlestar Galactica]} and later {PERSON[Buck Rogers]} in {DATE[the 25th Century]} which also featured his father {PERSON[Wilfrid]}. The only time both father and son appeared on screen together was on {ORG[The Merv Griffin Show]} in {DATE[1980]}. A clip from that show is featured in his film {DATE[Three Days]} of {ORG[Hamlet]}.
In {DATE[1994]} he played the {ORG[Marvel Comics]} superhero {PERSON[Reed Richards]}, {GPE[a.k.a.]} Mister {PERSON[Fantastic]}, in a motion picture adaptation of {ORG[Marvel]}'s flagship comics series {WORK_OF_ART[The Fantastic Four]}. The film was low budget and made by certain parties in order to retain the film rights to the property; it was never released. Bootleg copies of the film made the rounds, and the film has acquired its own following. {ORG[Hyde-White]} is regarded by many comics fans as the best embodiment of the character, who has since been played by {ORG[Ioan Gruffudd]} and {ORG[Miles Teller]}.
Through his production company {ORG[TMG]}, named after his mentor, {GPE[Washington]} attorney {PERSON[Steven Martindale]}, he produced the {DATE[2002]} independent romantic drama {ORG[Pursuit of Happiness]}, which starred {PERSON[Frank Whaley]}, {PERSON[Annabeth Gish]}, {PERSON[Adam Baldwin]} and featured {PERSON[Jean Stapleton]} in a cameo as the advertising agency's owner. {PERSON[Stapleton]}'s son {PERSON[John Putch]} was the director. {ORG[Putch]} had directed {PERSON[Alex]} previously in {WORK_OF_ART[Deep Water]} and in {PRODUCT[Murder 101]} for {ORG[Hallmark]}. {PERSON[Alex]} has worked with {PERSON[Steven Spielberg]} {CARDINAL[three]} times, {PERSON[Indiana Jones]} and {ORG[the Last Crusade]} as Young {PERSON[Henry Jones]} Senior and Catch Me If You Can as {PERSON[Dick Kesner]}, the divorce lawyer, and “{PERSON[Tintin]}”.
Hyde-White directed the {ORG[TMG]} production {DATE[Three Days]}, from {GPE[Universal City]}-based {ORG[Ytinifni Pictures]}, headed by {PERSON[David Suarez]}. Also starring {PERSON[Peter Woodward]}, {PERSON[Richard Chamberlain]} and {PERSON[Stefanie Powers]}, the experimental {ORDINAL[first]}-person documentary follows a troupe of actors who gather for {DATE[three days]} to rehearse and perform a reading of {PERSON[Shakespeare]}'s {ORG[Hamlet]}. The film won {WORK_OF_ART[Best Documentary at three festivals, International Family Film Festival]} ({GPE[Hollywood]}, {DATE[Spring 2012]}), {GPE[L-Dub (Lake Worth]}, {GPE[FL]}, {DATE[Fall 2012]}), and {ORG[Eugene Int'l Film Festival]} ({GPE[Oregon]}, Fall 2012).His production company, {ORG[TMG]}, is developing a few projects for both the big and small screen. {CARDINAL[One]} is the existentialist crime novel King of Infinite Space with the book's author {PERSON[Tyler Dilts]}, as an independent film. Screenwriter {PERSON[Peter Woodward]} is adapting the novel. The film is called {ORG[Signal Hill]}. It is the {ORDINAL[first]} in the {PERSON[Danny Beckett]} series from {GPE[Long Beach State]} professor Dilts. Another is {PERSON[Printer of Udell's]} based on {DATE[the early 20th century]} novel by {PERSON[William Bell Wright]}.
His audiobook production company, {ORG[Punch Audio]}, publishes through {ORG[Audible]} such titles as {ORG[Paladins]} by {PERSON[Joel Rosenberg]}, Miracle at Merion: {PERSON[Ben Hogan's]} {DATE[1950]} Comeback by {PERSON[David Barrett]}, I Am {PERSON[John Galt]}, {TIME[These Precious Hours]} by {PERSON[Michael Corrigan]}, and {PERSON[Jesus]}: The Missing Years by {PERSON[Walter Parks]}. Other artists at {ORG[Punch Audio]} include the {NORP[British]} actor {PERSON[Ian Hart]}, and actresses {PERSON[Mary Jane Wells]}, {NORP[Liane Curtis]} and {PERSON[Kate Huffman]}. They recently produced for Audible {CARDINAL[five]} novels by the late {NORP[British]} author {PERSON[Alec Waugh]} including the novel Island in the {LOC[Sun]} which was adapted into the {DATE[1957]} hit film of the same name starring {PERSON[James Mason]}, {PERSON[Harry Belafonte]} and {PERSON[Joan Collins]}. Fellow actor friends {PERSON[Juliet Mills]} and {ORG[Maxwell Caulfield]} voiced {FAC[Love]} in {DATE[These Days]} and My Brother Evelyn and Other Stories.
{PERSON[Hyde-White]} was married to actress {PERSON[Karen Dotrice]} from {DATE[1986]} until {DATE[1992]}. They have a son, {PERSON[Garrick]}. He is married to {PERSON[Shelly Hyde-White]} and resides in {GPE[Santa Monica]}, {GPE[California]}. They have a son {PERSON[Jackson]}.
{PERSON[Alex Hyde-White]} at IMDb
 </spacy_body>
</doc>