<?xml version="1.0" encoding="utf-8"?>
<doc>
 <title>
  Alexander DiPersia
 </title>
 <original_abstract>
  Alexander John DiPersia (born March 6, 1982) is an American actor known for his role in the 2016 horror film Lights Out. DiPersia's first role was a minor cameo in the 2007 survival horror film I Am Legend.
 </original_abstract>
 <spacy_abstract>
  {PERSON[Alexander John DiPersia]} (born {DATE[March 6, 1982]}) is an {NORP[American]} actor known for his role in the {DATE[2016]} horror film {WORK_OF_ART[Lights Out]}. {ORG[DiPersia]}'s {ORDINAL[first]} role was a minor cameo in the {DATE[2007]} survival horror film {WORK_OF_ART[I Am Legend]}.
 </spacy_abstract>
 <original_body>
  DiPersia was raised in Connecticut and New York City, the son of Ronna (Kaufman), an artist, and John DiPersia, a lawyer. His grandfather, Robert Kaufman, was a prominent real estate developer. After attending the Hopkins School in New Haven, he moved to Boston to attend Boston College, where he majored in philosophy. His most recent role is starring in the Warner Brothers horror film Lights Out, alongside Teresa Palmer and Maria Bello. He is also shooting a major recurring role in the Amazon drama series Good Girls Revolt. He stars as a war veteran who attempts to restart his life after being deeply affected by his time in Vietnam. He also starred in a two-part series of short films directed by Diego Luna and Gael Garcia Bernal, titled "Drifting: Part 1" (Luna) and "Drifting: Part 2" (Garcia Bernal), as well as the drama "Thorns," that screened at both the Cannes and Venice Film Festivals.
DiPersia’s additional film credits include a role in I Am Legend, starring Will Smith and An American Carol with Kelsey Grammer. On the small screen, he has appeared on FOX’s Gotham and CBS’ NCIS: New Orleans. DiPersia played Marco Vitturi in Lovestruck: The Musical.DiPersia is also an active member of the New York art world as a collector, curator, and an advisor. He builds collections and focuses on interior design as it relates to the art for clients. He has worked for lobbies in New York as well as the permanent collection for the new buildings in New York’s Hudson Yards.
Alexander DiPersia at IMDb
Alexander DiPersia on Twitter
 </original_body>
 <spacy_body>
  {PERSON[DiPersia]} was raised in {GPE[Connecticut]} and {GPE[New York City]}, the son of {PERSON[Ronna]} (Kaufman), an artist, and {PERSON[John DiPersia]}, a lawyer. His grandfather, {PERSON[Robert Kaufman]}, was a prominent real estate developer. After attending {ORG[the Hopkins School]} in {GPE[New Haven]}, he moved to {GPE[Boston]} to attend {ORG[Boston College]}, where he majored in philosophy. His most recent role is starring in the {ORG[Warner Brothers]} horror film {ORG[Lights Out]}, alongside {PERSON[Teresa Palmer]} and {PERSON[Maria Bello]}. He is also shooting a major recurring role in the {ORG[Amazon]} drama series {WORK_OF_ART[Good Girls Revolt]}. He stars as a war veteran who attempts to restart his life after being deeply affected by his time in {GPE[Vietnam]}. He also starred in a {CARDINAL[two]}-part series of short films directed by {PERSON[Diego Luna]} and {PERSON[Gael Garcia Bernal]}, titled "{WORK_OF_ART[Drifting: Part 1]}" (Luna) and "{WORK_OF_ART[Drifting: Part 2]}" ({PERSON[Garcia Bernal]}), as well as the drama "Thorns," that screened at both the {ORG[Cannes and Venice Film Festivals]}.
{PERSON[DiPersia]}’s additional film credits include a role in I Am Legend, starring {PERSON[Will Smith]} and An {NORP[American]} {PERSON[Carol]} with {PERSON[Kelsey Grammer]}. On the small screen, he has appeared on {ORG[FOX]}’s Gotham and {ORG[CBS]}’ NCIS: {GPE[New Orleans]}. {PERSON[DiPersia]} played {PERSON[Marco Vitturi]} in {WORK_OF_ART[Lovestruck:]} The Musical.{PERSON[DiPersia]} is also an active member of the {GPE[New York]} art world as a collector, curator, and an advisor. He builds collections and focuses on interior design as it relates to the art for clients. He has worked for lobbies in {GPE[New York]} as well as the permanent collection for the new buildings in {GPE[New York]}’s {FAC[Hudson Yards]}.
{PERSON[Alexander DiPersia]} at IMDb
{PERSON[Alexander DiPersia]} on Twitter
 </spacy_body>
</doc>