<?xml version="1.0" encoding="utf-8"?>
<doc>
 <title>
  Alex Descas
 </title>
 <original_abstract>
  Alex Descas (born 1958) is a French actor known for his roles in films by Claire Denis and Jim Jarmusch. In France he is also known for his role as Schneider in the French TV series Un Flic.
He is a frequent collaborator of Claire Denis, appearing in more than half of her theatrical feature-length films, including No Fear, No Die, Nénette et Boni, I Can't Sleep, Trouble Every Day, The Intruder, 35 Shots of Rum and Bastards, as well as Ten Minutes Older: The Cello. He is of Antillean (Guadeloupean) descent.
 </original_abstract>
 <spacy_abstract>
  {PERSON[Alex Descas]} (born {DATE[1958]}) is a {NORP[French]} actor known for his roles in films by {PERSON[Claire Denis]} and {PERSON[Jim Jarmusch]}. In {GPE[France]} he is also known for his role as {PERSON[Schneider]} in the {NORP[French]} TV series {WORK_OF_ART[Un Flic]}.
He is a frequent collaborator of {PERSON[Claire Denis]}, appearing in {CARDINAL[more than half]} of her theatrical feature-length films, including No Fear, No Die, {PERSON[Nénette]} et {PERSON[Boni]}, I Can't Sleep, Trouble Every Day, The Intruder, {CARDINAL[35]} {ORG[Shots of Rum and Bastards]}, as well as Ten Minutes Older: The Cello. He is of {NORP[Antillean]} (Guadeloupean) descent.
 </spacy_abstract>
 <original_body>
  Alex Descas at IMDb
 </original_body>
 <spacy_body>
  {PERSON[Alex Descas]} at IMDb
 </spacy_body>
</doc>