<?xml version="1.0" encoding="utf-8"?>
<doc>
 <title>
  Alex Menglet
 </title>
 <original_abstract>
  Alex Menglet, born Alexei Menglet in Moscow  USSR in 1956, is an actor who has found success working in Australia.
 </original_abstract>
 <spacy_abstract>
  {PERSON[Alex Menglet]}, born {PERSON[Alexei Menglet]} in {GPE[Moscow]}  {GPE[USSR]} in {DATE[1956]}, is an actor who has found success working in {GPE[Australia]}.
 </spacy_abstract>
 <original_body>
  Menglet is best known for his roles as chef Ray "Gay Ray" Proctor in the 1984 season of Prisoner and more recently as Zoran Baranoff in the SBS series Kick. He has also appeared on Australian television series, Skyways, The Sullivans, Cop Shop and Carson's Law. His latest role was in the UK.TV mini-series False Witness. He has also appeared in the films Sky Pirates (1986), The Still Point (1986) and Holidays on the River Yarra (1991). Menglet also appeared as Joan Ferguson's father and fencing instructor, Ivan Ferguson in Wentworth.
Menglet has two daughters, Denisia and Katerina.
Alex Menglet at IMDb
 </original_body>
 <spacy_body>
  Menglet is best known for his roles as chef {PERSON[Ray "Gay Ray" Proctor]} in {DATE[the 1984 season]} of Prisoner and more recently as {PERSON[Zoran Baranoff]} in the SBS series Kick. He has also appeared on {NORP[Australian]} television series, {PERSON[Skyways]}, The {NORP[Sullivans]}, {PERSON[Cop Shop]} and {PERSON[Carson]}'s {PERSON[Law]}. His latest role was in the UK.TV mini-series {WORK_OF_ART[False Witness]}. He has also appeared in the films {ORG[Sky Pirates]} ({DATE[1986]}), {ORG[The Still Point]} ({DATE[1986]}) and {PERSON[Holidays]} on the River Yarra ({DATE[1991]}). Menglet also appeared as {PERSON[Joan Ferguson's]} father and fencing instructor, {PERSON[Ivan Ferguson]} in {GPE[Wentworth]}.
{PERSON[Menglet]} has {CARDINAL[two]} daughters, {GPE[Denisia]} and {LOC[Katerina]}.
{PERSON[Alex Menglet]} at IMDb
 </spacy_body>
</doc>