<?xml version="1.0" encoding="utf-8"?>
<doc>
 <title>
  Alex Vincent (actor)
 </title>
 <original_abstract>
  Alexander Vincent LoScialpo (born April 29, 1981) is an American actor, writer and sound engineer. He is known for his role as Andy Barclay in the Child's Play franchise, having played the character in Child's Play (1988), Child's Play 2 (1990), Curse of Chucky (2013), Cult of Chucky (2017) and again for the Syfy/USA Network television series Chucky in 2021.
 </original_abstract>
 <spacy_abstract>
  {PERSON[Alexander Vincent LoScialpo]} (born {DATE[April 29, 1981]}) is an {NORP[American]} actor, writer and sound engineer. He is known for his role as {PERSON[Andy Barclay]} in the Child's Play franchise, having played the character in {WORK_OF_ART[Child's Play]} ({DATE[1988]}), {WORK_OF_ART[Child's Play 2 (]}{DATE[1990]}), Curse of {PERSON[Chucky]} ({DATE[2013]}), {ORG[Cult of Chucky]} ({DATE[2017]}) and again for {ORG[the Syfy/USA Network television]} series {PERSON[Chucky]} in {DATE[2021]}.
 </spacy_abstract>
 <original_body>
  Vincent was born in Newark, New Jersey and raised in Maywood, New Jersey.
At the age of 5, his desire to start acting happened when he saw his neighbor on television, he went to her agent and scored in several commercials. In 1988, he landed the role of Andy Barclay in Child's Play after competing against hundreds in NYC and LA, and ultimately 2 other kids his age. He got the role after refusing to swear in front of his mother while reading some lines. After playing it off like he forgot the lines, he impressed the producers and landed the role.
He is the owner and producer at AV Productions Recording Studio and Production Company in Clearwater, Florida.
He graduated from Hackensack High School in 1999.  Vincent also attended Full Sail University in Winter Park, Florida.
Frost Bite (2012) - Sound designer
House Guest Massacre (2013) - Composer, writer
10 Seconds to Run (2016) - Sound editor, composer
South of Central (2020) - Sound editor (13 episodes)
Koko (2021) - Sound Mixer
Sorority of the Damned (TBA) - Sound
Official website
Alex Vincent at IMDb
 </original_body>
 <spacy_body>
  {PERSON[Vincent]} was born in {GPE[Newark]}, {GPE[New Jersey]} and raised in {GPE[Maywood]}, {GPE[New Jersey]}.
At {DATE[the age of 5]}, his desire to start acting happened when he saw his neighbor on television, he went to her agent and scored in several commercials. In {DATE[1988]}, he landed the role of {PERSON[Andy Barclay]} in Child's Play after competing against {CARDINAL[hundreds]} in {GPE[NYC]} and {GPE[LA]}, and ultimately {CARDINAL[2]} other kids his age. He got the role after refusing to swear in front of his mother while reading some lines. After playing it off like he forgot the lines, he impressed the producers and landed the role.
He is the owner and producer at {ORG[AV Productions Recording Studio and Production Company]} in {GPE[Clearwater]}, {GPE[Florida]}.
He graduated from {ORG[Hackensack High School]} in {DATE[1999]}.  {PERSON[Vincent]} also attended {ORG[Full Sail University]} in {GPE[Winter Park]}, {GPE[Florida]}.
{PERSON[Frost Bite]} ({DATE[2012]}) - Sound designer
House Guest Massacre ({DATE[2013]}) - Composer, writer
{TIME[10 Seconds]} to Run ({DATE[2016]}) - Sound editor, composer
South of Central ({DATE[2020]}) - Sound editor ({CARDINAL[13]} episodes)
{PERSON[Koko]} ({DATE[2021]}) - Sound Mixer
Sorority of the Damned (TBA) - Sound
Official website
{PERSON[Alex Vincent]} at IMDb
 </spacy_body>
</doc>