<?xml version="1.0" encoding="utf-8"?>
<doc>
 <title>
  Alexander Gauge
 </title>
 <original_abstract>
  Alexander Gauge (29 July 1914 – 28 August 1960) was a British actor best known for playing Friar Tuck in The Adventures of Robin Hood from 1955 to 1959.
Born in a Methodist Mission station in Wenzhou in China, Gauge was a well-known English character actor. Gauge attended school in California before moving to England. He served in the British Army in India during World War II, where he became acquainted with John Masters. He first appeared on the New York stage in 1945. He acted in many of Shakespeare's plays, and usually played villains in British films, but many considered his forte to be comedy. He was a great hit in the London stage production of The Seven Year Itch.Gauge appeared in the films The Interrupted Journey in 1949, and, all in 1952, Murder in the Cathedral, Mother Riley Meets the Vampire, with Old Mother Riley and Béla Lugosi, and was the flirtatious Tracy Tupman in The Pickwick Papers. He also appeared in the films Martin Luther (1953), Beau Brummell (1954), The Green Man (1956) and The Iron Petticoat (1956) starring Bob Hope. In 1955 he joined the cast of both The Scarlet Pimpernel (as George, the Prince Regent) and The Adventures of Robin Hood, as Friar Tuck, a role he played until 1960. In 1959 Gauge starred as Brigadier Wellington-Bull in the series The Adventures of Brigadier Wellington-Bull alongside Valerie Singleton.
In 1960, just weeks before his death, he played the Duke of Norfolk in the original West End production of A Man for All Seasons at the Globe Theatre. His last performance was a posthumous appearance in the 1961 film Nothing Barred starring Brian Rix.
Gauge  married Phyllis Anne Young in Penzance in 1957. He died aged 46 in Woking in Surrey in 1960. Originally, he was thought to have died from an overdose, however, it was later ascertained that he died of natural causes. His death certificate, issued by the General Register Office for England and Wales, lists the cause of death as a malignant brain tumour.
 </original_abstract>
 <spacy_abstract>
  {PERSON[Alexander Gauge]} ({DATE[29 July 1914]} – {DATE[28 August 1960]}) was a {NORP[British]} actor best known for playing {PERSON[Friar Tuck]} in {WORK_OF_ART[The Adventures of Robin Hood]} from {DATE[1955 to 1959]}.
Born in a {ORG[Methodist Mission]} station in {GPE[Wenzhou]} in {GPE[China]}, Gauge was a well-known {LANGUAGE[English]} character actor. Gauge attended school in {GPE[California]} before moving to {GPE[England]}. He served in {ORG[the British Army]} in {GPE[India]} during {EVENT[World War II]}, where he became acquainted with {PERSON[John Masters]}. He {ORDINAL[first]} appeared on the {GPE[New York]} stage in {DATE[1945]}. He acted in many of {PERSON[Shakespeare]}'s plays, and usually played villains in {NORP[British]} films, but many considered his forte to be comedy. He was a great hit in the {GPE[London]} stage production of {EVENT[The Seven Year Itch.Gauge]} appeared in the films {WORK_OF_ART[The Interrupted Journey]} in {DATE[1949]}, and, all in {DATE[1952]}, Murder in the Cathedral, Mother Riley Meets the Vampire, with Old Mother Riley and {PERSON[Béla Lugosi]}, and was the flirtatious {PERSON[Tracy Tupman]} in {ORG[The Pickwick Papers]}. He also appeared in the films {PERSON[Martin Luther]} ({DATE[1953]}), {PERSON[Beau Brummell]} ({DATE[1954]}), {WORK_OF_ART[The Green Man]} ({DATE[1956]}) and {ORG[The Iron Petticoat]} ({DATE[1956]}) starring {PERSON[Bob Hope]}. In {DATE[1955]} he joined the cast of both {WORK_OF_ART[The Scarlet Pimpernel]} (as {PERSON[George]}, the Prince Regent) and {WORK_OF_ART[The Adventures of Robin Hood]}, as {PERSON[Friar Tuck]}, a role he played until {DATE[1960]}. In {DATE[1959]} Gauge starred as Brigadier {PERSON[Wellington-Bull]} in the series {WORK_OF_ART[The Adventures of Brigadier]} {PERSON[Wellington-Bull]} alongside {PERSON[Valerie Singleton]}.
In {DATE[1960]}, {DATE[just weeks]} before his death, he played the Duke of Norfolk in the original {LOC[West End]} production of {WORK_OF_ART[A Man for All Seasons]} at {FAC[the Globe Theatre]}. His last performance was a posthumous appearance in the {DATE[1961]} film Nothing Barred starring {PERSON[Brian Rix]}.
Gauge  married {PERSON[Phyllis Anne Young]} in {PERSON[Penzance]} in {DATE[1957]}. He died aged {DATE[46]} in {GPE[Woking]} in {GPE[Surrey]} in {DATE[1960]}. Originally, he was thought to have died from an overdose, however, it was later ascertained that he died of natural causes. His death certificate, issued by {ORG[the General Register Office for England]} and {GPE[Wales]}, lists the cause of death as a malignant brain tumour.
 </spacy_abstract>
 <original_body>
  Alexander Gauge at IMDb
Gauge and The Adventures of Robin Hood
Gauge on the New York Times website
 </original_body>
 <spacy_body>
  {PERSON[Alexander Gauge]} at IMDb
{PERSON[Gauge]} and {WORK_OF_ART[The Adventures of Robin Hood
Gauge on the New York Times]} website
 </spacy_body>
</doc>