<?xml version="1.0" encoding="utf-8"?>
<doc>
 <title>
  Alex Reid (fighter)
 </title>
 <original_abstract>
  Alexander Aristides Reid (born 21 July 1975) is an English former mixed martial artist (MMA), fighting under Bellator, BAMMA and Cage Rage. He is an actor, having been in Hollyoaks also making an appearance in Drifters. Reid was the winner of Channel 4's 7th and final series of Celebrity Big Brother in 2010.
 </original_abstract>
 <spacy_abstract>
  {PERSON[Alexander Aristides Reid]} (born {DATE[21 July 1975]}) is an {LANGUAGE[English]} former mixed martial artist (MMA), fighting under {ORG[Bellator]}, {ORG[BAMMA]} and {PERSON[Cage Rage]}. He is an actor, having been in {GPE[Hollyoaks]} also making an appearance in Drifters. {PERSON[Reid]} was the winner of {ORG[Channel 4's]} {ORDINAL[7th]} and final series of {WORK_OF_ART[Celebrity Big Brother]} in {DATE[2010]}.
 </spacy_abstract>
 <original_body>
  Reid was born in Aldershot, Hampshire, where he attended the Connaught School. His father was a paratrooper and his mother was a homemaker. He is the youngest of six siblings.
In 1998, he competed as a contestant in one episode of the game show Gladiators.
Reid played Jason Cunliffe in the Channel 4 soap-opera Hollyoaks in 2001. He made an appearance in one episode of the comedy series My Hero in 2002. He appears in the film G.O.D.TECH (2021). He also appeared in the TV Series Drifters (2016), as himself.
Reid first got into martial arts at 14 and subsequently turned to mixed martial arts: "It was just a natural progression. I started off doing kung fu, karate-style tournaments before moving on to boxing, kickboxing, a little bit of judo, jiu-jitsu. MMA was a natural progression for a young lad wanting to find the latest and best style. It's just the most efficient and effective blend of martial arts really." He participated in mixed martial arts promotions Cage Rage, BAMMA and UCMMA and made his professional mixed martial arts debut in 2000.Between 2004 and 2007, Reid appeared in the Cage Rage Championships. During this period, he achieved a record of 2 wins and 8 losses. On 22 September 2007, Reid faced Matt Ewin for the Cage Rage British Middleweight Championship at Cage Rage 23: Unbelievable, where he lost via unanimous decision.
On 15 May 2010, Reid was scheduled to return to the cage professionally for the first time since 2007 to face Tom "Kong" Watson for the vacant BAMMA Middleweight Championship at BAMMA 3. However, Reid injured his knee while filming his documentary TV series Alex Reid: The Fight of His Life and was forced to pull out of the Reid-Watson fight and he was replaced by Matt Horwich. The pair was rescheduled to meet at BAMMA 4, Reid lost the fight via unanimous decision.On 14 May 2011, Reid announced his retirement from MMA at an UCMMA 20 event in London. However, he did not rule out a return to the sport in future. His retirement was short lived, as he accepted a challenge from Jason Barrett at UCMMA 22. During the weigh-ins the day prior to the 2011 fight, both men weighed in at just under the 13 st 3 lb mark, being 13 st 2 lb and 13 st 1 lb respectively. For the camera shot of both men squared up to each other, Reid kissed Barrett on the lips, which infuriated him and he had to be held back by UCMMA officials. Reid was laughing at his reaction, and vowed he would apologise "after the fight". On 6 August, Reid defeated Jason Barrett, via triangle choke in the first round, marking his first win in 6 years in MMA. On 16 July 2016, Reid made his return to MMA for the first time in nearly four years. He lost the fight via unanimous decision (30–27, 30–27, 30–26) at Bellator 158.
On 3 January 2010, Reid became one of twelve housemates in Channel 4's 7th and final series of Celebrity Big Brother. Reid was heavily booed on his entry, which he acknowledged saying "this is why I'm here, to hopefully change these boos into cheers" during his time in the house. He managed to win over the public and on 29 January he won the show with 65% of the vote.Then became drag queen winner the following year 2011Reid also appeared in the reality shows What Katie Did Next and Katie &amp; Alex: For Better for Worse.
Reid began dating glamour model Katie Price in July 2009, thus becoming embroiled in intense tabloid publicity in Britain following Price's divorce from Peter Andre, her first husband. In February 2010, Reid and Price married in Las Vegas. Price announced they had separated in January 2011.Reid later began dating glamour model and fellow Celebrity Big Brother winner Chantelle Houghton. Reid later proposed live on the RTÉ programme The Saturday Night Show a few months later. On 15 November 2011, Houghton confirmed that she was pregnant with the couple's first child. On 17 June 2012, Houghton gave birth to a daughter, Dolly Reid. The couple separated in October 2012In 2020 Reid stated he currently works as a personal trainer, and teaches martial arts to children. He is engaged to Nikki Manashe and lives in his home town of Aldershot.
In April 2021 Reid was jailed for eight weeks for contempt of court after making a false statement in a claim for compensation after a car crash.
List of male mixed martial artists
Professional MMA record for Alex Reid from Sherdog 
Alex Reid at IMDb
Official website
 </original_body>
 <spacy_body>
  {PERSON[Reid]} was born in {GPE[Aldershot]}, {GPE[Hampshire]}, where he attended {ORG[the Connaught School]}. His father was a paratrooper and his mother was a homemaker. He is the youngest of {CARDINAL[six]} siblings.
In {DATE[1998]}, he competed as a contestant in {CARDINAL[one]} episode of the game show Gladiators.
{PERSON[Reid]} played {PERSON[Jason Cunliffe]} in the {ORG[Channel 4]} soap-opera {ORG[Hollyoaks]} in {DATE[2001]}. He made an appearance in {CARDINAL[one]} episode of the comedy series {PERSON[My Hero]} in {DATE[2002]}. He appears in the film G.O.D.TECH ({DATE[2021]}). He also appeared in {EVENT[the TV Series Drifters]} ({DATE[2016]}), as himself.
{PERSON[Reid]} {ORDINAL[first]} got into martial arts at {CARDINAL[14]} and subsequently turned to mixed martial arts: "It was just a natural progression. I started off doing kung fu, karate-style tournaments before moving on to boxing, kickboxing, a little bit of {GPE[judo]}, {PERSON[jiu-jitsu]}. {ORG[MMA]} was a natural progression for a young lad wanting to find the latest and best style. It's just the most efficient and effective blend of martial arts really." He participated in mixed martial arts promotions {ORG[Cage Rage]}, {ORG[BAMMA]} and {ORG[UCMMA]} and made his professional mixed martial arts debut in {DATE[2000.Between 2004 and 2007]}, {PERSON[Reid]} appeared in {LAW[the Cage Rage Championships]}. During this period, he achieved a record of {CARDINAL[2]} wins and {CARDINAL[8]} losses. On {DATE[22 September 2007]}, {PERSON[Reid]} faced {PERSON[Matt Ewin]} for {ORG[the Cage Rage British Middleweight Championship]} at Cage Rage {CARDINAL[23]}: Unbelievable, where he lost via unanimous decision.
On {DATE[15 May 2010]}, {PERSON[Reid]} was scheduled to return to the cage professionally for the {ORDINAL[first]} time since {DATE[2007]} to face {PERSON[Tom "Kong" Watson]} for the vacant BAMMA Middleweight Championship at BAMMA 3. However, {PERSON[Reid]} injured his knee while filming his documentary TV series {PERSON[Alex Reid]}: {WORK_OF_ART[The Fight of His Life]} and was forced to pull out of the {PERSON[Reid-Watson]} fight and he was replaced by {PERSON[Matt Horwich]}. The pair was rescheduled to meet at {ORG[BAMMA 4]}, {PERSON[Reid]} lost the fight via unanimous decision.On {DATE[14 May 2011]}, {PERSON[Reid]} announced his retirement from {ORG[MMA]} at an {ORG[UCMMA 20]} event in {GPE[London]}. However, he did not rule out a return to the sport in future. His retirement was short lived, as he accepted a challenge from {PERSON[Jason Barrett]} at {FAC[UCMMA 22]}. During the weigh-ins {DATE[the day]} prior to the {DATE[2011]} fight, both men weighed in at just under the {CARDINAL[13]} st 3 lb mark, being {CARDINAL[13]} st 2 lb and {CARDINAL[13]} st {CARDINAL[1]} lb respectively. For the camera shot of both men squared up to each other, {PERSON[Reid]} kissed {PERSON[Barrett]} on the lips, which infuriated him and he had to be held back by {ORG[UCMMA]} officials. {PERSON[Reid]} was laughing at his reaction, and vowed he would apologise "after the fight". On {DATE[6 August]}, {PERSON[Reid]} defeated {PERSON[Jason Barrett]}, via triangle choke in the {ORDINAL[first]} round, marking his {ORDINAL[first]} win in {DATE[6 years]} in {ORG[MMA]}. On {DATE[16 July 2016]}, {PERSON[Reid]} made his return to {ORG[MMA]} for the {ORDINAL[first]} time in {DATE[nearly four years]}. He lost the fight via unanimous decision (30–27, 30–27, 30–26) at {FAC[Bellator 158]}.
On {DATE[3 January 2010]}, {PERSON[Reid]} became {CARDINAL[one]} of {CARDINAL[twelve]} housemates in {ORG[Channel 4's]} {ORDINAL[7th]} and final series of {ORG[Celebrity Big Brother]}. {PERSON[Reid]} was heavily booed on his entry, which he acknowledged saying "this is why I'm here, to hopefully change these boos into cheers" during his time in the house. He managed to win over the public and on {DATE[29 January]} he won the show with {PERCENT[65%]} of the vote.Then became drag queen winner {DATE[the following year 2011Reid]} also appeared in the reality shows What Katie Did Next and {ORG[Katie &amp; Alex]}: For {WORK_OF_ART[Better for Worse]}.
{PERSON[Reid]} began dating glamour model {PERSON[Katie Price]} in {DATE[July 2009]}, thus becoming embroiled in intense tabloid publicity in {GPE[Britain]} following {GPE[Price]}'s divorce from {PERSON[Peter Andre]}, her {ORDINAL[first]} husband. In {DATE[February 2010]}, {PERSON[Reid]} and {PERSON[Price]} married in {GPE[Las Vegas]}. Price announced they had separated in {DATE[January 2011.Reid later]} began dating glamour model and fellow {ORG[Celebrity Big Brother]} winner {PERSON[Chantelle Houghton]}. {PERSON[Reid]} later proposed live on the {ORG[RTÉ]} programme {WORK_OF_ART[The Saturday Night Show]} {DATE[a few months later]}. On {CARDINAL[15]} {DATE[November 2011]}, {PERSON[Houghton]} confirmed that she was pregnant with the couple's {ORDINAL[first]} child. On {DATE[17 June 2012]}, {PERSON[Houghton]} gave birth to a daughter, {PERSON[Dolly Reid]}. The couple separated in {DATE[October 2012In 2020]} {PERSON[Reid]} stated he currently works as a personal trainer, and teaches martial arts to children. He is engaged to {ORG[Nikki Manashe]} and lives in his home town of {ORG[Aldershot]}.
In {DATE[April 2021]} {PERSON[Reid]} was jailed for {DATE[eight weeks]} for contempt of court after making a false statement in a claim for compensation after a car crash.
List of male mixed martial artists
Professional MMA record for {PERSON[Alex Reid]} from {PERSON[Sherdog]} 
{PERSON[Alex Reid]} at IMDb
Official website
 </spacy_body>
</doc>