<?xml version="1.0" encoding="utf-8"?>
<doc>
 <title>
  Alexis Arquette
 </title>
 <original_abstract>
  Alexis Arquette (born Robert Arquette; July 28, 1969 – September 11, 2016) was an American actress.
 </original_abstract>
 <spacy_abstract>
  {PERSON[Alexis Arquette]} (born {PERSON[Robert Arquette]}; {DATE[July 28, 1969 –]} {DATE[September 11, 2016]}) was an {NORP[American]} actress.
 </spacy_abstract>
 <original_body>
  Arquette was born in Los Angeles, the fourth of five children of Brenda Olivia "Mardi" (née Nowak), an actress, poet, theater operator, activist, acting teacher, and therapist; and Lewis Arquette, an actor and director. Lewis' family's surname was originally "Arcouet"; Lewis's father was comedian Cliff Arquette, who went by the stage name of Charley Weaver. Arquette was distantly related to American explorer Meriwether Lewis. Actors Rosanna, Richmond, Patricia, and David Arquette are her siblings.
In 1982, at the age of 12, Arquette's first acting gig was as "this little kid who's on a ride with all these women and whatnot" in the music video "She's a Beauty" by The Tubes. In 1986, Arquette debuted on the big screen in an uncredited role as Alexis, the androgynous friend and bandmate of sexually ambivalent teenager Max Whiteman (Evan Richards) in Down and Out in Beverly Hills.Arquette, in the earlier years of her career, primarily performed as a female impersonator, frequently under the name "Eva Destruction". Later in her career, Arquette made public that she had begun the process leading to sex reassignment surgery. To this end, Arquette had publicly declared that she considered her gender to be female.
At 19, Arquette played trans sex worker Georgette in the screen adaptation of Last Exit to Brooklyn. The majority of Arquette's film work was in low-budget or independent films. In total, Arquette starred in more than 40 movies, including I Think I Do, Children of the Corn V: Fields of Terror, and Sometimes They Come Back... Again. Arquette also starred as a crack addict opposite Tim Roth in Jumpin' at the Boneyard, as a teenage boy seeking revenge for a horrible childhood in the New Zealand-shot horror fantasy Jack Be Nimble, and as a murderous drag queen in the low budget comedy Killer Drag Queens on Dope.Arquette also had supporting roles in Pulp Fiction, Threesome and Bride of Chucky, and she played a Boy George fanatic, George Stitzer, in the Adam Sandler–Drew Barrymore film The Wedding Singer, singing "Do You Really Want to Hurt Me" over and over. Her role as Georgina, a Boy George impersonator, in another Sandler–Barrymore film, Blended, was a reference to that role. In 2001, Arquette returned to New Zealand to play Roman emperor Caligula in two episodes of Xena: Warrior Princess. That same year, Arquette guest starred in the Friends episode "The One with Chandler's Dad", in which she directly interacted with her sister-in-law, Courteney Cox. Also in the same year, she cameoed in Son of the Beach.In September 2005, VH1 announced Arquette as one of the celebrity house-guests on the 6th season of The Surreal Life. On January 31, 2007, Arquette was a featured celebrity client and guest judge on the première episode of Bravo's reality show Top Design. Arquette also made a cameo appearance in the music video for Robbie Williams' song "She's Madonna".
In 2004, Arquette expressed an interest in undergoing gender-affirming medical treatment in the form of hormone therapy and, ultimately, sex reassignment surgery, which she realized in 2006, in her late 30s. Those experiences were documented in the film Alexis Arquette: She's My Brother, which debuted at the 2007 Tribeca Film Festival. Arquette was a vocal supporter of other transgender people, including Chaz Bono, who transitioned shortly after her.Arquette contracted HIV in 1987. In her later life, she suffered from ill health as a result of her HIV-positive status. Amid these increasing complications, Alexis began presenting herself again as a man in 2013. Her brother David Arquette said that she told him she was "gender suspicious", and alternately felt like a man or a woman at different times.
Arquette was placed in a medically induced coma and died on September 11, 2016, surrounded by close family, at the age of 47. Arquette was serenaded with David Bowie's "Starman". Her cause of death was cardiac arrest caused by myocarditis stemming from HIV.
Alexis Arquette at IMDb
Alexis Arquette at AllMovie
 </original_body>
 <spacy_body>
  Arquette was born in {GPE[Los Angeles]}, the {ORDINAL[fourth]} of {CARDINAL[five]} children of {GPE[Brenda Olivia]} "{WORK_OF_ART[Mardi]}" ({PERSON[née Nowak]}), an actress, poet, theater operator, activist, acting teacher, and therapist; and {PERSON[Lewis Arquette]}, an actor and director. {PERSON[Lewis]}' family's surname was originally "{WORK_OF_ART[Arcouet]}"; {PERSON[Lewis]}'s father was comedian {PERSON[Cliff Arquette]}, who went by the stage name of {PERSON[Charley Weaver]}. {PERSON[Arquette]} was distantly related to {NORP[American]} explorer {PERSON[Meriwether Lewis]}. Actors {PERSON[Rosanna]}, {GPE[Richmond]}, {PERSON[Patricia]}, and {PERSON[David Arquette]} are her siblings.
In {DATE[1982]}, at {DATE[the age of 12]}, {PERSON[Arquette]}'s {ORDINAL[first]} acting gig was as "this little kid who's on a ride with all these women and whatnot" in the music video "{WORK_OF_ART[She's a Beauty]}" by {ORG[The Tubes]}. In {DATE[1986]}, {PERSON[Arquette]} debuted on the big screen in an uncredited role as {PERSON[Alexis]}, the androgynous friend and bandmate of sexually ambivalent teenager {PERSON[Max Whiteman]} ({PERSON[Evan Richards]}) in {WORK_OF_ART[Down and Out]} in {GPE[Beverly Hills]}.Arquette, in {DATE[the earlier years]} of her career, primarily performed as a female impersonator, frequently under the name "Eva Destruction". Later in her career, {PERSON[Arquette]} made public that she had begun the process leading to sex reassignment surgery. To this end, {PERSON[Arquette]} had publicly declared that she considered her gender to be female.
At {CARDINAL[19]}, {PERSON[Arquette]} played trans sex worker {PERSON[Georgette]} in the screen adaptation of {GPE[Last Exit]} to {GPE[Brooklyn]}. The majority of {PERSON[Arquette]}'s film work was in low-budget or independent films. In total, {PERSON[Arquette]} starred in {CARDINAL[more than 40]} movies, including I Think I Do, Children of the Corn V: Fields of Terror, and {WORK_OF_ART[Sometimes They Come Back... Again]}. {PERSON[Arquette]} also starred as a crack addict opposite {PERSON[Tim Roth]} in {PERSON[Jumpin]}' at the Boneyard, as a teenage boy seeking revenge for a horrible childhood in the {GPE[New Zealand]}-shot horror fantasy {PERSON[Jack Be Nimble]}, and as a murderous drag queen in the low budget comedy {PERSON[Killer Drag Queens]} on {PERSON[Dope]}.{PERSON[Arquette]} also had supporting roles in {WORK_OF_ART[Pulp Fiction]}, {PERSON[Threesome]} and {ORG[Bride of Chucky]}, and she played a {PERSON[Boy George]} fanatic, {PERSON[George Stitzer]}, in the {PERSON[Adam Sandler]}–Drew Barrymore film {WORK_OF_ART[The Wedding Singer]}, singing "{WORK_OF_ART[Do You Really Want to Hurt Me]}" over and over. Her role as {GPE[Georgina]}, a {GPE[Boy George]} impersonator, in another Sandler–Barrymore film, {PERSON[Blended]}, was a reference to that role. In {DATE[2001]}, {PERSON[Arquette]} returned to {GPE[New Zealand]} to play {NORP[Roman]} emperor {PERSON[Caligula]} in {CARDINAL[two]} episodes of {FAC[Xena]}: Warrior Princess. {DATE[That same year]}, Arquette guest starred in the Friends episode "{WORK_OF_ART[The One with Chandler's Dad"]}, in which she directly interacted with her sister-in-law, {PERSON[Courteney Cox]}. Also in {DATE[the same year]}, she cameoed in {WORK_OF_ART[Son of the Beach]}.In {DATE[September 2005]}, {ORG[VH1]} announced Arquette as one of the celebrity house-guests on {DATE[the 6th season]} of {ORG[The Surreal Life]}. On {DATE[January 31, 2007]}, {PERSON[Arquette]} was a featured celebrity client and guest judge on the première episode of {ORG[Bravo]}'s reality show {PERSON[Top Design]}. {PERSON[Arquette]} also made a cameo appearance in the music video for {PERSON[Robbie Williams']} song "{WORK_OF_ART[She's Madonna]}".
In {DATE[2004]}, {PERSON[Arquette]} expressed an interest in undergoing gender-affirming medical treatment in the form of hormone therapy and, ultimately, sex reassignment surgery, which she realized in {DATE[2006]}, in {DATE[her late 30s]}. Those experiences were documented in the film {PERSON[Alexis Arquette]}: She's My Brother, which debuted at the {DATE[2007]} {EVENT[Tribeca Film Festival]}. Arquette was a vocal supporter of other transgender people, including {PERSON[Chaz Bono]}, who transitioned shortly after her.Arquette contracted HIV in {DATE[1987]}. In her later life, she suffered from ill health as a result of her HIV-positive status. Amid these increasing complications, {PERSON[Alexis]} began presenting herself again as a man in {DATE[2013]}. Her brother {PERSON[David Arquette]} said that she told him she was "gender suspicious", and alternately felt like a man or a woman at different times.
{PERSON[Arquette]} was placed in a medically induced coma and died on {DATE[September 11, 2016]}, surrounded by close family, at {DATE[the age of 47]}. Arquette was serenaded with {PERSON[David Bowie's]} "{WORK_OF_ART[Starman]}". Her cause of death was cardiac arrest caused by myocarditis stemming from HIV.
{PERSON[Alexis Arquette]} at IMDb
{PERSON[Alexis Arquette]} at {ORG[AllMovie]}
 </spacy_body>
</doc>