<?xml version="1.0" encoding="utf-8"?>
<doc>
 <title>
  Alfred Ryder
 </title>
 <original_abstract>
  Alfred Ryder (born Alfred Jacob Corn; January 5, 1916 – April 16, 1995) was an American film, radio and television actor, who appeared in over one hundred television shows.
 </original_abstract>
 <spacy_abstract>
  {PERSON[Alfred Ryder]} (born {PERSON[Alfred Jacob Corn]}; {DATE[January 5, 1916 – April 16, 1995]}) was an {NORP[American]} film, radio and television actor, who appeared in {CARDINAL[over one hundred]} television shows.
 </spacy_abstract>
 <original_body>
  Alfred Ryder at IMDb
Alfred Ryder at the Internet Broadway Database
Alfred Ryder at the Internet Off-Broadway Database
Alfred Ryder at AllMovie
Alfred Ryder at Find a Grave
Alfred Ryder at Memory Alpha (a Star Trek wiki)
 </original_body>
 <spacy_body>
  {PERSON[Alfred Ryder]} at IMDb
{PERSON[Alfred Ryder]} at the Internet Broadway Database
{PERSON[Alfred Ryder]} at {FAC[the Internet Off-Broadway Database]}
{PERSON[Alfred Ryder]} at AllMovie
{PERSON[Alfred Ryder]} at Find a Grave
Alfred Ryder at {PERSON[Memory Alpha]} (a {WORK_OF_ART[Star Trek]} wiki)
 </spacy_body>
</doc>