<?xml version="1.0" encoding="utf-8"?>
<doc>
 <title>
  Alfred Adam
 </title>
 <original_abstract>
  Alfred Roger Adam (4 April 1908 – 7 May 1982) was a French stage and film character actor, who usually played weak or villainous roles.
 </original_abstract>
 <spacy_abstract>
  {PERSON[Alfred Roger Adam]} ({DATE[4 April 1908]} – {DATE[7 May 1982]}) was a {NORP[French]} stage and film character actor, who usually played weak or villainous roles.
 </spacy_abstract>
 <original_body>
  Alfred Adam at IMDb
 </original_body>
 <spacy_body>
  {PERSON[Alfred Adam]} at IMDb
 </spacy_body>
</doc>