<?xml version="1.0" encoding="utf-8"?>
<doc>
 <title>
  Alfred Burke
 </title>
 <original_abstract>
  Alfred Burke (28 February 1918 – 16 February 2011) was an English actor, perhaps best known for his portrayal of Frank Marker in the drama series Public Eye, which ran on television for ten years.
 </original_abstract>
 <spacy_abstract>
  {PERSON[Alfred Burke]} ({DATE[28 February 1918]} – {DATE[16 February 2011]}) was an {LANGUAGE[English]} actor, perhaps best known for his portrayal of {PERSON[Frank Marker]} in the drama series {WORK_OF_ART[Public Eye]}, which ran on television for {DATE[ten years]}.
 </spacy_abstract>
 <original_body>
  Born in London's south-east district of Peckham, the son of Sarah Ann O'Leary and William Burke, he was educated at Leo Street Boys' School and Walworth Central School. Burke started work aged 14, working in a railway repair firm in the City of London after leaving school. He became a club steward and also worked in a silk warehouse, joining a local amateur dramatics group before moving to Morley College and winning a scholarship to RADA in 1937. His acting career started two years later at the Barn Theatre in Shere, Surrey. His budding career was interrupted by the Second World War, when he registered as a conscientious objector, and was directed to work on the land.
In the late 1940s, he worked with the Young and Old Vic and other companies. His London debut was in 1950 at the Watergate Theatre, appearing in Pablo Picasso's play Desire Caught by the Tail. He then spent three years with Birmingham Repertory Theatre (1950–53) and appeared in the 1954 West End hit Sailor Beware!.Burke built a solid reputation across a wide range of character roles in films and on television. His acting career included: The Angry Silence, Touch and Go, Interpol, Yangtse Incident and Buccaneers, as well as such televised plays as The Tip and Treasure Island.
His most famous role was the enquiry agent Frank Marker in the ABC/Thames television series Public Eye, which ran from 1965 to 1975. His low-key, understated but always compelling portrayal of the down-at-heel private eye made the series one of the most popular and highly rated detective dramas on British television.
After Public Eye ended Burke appeared in a host of guises, from Long John Silver to Pope John Paul II's father. In the television series Minder he appeared in the episode Come in T-64, Your Time Is Ticking Away as Kevin, partner to Arthur Daley in his latest scheme, a minicab service. He was also the formidable headmaster "Thrasher" Harris in Home To Roost. He played Major (later Oberst) Richter in both series of Enemy at the Door and Dr Anderson in the Bergerac episode titled Poison. Later he was seen as Armando Dippet in Harry Potter and the Chamber of Secrets.
On stage Burke appeared in several productions by the Royal Shakespeare Company, including Richard II, Romeo and Juliet, Roberto Zucco, The Tempest, Peer Gynt, Measure for Measure, Troilus and Cressida, Two Shakespearean Actors, All's Well That Ends Well and Antony and Cleopatra. In 2008 he appeared at the National Theatre as the Shepherd in a new version of Sophocles' Oedipus by Frank McGuinness.
Burke died from a chest infection on 16 February 2011, twelve days before his 93rd birthday, and was cremated at Golders Green Crematorium. He was survived by his wife, Barbara (née Bonelle) and their four children: Jacob and Harriet (twins), and Kelly and Louisa (twins).
Dr Rance in What the Butler Saw by Joe Orton. Directed by Braham Murray at the Royal Exchange, Manchester. (1977)
Serebryakov in Uncle Vanya by Anton Chekhov. Directed by Michael Elliott at the Royal Exchange, Manchester. 1977)
Vincentio in Measure for Measure. Directed by Braham Murray at the Royal Exchange, Manchester. (1981)
Alfred Burke at IMDb
FilmReference
Interview with Alfred Burke – British Library sound recording
 </original_body>
 <spacy_body>
  Born in {GPE[London]}'s south-east district of {FAC[Peckham]}, the son of {PERSON[Sarah Ann O'Leary]} and {PERSON[William Burke]}, he was educated at {ORG[Leo Street Boys' School]} and {ORG[Walworth Central School]}. {PERSON[Burke]} started work aged {DATE[14]}, working in a railway repair firm in {GPE[the City of London]} after leaving school. He became a club steward and also worked in a silk warehouse, joining a local amateur dramatics group before moving to {ORG[Morley College]} and winning a scholarship to {ORG[RADA]} in {DATE[1937]}. His acting career started {DATE[two years later]} at {FAC[the Barn Theatre]} in {GPE[Shere]}, {PERSON[Surrey]}. His budding career was interrupted by {EVENT[the Second World War]}, when he registered as a conscientious objector, and was directed to work on the land.
In {DATE[the late 1940s]}, he worked with the Young and Old Vic and other companies. His {GPE[London]} debut was in {DATE[1950]} at {FAC[the Watergate Theatre]}, appearing in {WORK_OF_ART[Pablo Picasso's]} play {WORK_OF_ART[Desire Caught by the Tail]}. He then spent {DATE[three years]} with {FAC[Birmingham Repertory Theatre]} (1950–53) and appeared in the {DATE[1954]} {EVENT[West End hit]} {ORG[Sailor Beware!.Burke]} built a solid reputation across a wide range of character roles in films and on television. His acting career included: {WORK_OF_ART[The Angry Silence, Touch and Go]}, {ORG[Interpol]}, Yangtse Incident and Buccaneers, as well as such televised plays as The Tip and {GPE[Treasure Island]}.
His most famous role was the enquiry agent {PERSON[Frank Marker]} in the {ORG[ABC/Thames television]} series {ORG[Public Eye]}, which ran {DATE[from 1965 to 1975]}. His low-key, understated but always compelling portrayal of the down-at-heel private eye made the series one of the most popular and highly rated detective dramas on {NORP[British]} television.
After Public Eye ended Burke appeared in a host of guises, from {PERSON[Long John Silver]} to Pope {PERSON[John Paul II's]} father. In the television series {PERSON[Minder]} he appeared in the episode Come in {PRODUCT[T-64]}, Your Time Is Ticking Away as {PERSON[Kevin]}, partner to {PERSON[Arthur Daley]} in his latest scheme, a minicab service. He was also the formidable headmaster "{WORK_OF_ART[Thrasher" Harris in Home To Roost]}. He played Major (later Oberst) Richter in both series of Enemy at the Door and {PERSON[Dr Anderson]} in the {PERSON[Bergerac]} episode titled Poison. Later he was seen as {ORG[Armando Dippet]} in {PERSON[Harry Potter]} and {ORG[the Chamber of Secrets]}.
On stage {PERSON[Burke]} appeared in several productions by {ORG[the Royal Shakespeare Company]}, including {PERSON[Richard II]}, {PERSON[Romeo]} and {PERSON[Juliet]}, {PERSON[Roberto Zucco]}, The {GPE[Tempest]}, {GPE[Peer Gynt]}, Measure for Measure, Troilus and Cressida, {CARDINAL[Two]} {ORG[Shakespearean Actors]}, All's Well That Ends Well and {PERSON[Antony]} and {PERSON[Cleopatra]}. In {DATE[2008]} he appeared at {FAC[the National Theatre]} as the {ORG[Shepherd]} in a new version of {LOC[Sophocles]}' Oedipus by {PERSON[Frank McGuinness]}.
Burke died from a chest infection on {DATE[16 February 2011]}, {DATE[twelve days]} before his {ORDINAL[93rd]} birthday, and was cremated at {ORG[Golders Green Crematorium]}. He was survived by his wife, {PERSON[Barbara]} (née {PERSON[Bonelle]}) and their {CARDINAL[four]} children: {PERSON[Jacob and Harriet]} (twins), and {PERSON[Kelly]} and {PERSON[Louisa]} (twins).
Dr Rance in What the Butler Saw by {PERSON[Joe Orton]}. Directed by {PERSON[Braham Murray]} at {ORG[the Royal Exchange]}, {GPE[Manchester]}. ({DATE[1977]})
{PERSON[Serebryakov]} in {GPE[Uncle Vanya]} by {PERSON[Anton Chekhov]}. Directed by {PERSON[Michael Elliott]} at {ORG[the Royal Exchange]}, {GPE[Manchester]}. {DATE[1977]})
Vincentio in {WORK_OF_ART[Measure for Measure]}. Directed by {PERSON[Braham Murray]} at {ORG[the Royal Exchange]}, {GPE[Manchester]}. ({DATE[1981]})
{PERSON[Alfred Burke]} at IMDb
FilmReference
Interview with {PERSON[Alfred Burke]} – {NORP[British]} Library sound recording
 </spacy_body>
</doc>