<?xml version="1.0" encoding="utf-8"?>
<doc>
 <title>
  Alfredo Mayo
 </title>
 <original_abstract>
  Alfredo Fernández Martínez (17 May 1911 in Barcelona – 19 May 1985 in Palma de Mallorca) better known as Alfredo Mayo was a Spanish actor.
 </original_abstract>
 <spacy_abstract>
  {PERSON[Alfredo Fernández Martínez]} ({DATE[17 May 1911]} in {GPE[Barcelona]} – {DATE[19 May 1985]} in {GPE[Palma de Mallorca]}) better known as {PERSON[Alfredo Mayo]} was a {NORP[Spanish]} actor.
 </spacy_abstract>
 <original_body>
  After studying medicine, in 1929 Mayo made his debut in the theatre with the company of Ernesto Vilches. He fought for Francisco Franco in the Spanish Civil War in aviation. 
He starred in propaganda films such as  Escuadrilla (1941), Harka (1941), A mí la legión (1942) but is perhaps best known for Raza,  written by Francisco Franco under the name of Jaime de Andrade.
He became a major star in comedies, dramas and historical films such as  Malvaloca (1942), by Luis Marquina; Deliciosamente tontos (1943), by Juan de Orduña, or La leona de Castilla (1951).
In the 1950s he acted in supporting roles in such films as El último cuplé (1957),  Una muchachita de Valladolid (1958) and 55 Days at Peking (1963), directed in Spain by Nicholas Ray.
His career had a second golden age during his collaborations with Carlos Saura in La Caza (1966) and Peppermint Frappé (1967).
He appeared in more than 175 other films until his death. He acted in El bosque del lobo (1970), by Pedro Olea, Patrimonio Nacional (1980), by Luis García Berlanga. In Paul Naschy's Los cántabros (1980), he played a druid. He was also in Bearn o la sala de las muñecas (1982), by Jaime Chávarri and starred in the TV series Cañas y barro for Televisión Española.
Círculo de escritores cinematográficos in 1966 for La caza and in 1969 for Los desafíos.
Sindicato Nacional del Espectáculo in (1973) for La campana del infierno.
Alfredo Mayo at IMDb
 </original_body>
 <spacy_body>
  After studying medicine, in {DATE[1929]} {PERSON[Mayo]} made his debut in the theatre with the company of {PERSON[Ernesto Vilches]}. He fought for {PERSON[Francisco Franco]} in {EVENT[the Spanish Civil War]} in aviation. 
He starred in propaganda films such as  {PERSON[Escuadrilla]} ({DATE[1941]}), {NORP[Harka]} ({DATE[1941]}), A mí la legión ({DATE[1942]}) but is perhaps best known for {ORG[Raza]},  written by {ORG[Francisco Franco]} under the name of {ORG[Jaime de Andrade]}.
He became a major star in comedies, dramas and historical films such as  {PERSON[Malvaloca]} ({DATE[1942]}), by {PERSON[Luis Marquina]}; {GPE[Deliciosamente]} tontos ({DATE[1943]}), by {PERSON[Juan de Orduña]}, or {PERSON[La leona de Castilla]} ({DATE[1951]}).
In {DATE[the 1950s]} he acted in supporting roles in such films as El último cuplé ({DATE[1957]}),  Una muchachita de Valladolid ({DATE[1958]}) and {DATE[55 Days]} at {GPE[Peking]} ({DATE[1963]}), directed in {GPE[Spain]} by {PERSON[Nicholas Ray]}.
His career had a {ORDINAL[second]} golden age during his collaborations with {PERSON[Carlos Saura]} in {FAC[La Caza]} ({DATE[1966]}) and {PERSON[Peppermint Frappé]} ({DATE[1967]}).
He appeared in {CARDINAL[more than 175]} other films until his death. He acted in {FAC[El bosque del lobo]} ({DATE[1970]}), by {ORG[Pedro Olea]}, {ORG[Patrimonio Nacional]} ({DATE[1980]}), by {PERSON[Luis García Berlanga]}. In {PERSON[Paul Naschy's]} {GPE[Los cántabros]} ({DATE[1980]}), he played a druid. He was also in {GPE[Bearn]} o la sala de las muñecas ({DATE[1982]}), by {PERSON[Jaime Chávarri]} and starred in the TV series {FAC[Cañas y barro]} for {ORG[Televisión Española]}.
{PRODUCT[Círculo de]} escritores cinematográficos in {DATE[1966]} for {PERSON[La caza]} and in {DATE[1969]} for {GPE[Los desafíos]}.
{ORG[Sindicato Nacional del Espectáculo]} in ({DATE[1973]}) for {PERSON[La campana del infierno]}.
{PERSON[Alfredo Mayo]} at IMDb
 </spacy_body>
</doc>