<?xml version="1.0" encoding="utf-8"?>
<doc>
 <title>
  Alfred Zeisler
 </title>
 <original_abstract>
  Alfred Zeisler (September 26, 1892 – March 1, 1985) was an American-born German film producer, director, actor and screenwriter. He produced 29 films between 1927 and 1936. He also directed 16 films between 1924 and 1949.
 </original_abstract>
 <spacy_abstract>
  {PERSON[Alfred Zeisler]} ({DATE[September 26, 1892 – March 1, 1985]}) was an {NORP[American]}-born {NORP[German]} film producer, director, actor and screenwriter. He produced {CARDINAL[29]} films {DATE[between 1927 and 1936]}. He also directed {CARDINAL[16]} films {DATE[between 1924 and 1949]}.
 </spacy_abstract>
 <original_body>
  Alfred Zeisler at IMDb
Alfred Zeisler at AllMovie
 </original_body>
 <spacy_body>
  {PERSON[Alfred Zeisler]} at IMDb
{PERSON[Alfred Zeisler]} at {ORG[AllMovie]}
 </spacy_body>
</doc>