<?xml version="1.0" encoding="utf-8"?>
<doc>
 <title>
  Alfredo Arias (theatre producer)
 </title>
 <original_abstract>
  Alfredo Arias (born 4 March 1944) is a theatre producer, actor and playwright.   Born in a Buenos Aires suburb, he has subsequently acquired French nationality and, since 1969 or 1970, been based in Paris.
 </original_abstract>
 <spacy_abstract>
  {PERSON[Alfredo Arias]} (born {DATE[4 March 1944]}) is a theatre producer, actor and playwright.   Born in a {GPE[Buenos Aires]} suburb, he has subsequently acquired {NORP[French]} nationality and, since {DATE[1969]} or {DATE[1970]}, been based in {GPE[Paris]}.
 </spacy_abstract>
 <original_body>
  Arias was born in Lanús, an industrial city contiguous with Buenos Aires.  His father was a factory worker:  output included espadrilles and tarpaulins.   His relationship with his mother was troubled and Arias joined the Péronist youth organisation.   His parents planned that he should become a lawyer, although Arias himself developed an early determination to work in the arts.   Aged 11 he was enrolled in a military school after which he was required to pass a legal qualification.He participated in the theatrical courses provided by the Alliance Française, but was quickly discouraged by its outdated and classical approach.
With like minded friends Alfredo Arias founded a theatrical group in Buenos Aires called "TSE" in 1968, and presented a series of original productions blending fantasy, magic and humour, "Dracula", "Aventuras" and "Aventuras".   However, identified as both a communist and a homosexual he began to targeted by official repression from proxies for the military dictatorship which then held sway in Argentina.   He decided to leave Argentina at the end of 1968, settling briefly in New York City before moving on to Paris.His first piece in Paris, "History of the Theatre" ("Histoire du Théâtre"), and his production of a play about Eva Perón, written by his fellow exile, Copi, were both commended for their originality of tone, elements of fantasy, and above all for their radically new theatrical approach.   They were followed by "Police Comedy de luxe" ("Comédie policière ; Luxe"), a music hall parody, and by "Heartbreak of an English she-cat" ("Peines de cœur d'une chatte anglaise"), based on the novel of Balzac and the illustrations of Grandville, in which the characters wear masks, which ran for more than 300 performances in France and enjoyed commensurate success internationally, especially in Italy.
His "TSE group" having been successfully translated from South America, staged productions in a range of Paris theatres,  presenting new creations including "The North Star" ("L'Étoile du Nord"), "The Venetian Twins" ("Les Jumeaux vénitiens") by Goldoni, "The Jungle Beast" ("La Bête dans la jungle") based by Marguerite Duras on a novel by Henry James, and "The seated woman" ("La Femme assise") by Copi.
In 1985 Arias was appointed to direct the Commune Theatre at Aubervilliers on the north side of Paris.   Here he spent six years working on the classical repertoire, on contemporary productions and on ironic music hall reinterpretations, ranging across Marivaux, Maeterlinck, Mérimée, Goldoni and others.   His musical production "Family of Artists" underwent a reprise in Argentina.   He also collaborated again with his compatriot, Copi, for "The steps of the Sacré-Cœur" ("Les Escaliers du Sacré-Cœur").
He was invited to produce The Tempest in the Palais des Papes for the Avignon Festival, and the Comédie-Française invited him to stage Schnitzler's La Ronde at the Paris Odéon Theatre.   In 1992 he began a series of original creations that enabled him to invent a new theatrical language blending dance and music with poetic dialogues.  Examples include the award winning review "Mortadela" (written in collaboration with René de Ceccatty, with whom he has subsequently written regularly), Folies Bergères reviews Fous des Folies and Faust Argentin and a new staging of "Heartbreak of an English she-cat" ("Peines de cœur d'une chatte anglaise") which won Molière awards for its staging and costumes.
Alfredo Arias has also brought his very personal touch to opera, in France (Opéra Bastille, Théâtre du Châtelet, the Aix-en-Provence Festival and the Caen Opera), in Italy (Milan, Turin and Spoleto) in Spain and Argentina (Teatro Colón).  Operas staged by Alfredo Arias include the following:

*  Les Indes galantes by Rameau
*  The Rake's Progress by Stravinsky
*  The Merry Widow by Lehár
*  The Tales of Hoffmann by Offenbach (two different productions)
*  The Breasts of Tiresias by Apollinaire
*  The Barber of Seville by Rossini
*  A Midsummer Night's Dream by Britten
*  Carmen by Bizet (included in the repertoire of the Opéra Bastille)


== References ==
 </original_body>
 <spacy_body>
  {PERSON[Arias]} was born in {GPE[Lanús]}, an industrial city contiguous with {PERSON[Buenos Aires]}.  His father was a factory worker:  output included espadrilles and tarpaulins.   His relationship with his mother was troubled and {PERSON[Arias]} joined the Péronist youth organisation.   His parents planned that he should become a lawyer, although {PERSON[Arias]} himself developed an early determination to work in the arts.   Aged 11 he was enrolled in a military school after which he was required to pass a legal qualification.He participated in the theatrical courses provided by {ORG[the Alliance Française]}, but was quickly discouraged by its outdated and classical approach.
With like minded friends {PERSON[Alfredo Arias]} founded a theatrical group in {ORG[Buenos Aires]} called "TSE" in {DATE[1968]}, and presented a series of original productions blending fantasy, magic and humour, "{PERSON[Dracula]}", "{WORK_OF_ART[Aventuras]}" and "{WORK_OF_ART[Aventuras]}".   However, identified as both a {NORP[communist]} and a homosexual he began to targeted by official repression from proxies for the military dictatorship which then held sway in {GPE[Argentina]}.   He decided to leave {GPE[Argentina]} at {DATE[the end of 1968]}, settling briefly in {GPE[New York City]} before moving on to {GPE[Paris]}.His first piece in {GPE[Paris]}, "{WORK_OF_ART[History of the Theatre]}" ("{WORK_OF_ART[Histoire du Théâtre]}"), and his production of a play about {PERSON[Eva Perón]}, written by his fellow exile, {ORG[Copi]}, were both commended for their originality of tone, elements of fantasy, and above all for their radically new theatrical approach.   They were followed by "{WORK_OF_ART[Police Comedy de luxe]}" ("{ORG[Comédie]} policière ; {PERSON[Luxe]}"), a music hall parody, and by "Heartbreak of an {LANGUAGE[English]} she-cat" ("Peines de cœur d'une chatte anglaise"), based on the novel of {PERSON[Balzac]} and the illustrations of {GPE[Grandville]}, in which the characters wear masks, which ran for {CARDINAL[more than 300]} performances in {GPE[France]} and enjoyed commensurate success internationally, especially in {GPE[Italy]}.
His "TSE group" having been successfully translated from {LOC[South America]}, staged productions in a range of {GPE[Paris]} theatres,  presenting new creations including "{ORG[The North Star]}" ("{WORK_OF_ART[L'Étoile du Nord]}"), "{WORK_OF_ART[The Venetian Twins]}" ("{PERSON[Les Jumeaux]} vénitiens") by {PERSON[Goldoni]}, "{WORK_OF_ART[The Jungle Beast]}" ("{WORK_OF_ART[La Bête dans la jungle"]}) based by {PERSON[Marguerite Duras]} on a novel by {PERSON[Henry James]}, and "The seated woman" ("{WORK_OF_ART[La Femme]} assise") by {ORG[Copi]}.
In {DATE[1985]} {ORG[Arias]} was appointed to direct {ORG[the Commune Theatre at Aubervilliers]} on the north side of {GPE[Paris]}.   Here he spent {DATE[six years]} working on the classical repertoire, on contemporary productions and on ironic music hall reinterpretations, ranging across {GPE[Marivaux]}, {GPE[Maeterlinck]}, {GPE[Mérimée]}, {PERSON[Goldoni]} and others.   His musical production "{WORK_OF_ART[Family of Artists]}" underwent a reprise in {GPE[Argentina]}.   He also collaborated again with his compatriot, {ORG[Copi]}, for "The steps of the Sacré-Cœur" ("Les Escaliers du Sacré-Cœur").
He was invited to produce {ORG[The Tempest]} in the Palais des Papes for the Avignon Festival, and the {ORG[Comédie-Française]} invited him to stage {PERSON[Schnitzler]}'s {PERSON[La Ronde]} at {FAC[the Paris Odéon Theatre.]}   In {DATE[1992]} he began a series of original creations that enabled him to invent a new theatrical language blending dance and music with poetic dialogues.  {PERSON[Examples]} include the award winning review "{WORK_OF_ART[Mortadela]}" (written in collaboration with {PERSON[René de Ceccatty]}, with whom he has subsequently written regularly), {PERSON[Folies Bergères]} reviews Fous des Folies and Faust {PERSON[Argentin]} and a new staging of "{WORK_OF_ART[Heartbreak]} of an {LANGUAGE[English]} she-cat" ("Peines de cœur d'une chatte anglaise") which won Molière awards for its staging and costumes.
{PERSON[Alfredo Arias]} has also brought his very personal touch to opera, in {GPE[France]} ({PERSON[Opéra Bastille]}, {FAC[Théâtre du Châtelet]}, the {ORG[Aix]}-en-Provence Festival and {FAC[the Caen Opera]}), in {GPE[Italy]} ({GPE[Milan]}, {GPE[Turin]} and {PERSON[Spoleto]}) in {GPE[Spain]} and {GPE[Argentina]} (Teatro Colón).  {ORG[Operas]} staged by {PERSON[Alfredo Arias]} include the following:

*  {ORG[Les Indes]} galantes by {PERSON[Rameau
]}*  The Rake's Progress by {PERSON[Stravinsky]}
*  {WORK_OF_ART[The Merry Widow by Lehár
]}*  {WORK_OF_ART[The Tales of Hoffmann by Offenbach]} ({CARDINAL[two]} different productions)
*  The Breasts of Tiresias by {PERSON[Apollinaire
]}*  The Barber of {GPE[Seville]} by {PERSON[Rossini]}
*  A Midsummer Night's Dream by Britten
*  Carmen by {PERSON[Bizet]} (included in the repertoire of the {GPE[Opéra]} {ORG[Bastille]})


== References ==
 </spacy_body>
</doc>