<?xml version="1.0" encoding="utf-8"?>
<doc>
 <title>
  Alfred Rode
 </title>
 <original_abstract>
  Alfred Rode (born Alfred Spedaliere; 4 June 1905 – 22 July 1979) was an Italian-born French composer, musician, actor and film director. He was born in Torre del Greco. In 1936 Rode appeared in the British film Gypsy Melody alongside Lupe Vélez, which was a remake of his own 1935 film Juanita. Rode was married to the French actress Claudine Dupuis from 1951.
 </original_abstract>
 <spacy_abstract>
  {PERSON[Alfred Rode]} (born {PERSON[Alfred Spedaliere]}; {DATE[4 June 1905]} – {DATE[22 July 1979]}) was an {NORP[Italian]}-born {NORP[French]} composer, musician, actor and film director. He was born in {GPE[Torre del Greco]}. In {DATE[1936]} Rode appeared in the {NORP[British]} film {PERSON[Gypsy Melody]} alongside {PERSON[Lupe Vélez]}, which was a remake of his own {DATE[1935]} film {WORK_OF_ART[Juanita.]} Rode was married to the {NORP[French]} actress {PERSON[Claudine Dupuis]} from {DATE[1951]}.
 </spacy_abstract>
 <original_body>
  The Blue Danube (1939)
Secret Cargo (1947)
It's the Paris Life (1954)
Secret File 1413 (1962)
Carnival (1931)
The Blue Danube (1932)
Juanita (1935)
Antonia (1935)
Gypsy Melody (1936)
Tourbillon (1953)
It's the Paris Life (1954)
Vogel, Michelle. Lupe Velez: The Life and Career of Hollywood's Mexican Spitfire. McFarland, 2012.
Alfred Rode at IMDb
 </original_body>
 <spacy_body>
  The Blue Danube ({DATE[1939]})
Secret Cargo ({DATE[1947]})
It's the Paris Life ({DATE[1954]})
Secret File {DATE[1413]} ({DATE[1962]})
{ORG[Carnival]} ({DATE[1931]})
The Blue Danube ({DATE[1932]})
Juanita ({DATE[1935]})
{GPE[Antonia]} ({DATE[1935]})
{PERSON[Gypsy Melody]} ({DATE[1936]})
{ORG[Tourbillon (1953]})
It's {ORG[the Paris Life]} ({DATE[1954]})
{PERSON[Vogel]}, {PERSON[Michelle]}. {PERSON[Lupe Velez]}: {WORK_OF_ART[The Life and Career of Hollywood's]} {NORP[Mexican]} Spitfire. McFarland, {DATE[2012]}.
{PERSON[Alfred Rode]} at IMDb
 </spacy_body>
</doc>