<?xml version="1.0" encoding="utf-8"?>
<doc>
 <title>
  Alfred Drayton
 </title>
 <original_abstract>
  Alfred Drayton (1 November 1881 – 26 April 1949) was a British stage and film actor.Drayton worked in a brewery when he was 18 but having a good deal of amateur dramatics experience decided to go on stage. His first appearance on stage was The Beloved Vagabond at Cardiff in 1908 and his London debut was at the Haymarket Theatre the following year. He featured in several West End plays before going into films, including Bulldog Drummond (1921) and Dear Brutus in 1922. 
On both screen and stage he had a successful partnership with the actor Robertson Hare a veteran of the Aldwych Farces. He was appearing with Hare in the play One Wild Oat at the Garrick Theatre at the time of his death in 1949.
 </original_abstract>
 <spacy_abstract>
  {PERSON[Alfred Drayton]} ({DATE[1 November 1881]} – {DATE[26 April 1949]}) was a {NORP[British]} stage and film actor.{PERSON[Drayton]} worked in a brewery when he was {DATE[18]} but having a good deal of amateur dramatics experience decided to go on stage. His {ORDINAL[first]} appearance on stage was The Beloved Vagabond at Cardiff in {DATE[1908]} and his {GPE[London]} debut was at the Haymarket Theatre {DATE[the following year]}. He featured in several {LOC[West End]} plays before going into films, including {ORG[Bulldog Drummond]} ({DATE[1921]}) and Dear Brutus in {DATE[1922]}. 
On both screen and stage he had a successful partnership with the actor {PERSON[Robertson Hare]} a veteran of {ORG[the Aldwych Farces]}. He was appearing with {PERSON[Hare]} in the play {CARDINAL[One]} Wild Oat at {FAC[the Garrick Theatre]} at the time of his death in {DATE[1949]}.
 </spacy_abstract>
 <original_body>
  Film Star Who's Who on the Screen 1932, 1934 and 1938.
Alfred Drayton at IMDb
 </original_body>
 <spacy_body>
  Film Star Who's Who on the Screen 1932, {DATE[1934]} and {DATE[1938]}.
{PERSON[Alfred Drayton]} at IMDb
 </spacy_body>
</doc>