<?xml version="1.0" encoding="utf-8"?>
<doc>
 <title>
  Alfred Marks
 </title>
 <original_abstract>
  Alfred Edward Marks OBE (born Alfred Edward Touchinsky; 28 January 1921 – 1 July 1996) was a British actor and comedian. In his 60-year career, he played dramatic and comedy roles in numerous television programmes, stage shows and films. His self-titled television sketch show ran from 1956 to 1961.
 </original_abstract>
 <spacy_abstract>
  {PERSON[Alfred Edward Marks OBE]} (born {PERSON[Alfred Edward Touchinsky]}; {DATE[28 January 1921]} – {DATE[1 July 1996]}) was a {NORP[British]} actor and comedian. In his {DATE[60-year]} career, he played dramatic and comedy roles in numerous television programmes, stage shows and films. His self-titled television sketch show ran from {DATE[1956 to 1961]}.
 </spacy_abstract>
 <original_body>
  Marks was born as Alfred Edward Touchinsky in Holborn, London, to Polish Jewish parents. He left Bell Lane School at 14 and started in entertainment at the Windmill Theatre. He then served in the RAF as a Flight Sergeant in the Middle East where he arranged concerts for servicemen. He also worked as an auctioneer and engineer.He started in variety at the Kilburn Empire in 1946, and his stage appearances included The Sunshine Boys and Fiddler on the Roof. He also did comedy work with Peter Sellers and Harry Secombe which later led to the formation (along with writer Spike Milligan) of The Goon Show, though Marks did not become a member.His films included The Frightened City, Scream and Scream Again and Our Miss Fred. His television show, Alfred Marks Time, ran for 6 years on ITV. He compered Sunday Night at the London Palladium and in 1966 he appeared as a narrator in five episodes of the BBC children's television show Jackanory. Marks also appeared in numerous other television programmes including The Good Old Days, The Sweeney, Blankety Blank, The Marti Caine Show, The Two Ronnies, The Generation Game, Lovejoy, Minder, Parkinson, The All New Alexei Sayle Show, The Persuaders! amongst others.In 1965 he appeared in Bill Naughton's Spring &amp; Port Wine at the Mermaid Theatre, London, playing Rafe, and in 1967, he toured Australia for J. C. Williamson Theatres in that play  In 1968, he played the lead in The Young Visiters, a musical version of the turn of the 20th century Daisy Ashford novel (written when she was nine and published as submitted by her with the spelling errors) at the Piccadilly Theatre in London. When he was the subject of This Is Your Life in December 1971, he was surprised by Eamonn Andrews at London's Garrick Theatre. Marks was a fine bass-baritone and appeared regularly on the BBC TV series 'The Good Old Days'. One of his most memorable renditions was of Kipling's 'The Road to Mandalay', in the version made famous by Peter Dawson. He appeared as "Wilfred Shadbolt" in a video production of the Gilbert and Sullivan opera The Yeomen of the Guard in 1982.While on tour in Australia, Marks was appointed the second King of Moomba (1968) by the Melbourne Moomba festival committee. When asked what his qualifications were, he quipped (in full Cockney):

When I was eleven there were rival gangs around a fruit market in the East End. And desperately, I always wanted to be a member of the bigger rival gang. One day when I was in my best Easter suit, someone from one of the other gangs said to me 'would you like to be King of the Golden Apples?' 'All right, just sit there on this box and call out Apples, Apples, give me the Golden Apples.' Which innocently I did and they cobbled me with every rotten apple in the market.
Marks married actress Paddie O'Neil in 1952. They remained together until his death. The couple had two children, Gareth (also an actor), and Danielle.
Penny Points to Paradise (1951) - Edward Haynes
Johnny, You're Wanted (1956) - Marks
Desert Mice (1959) - Poskett
There Was a Crooked Man (1960) - Adolf Carter
A Weekend with Lulu (1961) - Comte de Grenoble
The Frightened City (1961) - Harry Foulcher
She'll Have to Go (1962) - Douglas Oberon
Scream and Scream Again (1970) - Detective Supt. Bellaver
Scramble (1970) - Mr. Heppelwhite
Hide and Seek (1972) - Butcher
Our Miss Fred (1972) - General Brincker
Valentino (1977) - Richard Rowland
Fanny Hill (1983) - Lecher
Alfred Marks's appearance on This Is Your Life
Alfred Marks at IMDb
 </original_body>
 <spacy_body>
  {ORG[Marks]} was born as {PERSON[Alfred Edward Touchinsky]} in {GPE[Holborn]}, {GPE[London]}, to {NORP[Polish Jewish]} parents. He left {ORG[Bell Lane School]} at {DATE[14]} and started in entertainment at {FAC[the Windmill Theatre]}. He then served in the {ORG[RAF]} as a Flight Sergeant in {LOC[the Middle East]} where he arranged concerts for servicemen. He also worked as an auctioneer and engineer.He started in variety at {LOC[the Kilburn Empire]} in {DATE[1946]}, and his stage appearances included {WORK_OF_ART[The Sunshine Boys]} and {PERSON[Fiddler]} on the {PRODUCT[Roof]}. He also did comedy work with {PERSON[Peter Sellers]} and {PERSON[Harry Secombe]} which later led to the formation (along with writer {PERSON[Spike Milligan]}) of {WORK_OF_ART[The Goon Show]}, though {ORG[Marks]} did not become a member.His films included {GPE[The Frightened City]}, Scream and Scream Again and Our Miss {PERSON[Fred]}. His television show, {PERSON[Alfred Marks Time]}, ran for {DATE[6 years]} on {ORG[ITV]}. He compered {DATE[Sunday]} Night at {FAC[the London Palladium]} and in {DATE[1966]} he appeared as a narrator in {CARDINAL[five]} episodes of the {ORG[BBC]} children's television show {GPE[Jackanory]}. {PERSON[Marks]} also appeared in numerous other television programmes including {DATE[The Good Old Days]}, The Sweeney, {ORG[Blankety Blank]}, {ORG[The Marti Caine Show]}, {WORK_OF_ART[The Two Ronnies]}, {ORG[The Generation Game]}, {PERSON[Lovejoy]}, {PERSON[Minder]}, Parkinson, {ORG[The All New Alexei Sayle Show]}, The Persuaders! amongst others.In {DATE[1965]} he appeared in {PERSON[Bill Naughton's]} {ORG[Spring &amp; Port Wine]} at {FAC[the Mermaid Theatre]}, {GPE[London]}, playing {PERSON[Rafe]}, and in {DATE[1967]}, he toured {GPE[Australia]} for {PERSON[J. C. Williamson Theatres]} in that play  In {DATE[1968]}, he played the lead in {WORK_OF_ART[The Young Visiters]}, a musical version of {DATE[the turn of the 20th century]} {PERSON[Daisy Ashford]} novel (written when she was {DATE[nine]} and published as submitted by her with the spelling errors) at {FAC[the Piccadilly Theatre]} in {GPE[London]}. When he was the subject of {WORK_OF_ART[This Is Your Life in]} {DATE[December 1971]}, he was surprised by {PERSON[Eamonn Andrews]} at {GPE[London]}'s {FAC[Garrick Theatre]}. {PERSON[Marks]} was a fine bass-baritone and appeared regularly on the {ORG[BBC TV]} series '{WORK_OF_ART[The Good Old Days']}. {CARDINAL[One]} of his most memorable renditions was of {ORG[Kipling's 'The Road to Mandalay']}, in the version made famous by {PERSON[Peter Dawson]}. He appeared as "{ORG[Wilfred Shadbolt]}" in a video production of the {ORG[Gilbert]} and {PERSON[Sullivan]} opera {WORK_OF_ART[The Yeomen of the Guard]} in {DATE[1982.While]} on tour in {GPE[Australia]}, {PERSON[Marks]} was appointed the {ORDINAL[second]} King of Moomba ({DATE[1968]}) by the {GPE[Melbourne]} Moomba festival committee. When asked what his qualifications were, he quipped (in full {PERSON[Cockney]}):

When I was eleven there were rival gangs around a fruit market in {LOC[the East End]}. And desperately, I always wanted to be a member of the bigger rival gang. {DATE[One day]} when I was in my best {PRODUCT[Easter]} suit, someone from one of the other gangs said to me 'would you like to be {WORK_OF_ART[King of the Golden Apples]}?' 'All right, just sit there on this box and call out Apples, Apples, give me {LOC[the Golden Apples]}.' Which innocently I did and they cobbled me with every rotten apple in the market.
Marks married actress {PERSON[Paddie O'Neil]} in {DATE[1952]}. They remained together until his death. The couple had {CARDINAL[two]} children, {PERSON[Gareth]} (also an actor), and {PERSON[Danielle]}.
{PERSON[Penny]} Points to {PERSON[Paradise]} ({DATE[1951]}) - {PERSON[Edward Haynes
]}Johnny, You're Wanted ({DATE[1956]}) - Marks
Desert Mice ({DATE[1959]}) - Poskett
There Was a Crooked Man ({DATE[1960]}) - Adolf Carter
A Weekend with Lulu ({DATE[1961]}) - Comte de Grenoble
The Frightened City ({DATE[1961]}) - {PERSON[Harry Foulcher]}
She'll Have to Go ({DATE[1962]}) - {PERSON[Douglas Oberon]}
Scream and Scream Again ({DATE[1970]}) - Detective Supt. Bellaver
Scramble ({DATE[1970]}) - Mr. {PERSON[Heppelwhite]}
Hide and Seek ({DATE[1972]}) - Butcher
Our Miss {PERSON[Fred]} ({DATE[1972]}) - General {PERSON[Brincker
Valentino]} ({DATE[1977]}) - Richard Rowland
Fanny Hill ({DATE[1983]}) - Lecher
{PERSON[Alfred Marks's]} appearance on {WORK_OF_ART[This Is Your Life
Alfred Marks at]} IMDb
 </spacy_body>
</doc>