<?xml version="1.0" encoding="utf-8"?>
<doc>
 <title>
  Alfred Sandor
 </title>
 <original_abstract>
  Alfred Sandor (November 5, 1918 – September 22, 1983), born Alfred Sandwina, and billed early in his career as Al Sandwina, was a Hungarian-born American and Australian character actor and singer. He was also credited as Al Sander and Al Sandor.
 </original_abstract>
 <spacy_abstract>
  {PERSON[Alfred Sandor]} ({DATE[November 5, 1918]} – {DATE[September 22, 1983]}), born {PERSON[Alfred Sandwina]}, and billed early in his career as {PERSON[Al Sandwina]}, was a {NORP[Hungarian]}-born {NORP[American]} and {NORP[Australian]} character actor and singer. He was also credited as {PERSON[Al Sander]} and {PERSON[Al Sandor]}.
 </spacy_abstract>
 <original_body>
  Sandor was born in Budapest during the turmoil of the Hungarian Revolutions and Interventions, He spent his early years travelling with the circus, where his mother, Katie Sandwina, was a circus strongwoman, and he had a background as a ringmaster. After a brief career working as a boxer in New York City, he was a spy behind enemy lines during World War II.
After World War II he returned to America, where he established himself as an actor, appearing in Broadway productions and musical theatre. On US television he appeared on The Phil Silvers Show, in a single episode of Dark Shadows in 1968 (playing Sheriff George Patterson) and on Our Five Daughters. His theatre work included Neil Simon's The Odd Couple,  and Gypsy opposite Ethel Merman His film work included The Return of Captain Invincible.
Sandor later travelled to Australia (where he took up citizenship), to appear in a touring production of Plaza Suite, the play The Best Little Whorehouse in Texas (with Lorraine Bayly and Mona Richardson), and he appeared in the film Nickel Queen, whilst doing television work with roles in Number 96,  Division 4, Boney and The Evil Touch. However, he would become best known for his long-running role as the "dandy" surgeon Dr. Raymond Shaw in the Australian television soap opera The Young Doctors. An original cast member of the serial, he continued in the role for six years, leaving around 20 episodes before the end.
After suffering from ill health for some time, he died of lung cancer in Sydney, Australia in 1983, aged 64.
Alfred Sandor at IMDb 
Alfred Sandor at the Internet Broadway Database 
Alfred Sandor at the Internet Off-Broadway Database
 </original_body>
 <spacy_body>
  {ORG[Sandor]} was born in {GPE[Budapest]} during the turmoil of {LAW[the Hungarian Revolutions and Interventions]}, He spent his {DATE[early years]} travelling with the circus, where his mother, {PERSON[Katie Sandwina]}, was a circus strongwoman, and he had a background as a ringmaster. After a brief career working as a boxer in {GPE[New York City]}, he was a spy behind enemy lines during {EVENT[World War II]}.
After {EVENT[World War II]} he returned to {GPE[America]}, where he established himself as an actor, appearing in {FAC[Broadway]} productions and musical theatre. On {GPE[US]} television he appeared on {WORK_OF_ART[The Phil Silvers Show]}, in a single episode of {ORG[Dark Shadows]} in {DATE[1968]} (playing Sheriff {PERSON[George Patterson]}) and on Our {CARDINAL[Five]} Daughters. His theatre work included {PERSON[Neil Simon's]} {WORK_OF_ART[The Odd Couple]},  and {PERSON[Gypsy]} opposite {PERSON[Ethel Merman]} His film work included {WORK_OF_ART[The Return of Captain Invincible]}.
Sandor later travelled to {GPE[Australia]} (where he took up citizenship), to appear in a touring production of {PERSON[Plaza Suite]}, the play {WORK_OF_ART[The Best Little Whorehouse]} in {GPE[Texas]} (with {PERSON[Lorraine Bayly]} and {PERSON[Mona Richardson]}), and he appeared in the film {WORK_OF_ART[Nickel Queen]}, whilst doing television work with roles in {DATE[Number 96]},  {ORG[Division 4]}, {PERSON[Boney]} and The Evil Touch. However, he would become best known for his long-running role as the "dandy" surgeon Dr. {PERSON[Raymond Shaw]} in the {NORP[Australian]} television soap opera {WORK_OF_ART[The Young Doctors]}. An original cast member of the serial, he continued in the role for {DATE[six years]}, leaving around {CARDINAL[20]} episodes before the end.
After suffering from ill health for some time, he died of lung cancer in {GPE[Sydney]}, {GPE[Australia]} in {DATE[1983]}, aged {DATE[64]}.
{PERSON[Alfred Sandor]} at IMDb 
{PERSON[Alfred Sandor]} at the Internet Broadway Database 
{PERSON[Alfred Sandor]} at the Internet Off-Broadway Database
 </spacy_body>
</doc>