<?xml version="1.0" encoding="utf-8"?>
<doc>
 <title>
  Alfred Paget
 </title>
 <original_abstract>
  Alfred Paget (2 June 1879 – 8 October 1919) was an English silent film actor best known for his portrayal of Prince Belshazzar in D.W. Griffith's 1916 historical epic Intolerance. He appeared in more than 230 films between 1908 and 1918. Prior to his film career, he had served from 1899 to 1903 in the Royal Horse Guards of the British Army. 
He served in South Africa during the Second Boer War from July to November 1900, receiving the Queen's South Africa Medal with clasps for Cape Colony, Orange Free State, and Transvaal. In April 1918 he travelled to Canada and enrolled in the Canadian Expeditionary Force, being assigned to the 34th Fort Garry Horse Depot Squadron in Winnipeg as an instructor, being quickly promoted to the rank of Sergeant due to his previous service and experience. 
Paget was married to Leila Halstead. In the summer of 1919, he contracted a form of malarial fever, and died in Winnipeg on 8 October 1919. He is buried in the Field Of Honour in Brookside Cemetery, Winnipeg.
 </original_abstract>
 <spacy_abstract>
  {PERSON[Alfred Paget]} ({DATE[2 June 1879]} – {DATE[8 October 1919]}) was an {LANGUAGE[English]} silent film actor best known for his portrayal of {PERSON[Prince Belshazzar]} in {PERSON[D.W. Griffith's]} {DATE[1916]} historical epic Intolerance. He appeared in {CARDINAL[more than 230]} films {DATE[between 1908 and 1918]}. Prior to his film career, he had served from {DATE[1899 to 1903]} in {ORG[the Royal Horse Guards]} of {ORG[the British Army]}. 
He served in {GPE[South Africa]} during {EVENT[the Second Boer War]} from {DATE[July to November 1900]}, receiving the Queen's South Africa Medal with clasps for {LOC[Cape Colony]}, {ORG[Orange Free State]}, and {LOC[Transvaal]}. In {DATE[April 1918]} he travelled to {GPE[Canada]} and enrolled in {ORG[the Canadian Expeditionary Force]}, being assigned to the 34th {EVENT[Fort Garry Horse Depot Squadron]} in {GPE[Winnipeg]} as an instructor, being quickly promoted to the rank of Sergeant due to his previous service and experience. 
Paget was married to {PERSON[Leila Halstead]}. In {DATE[the summer of 1919]}, he contracted a form of malarial fever, and died in {GPE[Winnipeg]} on {DATE[8 October 1919]}. He is buried in the Field Of Honour in {GPE[Brookside Cemetery]}, {GPE[Winnipeg]}.
 </spacy_abstract>
 <original_body>
  Alfred Paget at IMDb
Alfred Paget at the Internet Broadway Database
Page 1 of Alfred Paget's Attestation Paper at the Library and Archives of Canada
Page 2 of Alfred Paget's Attestation Paper at the Library and Archives of Canada
 </original_body>
 <spacy_body>
  {PERSON[Alfred Paget]} at IMDb
{PERSON[Alfred Paget]} at the Internet Broadway Database
Page 1 of {PERSON[Alfred Paget's]} Attestation Paper at {ORG[the Library and Archives of Canada]}
Page 2 of {PERSON[Alfred Paget's]} {ORG[Attestation Paper]} at the Library and Archives of Canada
 </spacy_body>
</doc>