<?xml version="1.0" encoding="utf-8"?>
<doc>
 <title>
  Alfred Wellesley
 </title>
 <original_abstract>
  Alfred Wellesley (25 July 1872 – 7 December 1943) was an English stage and film actor.
 </original_abstract>
 <spacy_abstract>
  {PERSON[Alfred Wellesley]} ({DATE[25 July 1872]} – {DATE[7 December 1943]}) was an {LANGUAGE[English]} stage and film actor.
 </spacy_abstract>
 <original_body>
  The Twelve Pound Look (1920)
A Warm Corner (1930)
The New Hotel (1932)
The Lucky Number (1932)
Great Stuff (1933)
Cleaning Up (1933)
Song at Eventide (1934)
Death on the Set (1935)
Annie, Leave the Room! (1935)
The Amazing Quest of Ernest Bliss (1936)
Museum Mystery (1937)
Wanted! (1937)
The Last Chance (1937)
What a Man! (1938)
Star of the Circus (1938)
The Mysterious Mr. Davis (1939)
Alfred Wellesley at IMDb
Alfred Wellesley at the Internet Broadway Database
Play by Alfred Wellesley on Great War Theatre
 </original_body>
 <spacy_body>
  The Twelve Pound Look ({DATE[1920]})
{WORK_OF_ART[A Warm Corner]} ({DATE[1930]})
{ORG[The New Hotel]} ({DATE[1932]})
{WORK_OF_ART[The Lucky Number (1932]})
Great Stuff ({DATE[1933]})
Cleaning Up ({DATE[1933]})
Song at Eventide ({DATE[1934]})
Death on the Set ({DATE[1935]})
Annie, Leave the Room! ({DATE[1935]})
{WORK_OF_ART[The Amazing Quest of Ernest Bliss]} ({DATE[1936]})
Museum Mystery ({DATE[1937]})
Wanted! ({DATE[1937]})
{WORK_OF_ART[The Last Chance]} ({DATE[1937]})
What a Man! ({DATE[1938]})
Star of the Circus ({DATE[1938]})
The Mysterious Mr. {PERSON[Davis]} ({DATE[1939]})
{PERSON[Alfred Wellesley]} at IMDb
{PERSON[Alfred Wellesley]} at the Internet Broadway Database
Play by {PERSON[Alfred Wellesley]} on {EVENT[Great War Theatre]}
 </spacy_body>
</doc>