<?xml version="1.0" encoding="utf-8"?>
<doc>
 <title>
  Alfred Lutter
 </title>
 <original_abstract>
  Alfred William Lutter III (born March 21, 1962) is an American entrepreneur, engineer, consultant, and former child actor.
 </original_abstract>
 <spacy_abstract>
  {PERSON[Alfred William Lutter III]} (born {DATE[March 21, 1962]}) is an {NORP[American]} entrepreneur, engineer, consultant, and former child actor.
 </spacy_abstract>
 <original_body>
  Alfred Lutter III was born on March 21, 1962 in Ridgewood, New Jersey, where he also grew up. He graduated from Ridgewood High School in 1980. Lutter starred along with Ellen Burstyn and Jodie Foster in the 1974 Martin Scorsese film Alice Doesn't Live Here Anymore. The TV series Alice was a spin-off of this movie, in which he reprised his role as Alice's son Tommy in the pilot episode but was replaced by Philip McKeon when the series began.
Lutter also appeared as the young version of Woody Allen's character, Boris, in Love and Death; and played the brainy Alfred Ogilvie in the original The Bad News Bears, and its first sequel, The Bad News Bears in Breaking Training. He also starred as Phillip in The Cay, a TV movie about a black Caribbean Islander and a white American boy lost on an island.
Lutter earned a Bachelor of Science in engineering from Stanford University in 1984 and a Master of Science in management and engineering from Stanford in 1988. In June 1986, he founded Lutter Consulting, a company providing technology strategy, organizational management, and outsourced software development services. He was also the CTO of Cumulus Media, E*Offering, and Lynda.com.
Holmstrom, John. The Moving Picture Boy: An International Encyclopaedia from 1895 to 1995. Norwich, Michael Russell, 1996, p. 341–342.
Putt, Jr., Barry M. (2019). Alice: Life Behind the Counter in Mel's Greasy Spoon (A Guide to the Feature Film, the TV Series, and More). Albany, Georgia: BearManor Media. ISBN 978-1629334264.
Lutter Consulting
Alfred Lutter at IMDb
Alfred Lutter on LinkedIn
 </original_body>
 <spacy_body>
  {PERSON[Alfred Lutter III]} was born on {DATE[March 21, 1962 in Ridgewood]}, {GPE[New Jersey]}, where he also grew up. He graduated from {ORG[Ridgewood High School]} in {DATE[1980]}. Lutter starred along with {ORG[Ellen Burstyn]} and {PERSON[Jodie Foster]} in the {DATE[1974]} Martin Scorsese film {WORK_OF_ART[Alice Doesn't Live Here Anymore.]} The TV series {PERSON[Alice]} was a spin-off of this movie, in which he reprised his role as {PERSON[Alice]}'s son {PERSON[Tommy]} in the pilot episode but was replaced by {PERSON[Philip McKeon]} when the series began.
{PERSON[Lutter]} also appeared as the young version of {PERSON[Woody Allen's]} character, {PERSON[Boris]}, in {WORK_OF_ART[Love and Death]}; and played the brainy {PERSON[Alfred Ogilvie]} in the original {WORK_OF_ART[The Bad News Bears]}, and its {ORDINAL[first]} sequel, {WORK_OF_ART[The Bad News Bears in Breaking Training]}. He also starred as {ORG[Phillip]} in The Cay, a TV movie about a black {LOC[Caribbean Islander]} and a white {NORP[American]} boy lost on an island.
{PERSON[Lutter]} earned a Bachelor of Science in engineering from {ORG[Stanford University]} in {DATE[1984]} and {WORK_OF_ART[a Master of Science]} in management and engineering from {ORG[Stanford]} in {DATE[1988]}. In {DATE[June 1986]}, he founded {ORG[Lutter Consulting]}, a company providing technology strategy, organizational management, and outsourced software development services. He was also the {ORG[CTO]} of {GPE[Cumulus Media]}, E*Offering, and {ORG[Lynda.com]}.
{PERSON[Holmstrom]}, {PERSON[John]}. {WORK_OF_ART[The Moving Picture Boy:]} {ORG[An International Encyclopaedia]} {DATE[from 1895 to 1995]}. {PERSON[Norwich]}, {PERSON[Michael Russell]}, {DATE[1996]}, p. {CARDINAL[341–342]}.
Putt, {GPE[Jr.]}, {PERSON[Barry M.]} ({DATE[2019]}). Alice: Life Behind the Counter in {GPE[Mel]}'s {PERSON[Greasy Spoon]} ({WORK_OF_ART[A Guide to the Feature Film]}, the TV {EVENT[Series]}, and More). {GPE[Albany]}, {GPE[Georgia]}: {GPE[BearManor Media]}. ISBN 978-1629334264.
Lutter Consulting
{PERSON[Alfred Lutter]} at IMDb
{PERSON[Alfred Lutter]} on {ORG[LinkedIn]}
 </spacy_body>
</doc>