<?xml version="1.0" encoding="utf-8"?>
<doc>
 <title>
  Ali Hillis
 </title>
 <original_abstract>
  Ali Hillis (born December 29, 1978) is an American actress who has appeared in television and film, and voices a number of characters in video games. She may be best known for her video game work as Dr. Liara T'Soni in the Mass Effect trilogy, Lightning in the Final Fantasy XIII series, and Palutena in Kid Icarus: Uprising.
 </original_abstract>
 <spacy_abstract>
  {PERSON[Ali Hillis]} (born {DATE[December 29, 1978]}) is an {NORP[American]} actress who has appeared in television and film, and voices a number of characters in video games. She may be best known for her video game work as Dr. {PERSON[Liara T'Soni]} in {LAW[the Mass Effect trilogy]}, Lightning in the Final Fantasy XIII series, and Palutena in Kid Icarus: Uprising.
 </spacy_abstract>
 <original_body>
  When she was six months old, Hillis and her family moved to Normal, Illinois and at age 3, to Sheboygan Falls, Wisconsin. She moved to Charlotte, North Carolina at age 13 and performed at The Children's Theater. She auditioned for Broadway plays in New York City with TV shows of Felicity (2 episodes in 1999), FreakyLinks, Undressed (2000), Naruto, JAG, Boomtown and Less Than Perfect. Her several film roles are All the Wrong Places, Kiss Kiss Bang Bang, Must Love Dogs, Open Water 2: Adrift, The Ultimate Gift, and The Heartbreak Kid and  the Los Angeles play, A Good Soldier. Her video game roles are Lightning in Final Fantasy XIII, its sequels and Dissidia 012 Final Fantasy, Liara T'Soni in the Mass Effect trilogy, Ariel Hanson in Starcraft II: Wings of Liberty, Karin in the Naruto series, Palutena in Kid Icarus: Uprising and Isabelle "Izzy" Sinclair in Fuse.
In 2012, she starred in a YouTube web series called Fix Me by ModernMom, in which she plays Sydney Lang, a housewife who tries to fix everything around her.
Hillis is married to Matt Swartz.. The couple have one daughter together.
Official website
Ali Hillis convention appearances on AnimeCons.com
Ali Hillis at IMDb
 </original_body>
 <spacy_body>
  When she was {DATE[six months old]}, {ORG[Hillis]} and her family moved to {GPE[Normal]}, {GPE[Illinois]} and at {DATE[age 3]}, to {PERSON[Sheboygan Falls]}, {GPE[Wisconsin]}. She moved to {GPE[Charlotte]}, {GPE[North Carolina]} at {DATE[age 13]} and performed at {ORG[The Children's Theater]}. She auditioned for {FAC[Broadway]} plays in {GPE[New York City]} with TV shows of {ORG[Felicity]} ({CARDINAL[2]} episodes in {DATE[1999]}), {ORG[FreakyLinks]}, Undressed ({DATE[2000]}), {ORG[Naruto]}, {NORP[JAG]}, {PERSON[Boomtown]} and {NORP[Less Than Perfect]}. Her several film roles are All {ORG[the Wrong Places]}, {PERSON[Kiss Kiss Bang Bang]}, {WORK_OF_ART[Must Love Dogs, Open Water 2:]} {ORG[Adrift]}, {ORG[The Ultimate Gift]}, and {WORK_OF_ART[The Heartbreak Kid]} and  the {GPE[Los Angeles]} play, {PERSON[A Good Soldier]}. Her video game roles are {WORK_OF_ART[Lightning in Final Fantasy XIII]}, its sequels and {FAC[Dissidia 012 Final Fantasy]}, {PERSON[Liara T'Soni]} in the Mass Effect trilogy, {PERSON[Ariel Hanson]} in {PERSON[Starcraft]} II: Wings of {GPE[Liberty]}, {GPE[Karin]} in {EVENT[the Naruto series]}, {GPE[Palutena]} in Kid Icarus: Uprising and Isabelle "Izzy" {WORK_OF_ART[Sinclair in Fuse]}.
In {DATE[2012]}, she starred in a {WORK_OF_ART[YouTube]} web series called {WORK_OF_ART[Fix Me]} by ModernMom, in which she plays {PERSON[Sydney Lang]}, a housewife who tries to fix everything around her.
{ORG[Hillis]} is married to {PERSON[Matt Swartz]}.. The couple have {CARDINAL[one]} daughter together.
Official website
{PERSON[Ali Hillis]} convention appearances on AnimeCons.com
{PERSON[Ali Hillis]} at IMDb
 </spacy_body>
</doc>