<?xml version="1.0" encoding="utf-8"?>
<doc>
 <title>
  Alice De Winton
 </title>
 <original_abstract>
  Alice De Winton (born Alice Catherine Wilson 1870 – 1941) was an English actress.
She was born and died in London.  She was the daughter of Henry Wilson, a retired army surgeon major, and Louisa Ducrow (daughter of equestrian and circus manager Andrew Ducrow).
 </original_abstract>
 <spacy_abstract>
  {PERSON[Alice De Winton]} (born {PERSON[Alice Catherine Wilson]} {DATE[1870 – 1941]}) was an {LANGUAGE[English]} actress.
She was born and died in {GPE[London]}.  She was the daughter of {PERSON[Henry Wilson]}, a retired army surgeon major, and {PERSON[Louisa Ducrow]} (daughter of equestrian and circus manager {PERSON[Andrew Ducrow]}).
 </spacy_abstract>
 <original_body>
  A Cinema Girl's Romance (1915)
The Marriage of William Ashe (1916)
Sally Bishop (1916)
A Fair Impostor (1916)
Lady Windermere's Fan (1916)
The Sorrows of Satan (1917)
Democracy (1918)
The Woman of the Iron Bracelets (1920)
The Children of Gibeon (1920)
The Door That Has No Key (1921)
The Bachelor's Club (1921)
Alice De Winton at IMDb
 </original_body>
 <spacy_body>
  A Cinema Girl's Romance ({DATE[1915]})
The Marriage of {PERSON[William Ashe]} ({DATE[1916]})
{PERSON[Sally Bishop]} ({DATE[1916]})
A Fair Impostor ({DATE[1916]})
{WORK_OF_ART[Lady Windermere's Fan]} ({DATE[1916]})
The Sorrows of Satan ({DATE[1917]})
Democracy ({DATE[1918]})
The Woman of the Iron Bracelets ({DATE[1920]})
{WORK_OF_ART[The Children of Gibeon]} ({DATE[1920]})
{WORK_OF_ART[The Door That Has No Key (1921]})
{ORG[The Bachelor's Club]} ({DATE[1921]})
{PERSON[Alice De Winton]} at IMDb
 </spacy_body>
</doc>