<?xml version="1.0" encoding="utf-8"?>
<doc>
 <title>
  Alicia Rhett
 </title>
 <original_abstract>
  Mary Alicia Rhett (February 1, 1915 – January 3, 2014) was an American actress and portrait painter who is best remembered for her role as India Wilkes in the 1939 epic film Gone with the Wind. At the time of her death, Rhett was one of the oldest surviving credited cast members of the movie.
 </original_abstract>
 <spacy_abstract>
  {PERSON[Mary Alicia Rhett]} ({DATE[February 1, 1915]} – {DATE[January 3, 2014]}) was an {NORP[American]} actress and portrait painter who is best remembered for her role as {GPE[India]} Wilkes in the {DATE[1939]} epic film {WORK_OF_ART[Gone with the Wind]}. At the time of her death, {PERSON[Rhett]} was one of the oldest surviving credited cast members of the movie.
 </spacy_abstract>
 <original_body>
  Rhett was born in 1915 at Savannah, Georgia to Isobel Murdoch, an immigrant from Liverpool, England, and Edmund M. Rhett, an American army officer and engineer based in Savannah. Her grandfather was Col. Alfred Moore Rhett, the commander of the 1st South Carolina Artillery for most of the civil war, and her great grandfather was Robert Barnwell Rhett, Alfred Rhett's father. After her father's death during World War I, Alicia and her mother moved to Charleston, South Carolina. Rhett became a theatre actress in Charleston. A newspaper article in 1939 quoted a Selznick International Pictures news release as saying that Rhett Butler's first name was chosen by Margaret Mitchell because "Since earliest Colonial days, the Rhett family has occupied a prominent position in the South generally, and, more particularly, in and around Charleston, S.C."Alicia Rhett graduated from Memminger High School in Charleston.
During a performance of The Recruiting Officer in 1936, Rhett was spotted by Hollywood director George Cukor, who was impressed by her charm and beauty. The director was scouting for an actress to play the role of Scarlett O'Hara after producer David Selznick purchased the film rights to the Margaret Mitchell novel. Previously, she had been suggested by talent scout Kay Brown as a possible Southern belle for the film.Rhett auditioned for the part of Melanie Hamilton, but the role went instead to Olivia de Havilland. In March 1937, Cukor offered Rhett the role of India Wilkes, sister of Ashley Wilkes. After the success of Gone with the Wind, Rhett left Hollywood and returned to South Carolina and retired from filmmaking in 1941, citing a lack of suitable roles. Rhett later became an accent coach for aspiring actors and a radio announcer at station WTMA in Charleston.
Prior to appearing in Gone with the Wind, Rhett showed talent as a sketch artist and portrait painter. Between takes on Gone with the Wind, she made sketches and drawings of her fellow actors. Soon, Rhett was creating portraits of American servicemen in the Charleston vicinity. Some of her later works included portraits of Admiral Louis Emil Denfeld, and librarian Estellene P. Walker, the latter of which is on display in the South Carolina State Library. Coincidentally, Rhett was commissioned to paint the portrait of a then 19-year-old Charleston resident Alexandra Braid, later known as Alexandra Ripley, author of Scarlett (1991), the sequel to Gone with the Wind.Rhett illustrated a number of books, including South Carolina Indians (1965), written by Beth Causey and Leila Darby. Of particular note, Charlotte Brown Lide commissioned Ms. Rhett to paint a portrait of her late husband, Claudius Murray Lide, Sr., and the same year painted a reproduction of William Harrison Scarborough's "The Miller Sisters". These two portraits are housed in the home of Claudius Murray Lide, Jr. in Columbia, South Carolina.
Rhett died at age 98 of natural causes on January 3, 2014, at Bishop Gadsden Episcopal Retirement Community in her longtime hometown of Charleston, South Carolina. In her obituaries, Rhett was cited as "the oldest living actor from Gone With the Wind", being 17 months older than Dame Olivia de Havilland.Alicia Rhett was laid to rest beside her parents at St. Philip's Episcopal Church Cemetery, in Charleston, South Carolina, under a large standing granite stone, marked by her name, dates, with the description, "Daughter of Edmund M. and Isobel M. Rhett -Portraitist".
Alicia Rhett at IMDb
New York Times biography
 </original_body>
 <spacy_body>
  {PERSON[Rhett]} was born in {DATE[1915]} at {GPE[Savannah]}, {GPE[Georgia]} to {PERSON[Isobel Murdoch]}, an immigrant from {GPE[Liverpool]}, {GPE[England]}, and {PERSON[Edmund M. Rhett]}, an {NORP[American]} army officer and engineer based in {GPE[Savannah]}. Her grandfather was Col. {PERSON[Alfred Moore Rhett]}, the commander of the {ORDINAL[1st]} South Carolina Artillery for most of the civil war, and her great grandfather was {PERSON[Robert Barnwell Rhett]}, {PERSON[Alfred Rhett's]} father. After her father's death during {EVENT[World War I]}, {NORP[Alicia]} and her mother moved to {GPE[Charleston]}, {GPE[South Carolina]}. {PERSON[Rhett]} became a theatre actress in {GPE[Charleston]}. A newspaper article in {DATE[1939]} quoted a {ORG[Selznick International Pictures]} news release as saying that {PERSON[Rhett Butler's]} {ORDINAL[first]} name was chosen by {PERSON[Margaret Mitchell]} because "Since earliest Colonial days, the {PERSON[Rhett]} family has occupied a prominent position in the {LOC[South]} generally, and, more particularly, in and around {GPE[Charleston]}, {PERSON[S.C."Alicia Rhett]} graduated from {ORG[Memminger High School]} in {GPE[Charleston]}.
During a performance of {ORG[The Recruiting Officer]} in {DATE[1936]}, {PERSON[Rhett]} was spotted by {GPE[Hollywood]} director {PERSON[George Cukor]}, who was impressed by her charm and beauty. The director was scouting for an actress to play the role of {PERSON[Scarlett O'Hara]} after producer {PERSON[David Selznick]} purchased the film rights to the {PERSON[Margaret Mitchell]} novel. Previously, she had been suggested by talent scout {PERSON[Kay Brown]} as a possible {NORP[Southern]} belle for the film.{PERSON[Rhett]} auditioned for the part of {PERSON[Melanie Hamilton]}, but the role went instead to {ORG[Olivia de Havilland]}. In {DATE[March 1937]}, {GPE[Cukor]} offered {PERSON[Rhett]} the role of {ORG[India Wilkes]}, sister of {FAC[Ashley Wilkes]}. After the success of Gone with the Wind, {PERSON[Rhett]} left {GPE[Hollywood]} and returned to {GPE[South Carolina]} and retired from filmmaking in {DATE[1941]}, citing a lack of suitable roles. {PERSON[Rhett]} later became an accent coach for aspiring actors and a radio announcer at station {PERSON[WTMA]} in {GPE[Charleston]}.
Prior to appearing in Gone with the Wind, {PERSON[Rhett]} showed talent as a sketch artist and portrait painter. Between takes on Gone with the Wind, she made sketches and drawings of her fellow actors. Soon, {PERSON[Rhett]} was creating portraits of {NORP[American]} servicemen in the {GPE[Charleston]} vicinity. Some of her later works included portraits of Admiral {PERSON[Louis Emil Denfeld]}, and librarian {PERSON[Estellene P. Walker]}, the latter of which is on display in the {GPE[South Carolina]} State Library. Coincidentally, {PERSON[Rhett]} was commissioned to paint the portrait of a then {DATE[19-year-old]} {GPE[Charleston]} resident {PERSON[Alexandra Braid]}, later known as {PERSON[Alexandra Ripley]}, author of {PERSON[Scarlett]} ({DATE[1991]}), the sequel to Gone with the Wind.{PERSON[Rhett]} illustrated a number of books, including {GPE[South Carolina]} {NORP[Indians]} ({DATE[1965]}), written by {PERSON[Beth Causey]} and {GPE[Leila Darby]}. Of particular note, {FAC[Charlotte Brown Lide]} commissioned Ms. {PERSON[Rhett]} to paint a portrait of her late husband, {PERSON[Claudius Murray Lide]}, {GPE[Sr.]}, and {DATE[the same year]} painted a reproduction of {PERSON[William Harrison Scarborough's]} "{WORK_OF_ART[The Miller Sisters]}". These {CARDINAL[two]} portraits are housed in the home of {PERSON[Claudius Murray Lide]}, Jr. in {GPE[Columbia]}, {GPE[South Carolina]}.
{PERSON[Rhett]} died at {DATE[age 98]} of natural causes on {DATE[January 3, 2014]}, at {ORG[Bishop Gadsden Episcopal Retirement Community]} in her longtime hometown of {GPE[Charleston]}, {GPE[South Carolina]}. In her obituaries, {PERSON[Rhett]} was cited as "the oldest living actor from {WORK_OF_ART[Gone With the Wind]}", being {DATE[17 months]} older than {ORG[Dame Olivia de Havilland]}.{PERSON[Alicia Rhett]} was laid to rest beside her parents at {ORG[St. Philip's]} {ORG[Episcopal Church Cemetery]}, in {GPE[Charleston]}, {GPE[South Carolina]}, under a large standing granite stone, marked by her name, dates, with the description, "{WORK_OF_ART[Daughter of Edmund M.]} and {PERSON[Isobel M. Rhett]} -Portraitist".
{PERSON[Alicia Rhett]} at IMDb
{ORG[New York Times]} biography
 </spacy_body>
</doc>