<?xml version="1.0" encoding="utf-8"?>
<doc>
 <title>
  Alice Playten
 </title>
 <original_abstract>
  Alice Playten (née Plotkin; August 28, 1947 – June 25, 2011) was an American actress known for her high-pitched, child-like voice.
 </original_abstract>
 <spacy_abstract>
  {PERSON[Alice Playten]} (née {PERSON[Plotkin]}; {DATE[August 28, 1947 – June 25, 2011]}) was an {NORP[American]} actress known for her high-pitched, child-like voice.
 </spacy_abstract>
 <original_body>
  Born in New York City, Playten began her career in the Broadway musical Gypsy (1959). Her other Broadway credits included Oliver!, Henry, Sweet Henry, Hello, Dolly!, Rumors, Seussical, and Caroline, or Change.
Her many off-Broadway credits include Promenade, The Last Sweet Days of Isaac, Up from Paradise, Sister Mary Ignatius Explains It All for You, Spoils of War, Four Short Operas, First Lady Suite, A Flea in Her Ear, National Lampoon's Lemmings and Shlemiel the First.Playten's screen credits include Ladybug Ladybug (1963), Who Killed Mary What's 'Er Name? (1971), California Dreaming (1979), Legend (1985), and I.Q. (1994). She wore heavy makeup and prosthetics in Legend to portray the character of 'Blix', a major minion of the Lord of Darkness; she also dubbed the voice of Gump. She did voice work in several animated features, including Felix the Cat, Really Rosie, Heavy Metal, Doug, Doug's 1st Movie and My Little Pony: The Movie.
She was a regular on the children's television series The Lost Saucer and That's Cat, appeared in National Lampoon's Disco Beaver from Outer Space during the early days of HBO, and had guest shots on Frasier, Law &amp; Order, Third Watch, and As the World Turns, among others.
She performed a romantic dialog with Rupert Holmes in his song "Our National Pastime" on his 1974 debut album Widescreen.
Playten may have been best known for her role of the newlywed who makes a gigantic dumpling as the first meal she cooks for her husband (Terry Kiser) in two classic 1969-1970 Alka-Seltzer commercials.In 1977 she wed the psychedelic light show innovator, director and artist Joshua White and remained married until her death.
Playten died on June 25, 2011 at Sloan-Kettering Hospital in Manhattan from heart failure after a lifetime of juvenile diabetes, complicated by pancreatic cancer. On November 14, 2011 a retrospective of her work was held at the 
Second Stage Theater, New York.
1968 Tony Award nomination for Best Featured Actress in a Musical (Henry, Sweet Henry)
1968 Theatre World Award (Henry, Sweet Henry)
1973 Obie Award for Distinguished Performance (National Lampoon's Lemmings)
1989 Drama Desk Award nomination for Outstanding Featured Actress in a Play (Spoils of War)
1994 Obie Award (First Lady Suite)
Notes
Alice Playten on IBDB
Alice Playten on IOBDB
Alice Playten at IMDb
Alice Playten at the TCM Movie Database
Alice Playten Passes Away at 63
Alice Playten at Find a Grave
 </original_body>
 <spacy_body>
  Born in {GPE[New York City]}, {ORG[Playten]} began her career in the {FAC[Broadway]} musical {GPE[Gypsy]} ({DATE[1959]}). Her other {FAC[Broadway]} credits included {PERSON[Oliver]}!, {PERSON[Henry]}, {PERSON[Sweet Henry,]} Hello, {PERSON[Dolly]}!, Rumors, {PERSON[Seussical]}, and {PERSON[Caroline]}, or {ORG[Change]}.
Her many off-{FAC[Broadway]} credits include {FAC[Promenade]}, {DATE[The Last Sweet Days]} of {PERSON[Isaac]}, Up from {PERSON[Paradise]}, Sister Mary Ignatius Explains It All for You, Spoils of War, Four Short Operas, First Lady Suite, A Flea in Her Ear, {FAC[National Lampoon's]} {WORK_OF_ART[Lemmings and Shlemiel the First]}.{ORG[Playten]}'s screen credits include {ORG[Ladybug Ladybug]} ({DATE[1963]}), Who Killed Mary What's 'Er Name? ({DATE[1971]}), {GPE[California]} Dreaming ({DATE[1979]}), Legend ({DATE[1985]}), and {ORG[I.Q.]} ({DATE[1994]}). She wore heavy makeup and prosthetics in {GPE[Legend]} to portray the character of 'Blix', a major minion of the Lord of Darkness; she also dubbed the voice of {ORG[Gump]}. She did voice work in several animated features, including {WORK_OF_ART[Felix the Cat, Really Rosie]}, {ORG[Heavy Metal]}, {PERSON[Doug]}, {PERSON[Doug]}'s {ORDINAL[1st]} Movie and My Little Pony: The Movie.
She was a regular on the children's television series {WORK_OF_ART[The Lost Saucer]} and That's Cat, appeared in {FAC[National Lampoon's]} {PERSON[Disco Beaver]} from {ORG[Outer Space]} during {DATE[the early days]} of {ORG[HBO]}, and had guest shots on {ORG[Frasier, Law &amp; Order]}, {ORDINAL[Third]} Watch, and As {ORG[the World Turns]}, among others.
She performed a romantic dialog with {PERSON[Rupert Holmes]} in his song {WORK_OF_ART["Our National Pastime]}" on his {DATE[1974]} debut album {WORK_OF_ART[Widescreen]}.
Playten may have been best known for her role of the newlywed who makes a gigantic dumpling as the {ORDINAL[first]} meal she cooks for her husband ({PERSON[Terry Kiser]}) in {CARDINAL[two]} classic {DATE[1969-1970]} {ORG[Alka-Seltzer]} commercials.In {DATE[1977]} she wed the psychedelic light show innovator, director and artist {PERSON[Joshua White]} and remained married until her death.
Playten died on {DATE[June 25, 2011]} at {ORG[Sloan-Kettering Hospital]} in {GPE[Manhattan]} from heart failure after a lifetime of juvenile diabetes, complicated by pancreatic cancer. On {DATE[November 14, 2011]} a retrospective of her work was held at {ORG[the 
Second Stage Theater]}, {GPE[New York]}.
{DATE[1968]} {PERSON[Tony Award]} nomination for Best Featured Actress in a Musical ({PERSON[Henry]}, Sweet Henry)
{CARDINAL[1968]} {WORK_OF_ART[Theatre World Award]} ({PERSON[Henry]}, {PERSON[Sweet Henry]})
{DATE[1973]} {EVENT[Obie Award]} for Distinguished Performance ({FAC[National Lampoon's]} Lemmings)
{DATE[1989]} {PERSON[Drama Desk Award]} nomination for {ORG[Outstanding Featured Actress]} in {WORK_OF_ART[a Play]} (Spoils of War)
{DATE[1994]} {PERSON[Obie Award]} ({ORDINAL[First]} Lady Suite)
Notes
{PERSON[Alice Playten]} on IBDB
{PERSON[Alice Playten]} on IOBDB
{PERSON[Alice Playten]} at IMDb
{PERSON[Alice Playten]} at the TCM Movie Database
Alice Playten Passes Away at {CARDINAL[63]}
{PERSON[Alice Playten]} at Find a Grave
 </spacy_body>
</doc>