<?xml version="1.0" encoding="utf-8"?>
<doc>
 <title>
  Alicia Moreda
 </title>
 <original_abstract>
  Alicia Moreda Tuya (November 1, 1912 – June 13, 1983), was a soap opera actress, comedian, and a pioneer in Puerto Rico's television industry.
 </original_abstract>
 <spacy_abstract>
  {PERSON[Alicia Moreda Tuya]} ({DATE[November 1, 1912 – June 13, 1983]}), was a soap opera actress, comedian, and a pioneer in {GPE[Puerto Rico's]} television industry.
 </spacy_abstract>
 <original_body>
  Moreda was born in Mayagüez, Puerto Rico, one of three children born to Alberto Moreda Cifuentes and Celestina Tuya Lafuente. Her siblings were her sister, Adela Moreda Tuya, and her brother, Alberto Moreda Tuya. Her father was born in Gijón, Asturias, northern Spain, and had come with his brother to Mayagüez, Puerto Rico before the Spanish–American War.  In 1921, her mother died and she was raised by her father and sisters.  Moreda received her primary and secondary education at the Catholic school "Colegio La Milagrosa" in Mayagüez.  At first she thought that she would like to become a nun; however, after participating in a school play, she decided that she would prefer to become an actress.
After she graduated from high school, Moreda auditioned for theatre roles and participated in many local productions.  At first she would tell everyone that she was a Gallega (a person from Galicia, located in the north-western corner of Spain) and she was nicknamed "La Gallega".  Besides theatre, she also made many presentations on radio.  On March 28, 1954, Moreda participated in the first televised program in Puerto Rico, a comedy titled "El Caso de la Mujer Asesinadita" (The Case of the Assassinated Woman) alongside Mapy Cortés and Fernando Cortés which was transmitted by WKAQ-TV Telemundo Channel 2.In 1960, she acted in "Casos y cosas de casa" (Cases and things of the house) with Braulio Castillo and Lillian Hurst.  She also acted in the soap opera "La Gata" (The (female) Cat) and became very attached to the cat on the set.  She then adopted many cats and dogs, and she named each one of the animals after a famous person.Among the movies in which Moreda acted are the following: Romance en Puerto Rico (Romance in Puerto Rico) (1962), with José Miguel Agrelot, Bobby Capó and Luis Vigoreaux; Jucio contra un Angel (Judgement against an Angel) (1964), alongside Braulio Castillo and Luis Vigoreaux and  Díos los Cría (God creates them) (1979) alongside Norma Candal, Gladys Rodríguez, Otilio Warrington, Esther Sandoval and director Jacobo Morales.
She would always carry the flags of Spain and Puerto Rico wherever she went.  At times when she would be hospitalized for any reason, she would request that if she ever died she would like to be buried with both flags.Alicia Moreda died on June 13, 1985, of natural causes and was buried with her two flags in the Cementerio Municipal de Mayagüez. The city of Caguas named a street Calle Alicia Moreda in her honor.
Romance in Puerto Rico (1962)
...And God Created Them (1979)
List of Puerto Ricans
Alicia Moreda at IMDb
 </original_body>
 <spacy_body>
  Moreda was born in {GPE[Mayagüez]}, {GPE[Puerto Rico]}, {CARDINAL[one]} of {CARDINAL[three]} children born to {PERSON[Alberto Moreda]} Cifuentes and {PERSON[Celestina Tuya Lafuente]}. Her siblings were her sister, {PERSON[Adela Moreda Tuya]}, and her brother, {PERSON[Alberto Moreda Tuya]}. Her father was born in {GPE[Gijón]}, {PERSON[Asturias]}, northern {GPE[Spain]}, and had come with his brother to {PERSON[Mayagüez]}, {GPE[Puerto Rico]} before the {NORP[Spanish]}–{EVENT[American War]}.  In {DATE[1921]}, her mother died and she was raised by her father and sisters.  Moreda received her primary and secondary education at {ORG[the Catholic school "]}{WORK_OF_ART[Colegio La Milagrosa]}" in {PERSON[Mayagüez]}.  At first she thought that she would like to become a nun; however, after participating in a school play, she decided that she would prefer to become an actress.
After she graduated from high school, {PERSON[Moreda]} auditioned for theatre roles and participated in many local productions.  At {ORDINAL[first]} she would tell everyone that she was a {PERSON[Gallega]} (a person from {GPE[Galicia]}, located in the north-western corner of {GPE[Spain]}) and she was nicknamed "La Gallega".  Besides theatre, she also made many presentations on radio.  On {DATE[March 28, 1954]}, {PERSON[Moreda]} participated in the {ORDINAL[first]} televised program in {GPE[Puerto Rico]}, a comedy titled "{WORK_OF_ART[El Caso de la Mujer Asesinadita]}" ({WORK_OF_ART[The Case of the Assassinated Woman]}) alongside {PERSON[Mapy Cortés]} and {PERSON[Fernando Cortés]} which was transmitted by WKAQ-TV Telemundo Channel {DATE[2.In 1960]}, she acted in "{ORG[Casos]} y {PERSON[cosas de casa]}" ({PERSON[Cases]} and things of the house) with {PERSON[Braulio Castillo]} and {PERSON[Lillian Hurst]}.  She also acted in the soap opera "{WORK_OF_ART[La Gata]}" (The (female) Cat) and became very attached to the cat on the set.  She then adopted many cats and dogs, and she named each one of the animals after a famous person.Among the movies in which {WORK_OF_ART[Moreda]} acted are the following: Romance en {GPE[Puerto Rico]} (Romance in {GPE[Puerto Rico]}) ({DATE[1962]}), with {PERSON[José Miguel Agrelot]}, {PERSON[Bobby Capó]} and {PERSON[Luis Vigoreaux]}; {PERSON[Jucio contra]} un {PERSON[Angel]} (Judgement against an {PERSON[Angel]}) ({DATE[1964]}), alongside {PERSON[Braulio Castillo]} and {PERSON[Luis Vigoreaux]} and  Díos los Cría (God creates them) ({DATE[1979]}) alongside {PERSON[Norma Candal]}, {PERSON[Gladys Rodríguez]}, {PERSON[Otilio Warrington]}, {PERSON[Esther Sandoval]} and director {PERSON[Jacobo Morales]}.
She would always carry the flags of {GPE[Spain]} and {GPE[Puerto Rico]} wherever she went.  At times when she would be hospitalized for any reason, she would request that if she ever died she would like to be buried with both flags.{PERSON[Alicia Moreda]} died on {DATE[June 13, 1985]}, of natural causes and was buried with her {CARDINAL[two]} flags in {ORG[the Cementerio Municipal de Mayagüez]}. The city of {ORG[Caguas]} named a street {FAC[Calle Alicia Moreda]} in her honor.
Romance in {GPE[Puerto Rico]} ({DATE[1962]})
...And God Created Them ({DATE[1979]})
List of Puerto Ricans
{PERSON[Alicia Moreda]} at IMDb
 </spacy_body>
</doc>