<?xml version="1.0" encoding="utf-8"?>
<doc>
 <title>
  Alice Brady
 </title>
 <original_abstract>
  Alice Brady (born Mary Rose Brady; November 2, 1892 – October 28, 1939) was an American actress who began her career in the silent film era and survived the transition into talkies. She worked until six months before her death from cancer in 1939. Her films include My Man Godfrey (1936), in which she plays the flighty mother of Carole Lombard's character, and In Old Chicago (1937) for which she won the Academy Award for Best Supporting Actress.
In 1960, Brady received a motion pictures star on the Hollywood Walk of Fame for her contributions to the film industry. Her star is located at 6201 Hollywood Boulevard.
 </original_abstract>
 <spacy_abstract>
  {PERSON[Alice Brady]} (born {PERSON[Mary Rose Brady]}; {DATE[November 2, 1892 – October 28, 1939]}) was an {NORP[American]} actress who began her career in the silent film era and survived the transition into talkies. She worked until {DATE[six months]} before her death from cancer in {DATE[1939]}. Her films include {PERSON[My Man Godfrey]} ({DATE[1936]}), in which she plays the flighty mother of {PERSON[Carole Lombard's]} character, and In Old {GPE[Chicago]} ({DATE[1937]}) for which she won {WORK_OF_ART[the Academy Award for Best Supporting Actress]}.
In {DATE[1960]}, {PERSON[Brady]} received a motion pictures star on {FAC[the Hollywood Walk of Fame]} for her contributions to the film industry. Her star is located at {FAC[6201 Hollywood Boulevard]}.
 </spacy_abstract>
 <original_body>
  Mary Rose Brady was born in New York City.  Her father, William A. Brady, was an important theatrical producer. Her mother, French actress Rose Marie Rene, died in 1896.
She was interested at an early age in becoming an actress. She first went on the stage when she was 14 and got her first job on Broadway in 1911 at the age of 18, in a show with which her father was associated.
Billed as Mary Rose, Brady debuted on stage in 1911 in New Haven in the operetta The Balkan Princess. In 1913, Brady appeared with John Barrymore in A Thief for a Night (adapted by P. G. Wodehouse and playwright John Stapleton from Wodehouse's novel, A Gentleman of Leisure) at McVicker's Theatre in Chicago.  She continued to perform on Broadway (often in shows her father produced) consistently for the next 22 years. In 1931 she appeared in the premiere of Eugene O'Neill's Mourning Becomes Electra. Her step-mother was actress Grace George (1879–1961), whom her father married when Alice was a child. Her half-brother was William A. Brady Jr, the son of her father and Grace George.

Brady's father moved into movie production and presentation in 1913, with his World Film Company, and Brady soon followed along after him, making her first silent feature appearance in As Ye Sow in 1914. She appeared in 53 films in the next 10 years, all while continuing to perform on stage, the film industry at the time being centered in New York.In 1923, she stopped appearing in films to concentrate on stage acting, and did not appear on the screen again until 1933, when she made the move to Hollywood and M-G-M's When Ladies Meet become her first talking picture.  From then on she worked frequently until her death, making another 25 films in seven years.  Her final film was Young Mr. Lincoln (1939).
Brady was married to actor James Crane from 1919 to 1922, when they divorced. They co-starred in three silent films together: His Bridal Night (1919), Sinners (1920) and A Dark Lantern (1920).  The couple had one child, Donald.
Brady died from cancer on October 28, 1939, five days before her 47th birthday.
For her portrayal of Mrs. Molly O'Leary — a fictionalized version of Catherine O'Leary – in 1937's In Old Chicago, Brady won the Academy Award for Best Supporting Actress. She had been nominated for the same award the year before as well, for her work in My Man Godfrey.
A long-enduring myth states that at the Academy Award presentation dinner, Brady's Oscar Award, a plaque (statuettes were not awarded for the Supporting categories until 1943) was stolen by a man who came onstage to accept the award on the absent actress's behalf and that it was never recovered, and the impostor was never tracked down. The Academy then issued a replacement plaque which was later presented to Brady.However, according to press at the time the film's director, Henry King, accepted on her behalf at the ceremony and friends of Ms. Brady delivered it to her home later that night. Winners are given blank awards at the ceremony and return them to the Academy to have them engraved afterwards. Miss Brady also followed this practice, which may have led to the story that the Academy was presenting her with a replacement trophy.
A sample of her more than 80 films includes:
Silent

Sound

When Ladies Meet (1933 MGM)
Beauty for Sale (1933 MGM)
Stage Mother (1933 MGM)
Broadway to Hollywood (1933 MGM)
The Gay Divorcee (1934 RKO)
Miss Fane's Baby Is Stolen (1934 Paramount)
Gold Diggers of 1935 (1935 Warner Brothers)
Let 'Em Have It (1935)
Three Smart Girls (1936 Universal)
Go West, Young Man (1936 Paramount)
My Man Godfrey (1936 Universal)
The Harvester (1936 Republic Pictures)
Call It a Day (1937 Warner Brothers)
One Hundred Men and a Girl (1937 Universal)
In Old Chicago (1937 20th Century-Fox)
Mr. Dodd Takes the Air (1937 Warner Brothers)
Goodbye Broadway (1938 Universal)
Zenobia (1939 United Artists)
Young Mr. Lincoln (1939 20th Century-Fox)
List of actors with Academy Award nominations
Alice Brady at IMDb
Alice Brady at Find a Grave
Alice Brady at the Internet Broadway Database
Alice Brady at AllMovie
Literature on Alice Brady
Alice Brady portrait 1910s
Alice Brady at the NY Public Library Billy Rose Collection
 </original_body>
 <spacy_body>
  {PERSON[Mary Rose Brady]} was born in {GPE[New York City]}.  Her father, {PERSON[William A. Brady]}, was an important theatrical producer. Her mother, {NORP[French]} actress {PERSON[Rose Marie Rene]}, died in {DATE[1896]}.
She was interested at an early age in becoming an actress. She {ORDINAL[first]} went on the stage when she was {DATE[14]} and got her {ORDINAL[first]} job on {FAC[Broadway]} in {DATE[1911]} at {DATE[the age of 18]}, in a show with which her father was associated.
Billed as {PERSON[Mary Rose]}, {PERSON[Brady]} debuted on stage in {DATE[1911]} in {GPE[New Haven]} in the operetta {LOC[The Balkan Princess]}. In {DATE[1913]}, {PERSON[Brady]} appeared with {PERSON[John Barrymore]} in {WORK_OF_ART[A Thief for a Night]} (adapted by {PERSON[P. G. Wodehouse]} and playwright {PERSON[John Stapleton]} from {ORG[Wodehouse]}'s novel, {WORK_OF_ART[A Gentleman of Leisure]}) at {ORG[McVicker's Theatre]} in {GPE[Chicago]}.  She continued to perform on {FAC[Broadway]} (often in shows her father produced) consistently for {DATE[the next 22 years]}. In {DATE[1931]} she appeared in the premiere of {PERSON[Eugene O'Neill's]} {ORG[Mourning Becomes Electra]}. Her step-mother was actress {PERSON[Grace George]} ({CARDINAL[1879–1961]}), whom her father married when {PERSON[Alice]} was a child. Her half-brother was {PERSON[William A. Brady Jr]}, the son of her father and {PERSON[Grace George]}.

{PERSON[Brady]}'s father moved into movie production and presentation in {DATE[1913]}, with his {ORG[World Film Company]}, and {PERSON[Brady]} soon followed along after him, making her {ORDINAL[first]} silent feature appearance in {WORK_OF_ART[As Ye Sow]} in {DATE[1914]}. She appeared in {CARDINAL[53]} films in {DATE[the next 10 years]}, all while continuing to perform on stage, the film industry at the time being centered in {GPE[New York]}.In {DATE[1923]}, she stopped appearing in films to concentrate on stage acting, and did not appear on the screen again until {DATE[1933]}, when she made the move to {GPE[Hollywood]} and {FAC[M-G-M's]} When Ladies Meet become her {ORDINAL[first]} talking picture.  From then on she worked frequently until her death, making another {CARDINAL[25]} films in {DATE[seven years]}.  Her final film was Young Mr. {PERSON[Lincoln]} (1939).
{PERSON[Brady]} was married to actor {PERSON[James Crane]} from {DATE[1919 to 1922]}, when they divorced. They co-starred in {CARDINAL[three]} silent films together: His {TIME[Bridal Night]} ({DATE[1919]}), Sinners ({DATE[1920]}) and {WORK_OF_ART[A Dark Lantern]} ({DATE[1920]}).  The couple had {CARDINAL[one]} child, {PERSON[Donald]}.
{PERSON[Brady]} died from cancer on {DATE[October 28, 1939]}, {DATE[five days]} before her {ORDINAL[47th]} birthday.
For her portrayal of Mrs. {PERSON[Molly O'Leary]} — a fictionalized version of {PERSON[Catherine O'Leary]} – in {DATE[1937]}'s In Old {GPE[Chicago]}, {PERSON[Brady]} won {WORK_OF_ART[the Academy Award for Best Supporting Actress]}. She had been nominated for the same award {DATE[the year before]} as well, for her work in {PERSON[My Man Godfrey]}.
A long-enduring myth states that at the Academy Award presentation dinner, {PERSON[Brady]}'s {WORK_OF_ART[Oscar Award]}, a plaque (statuettes were not awarded for the {WORK_OF_ART[Supporting]} categories until {DATE[1943]}) was stolen by a man who came onstage to accept the award on the absent actress's behalf and that it was never recovered, and the impostor was never tracked down. The {ORG[Academy]} then issued a replacement plaque which was later presented to {PERSON[Brady]}.However, according to press at the time the film's director, {PERSON[Henry King]}, accepted on her behalf at the ceremony and friends of Ms. {PERSON[Brady]} delivered it to her home {TIME[later that night]}. Winners are given blank awards at the ceremony and return them to the {ORG[Academy]} to have them engraved afterwards. Miss {PERSON[Brady]} also followed this practice, which may have led to the story that the {PERSON[Academy]} was presenting her with a replacement trophy.
A sample of her {CARDINAL[more than 80]} films includes:
Silent

Sound

When Ladies Meet ({DATE[1933]} {ORG[MGM]})
{WORK_OF_ART[Beauty for Sale (1933 MGM]})
Stage Mother ({DATE[1933]} {ORG[MGM]})
{FAC[Broadway]} to {GPE[Hollywood]} ({DATE[1933]} {ORG[MGM]})
The Gay Divorcee ({DATE[1934]} {ORG[RKO]})
Miss {PERSON[Fane]}'s Baby Is Stolen ({DATE[1934]} {ORG[Paramount]})
{WORK_OF_ART[Gold Diggers]} of {DATE[1935]} ({DATE[1935]} {ORG[Warner Brothers]})
Let 'Em Have It ({DATE[1935]})
{CARDINAL[Three]} Smart Girls (1936 Universal)
Go West, Young Man ({DATE[1936]} {ORG[Paramount]})
{PERSON[My Man Godfrey]} ({DATE[1936]} Universal)
{WORK_OF_ART[The Harvester]} (1936 {ORG[Republic Pictures]})
Call It a Day ({DATE[1937]} {ORG[Warner Brothers]})
{CARDINAL[One]} Hundred Men and a Girl (1937 Universal)
In Old {GPE[Chicago]} ({DATE[1937 20th Century]}-Fox)
Mr. {PERSON[Dodd]} Takes the Air ({DATE[1937]} {ORG[Warner Brothers]})
Goodbye Broadway ({CARDINAL[1938]} Universal)
{GPE[Zenobia]} ({DATE[1939]} {ORG[United Artists]})
Young Mr. {PERSON[Lincoln]} ({DATE[1939 20th Century]}-Fox)
List of actors with {ORG[Academy Award]} nominations
{PERSON[Alice Brady]} at IMDb
{PERSON[Alice Brady]} at Find a Grave
{PERSON[Alice Brady]} at the Internet Broadway Database
{PERSON[Alice Brady]} at AllMovie
Literature on {PERSON[Alice Brady]}
{PERSON[Alice Brady]} portrait {DATE[1910s]}
{PERSON[Alice Brady]} at the NY Public Library Billy Rose Collection
 </spacy_body>
</doc>