<?xml version="1.0" encoding="utf-8"?>
<doc>
 <title>
  Alice Pearce
 </title>
 <original_abstract>
  Alice Pearce (October 16, 1917 – March 3, 1966) was an American actress. She was brought to Hollywood by Gene Kelly to reprise her Broadway performance in the film version of On the Town (1949). Pearce played comedic supporting roles in several films, before being cast as nosy neighbor Gladys Kravitz in the television sitcom Bewitched in 1964. She won the Primetime Emmy Award for Outstanding Supporting Actress in a Comedy Series posthumously after the second season of the series. She died from ovarian cancer in 1966.
 </original_abstract>
 <spacy_abstract>
  {PERSON[Alice Pearce]} ({DATE[October 16, 1917 – March 3, 1966]}) was an {NORP[American]} actress. She was brought to {GPE[Hollywood]} by {PERSON[Gene Kelly]} to reprise her {FAC[Broadway]} performance in the film version of On the Town ({DATE[1949]}). {PERSON[Pearce]} played comedic supporting roles in several films, before being cast as nosy neighbor {PERSON[Gladys Kravitz]} in the television sitcom Bewitched in {DATE[1964]}. She won the Primetime {WORK_OF_ART[Emmy Award for Outstanding Supporting Actress]} in a {WORK_OF_ART[Comedy Series]} posthumously after {DATE[the second season]} of the series. She died from ovarian cancer in {DATE[1966]}.
 </spacy_abstract>
 <original_body>
  Pearce was born in New York City, the only child of Margaret Clark and Robert E. Pearce. Her father was a foreign banking specialist, and her family moved to Europe when she was 18 months old. They lived in Brussels, Antwerp, Rome, and Paris. At age nine, she fell off a swing after losing her grip and landed on her chin. This left her with an undeveloped chin. She returned to the United States as a teenager, and boarded at the Masters School in Dobbs Ferry, New York. She graduated from Sarah Lawrence College in 1940, with a degree in drama.She began working in nightclubs as a comedian and was cast in the original Broadway production of On the Town (1944–1946). Gene Kelly was so impressed by her that she became the only cast member to be included in the film version in 1949. Her comedic performance was well received by critics and public alike, and she was given her own television variety show, The Alice Pearce Show. More movie roles followed, and she made appearances on Broadway, where she met her husband, director Paul Davis, during a production of Bells Are Ringing.During the 1953–1954 television season, Pearce was seen regularly on ABC's Jamie, which starred Brandon deWilde. In 1964, Pearce was originally approached to play the part of Grandmama in the ABC television comedy series The Addams Family. She turned down the part, which went to veteran actress Blossom Rock. In 1964, Pearce joined the cast of Bewitched as the nagging and nosy neighbor Gladys Kravitz. Pearce's scenes were almost entirely reactions to the witchcraft she had witnessed at the house across the street. Her hysterical accusations against Samantha, played by Elizabeth Montgomery, and the disbelief of her husband Abner (George Tobias), provided a common thread through many of the series' early episodes. She played the role until her death in 1966, and was replaced by Sandra Gould. Pearce was posthumously awarded an Emmy Award for this role. Her husband accepted the award on her behalf.
Pearce was married twice. Her 1948 marriage to composer John Rox lasted until his death in 1957. In 1964, she married stage manager Paul Davis, with whom she remained until her death. Pearce had no children.
Pearce was a good friend of actor and photographer Cris Alexander. When Alexander was working on the illustrations for Patrick Dennis's bestseller Little Me, he asked Pearce to appear in the work as Winnie, the reform school friend of Belle Poitrine, the biography's subject. She also appeared as several characters in Dennis' and Alexander's later project, First Lady: My Thirty Days at the White House.
Pearce was diagnosed with terminal cancer before Bewitched began. She kept her illness a secret, although her rapid weight loss was quite evident during the second season of the sitcom. She died from ovarian cancer toward the end of the second year of Bewitched at the age of 48. The last episode Pearce appeared in was titled "Prodigy."  It was completed many months before Pearce died, but it aired after her death as the last episode of Season #2. Pearce was cremated and her ashes were scattered at sea.

Alice Pearce at the Internet Broadway Database 
Alice Pearce at the TCM Movie Database
Alice Pearce at IMDb
"Alice Pearce". Find a Grave. Retrieved September 14, 2010.
 </original_body>
 <spacy_body>
  {PERSON[Pearce]} was born in {GPE[New York City]}, the only child of {PERSON[Margaret Clark]} and {PERSON[Robert E. Pearce]}. Her father was a foreign banking specialist, and her family moved to {LOC[Europe]} when she was {DATE[18 months old]}. They lived in {GPE[Brussels]}, {GPE[Antwerp]}, {GPE[Rome]}, and {GPE[Paris]}. At {DATE[age nine]}, she fell off a swing after losing her grip and landed on her chin. This left her with an undeveloped chin. She returned to {GPE[the United States]} as a teenager, and boarded at {ORG[the Masters School in Dobbs Ferry]}, {GPE[New York]}. She graduated from {PERSON[Sarah Lawrence College]} in {DATE[1940]}, with a degree in drama.She began working in nightclubs as a comedian and was cast in the original {FAC[Broadway]} production of On the Town (1944–1946). {PERSON[Gene Kelly]} was so impressed by her that she became the only cast member to be included in the film version in {DATE[1949]}. Her comedic performance was well received by critics and public alike, and she was given her own television variety show, {WORK_OF_ART[The Alice Pearce Show]}. More movie roles followed, and she made appearances on {FAC[Broadway]}, where she met her husband, director {PERSON[Paul Davis]}, during a production of {ORG[Bells Are Ringing]}.During the 1953–1954 television season, {PERSON[Pearce]} was seen regularly on {ORG[ABC]}'s {PERSON[Jamie]}, which starred {PERSON[Brandon deWilde]}. In {DATE[1964]}, {PERSON[Pearce]} was originally approached to play the part of {GPE[Grandmama]} in the {ORG[ABC]} television comedy series {WORK_OF_ART[The Addams Family]}. She turned down the part, which went to veteran actress {PERSON[Blossom Rock]}. In {DATE[1964]}, {PERSON[Pearce]} joined the cast of {LOC[Bewitched]} as the nagging and nosy neighbor Gladys {PERSON[Kravitz]}. {PERSON[Pearce]}'s scenes were almost entirely reactions to the witchcraft she had witnessed at the house across the street. Her hysterical accusations against {NORP[Samantha]}, played by {PERSON[Elizabeth Montgomery]}, and the disbelief of her husband {PERSON[Abner]} ({PERSON[George Tobias]}), provided a common thread through many of the series' early episodes. She played the role until her death in {DATE[1966]}, and was replaced by {PERSON[Sandra Gould]}. {PERSON[Pearce]} was posthumously awarded {WORK_OF_ART[an Emmy Award]} for this role. Her husband accepted the award on her behalf.
{PERSON[Pearce]} was married twice. Her {DATE[1948]} marriage to composer {PERSON[John Rox]} lasted until his death in {DATE[1957]}. In {DATE[1964]}, she married stage manager {PERSON[Paul Davis]}, with whom she remained until her death. {PERSON[Pearce]} had no children.
{PERSON[Pearce]} was a good friend of actor and photographer {PERSON[Cris Alexander]}. When {PERSON[Alexander]} was working on the illustrations for {PERSON[Patrick Dennis's]} bestseller {PERSON[Little Me]}, he asked {PERSON[Pearce]} to appear in the work as {PERSON[Winnie]}, the reform school friend of {PERSON[Belle Poitrine]}, the biography's subject. She also appeared as several characters in {PERSON[Dennis]}' and {PERSON[Alexander]}'s later project, First Lady: My {DATE[Thirty Days]} at {FAC[the White House]}.
{PERSON[Pearce]} was diagnosed with terminal cancer before {PERSON[Bewitched]} began. She kept her illness a secret, although her rapid weight loss was quite evident during {DATE[the second season]} of the sitcom. She died from ovarian cancer toward {DATE[the end of the second year]} of Bewitched at {DATE[the age of 48]}. The last episode {PERSON[Pearce]} appeared in was titled "{WORK_OF_ART[Prodigy]}."  It was completed many {DATE[months]} before {PERSON[Pearce]} died, but it aired after her death as the last episode of Season #2. {PERSON[Pearce]} was cremated and her ashes were scattered at sea.

{PERSON[Alice Pearce]} at {FAC[the Internet Broadway Database]} 
{PERSON[Alice Pearce]} at the TCM Movie Database
{PERSON[Alice Pearce]} at IMDb
"{PERSON[Alice Pearce]}". Find a Grave. Retrieved {DATE[September 14, 2010]}.
 </spacy_body>
</doc>