<?xml version="1.0" encoding="utf-8"?>
<doc>
 <title>
  Alice Cocéa
 </title>
 <original_abstract>
  Alice Sophie Cocéa or Cocea (28 July 1899 – 2 July 1970) was a Romanian-born French actress and singer. She was the sister of socialist journalist and novelist N. D. Cocea, and the aunt of actresses Dina and Tantzi Cocea.
 </original_abstract>
 <spacy_abstract>
  {PERSON[Alice Sophie Cocéa]} or {GPE[Cocea]} ({DATE[28 July 1899]} – {DATE[2 July 1970]}) was a {NORP[Romanian]}-born {NORP[French]} actress and singer. She was the sister of socialist journalist and novelist {PERSON[N. D. Cocea]}, and the aunt of actresses {PERSON[Dina]} and {PERSON[Tantzi Cocea]}.
 </spacy_abstract>
 <original_body>
  Alice Cocéa was born in Sinaia, Prahova County, the daughter of Romanian Land Forces general Dimitrie Cocea. She had a sister, Florica (married Bressy), and a brother, Nicolae (the future N. D. Cocea).
She was married in 1926 to Count Stanislas de la Rochefoucauld, Duke of Bisaccia; the marriage ended in divorce in 1931. In 1932 her fiancé, Lieutenant Victor Point, a French explorer and nephew of Philippe Berthelot, killed himself when Cocéa declined to marry him; he died after shooting himself in the mouth. They had been involved for three years, and she had promised to become his wife once her divorce from Rochefoucauld had been settled. Cocéa announced her retirement shortly after Point's death, stating that she would join a convent. She did not return to the screen until the 1960s.
She was the mistress of Roger Capgras, a shady figure who rose from being a vegetable dealer to head of a major newspaper during the Nazi Occupation and later a fascist-leaning theatrical figure.
During World War II, Cocéa was arrested as a Nazi collaborator and later released. Her memoirs, Mes amours que j'ai tant aimées ("The Loves I So Loved"), were published in 1958. She died in Boulogne-Billancourt 12 years later.
Mon gosse de père (1930)
Let's Get Married (1931)
Delphine (1931)
Atout coeur (1931)
Nicole and Her Virtue (1932)
Greluchon délicat (1934)
Le joueur (1962)
Striptease (1963)
La ronde (1964)
Alice Cocéa at IMDb


== References ==
 </original_body>
 <spacy_body>
  {PERSON[Alice Cocéa]} was born in {GPE[Sinaia]}, {GPE[Prahova County]}, the daughter of {ORG[Romanian Land Forces]} general {PERSON[Dimitrie Cocea]}. She had a sister, {PERSON[Florica]} (married {PERSON[Bressy]}), and a brother, {PERSON[Nicolae]} (the future {PERSON[N. D. Cocea]}).
She was married in {DATE[1926]} to Count {PERSON[Stanislas de la Rochefoucauld]}, Duke of {GPE[Bisaccia]}; the marriage ended in divorce in {DATE[1931]}. In {DATE[1932]} her fiancé, Lieutenant Victor Point, a {NORP[French]} explorer and nephew of {ORG[Philippe Berthelot]}, killed himself when {ORG[Cocéa]} declined to marry him; he died after shooting himself in the mouth. They had been involved for {DATE[three years]}, and she had promised to become his wife once her divorce from {PERSON[Rochefoucauld]} had been settled. {ORG[Cocéa]} announced her retirement shortly after Point's death, stating that she would join a convent. She did not return to the screen until {DATE[the 1960s]}.
She was the mistress of {PERSON[Roger Capgras]}, a shady figure who rose from being a vegetable dealer to head of a major newspaper during {EVENT[the Nazi Occupation]} and later a fascist-leaning theatrical figure.
During {EVENT[World War II]}, {ORG[Cocéa]} was arrested as a {NORP[Nazi]} collaborator and later released. Her memoirs, Mes amours que j'ai tant aimées ("{WORK_OF_ART[The Loves I So Loved]}"), were published in {DATE[1958]}. She died in {GPE[Boulogne-Billancourt]} {DATE[12 years later]}.
Mon {PERSON[gosse de père]} ({DATE[1930]})
Let's Get Married ({DATE[1931]})
{PERSON[Delphine]} ({DATE[1931]})
Atout coeur ({DATE[1931]})
Nicole and Her Virtue ({DATE[1932]})
Greluchon délicat ({DATE[1934]})
Le joueur ({DATE[1962]})
Striptease ({DATE[1963]})
{PERSON[La ronde]} ({DATE[1964]})
Alice Cocéa at IMDb


== References ==
 </spacy_body>
</doc>