<?xml version="1.0" encoding="utf-8"?>
<doc>
 <title>
  Alice Dovey
 </title>
 <original_abstract>
  Alice Dovey (August 28, 1884 – January 12, 1969) was an American motion picture comedian and actress who first appeared in The Commanding Officer (1915). This was a Famous Players Lasky movie which was directed by Alan Dwan. The title role in the film was played by Donald Crisp, with Dovey playing the role of his wife.Dovey was a Plattsmouth, Nebraska, native who was educated in England with her sister Ethel Dovey under the care of Miss Lillian Terry. In 1898, she took the stage name of Lillian Nebriska. She debuted at the Broadway Theatre on January 25, 1909, after making many appearances in non-metropolitan venues, while acquiring performing skills. Among her first stage appearances was her depiction of Goldenrod in Miss Bob White, during the 1903–1904 theatrical season. In the summer of 1904 Dovey played Turtledove in Woodland, in Boston, Massachusetts.
During the winter of 1905 the actress was part of a professional cast with the Frank L. Perley Opera Company. She acted in support of Viola Gillette, playing the role of Cherry in The Girl and the Bandit. In June 1905 Dovey acted the part of Reflection in The Land of Nod, staged in Chicago, Illinois.
She devoted the 1906 theatrical season to the role of Dorothy Willetts, originally played by Elsie Janis. She received favorable critical acclaim while performing with the touring company, The Vanderbilt Cup, in the  and United States Midwest.
The part of Lois in Stubborn Cinderella was a milestone for Dovey, who created the character. Lois was introduced to a Chicago audience on June 1, 1908. She later made a great success touring in the role which suited her nicely because of her beauty, which was of a girlish type. In 1911, she performed in The Pink Lady
Dovey married fellow actor and playwright John E. Hazzard on June 6, 1917 in New York City. By 1922 she was considered unfamiliar to current film fans of the day. Her husband died in 1935, and she died in Tarzana, California, in 1969.
 </original_abstract>
 <spacy_abstract>
  {PERSON[Alice Dovey]} ({DATE[August 28, 1884]} – {DATE[January 12, 1969]}) was an {NORP[American]} motion picture comedian and actress who {ORDINAL[first]} appeared in The Commanding Officer ({DATE[1915]}). This was a Famous Players Lasky movie which was directed by {PERSON[Alan Dwan]}. The title role in the film was played by {PERSON[Donald Crisp]}, with {ORG[Dovey]} playing the role of his wife.{PERSON[Dovey]} was a {GPE[Plattsmouth]}, {GPE[Nebraska]}, native who was educated in {GPE[England]} with her sister {PERSON[Ethel Dovey]} under the care of Miss {PERSON[Lillian Terry]}. In {DATE[1898]}, she took the stage name of {PERSON[Lillian Nebriska]}. She debuted at {FAC[the Broadway Theatre]} on {DATE[January 25, 1909]}, after making many appearances in non-metropolitan venues, while acquiring performing skills. Among her {ORDINAL[first]} stage appearances was her depiction of Goldenrod in Miss {PERSON[Bob White]}, during the {DATE[1903–1904 theatrical season]}. In {DATE[the summer of 1904]} {ORG[Dovey]} played {PERSON[Turtledove]} in {GPE[Woodland]}, in {GPE[Boston]}, {GPE[Massachusetts]}.
During {DATE[the winter of 1905]} the actress was part of a professional cast with {PERSON[the Frank L. Perley Opera Company]}. She acted in support of {ORG[Viola Gillette]}, playing the role of {FAC[Cherry]} in The Girl and the {PRODUCT[Bandit]}. In {DATE[June 1905]} {ORG[Dovey]} acted the part of Reflection in The Land of {PRODUCT[Nod]}, staged in {GPE[Chicago]}, {GPE[Illinois]}.
She devoted the {DATE[1906]} theatrical season to the role of {PERSON[Dorothy Willetts]}, originally played by {PERSON[Elsie Janis]}. She received favorable critical acclaim while performing with the touring company, {WORK_OF_ART[The Vanderbilt Cup]}, in the  and {GPE[United States Midwest]}.
The part of {PERSON[Lois]} in Stubborn {PERSON[Cinderella]} was a milestone for {ORG[Dovey]}, who created the character. {PERSON[Lois]} was introduced to a {GPE[Chicago]} audience on {DATE[June 1, 1908]}. She later made a great success touring in the role which suited her nicely because of her beauty, which was of a girlish type. In {DATE[1911]}, she performed in The Pink Lady
{PERSON[Dovey]} married fellow actor and playwright {PERSON[John E. Hazzard]} on {DATE[June 6, 1917]} in {GPE[New York City]}. By {DATE[1922]} she was considered unfamiliar to current film fans of {DATE[the day]}. Her husband died in {DATE[1935]}, and she died in {GPE[Tarzana]}, {GPE[California]}, in {DATE[1969]}.
 </spacy_abstract>
 <original_body>
  Alice Dovey at IMDb
Alice Dovey at the Internet Broadway Database
 </original_body>
 <spacy_body>
  Alice Dovey at IMDb
{PERSON[Alice Dovey]} at the Internet Broadway Database
 </spacy_body>
</doc>