<?xml version="1.0" encoding="utf-8"?>
<doc>
 <title>
  Alice Sapritch
 </title>
 <original_abstract>
  Alice Sapritch (29 July 1916 – 24 March 1990) was a French film actress. She appeared in 66 films between 1950 and 1989.
 </original_abstract>
 <spacy_abstract>
  {PERSON[Alice Sapritch]} ({DATE[29 July 1916]} – {DATE[24 March 1990]}) was a {NORP[French]} film actress. She appeared in {CARDINAL[66]} films {DATE[between 1950 and 1989]}.
 </spacy_abstract>
 <original_body>
  Alice Sapritch at IMDb
 </original_body>
 <spacy_body>
  {PERSON[Alice Sapritch]} at IMDb
 </spacy_body>
</doc>