<?xml version="1.0" encoding="utf-8"?>
<doc>
 <title>
  Alice Eve
 </title>
 <original_abstract>
  Alice Sophia Eve is an British-American actress. Her movie career includes roles in She's Out of My League, Men in Black 3, Star Trek Into Darkness, and Before We Go. She has had recurring roles on the TV series Entourage and Iron Fist.
 </original_abstract>
 <spacy_abstract>
  {PERSON[Alice Sophia Eve]} is an {NORP[British]}-American actress. Her movie career includes roles in She's Out of My League, Men in Black 3, {WORK_OF_ART[Star Trek Into Darkness]}, and Before We Go. She has had recurring roles on the TV series {PERSON[Entourage]} and {ORG[Iron Fist]}.
 </spacy_abstract>
 <original_body>
  Eve was born in London, the daughter of actors Trevor Eve and Sharon Maughan. She has two younger brothers, and is of English, Irish and Welsh descent. She went to Bedales School, and More House School, and then took her A-levels at Westminster School in London.
During her gap year, she studied at the Beverly Hills Playhouse and then read English at St Catherine's College, Oxford. While at Oxford, she appeared in student productions of The Importance of Being Earnest, Animal Crackers (which toured to the Edinburgh Festival Fringe) and Scenes from an Execution.
Eve has appeared in television dramas such as the BBC's The Rotters' Club, Agatha Christie's Poirot and Hawking and starred in the drama film Stage Beauty (2004).
In 2006, she starred in two comedy films: Starter for 10 and Big Nothing (in which she and co-star Simon Pegg put on American accents). She spent the early part of 2006 in India working on the drama miniseries Losing Gemma about backpackers.On the stage, Eve has appeared in two plays directed by Trevor Nunn. In 2006, she played young Esme/Alice in the new Tom Stoppard play Rock 'n' Roll, at the Royal Court Theatre, later reprising her role for the 2007 Broadway transfer. For this performance, she was nominated for the best supporting actress award at the Whatsonstage.com Theatregoers' Choice Awards.

In 2009, she played Roxane in a production of Cyrano de Bergerac at the Chichester Festival Theatre.In 2010, Eve played the female lead role in the American romantic comedy She's Out of My League, in which her parents play the roles of her character's parents. She also played the role of Erin, Charlotte's Irish nanny, in Sex and the City 2.During 2011, Eve had a recurring guest role in season 8 of the HBO series Entourage, as Sophia, a journalist and love interest to Vincent Chase. In 2011 Eve also portrayed Hollywood actress Lara Tyler in the romantic comedy The Decoy Bride. Eve is also known for her role of Dr. Carol Marcus in Star Trek Into Darkness.In 2012, she played the younger 1969 version of Agent O in the sci-fi comedy Men in Black 3, the older version being played by Emma Thompson.
Eve took part in the opening session of the 2013 Consumer Electronics Show. She appeared in Paul McCartney's music video "Queenie Eye" (2013); and in Rixton's music video "Hotel Ceiling" (2015).
In 2013, she co-starred in the romantic drama Before We Go with Chris Evans, who also directed the film. She played herself in the Hollywood film Night at the Museum: Secret of the Tomb (2014) and has since starred in several productions, including the action thriller Criminal (2016).
In 2016, she appeared in "Nosedive", an episode of the anthology series Black Mirror. In December 2017, Eve joined Netflix's Iron Fist as Mary Walker.
Eve was in a long-term relationship with poet Adam O'Riordan, whom she met while reading English at Oxford. The pair broke up in 2012. On 14 August 2014, Eve announced her engagement to her "high school sweetheart", financier Alex Cowper-Smith. The pair met while attending Westminster School in London. They married on 31 December 2014. They divorced in 2017.
Eve has heterochromia, a condition that causes her eyes to have irises of different colours. Her left eye is blue and her right eye is green. She lives in London and Los Angeles. Eve became a naturalised American citizen on 16 November 2017.
Alice Eve: The Official Website
Alice Eve at IMDb
Alice Eve at the TCM Movie Database 
Alice Eve at AllMovie
 </original_body>
 <spacy_body>
  {PERSON[Eve]} was born in {GPE[London]}, the daughter of actors {PERSON[Trevor Eve]} and {PERSON[Sharon Maughan]}. She has {CARDINAL[two]} younger brothers, and is of {LANGUAGE[English]}, {NORP[Irish]} and {NORP[Welsh]} descent. She went to {ORG[Bedales School]}, and {ORG[More House School]}, and then took her A-levels at {ORG[Westminster School]} in {GPE[London]}.
During {DATE[her gap year]}, she studied at {FAC[the Beverly Hills Playhouse]} and then read {LANGUAGE[English]} at {ORG[St Catherine's College]}, {PERSON[Oxford]}. While at {ORG[Oxford]}, she appeared in student productions of {ORG[The Importance of Being Earnest]}, Animal Crackers (which toured to {EVENT[the Edinburgh Festival Fringe]}) and {PERSON[Scenes]} from an Execution.
{PERSON[Eve]} has appeared in television dramas such as the {ORG[BBC]}'s The Rotters' Club, {PERSON[Agatha Christie's]} Poirot and Hawking and starred in the drama film {WORK_OF_ART[Stage Beauty]} ({DATE[2004]}).
In {DATE[2006]}, she starred in {CARDINAL[two]} comedy films: Starter for {CARDINAL[10]} and Big Nothing (in which she and co-star {PERSON[Simon Pegg]} put on {NORP[American]} accents). She spent the early part of {DATE[2006]} in {GPE[India]} working on the drama miniseries {WORK_OF_ART[Losing Gemma]} about backpackers.On the stage, {PERSON[Eve]} has appeared in {CARDINAL[two]} plays directed by {PERSON[Trevor Nunn]}. In {DATE[2006]}, she played young {PERSON[Esme]}/Alice in the new {PERSON[Tom Stoppard]} play {ORG[Rock 'n' Roll]}, at {FAC[the Royal Court Theatre]}, later reprising her role for the {DATE[2007]} {FAC[Broadway]} transfer. For this performance, she was nominated for the best supporting actress award at {ORG[the Whatsonstage.com Theatregoers' Choice Awards]}.

In {DATE[2009]}, she played {PERSON[Roxane]} in a production of {ORG[Cyrano de Bergerac]} at {FAC[the Chichester Festival Theatre]}.In {DATE[2010]}, {PERSON[Eve]} played the female lead role in the {NORP[American]} romantic comedy She's Out of My League, in which her parents play the roles of her character's parents. She also played the role of {ORG[Erin]}, {GPE[Charlotte]}'s {NORP[Irish]} nanny, in Sex and the City 2.During 2011, {PERSON[Eve]} had a recurring guest role in {DATE[season 8]} of the {ORG[HBO]} series Entourage, as {ORG[Sophia]}, a journalist and love interest to {PERSON[Vincent Chase]}. In {DATE[2011]} {PERSON[Eve]} also portrayed {GPE[Hollywood]} actress {PERSON[Lara Tyler]} in the romantic comedy {ORG[The Decoy Bride]}. {PERSON[Eve]} is also known for her role of Dr. {PERSON[Carol Marcus]} in {WORK_OF_ART[Star Trek Into Darkness]}.In {DATE[2012]}, she played the younger {DATE[1969]} version of Agent O in the sci-fi comedy Men in {EVENT[Black 3]}, the older version being played by {PERSON[Emma Thompson]}.
{PERSON[Eve]} took part in the opening session of the {DATE[2013]} {LAW[Consumer Electronics Show]}. She appeared in {PERSON[Paul McCartney's]} music video "{ORG[Queenie Eye]}" ({DATE[2013]}); and in {PERSON[Rixton]}'s music video "Hotel Ceiling" ({DATE[2015]}).
In {DATE[2013]}, she co-starred in the romantic drama Before We Go with {PERSON[Chris Evans]}, who also directed the film. She played herself in {FAC[the Hollywood film Night]} at {FAC[the Museum: Secret of the Tomb]} ({DATE[2014]}) and has since starred in several productions, including the action thriller Criminal ({DATE[2016]}).
In {DATE[2016]}, she appeared in "{ORG[Nosedive]}", an episode of the anthology series {EVENT[Black Mirror]}. In {DATE[December 2017]}, {PERSON[Eve]} joined {ORG[Netflix]}'s {ORG[Iron Fist]} as {PERSON[Mary Walker]}.
{PERSON[Eve]} was in a long-term relationship with poet {PERSON[Adam O'Riordan]}, whom she met while reading {LANGUAGE[English]} at {ORG[Oxford]}. The pair broke up in {DATE[2012]}. On {DATE[14 August 2014]}, {PERSON[Eve]} announced her engagement to her "high school sweetheart", financier {PERSON[Alex Cowper-Smith]}. The pair met while attending {ORG[Westminster School]} in {GPE[London]}. They married on {DATE[31 December 2014]}. They divorced in {DATE[2017]}.
{PERSON[Eve]} has heterochromia, a condition that causes her eyes to have irises of different colours. Her left eye is blue and her right eye is green. She lives in {GPE[London]} and {GPE[Los Angeles]}. {PERSON[Eve]} became a naturalised {NORP[American]} citizen on {DATE[16 November 2017]}.
{PERSON[Alice Eve]}: The Official Website
{PERSON[Alice Eve]} at IMDb
{PERSON[Alice Eve]} at the TCM Movie Database 
{PERSON[Alice Eve]} at AllMovie
 </spacy_body>
</doc>