<?xml version="1.0" encoding="utf-8"?>
<doc>
 <title>
  Alice Day
 </title>
 <original_abstract>
  Jacqueline Alice Irene Newlin (November 7, 1906 – May 25, 1995), professionally known as Alice Day, was an American film actress who began her career as one of the Sennett Bathing Beauties.
 </original_abstract>
 <spacy_abstract>
  {PERSON[Jacqueline Alice Irene Newlin]} ({DATE[November 7, 1906]} – {DATE[May 25, 1995]}), professionally known as {PERSON[Alice Day]}, was an {NORP[American]} film actress who began her career as one of the Sennett Bathing Beauties.
 </spacy_abstract>
 <original_body>
  Day was born in Colorado Springs, Colorado to  Frank and Irene Newlin, and attended high school in Venice, California, where she was discovered. She was the elder sister of actress Marceline Day.
Day appeared in 70 movies between 1923 and 1932. In 1929, she starred with Edward Buzzell in a film version of the George M. Cohan stage musical Little Johnny Jones, the title better known in revised excerpts staged in the Cohan Biopic Yankee Doodle Dandy. There are no known copies of the Buzzell-Day films.Day also co-starred with Ted Lewis in the musical Is Everybody Happy? (1929) which is also considered a lost film. Lewis selected her out of approximately 200 candidates for the role. Day appeared in the film Two-Fisted Law (1932) with Tim McCoy and John Wayne.
On July 6, 1930, Day married Jack B. Cohn, a jeweler and broker. She retired from acting soon after the marriage, and the couple had two sons. She and Cohn were divorced on July 28, 1939. She died on May 25, 1995, in Orange, California, at age 88.
Day was one of 13 actresses named WAMPAS Baby Stars in 1928.
Alice Day at IMDb
Alice Day at Virtual History
 </original_body>
 <spacy_body>
  Day was born in {GPE[Colorado Springs]}, {GPE[Colorado]} to  {PERSON[Frank]} and {PERSON[Irene Newlin]}, and attended high school in {GPE[Venice]}, {GPE[California]}, where she was discovered. She was the elder sister of actress {PERSON[Marceline Day]}.
Day appeared in {DATE[70]} movies {DATE[between 1923 and 1932]}. In {DATE[1929]}, she starred with {PERSON[Edward Buzzell]} in a film version of the George M. Cohan stage musical {PERSON[Little Johnny Jones]}, the title better known in revised excerpts staged in the Cohan Biopic Yankee Doodle Dandy. There are no known copies of the {DATE[Buzzell-Day]} films.{PERSON[Day]} also co-starred with {PERSON[Ted Lewis]} in the musical Is {PERSON[Everybody Happy]}? ({DATE[1929]}) which is also considered a lost film. {PERSON[Lewis]} selected her out of {CARDINAL[approximately 200]} candidates for the role. {DATE[Day]} appeared in the film {CARDINAL[Two]}-Fisted Law ({DATE[1932]}) with {PERSON[Tim McCoy]} and {PERSON[John Wayne]}.
On {DATE[July 6, 1930]}, Day married {PERSON[Jack B. Cohn]}, a jeweler and broker. She retired from acting soon after the marriage, and the couple had {CARDINAL[two]} sons. She and {ORG[Cohn]} were divorced on {DATE[July 28, 1939]}. She died on {DATE[May 25, 1995]}, in {GPE[Orange]}, {GPE[California]}, at {DATE[age 88]}.
Day was {CARDINAL[one]} of {CARDINAL[13]} actresses named WAMPAS Baby Stars in {DATE[1928]}.
{DATE[Alice Day]} at IMDb
{DATE[Alice Day]} at {ORG[Virtual History]}
 </spacy_body>
</doc>