<?xml version="1.0" encoding="utf-8"?>
<doc>
 <title>
  Alice Nunn
 </title>
 <original_abstract>
  Alice Elizabeth Nunn (October 10, 1927 – July 1, 1988) was an American film and theatre actress. She was born in Jacksonville, Florida, and died at her apartment in West Hollywood, California. Although she played many roles across her 31-year career, appearing in more than 50 films and TV series, she is primarily remembered for her role as Large Marge, the ghost of a storied truck driver, in Tim Burton's 1985 film Pee-wee's Big Adventure, which is number 5 on the IFC list of the 25 scariest moments in non-horror film history, and earned her a cult following.
 </original_abstract>
 <spacy_abstract>
  {PERSON[Alice Elizabeth Nunn]} ({DATE[October 10, 1927 –]} {DATE[July 1, 1988]}) was an {NORP[American]} film and theatre actress. She was born in {GPE[Jacksonville]}, {GPE[Florida]}, and died at her apartment in {GPE[West Hollywood]}, {GPE[California]}. Although she played many roles across her {DATE[31-year]} career, appearing in {CARDINAL[more than 50]} films and TV series, she is primarily remembered for her role as {PERSON[Large Marge]}, the ghost of a storied truck driver, in {PERSON[Tim Burton's]} {DATE[1985]} film Pee-wee's Big Adventure, which is number {CARDINAL[5]} on the {ORG[IFC]} list of the {CARDINAL[25]} scariest moments in non-horror film history, and earned her a cult following.
 </spacy_abstract>
 <original_body>
  Nunn was born in Jacksonville in 1927 to N.G. Nunn and Alice Bush. She showed an early interest in the performing arts and took part in a school production of My Sister Eileen. She studied acting at Wesleyan University and took classes with the American Theater Wing. After some radio work, she got an acting part in New Faces of 1956 and played in the theatre alongside Shelley Berman and Nancy Walker.She became a character actress, and appeared on television's Petticoat Junction in the episodes "Shoplifter at the Shady Rest" (1967, as Mrs. Benson); "Mae's Helping Hand" (1968); and the 1969 episodes "The Other Woman" (as Mrs. Birdwell) and "Kathy Joe's First Birthday Party" (as "Lady with wallet"). She also appeared on Ironside and The Wild Wild West.She appeared in numerous sitcoms, such as Camp Runamuck, where she played Mahala May Gruenecker, the head counselor of Camp Divine, and the chief opponent of Commander Wivenhoe (played by series star Arch Johnson). In her sitcom appearances in the 1960s, she often played strong-willed, edgy women, but in a humorous vein.Nunn's first film appearance was in Johnny Got His Gun (1971) where she played a nurse. She was a regular cast member of the Tony Orlando and Dawn variety show; and has small parts in films such as the "Fat Lady" in Mame (1974), and in Airport 1975. She appeared as Mrs. Callahan in Brian De Palma's The Fury (1978). She played Duffy the Cook in Alan Beattie's slasher/mystery Delusion (1980) (also known as The House Where Death Lives) with Patricia Pearcy and Joseph Cotten, and the maid Helga in Mommie Dearest (1981).She is most widely known for her role as Large Marge, a ghostly truck driver who frightens Pee-wee Herman in the film Pee-wee's Big Adventure (1985), providing what has been called one of the scariest moments in non-horror film history. In Trick or Treat (1986), she played Mrs. Sylvia Cavell, and appeared in Who's That Girl (1987) with Madonna. Her last role was that of Nurse Palmer in Three O'Clock High (1987).Nunn died in 1988 at her apartment in West Hollywood, California of a heart attack at age 60.

Alice Nunn at IMDb
Alice Nunn at the TCM Movie Database
Alice Nunn at AllMovie
 </original_body>
 <spacy_body>
  {ORG[Nunn]} was born in {GPE[Jacksonville]} in {DATE[1927]} to {PERSON[N.G. Nunn]} and {PERSON[Alice Bush]}. She showed an early interest in the performing arts and took part in a school production of {PERSON[My Sister Eileen]}. She studied acting at {ORG[Wesleyan University]} and took classes with {ORG[the American Theater Wing]}. After some radio work, she got an acting part in New Faces of {DATE[1956]} and played in the theatre alongside {PERSON[Shelley Berman]} and {PERSON[Nancy Walker]}.She became a character actress, and appeared on television's {ORG[Petticoat Junction]} in the episodes "{WORK_OF_ART[Shoplifter at the Shady Rest]}" ({DATE[1967]}, as Mrs. {PERSON[Benson]}); "{WORK_OF_ART[Mae's Helping Hand]}" ({DATE[1968]}); and the {DATE[1969]} episodes "{WORK_OF_ART[The Other Woman]}" (as Mrs. {PERSON[Birdwell]}) and "{PERSON[Kathy Joe's]} {ORG[First Birthday Party]}" (as "Lady with wallet"). She also appeared on {ORG[Ironside and The Wild Wild West]}.She appeared in numerous sitcoms, such as {FAC[Camp Runamuck]}, where she played {GPE[Mahala]} May Gruenecker, the head counselor of {FAC[Camp Divine]}, and the chief opponent of Commander {PERSON[Wivenhoe]} (played by series star {PERSON[Arch Johnson]}). In her sitcom appearances in {DATE[the 1960s]}, she often played strong-willed, edgy women, but in a humorous vein.{ORG[Nunn]}'s {ORDINAL[first]} film appearance was in Johnny Got His Gun ({DATE[1971]}) where she played a nurse. She was a regular cast member of {LOC[the Tony Orlando]} and {PERSON[Dawn]} variety show; and has small parts in films such as the "Fat Lady" in {PERSON[Mame]} ({DATE[1974]}), and in Airport {DATE[1975]}. She appeared as Mrs. {PERSON[Callahan]} in {PERSON[Brian De Palma's]} {WORK_OF_ART[The Fury]} ({DATE[1978]}). She played {PERSON[Duffy the Cook]} in {PERSON[Alan Beattie's]} slasher/mystery Delusion ({DATE[1980]}) (also known as {ORG[The House Where Death Lives]}) with {PERSON[Patricia Pearcy]} and {PERSON[Joseph Cotten]}, and the maid {GPE[Helga]} in {GPE[Mommie Dearest]} (1981).She is most widely known for her role as {PERSON[Large Marge]}, a ghostly truck driver who frightens {PERSON[Pee-wee]} {PERSON[Herman]} in the film {PERSON[Pee-wee's Big Adventure]} ({DATE[1985]}), providing what has been called {CARDINAL[one]} of the scariest moments in non-horror film history. In Trick or Treat ({DATE[1986]}), she played Mrs. {PERSON[Sylvia Cavell]}, and appeared in Who's That Girl ({DATE[1987]}) with {PERSON[Madonna]}. Her last role was that of {PERSON[Nurse Palmer]} in {CARDINAL[Three]} O'Clock High (1987).Nunn died in {DATE[1988]} at her apartment in {GPE[West Hollywood]}, {GPE[California]} of a heart attack at {DATE[age 60]}.

{PERSON[Alice Nunn]} at IMDb
{PERSON[Alice Nunn]} at the TCM Movie Database
{PERSON[Alice Nunn]} at {ORG[AllMovie]}
 </spacy_body>
</doc>