<?xml version="1.0" encoding="utf-8"?>
<doc>
 <title>
  Alice Swanson Esty
 </title>
 <original_abstract>
  Alice Theresa Hildagard Swanson Esty (November 8, 1904 – July 21, 2000) was an American actress, soprano and arts patron who commissioned works by members of Les Six and other French composers, and American composers such as Ned Rorem, Virgil Thomson. Claire Brook, and Marc Blitzstein, among others.
 </original_abstract>
 <spacy_abstract>
  {PERSON[Alice Theresa]} {PERSON[Hildagard Swanson Esty]} ({DATE[November 8, 1904 –]} {DATE[July 21, 2000]}) was an {NORP[American]} actress, soprano and arts patron who commissioned works by members of {ORG[Les Six]} and other {NORP[French]} composers, and {NORP[American]} composers such as {PERSON[Ned Rorem]}, {PERSON[Virgil Thomson]}. {PERSON[Claire Brook]}, and {PERSON[Marc Blitzstein]}, among others.
 </spacy_abstract>
 <original_body>
  She earned an A.B. degree from Bates College in 1925. She then moved to New York City to study singing and acting. She was hired as an actress with the Group Theater, which was directed by Lee Strasberg and Harold Clurman, and with the Provincetown Players, an avant-garde theater. Her Broadway credits include Come of Age, with Judith Anderson, and L'Aiglon, with Ethel Barrymore.
She married William C. Esty, founder of the William Esty Advertising Agency in the 1930s.
Esty continued her interest in the arts, and she began to commission works by many noted composers, poets, and visual artists. In the late 1950s and early 1960s she spent considerable time in Paris, where she befriended many important composers and artists. Between 1955 and 1969 she regularly commissioned musical compositions, and then performed them in major recital halls, including The Town Hall and Carnegie Recital Hall. If Mrs. Esty's talent as a singer was not perhaps perfect (Ned Rorem referred to her as "a soprano of style and means if not especially of temperament..."), her importance as an arts patron is certainly notable.
Esty lived in Paris frequently in the 1950s and the 1960s and between 1955-1969 she commissioned musical compositions from many French composers including Germaine Tailleferre, Darius Milhaud,  Francis Poulenc, Henri Sauguet and others which she performed in her Town Hall and Carnegie Recital Hall concerts.  In addition, she also commissioned Poulenc's Sonata for Two Pianos for the American piano duo Gold and Fizdale. In 1963, she commissioned works by French and American composers for a special memorial concert for the recently deceased Francis Poulenc, which she performed in Carnegie Recital Hall.
In 1994 and 1995, Mrs. Esty donated the manuscripts for many of her commissioned works to the Library of Bates College where they are located today. Esty died of cancer in New York. The Esty Professorship of Music at Bates was endowed by her.
Arrieu, Claude, 1903-
Le Sable du Sablier: Melodies pour chant et piano
Text: Louise de Vilmorin
Composed: Undated
Berkeley, Lennox, Sir,  1903-
Automne
Text: Guillaume Apollinaire
Composed: August 1963
Soprano and piano
Berkeley, Lennox, Sir, 1903-
Five Poems by W. H. Auden
Text: W. H. Auden
Composed: 1958
Soprano and piano
Bowles, Paul, 1910-
Roman Suite
Text: Tennessee Williams
Composed: 1960
Soprano and piano
Bucht, Gunnar, 1927-
Sex Arstidssanger
Text: Gunnar Bjorling
Composed: 1965
Mezzo-soprano and piano
Delannoy, Marcel
La Voix du Silence
Text: Maurice Carême
Composed: 1958
Soprano and piano
Dutilleux, Henri, 1916-
San Francisco Night
Text: Paul Gibson
Composed: 1963
Soprano and piano
published by Éditions Alphonse Leduc, Paris
Goehr, Alexander, 1932-
Warngedichte, op. 22
Text: Erich Fried
Composed: 1966-1967
Soprano and piano
Jones, Charles, 1910-
Anima
Text: William Langland
Composed: 1967-1968
Soprano, viola, and piano
Martin, Frank, 1890–1974
Dedicace
Text: Robert du la Haye
Composed: 1945
Soprano and piano
Milhaud, Darius, 1892–1974
L'Amour Chante
Text: Joachim du Bellay, Marie de France, Alfred de Musset, Louise Labe, Arthur Rimbaud, Pierre de Ronsard, Maurice Sceve, and Paul Verlaine
Composed: 1964
Soprano and piano
Milhaud, Darius, 1892–1974
Preparatif a la Mort en Allegorique Maritime
Text: grippa d'Aubigne
Composed: 1963
Soprano and piano
Pinkham, Daniel
The Song of Jeptha's Daughter
Text: Robert Hillyer
Composed: 1963
Soprano and piano
Porter, Quincy, 1897–1966
Seven Songs of Love
Text: Robert Graves
Composed: Undated
Soprano and piano
Poulenc, Francis, 1899–1963
Le Travail du Peintre
Text: Paul Éluard
Composed: Undated
Soprano and piano
Rieti, Vittorio, 1898-
Plus ne Suis
Text: Clément Marot
Composed: 1963
Soprano and piano
Rorem, Ned 1923-
Poulenc
Text: Frank O'Hara
Composed: 1963
Soprano and piano
Rorem, Ned 1923-
A Journey
Text: Andrew Glaze
Composed: 1976
Soprano and piano
Rosenthal, Manuel
Le Jour d'un Mort
Text: Paul Gibson
Composed: 1963
Soprano and piano
Sauguet, Henri
Celui Qui Dort
Text: Paul Éluard
Composed: 1963
Soprano and piano
Sauget, Henri
Les Images (from Vie de Campagnes)
Text: [no information available]
Composed: Undated
Soprano and piano
Sauguet, Henri
Vie des Campagnes
Text: Jean Follain
Composed: 1961
Soprano and piano
Tailleferre, Germaine, 1892–1983
L'Adieu du Cavalier
Text: Guillaume Apollinaire
Composed: 1963
Soprano and piano
Published by Musik Fabrik, France
Tailleferre, Germaine, 1892–1983
Pancarte pour une Porte D'Entree
Text: Robert Pinget
Composed: 1959
Soprano and piano
Published by Musik Fabrik, France
Thomson, Virgil, 1896-
Songs for Alice Esty
Text: Kenneth Koch
Composed: 1959
Soprano and piano
Thomson, Virgil, 1896-
Two by Marianne Moore
Text: Marianne Moore
Composed: 1963
Soprano and piano
Weber, Ben, 1916-
A Bird Came Down the Walk, op. 57
Text: Emily Dickinson
Composed: 1963
Soprano and piano
The Alice Esty Papers at Bates College
 </original_body>
 <spacy_body>
  She earned an {GPE[A.B.]} degree from {ORG[Bates College]} in {DATE[1925]}. She then moved to {GPE[New York City]} to study singing and acting. She was hired as an actress with {ORG[the Group Theater]}, which was directed by {PERSON[Lee Strasberg]} and {PERSON[Harold Clurman]}, and with {ORG[the Provincetown Players]}, an avant-garde theater. Her {FAC[Broadway]} credits include {FAC[Come of Age]}, with {PERSON[Judith Anderson]}, and {PERSON[L'Aiglon]}, with {PERSON[Ethel Barrymore]}.
She married {PERSON[William C. Esty]}, founder of {ORG[the William Esty Advertising Agency]} in {DATE[the 1930s]}.
Esty continued her interest in the arts, and she began to commission works by many noted composers, poets, and visual artists. In {DATE[the late 1950s]} and {DATE[early 1960s]} she spent considerable time in {GPE[Paris]}, where she befriended many important composers and artists. {DATE[Between 1955 and 1969]} she regularly commissioned musical compositions, and then performed them in major recital halls, including {ORG[The Town Hall]} and {ORG[Carnegie Recital Hall]}. If Mrs. {PERSON[Esty]}'s talent as a singer was not perhaps perfect ({PERSON[Ned Rorem]} referred to her as "a soprano of style and means if not especially of temperament..."), her importance as an arts patron is certainly notable.
Esty lived in {GPE[Paris]} frequently in {DATE[the 1950s]} and {DATE[the 1960s]} and {DATE[between 1955-1969]} she commissioned musical compositions from many {NORP[French]} composers including {ORG[Germaine Tailleferre]}, {PERSON[Darius Milhaud]},  {PERSON[Francis Poulenc]}, {PERSON[Henri Sauguet]} and others which she performed in {FAC[her Town Hall]} and {ORG[Carnegie Recital Hall]} concerts.  In addition, she also commissioned {ORG[Poulenc]}'s {PRODUCT[Sonata]} for {CARDINAL[Two]} Pianos for the {NORP[American]} piano duo Gold and {PERSON[Fizdale]}. In {DATE[1963]}, she commissioned works by {NORP[French]} and {NORP[American]} composers for a special memorial concert for the recently deceased {PERSON[Francis Poulenc]}, which she performed in {ORG[Carnegie Recital Hall]}.
In {DATE[1994 and 1995]}, Mrs. {PERSON[Esty]} donated the manuscripts for many of her commissioned works to {ORG[the Library of Bates College]} where they are located {DATE[today]}. Esty died of cancer in {GPE[New York]}. {EVENT[The Esty Professorship of Music at Bates]} was endowed by her.
Arrieu, {GPE[Claude]}, 1903-
Le Sable du Sablier: Melodies pour chant et piano
Text: {PERSON[Louise de Vilmorin]}
Composed: Undated
Berkeley, {NORP[Lennox]}, Sir,  1903-
Automne
Text: {PERSON[Guillaume Apollinaire
]}Composed: {DATE[August 1963]}
Soprano and piano
{GPE[Berkeley]}, {NORP[Lennox]}, Sir, 1903-
{CARDINAL[Five]} Poems by {PERSON[W. H. Auden]}
Text: {PERSON[W. H. Auden]}
Composed: {DATE[1958]}
Soprano and piano
{GPE[Bowles]}, {PERSON[Paul]}, 1910-
{GPE[Roman Suite]}
Text: {GPE[Tennessee]} Williams
Composed: {DATE[1960]}
Soprano and piano
{GPE[Bucht]}, {GPE[Gunnar]}, {CARDINAL[1927-]}
Sex Arstidssanger
Text: Gunnar Bjorling
Composed: {DATE[1965]}
Mezzo-soprano and piano
Delannoy, Marcel
La Voix du Silence
Text: {PERSON[Maurice Carême]}
Composed: {DATE[1958]}
Soprano and piano
{PERSON[Dutilleux]}, {GPE[Henri]}, 1916-
San Francisco Night
Text: {PERSON[Paul Gibson
]}Composed: {DATE[1963]}
Soprano and piano
published by {NORP[Éditions]} {PERSON[Alphonse Leduc]}, {GPE[Paris]}
{ORG[Goehr]}, {PERSON[Alexander]}, 1932-
{PERSON[Warngedichte]}, op. {CARDINAL[22]}
Text: {PERSON[Erich Fried
]}Composed: {DATE[1966-1967]}
Soprano and piano
{PERSON[Jones]}, {PERSON[Charles]}, 1910-
Anima
Text: {PERSON[William Langland
]}Composed: {DATE[1967-1968]}
{GPE[Soprano]}, viola, and piano
{PERSON[Martin]}, {PERSON[Frank]}, {CARDINAL[1890–1974]}
Dedicace
Text: {PERSON[Robert du la Haye
]}Composed: {DATE[1945]}
Soprano and piano
Milhaud, Darius, {CARDINAL[1892–1974]}
{PERSON[L'Amour Chante]}
Text: {PERSON[Joachim du Bellay]}, {PERSON[Marie de France]}, {PERSON[Alfred de Musset]}, {PERSON[Louise Labe]}, {PERSON[Arthur Rimbaud]}, {PERSON[Pierre de Ronsard]}, {PERSON[Maurice Sceve]}, and {PERSON[Paul Verlaine
]}Composed: {DATE[1964]}
Soprano and piano
Milhaud, Darius, {CARDINAL[1892–1974]}
Preparatif a la Mort en Allegorique Maritime
Text: {PERSON[grippa d'Aubigne
]}Composed: {DATE[1963]}
Soprano and piano
{PERSON[Pinkham]}, {PERSON[Daniel
]}The Song of {PERSON[Jeptha]}'s Daughter
Text: {PERSON[Robert Hillyer
]}Composed: {DATE[1963]}
Soprano and piano
{PERSON[Porter]}, Quincy, {CARDINAL[1897–1966]}
{CARDINAL[Seven]} Songs of Love
Text: {PERSON[Robert Graves
]}Composed: Undated
Soprano and piano
Poulenc, {PERSON[Francis]}, 1899–1963
{WORK_OF_ART[Le Travail]} du Peintre
Text: {PERSON[Paul Éluard]}
Composed: Undated
Soprano and piano
Rieti, {PERSON[Vittorio]}, 1898-
Plus ne Suis
Text: Clément Marot
Composed: {DATE[1963]}
Soprano and piano
{PERSON[Rorem]}, Ned 1923-
Poulenc
Text: {PERSON[Frank O'Hara
]}Composed: {DATE[1963]}
Soprano and piano
{PERSON[Rorem]}, {PERSON[Ned 1923-]}
A Journey
Text: {PERSON[Andrew Glaze
]}Composed: {DATE[1976]}
Soprano and piano
{PERSON[Rosenthal]}, {PERSON[Manuel
]}{PERSON[Le Jour]} d'un {PERSON[Mort]}
Text: {PERSON[Paul Gibson
]}Composed: {DATE[1963]}
Soprano and piano
{PERSON[Sauguet]}, {PERSON[Henri
]}Celui Qui Dort
Text: {PERSON[Paul Éluard]}
Composed: {DATE[1963]}
Soprano and piano
Sauget, Henri
{PERSON[Les Images]} (from {ORG[Vie de Campagnes]})
Text: [no information available]
Composed: Undated
Soprano and piano
{PERSON[Sauguet]}, Henri
Vie des Campagnes
Text: {PERSON[Jean Follain
]}Composed: {DATE[1961]}
Soprano and piano
{PERSON[Tailleferre]}, {ORG[Germaine]}, {CARDINAL[1892–1983]}
L'Adieu du Cavalier
Text: {PERSON[Guillaume Apollinaire
]}Composed: {DATE[1963]}
Soprano and piano
Published by {PERSON[Musik Fabrik]}, {GPE[France]}
Tailleferre, {ORG[Germaine]}, {CARDINAL[1892–1983]}
{GPE[Pancarte]} pour une Porte D'Entree
Text: {PERSON[Robert Pinget]}
Composed: {DATE[1959]}
Soprano and piano
Published by {PERSON[Musik Fabrik]}, {GPE[France]}
{PERSON[Thomson]}, {PERSON[Virgil]}, 1896-
Songs for Alice Esty
Text: {PERSON[Kenneth Koch
]}Composed: {DATE[1959]}
Soprano and piano
{PERSON[Thomson]}, {PERSON[Virgil]}, 1896-
{CARDINAL[Two]} by {PERSON[Marianne Moore]}
Text: {PERSON[Marianne Moore
]}Composed: {DATE[1963]}
Soprano and piano
{PERSON[Weber]}, {PERSON[Ben]}, 1916-
A Bird Came Down the Walk, op. {CARDINAL[57]}
Text: {PERSON[Emily Dickinson]}
Composed: {DATE[1963]}
Soprano and piano
{WORK_OF_ART[The Alice Esty Papers]} at {ORG[Bates College]}
 </spacy_body>
</doc>