<?xml version="1.0" encoding="utf-8"?>
<doc>
 <title>
  Alicia Minshew
 </title>
 <original_abstract>
  Alicia Minshew (born May 28, 1974) is an American actress. She is best known for portraying Kendall Hart on the daytime drama All My Children.
 </original_abstract>
 <spacy_abstract>
  {PERSON[Alicia Minshew]} (born {DATE[May 28, 1974]}) is an {NORP[American]} actress. She is best known for portraying {WORK_OF_ART[Kendall Hart]} on the {TIME[daytime]} drama {WORK_OF_ART[All My Children]}.
 </spacy_abstract>
 <original_body>
  Minshew was born in Plantation, Florida. Her mother is of Italian descent. Having aspirations to become an actress, Minshew set out for the career path some time after graduating from South Fork High School in Stuart, Florida.
In November 2001, Minshew landed the role of Kendall Hart on the daytime drama All My Children. She first stepped into the role in December 2001, after the character's seven-year absence from the soap opera following the exit of Sarah Michelle Gellar, who had previously portrayed the character. Debuting onscreen in the January 8, 2002 episode, Minshew played the role of Kendall until the series finale in September 23, 2011.In 2004 and 2005, Minshew portrayed Kendall in brief appearances on the daytime drama One Life to Live as part of a baby-swap storyline.
In 2009, Minshew gave birth to her first child and went on maternity leave right as All My Children relocated production to Los Angeles.In August 2012, Minshew was cast as the lead in the film, Desires of the Heart which began filming in Savannah, Georgia. In the new film directed by James Kicklighter, Minshew plays a Georgia artist who falls in love with an Indian psychiatrist and follows him back to his homeland, where his parents have arranged a marriage with another woman.
From 2013–14, Minshew played Angelica Caruso on the soap opera web series Tainted Dreams. In 2014, Minshew played New York City reporter Sara Preston in the soap opera web series Beacon Hill. She was nominated for a 2015 Daytime Emmy Award for Outstanding Performer in a New Approaches Drama Series for the role.In 2016, Alicia Minshew wrapped taping of the musical TV faith-based series "Wholly Broken." The actress plays Kim and described the character as, "The character I play, however, is not a stretch from my soap days! She may be yet another one you love to hate. I play Kim, the self absorbed, headstrong, somewhat unhappy lawyer wife of Tom (the lead character). There is some serious conflict in their life and marriage. You will see how it all plays out. It was a fun role to play. I had a blast with Tom."
In October 2008, Minshew married Richie Herschenfeld, a New York City restaurant owner who is also the best friend of actor Thorsten Kaye, her long time on-screen husband. She is close friends with co-star Rebecca Budig.  Minshew and her husband welcomed the birth of their daughter Willow Lenora Herschenfeld on November 4, 2009
Alicia Minshew at IMDb
Alicia Minshew's MySpace Page
Alicia Minshew Fan Club
 </original_body>
 <spacy_body>
  {PERSON[Minshew]} was born in {GPE[Plantation]}, {GPE[Florida]}. Her mother is of {NORP[Italian]} descent. Having aspirations to become an actress, {PERSON[Minshew]} set out for the career path some time after graduating from {ORG[South Fork High School]} in {GPE[Stuart]}, {GPE[Florida]}.
In {DATE[November 2001]}, {ORG[Minshew]} landed the role of {EVENT[Kendall Hart]} on the daytime drama {WORK_OF_ART[All My Children]}. She {ORDINAL[first]} stepped into the role in {DATE[December 2001]}, after the character's {DATE[seven-year]} absence from the soap opera following the exit of {PERSON[Sarah Michelle Gellar]}, who had previously portrayed the character. Debuting onscreen in {DATE[the January 8, 2002 episode]}, {PERSON[Minshew]} played the role of {GPE[Kendall]} until the series finale in {DATE[September 23]}, {DATE[2011.In 2004 and 2005]}, {PERSON[Minshew]} portrayed {GPE[Kendall]} in brief appearances on the daytime drama {WORK_OF_ART[One Life to Live]} as part of a baby-swap storyline.
In {DATE[2009]}, {PERSON[Minshew]} gave birth to her {ORDINAL[first]} child and went on maternity leave right as All My Children relocated production to {GPE[Los Angeles]}.In {DATE[August 2012]}, {PERSON[Minshew]} was cast as the lead in the film, {WORK_OF_ART[Desires of the Heart]} which began filming in {GPE[Savannah]}, {GPE[Georgia]}. In the new film directed by {PERSON[James Kicklighter]}, {PERSON[Minshew]} plays a {GPE[Georgia]} artist who falls in love with an {NORP[Indian]} psychiatrist and follows him back to his homeland, where his parents have arranged a marriage with another woman.
From 2013–14, {PERSON[Minshew]} played {PERSON[Angelica Caruso]} on the soap opera web series {PERSON[Tainted Dreams]}. In {DATE[2014]}, {GPE[Minshew]} played {GPE[New York City]} reporter {PERSON[Sara Preston]} in the soap opera web series {PERSON[Beacon Hill]}. She was nominated for a {CARDINAL[2015]} {WORK_OF_ART[Daytime Emmy Award]} for {ORG[Outstanding Performer]} in a New Approaches Drama Series for the role.In {DATE[2016]}, {PERSON[Alicia Minshew]} wrapped taping of the musical TV faith-based series "{WORK_OF_ART[Wholly Broken]}." The actress plays {PERSON[Kim]} and described the character as, "The character I play, however, is not a stretch from my soap {DATE[days]}! She may be yet another one you love to hate. I play {PERSON[Kim]}, the self absorbed, headstrong, somewhat unhappy lawyer wife of {PERSON[Tom]} (the lead character). There is some serious conflict in their life and marriage. You will see how it all plays out. It was a fun role to play. I had a blast with {PERSON[Tom]}."
In {DATE[October 2008]}, {ORG[Minshew]} married {PERSON[Richie Herschenfeld]}, a {GPE[New York City]} restaurant owner who is also the best friend of actor {PERSON[Thorsten Kaye]}, her long time on-screen husband. She is close friends with co-star {PERSON[Rebecca Budig]}.  {PERSON[Minshew]} and her husband welcomed the birth of their daughter {PERSON[Willow Lenora Herschenfeld]} on {DATE[November 4, 2009]}
{PERSON[Alicia Minshew]} at IMDb
{PERSON[Alicia Minshew's]} {ORG[MySpace Page
]}{PERSON[Alicia Minshew]} Fan Club
 </spacy_body>
</doc>