<?xml version="1.0" encoding="utf-8"?>
<doc>
 <title>
  Alice Fischer (actress)
 </title>
 <original_abstract>
  Alice Fischer (January 16, 1869 – June 25, 1947) was an American stage actress born in Indiana. Her one film appearance was the now lost 1917 National Red Cross Pageant. She was a great beauty as a young woman at the turn of the 20th century.
She made her stage debut in 1887 in a play called Nordeck.  Her Broadway debut was on 3 December 1888 at the Broadway Theatre, playing Minna in Little Lord Fauntleroy. In 1892 she played Agrippina in a production of Nero at the Fourteenth Street Theatre. In 1893 she toured with legendary Joseph Jefferson.She founded the Twelfth Night Club in New York and was the President of the organization for over 20 years.  She married Shakespearian actor William Harcourt King (1866-1923) on May 7, 1893.
 </original_abstract>
 <spacy_abstract>
  {PERSON[Alice Fischer]} ({DATE[January 16, 1869]} – {DATE[June 25, 1947]}) was an {NORP[American]} stage actress born in {GPE[Indiana]}. Her {CARDINAL[one]} film appearance was the now lost {DATE[1917]} {ORG[National Red Cross Pageant]}. She was a great beauty as a young woman at the turn of {DATE[the 20th century]}.
She made her stage debut in {DATE[1887]} in a play called {PERSON[Nordeck]}.  Her {FAC[Broadway]} debut was on {DATE[3 December 1888]} at {FAC[the Broadway Theatre]}, playing {PERSON[Minna]} in Little Lord Fauntleroy. In {DATE[1892]} she played Agrippina in a production of Nero at {FAC[the Fourteenth Street Theatre]}. In {DATE[1893]} she toured with legendary {PERSON[Joseph Jefferson]}.She founded the Twelfth Night Club in {GPE[New York]} and was the President of the organization for over {DATE[20 years]}.  She married {PERSON[Shakespearian]} actor {PERSON[William Harcourt King]} ({DATE[1866-1923]}) on {DATE[May 7, 1893]}.
 </spacy_abstract>
 <original_body>
  Alice Fischer at the Internet Broadway Database
Alice Fischer at IMDb
Alice Fischer Harcourt at Findagrave.com
Alice Fischer portraits(NY Public Library, Billy Rose collection)
 </original_body>
 <spacy_body>
  {PERSON[Alice Fischer]} at {FAC[the Internet Broadway Database]}
{PERSON[Alice Fischer]} at IMDb
{PERSON[Alice Fischer]} Harcourt at {ORG[Findagrave.com]}
{PERSON[Alice Fischer]} portraits(NY Public Library, {PERSON[Billy Rose]} collection)
 </spacy_body>
</doc>