<?xml version="1.0" encoding="utf-8"?>
<doc>
 <title>
  Alida Rouffe
 </title>
 <original_abstract>
  Alida Rouffe (1874–1949) was a French actress.
Joséphine Marie Rouffe was born on 20 March 1874 in Bordeaux. Her father was mime artist Louis Rouffe (1849-1885).
She spent most of her career on stage in the south of France, and like her father, she performed in the Alcazar. Later, she acted in many films, including those directed by Marcel Pagnol.She died on 21 November 1949 in Marseille.
 </original_abstract>
 <spacy_abstract>
  {PERSON[Alida Rouffe]} (1874–1949) was a {NORP[French]} actress.
{PERSON[Joséphine Marie Rouffe]} was born on {DATE[20 March 1874]} in {GPE[Bordeaux]}. Her father was mime artist {PERSON[Louis Rouffe]} ({DATE[1849-1885]}).
She spent most of her career on stage in the south of {GPE[France]}, and like her father, she performed in the {PERSON[Alcazar]}. Later, she acted in many films, including those directed by {PERSON[Marcel Pagnol]}.She died on {DATE[21 November 1949]} in {GPE[Marseille]}.
 </spacy_abstract>
 <original_body>
  Marius (dir. Alexander Korda, 1931).
Mam'zelle Nitouche (dir. Marc Allégret, 1931).
Toine (dir. René Gaveau, 1932).
Fanny (dir. Marc Allégret, 1932).
Paris Soleil (dir. Jean Hémard, 1932).
Cigalon (dir. Marcel Pagnol, 1935).
Topaze (dir. Marcel Pagnol, 1936).
César (dir. Marcel Pagnol, 1936).
Le Chanteur de minuit (dir. Léo Joannon, 1937).
Le Schpountz (dir. Marcel Pagnol, 1938).
La femme du boulanger (dir. Marcel Pagnol, 1938).
Le Club des fadas (dir. Émile Couzinet, 1939)
Le Paradis des voleurs (dir. Lucien Marsoudet, 1939).
Le Gardian (dir. Jean de Marguenat, 1945).


== References ==
 </original_body>
 <spacy_body>
  {ORG[Marius]} (dir. {PERSON[Alexander Korda]}, {DATE[1931]}).
{ORG[Mam'zelle Nitouche]} (dir. {PERSON[Marc Allégret]}, {DATE[1931]}).
Toine (dir. {PERSON[René Gaveau]}, {DATE[1932]}).
Fanny (dir. {PERSON[Marc Allégret]}, {DATE[1932]}).
{ORG[Paris Soleil]} (dir. {PERSON[Jean Hémard]}, {DATE[1932]}).
Cigalon (dir. {ORG[Marcel Pagnol]}, {DATE[1935]}).
Topaze (dir. {ORG[Marcel Pagnol]}, {DATE[1936]}).
César (dir. {ORG[Marcel Pagnol]}, {DATE[1936]}).
{ORG[Le Chanteur de minuit]} (dir. Léo {GPE[Joannon]}, {DATE[1937]}).
Le Schpountz (dir. {ORG[Marcel Pagnol]}, {DATE[1938]}).
La femme du boulanger (dir. {ORG[Marcel Pagnol]}, {DATE[1938]}).
{ORG[Le Club]} des fadas (dir. {PERSON[Émile Couzinet]}, {DATE[1939]})
{WORK_OF_ART[Le Paradis des voleurs]} (dir. {PERSON[Lucien Marsoudet]}, {DATE[1939]}).
{WORK_OF_ART[Le Gardian]} (dir. {PERSON[Jean de Marguenat]}, {DATE[1945]}).


== References ==
 </spacy_body>
</doc>