<?xml version="1.0" encoding="utf-8"?>
<doc>
 <title>
  Alie Ward
 </title>
 <original_abstract>
  Alison Ann "Alie" Ward (born November 6, 1976) is an American writer, actress, and television and podcast host.
 </original_abstract>
 <spacy_abstract>
  {PERSON[Alison Ann "Alie" Ward]} (born {DATE[November 6, 1976]}) is an {NORP[American]} writer, actress, and television and podcast host.
 </spacy_abstract>
 <original_body>
  Ward was born Alison Ann Ward in San Francisco, California to Nancy, an accountant, and Lawrence, a journalist and news broadcaster. She has two older sisters, Celeste and Janelle. Ward moved frequently around northern California during her childhood due to her father's career, living in Tahoe, Sacramento, El Dorado Hills, and Cameron Park before returning to the Bay Area. When she was 18, she enrolled at University of California - Santa Barbara to study biology, with the intention of pursuing a career in biological illustration. Eventually, she changed her course of study and obtained a degree in cinema before moving to Los Angeles. Her father has multiple myeloma.
While studying cinema in San Francisco, Ward attended an audition for the television series Nash Bridges, which filmed in the area. The role recurred for three seasons. After moving to Los Angeles, Ward continued to take television roles while pursuing writing and painting. She has appeared in several small roles for television, including Grey's Anatomy, King of the Hill, and Comedy Central's Key and Peele.
Ward has recorded a number of fan recaps for the ABC series, Once Upon A Time, Revenge, and Scandal.
In 2014, she became a correspondent on the CBS series Innovation Nation, for which she won an Emmy for Outstanding Writing Special Class in 2016.In 2018, she became a regular contributor on the Netflix educational series Brainchild.Also in 2018, she began hosting the CW show Did I Mention Invention? with Alie Ward.In 2020, she co-hosted Netflix's first season of the investigative series "100 Humans" alongside Sammy Obeid and Zainab Johnson.
Ward's paintings are often acrylic on wood and employ wordplay or are in diptych form, which she calls her "dichotomy series."  She likens her painting approach to sign making.In 2014, LA Weekly named Ward's Instagram account "Best Looking Instagram."
Ward comes from a family of journalists. In late 2005, the L.A. Weekly hired her to illustrate the column 24/7 and in early 2006 she was offered a writing assignment to cover a concert. Within a few months, Ward had a weekly nightlife and culture column called The Mental Ward.Ward also wrote for the L.A. Times and for Metromix L.A., a website and newspaper owned by the L.A. Times, as well as appearing on-camera for live news segments on KTLA.
In early 2009, Ward and her friend Georgia Hardstark jokingly created a cocktail called the McNuggetini, drafting plans on the back of a popcorn bag at the L.A. dive bar The Roost. Hardstark blogged about it on the website This Recording.The website This is why you're fat linked to the recipe and it became virally popular. Hardstark and Ward next shot a short instructional video, enlisting their friend Peter Atencio, a feature director who had also created shorts for Funny or Die, to direct. The video appeared on YouTube in October 2009, and became the most watched How-To, with over 10,000 hits per day. The pair followed up with two farcical how-to videos for the Ham Daiquiri and a Bloody-Maryesque drink known as the Bloody Bacon &amp; Cheese.Next, Ward and Hardstark began making "Classy Ladies with Alie &amp; Georgia" cocktail videos for Scripps Network and Cooking Channel websites, and appearing on the Cooking Channel travel-dessert show Unique Sweets.Their Feral Audio podcast, Slumber Party with Alie &amp; Georgia, premiered in 2012 and ran for 93 episodes, ending in 2017.In June 2013, their travel-food show Tripping Out with Alie &amp; Georgia premiered on Cooking Channel. Giada De Laurentiis was an executive producer of the show.In August 2013 the two appeared in Drunk History and read the Lewis and Clark historical story.Alie and Georgia, as they are known, have been covered by The New York Times, Time Magazine, Cosmo, the Associated Press, The Village Voice, Huffington Post, Serious Eats, Daily Beast, Los Angeles Times, Los Angeles Magazine and Perez Hilton. The McNuggetini has also been featured on The Today Show.
In 2017 Ward began hosting Ologies, a science podcast. A different expert is interviewed by Ward each week, including topics such as volcanology, primatology, paleontology, gemology, cosmetology, cosmology and horology. The tagline for the show is "Ask smart people dumb questions".
At the end of a podcast episode, Ward shared that she became engaged to her boyfriend of about ten years, Jarrett Sleeper. She currently lives in Eagle Rock, California.
Alie and Georgia, archived 3 June 2016
Alie Ward at IMDb
Innovation Nation
 </original_body>
 <spacy_body>
  Ward was born {PERSON[Alison Ann Ward]} in {GPE[San Francisco]}, {GPE[California]} to {GPE[Nancy]}, an accountant, and {PERSON[Lawrence]}, a journalist and news broadcaster. She has {CARDINAL[two]} older sisters, {PERSON[Celeste]} and {PERSON[Janelle]}. {PERSON[Ward]} moved frequently around northern {GPE[California]} during her childhood due to her father's career, living in {GPE[Tahoe]}, {GPE[Sacramento]}, {GPE[El Dorado Hills]}, and {PERSON[Cameron Park]} before returning to {LOC[the Bay Area]}. When she was {DATE[18]}, she enrolled at {ORG[University of California - Santa Barbara]} to study biology, with the intention of pursuing a career in biological illustration. Eventually, she changed her course of study and obtained a degree in cinema before moving to {GPE[Los Angeles]}. Her father has multiple myeloma.
While studying cinema in {GPE[San Francisco]}, {PERSON[Ward]} attended an audition for the television series {PERSON[Nash Bridges]}, which filmed in the area. The role recurred for {DATE[three seasons]}. After moving to {GPE[Los Angeles]}, {FAC[Ward]} continued to take television roles while pursuing writing and painting. She has appeared in several small roles for television, including {ORG[Grey's Anatomy, King of the Hill]}, and {PERSON[Comedy Central's]} {WORK_OF_ART[Key and Peele]}.
Ward has recorded a number of fan recaps for the {ORG[ABC]} series, Once Upon A Time, Revenge, and {PERSON[Scandal]}.
In {DATE[2014]}, she became a correspondent on {ORG[the CBS series Innovation Nation]}, for which she won an Emmy for Outstanding Writing Special Class in {DATE[2016.In 2018]}, she became a regular contributor on the {GPE[Netflix]} educational series {PERSON[Brainchild]}.Also in {DATE[2018]}, she began hosting the CW show Did I Mention Invention? with {PERSON[Alie Ward]}.In {DATE[2020]}, she co-hosted {ORG[Netflix]}'s {ORDINAL[first]} season of the investigative series "{CARDINAL[100]} {NORP[Humans]}" alongside {PERSON[Sammy Obeid]} and {PERSON[Zainab Johnson]}.
{PERSON[Ward]}'s paintings are often acrylic on wood and employ wordplay or are in {GPE[diptych]} form, which she calls her "dichotomy series."  She likens her painting approach to sign making.In {DATE[2014]}, {ORG[LA Weekly]} named {ORG[Ward]}'s {WORK_OF_ART[Instagram]} account "{WORK_OF_ART[Best Looking Instagram]}."
Ward comes from a family of journalists. In {DATE[late 2005]}, the {ORG[L.A. Weekly]} hired her to illustrate the column 24/7 and in {DATE[early 2006]} she was offered a writing assignment to cover a concert. Within {DATE[a few months]}, {PRODUCT[Ward]} had a {DATE[weekly]} nightlife and culture column called {PRODUCT[The Mental Ward]}.{PERSON[Ward]} also wrote for {ORG[the L.A. Times]} and for {PERSON[Metromix L.A.]}, a website and newspaper owned by {ORG[the L.A. Times]}, as well as appearing on-camera for live news segments on {ORG[KTLA]}.
In {DATE[early 2009]}, {PRODUCT[Ward]} and her friend {PERSON[Georgia Hardstark]} jokingly created a cocktail called the {PERSON[McNuggetini]}, drafting plans on the back of a popcorn bag at the {GPE[L.A.]} dive bar The {ORG[Roost]}. {PERSON[Hardstark]} blogged about it on the website {WORK_OF_ART[This Recording]}.The website This is why you're fat linked to the recipe and it became virally popular. {PERSON[Hardstark]} and {PERSON[Ward]} next shot a short instructional video, enlisting their friend {PERSON[Peter Atencio]}, a feature director who had also created shorts for {WORK_OF_ART[Funny or Die]}, to direct. The video appeared on {ORG[YouTube]} in {DATE[October 2009]}, and became the most watched How-To, with over {CARDINAL[10,000]} hits per day. The pair followed up with {CARDINAL[two]} farcical how-to videos for {PERSON[the Ham Daiquiri]} and a {ORG[Bloody-Maryesque]} drink known as {ORG[the Bloody Bacon &amp; Cheese]}.Next, {PERSON[Ward]} and {PERSON[Hardstark]} began making "{WORK_OF_ART[Classy Ladies with Alie &amp; Georgia]}" cocktail videos for {ORG[Scripps Network and Cooking Channel]} websites, and appearing on the {ORG[Cooking Channel]} travel-dessert show {ORG[Unique Sweets]}.Their Feral Audio podcast, {ORG[Slumber Party]} with {ORG[Alie &amp; Georgia]}, premiered in {DATE[2012]} and ran for {CARDINAL[93]} episodes, ending in 2017.In {DATE[June 2013]}, their travel-food show {WORK_OF_ART[Tripping Out with Alie &amp; Georgia]} premiered on {ORG[Cooking Channel]}. {PERSON[Giada De Laurentiis]} was an executive producer of the show.In {DATE[August 2013]} the {CARDINAL[two]} appeared in {PERSON[Drunk History]} and read the {PERSON[Lewis]} and {PERSON[Clark]} historical story.{PERSON[Alie]} and {GPE[Georgia]}, as they are known, have been covered by {ORG[The New York Times]}, {ORG[Time Magazine]}, {ORG[Cosmo]}, {ORG[the Associated Press]}, {ORG[The Village Voice]}, {ORG[Huffington Post]}, {ORG[Serious Eats, Daily Beast]}, {ORG[Los Angeles Times]}, {ORG[Los Angeles Magazine]} and {PERSON[Perez Hilton]}. The {PERSON[McNuggetini]} has also been featured on {WORK_OF_ART[The Today Show]}.
In {DATE[2017]} {PRODUCT[Ward]} began hosting {ORG[Ologies]}, a science podcast. A different expert is interviewed by {ORG[Ward]} {DATE[each week]}, including topics such as volcanology, primatology, paleontology, gemology, cosmetology, cosmology and horology. The tagline for the show is "Ask smart people dumb questions".
At the end of a podcast episode, {PRODUCT[Ward]} shared that she became engaged to her boyfriend of {DATE[about ten years]}, {PERSON[Jarrett Sleeper]}. She currently lives in {GPE[Eagle Rock]}, {GPE[California]}.
{PERSON[Alie]} and {GPE[Georgia]}, archived {DATE[3 June 2016]}
{PERSON[Alie Ward]} at IMDb
Innovation Nation
 </spacy_body>
</doc>