<?xml version="1.0" encoding="utf-8"?>
<doc>
 <title>
  Alison Pargeter
 </title>
 <original_abstract>
  Alison Pargeter (born 31 May 1972) is an English actress who played the roles of stalker Sarah Cairns in the BBC soap opera EastEnders, Mary Slessor in an 11-part television series of Mary Slessor, the Nag's Head barmaid called Val in the BBC Only Fools and Horses prequel Rock &amp; Chips, She later played the role of Margaret Campbell in the third series of STARZ's Outlander, and also as an Kindly Old Woman in the HBO series The Nevers.
 </original_abstract>
 <spacy_abstract>
  {PERSON[Alison Pargeter]} (born 31 {DATE[May 1972]}) is an {LANGUAGE[English]} actress who played the roles of stalker {PERSON[Sarah Cairns]} in the {ORG[BBC]} soap opera {ORG[EastEnders]}, {PERSON[Mary Slessor]} in an {CARDINAL[11]}-part television series of {PERSON[Mary Slessor]}, the {PERSON[Nag]}'s Head {PERSON[barmaid]} called {PERSON[Val]} in the BBC Only Fools and Horses prequel Rock &amp; Chips, She later played the role of {PERSON[Margaret Campbell]} in the {ORDINAL[third]} series of {ORG[STARZ]}'s Outlander, and also as an Kindly Old Woman in the {ORG[HBO]} series The {PRODUCT[Nevers]}.
 </spacy_abstract>
 <original_body>
  Pargeter has made several guest appearances over the years, she has appeared in the Channel 5 Horror series Urban Gothic, the long-running ITV police drama series The Bill, Strange, Dalziel and Pascoe, and Holby City.
Between that time in 2004, she played a recurring role which was Martin Fowler's stalker Sarah Cairns in EastEnders, who appeared in 21 episodes, She was a barmaid who worked in Angie's Den club, and tried to split Martin Fowler up from his wife Sonia following a drunken night together. She exited the series following a fight where she accidentally stabbed Martin and got committed to a mental institution.
Sinces leaving EastEnders she moved back, and returned to doing guest appearances again, including The Courtroom, Love Soup, Channel 4 comedy series Green Wing, and returned for a second guest appearance in The Bill.
In 2008, Pargeter played another major the role called Mary Slessor in the Mary Slessor an 11-part television series.
Since then, she went back to doing guest appearances onces again, such as the Channel 4 comedy series Pete Versus Life, Rock &amp; Chips, The Crimson Petal and the White, 24: Live Another Day inciding three guest roles in Doctors, Crashing, Outlander, The Dumping Ground, four guest roles in Casualty, Vanity Fair, Chernobyl, Catch-22 and most recently she appeared in Father Brown.
In 2004 she appeared in the television advertisement for John Smith's bitter "Annie, I'm not your Daddy" which starred Peter Kay.  Also in 2012 she appeared in a television advertisement for Miracle Whip: Village. Most recently she played a role as a house wife for TV commercial Volvic Juicy drink.
Pargeter has appeared in seven films such as Calendar Girls (2003), Mad George (2004), Angel (2007), Reuniting the Rubins (2010), The National Union of Space People (2016), The Little Stranger (2018) and Shafted (2018) which is currently still in pre-production.
Pargeter was a member of the Stephen Joseph Theatre Company in Scarborough, North Yorkshire, where she was directed by Sir Alan Ayckbourn in a trilogy of plays known collectively as Damsels in Distress, which subsequently transferred to the West End. For this, she won Best Newcomer in the Critics' Circle Theatre Awards and was nominated for an Evening Standard award, Manchester Evening News Award and a Whatsonstage Award.Later parts include Sugar Daddies, again written and directed by Alan Ayckbourn; She Stoops to Conquer at the Royal Exchange, Manchester, for which she was nominated for a second Manchester Evening News award; and the title role of Effie Gray in The Countess, playing opposite Nick Moran at the Criterion Theatre, Piccadilly in June 2005. She also spent a year touring in the musical Grease playing the role of Jan who was one of the Pink Ladies in 1999.
In 2008 she recorded the voice of 'Wendy Darling' in a musical adaptation of Peter Pan with the music lyrics by Dallison/Wherry and was also narrated by Joe Parquale as 'Smee'.
Pargeter has starred in several Christmas Pantomimes for children over the years, she appeared in Alice in Wonderland, Jack and the Beanstalk and Cinderella.
In July 2011 Pargeter played the role of Gertrude Riall at the Manchester International Festival in a Victoria Wood's play called That Day We Sang.
Between February and June 2013, Pargeter went on A National Tour and played the role of Eliante in the Roger McGough's play called The Misanthrope and on 10 March 2013 The Misanthrope also went live from the Everyman Playhouse and English Touring Theatre on BBC Radio 3.
Between 2013 and 2016, she appeared in two more stage plays including Sex Cells and her more recent was All My Sons.
Official website
[1]
Alison Pargeter at IMDb
 </original_body>
 <spacy_body>
  {PERSON[Pargeter]} has made several guest appearances over {DATE[the years]}, she has appeared in the Channel 5 Horror series Urban Gothic, the long-running {ORG[ITV]} police drama series {WORK_OF_ART[The Bill, Strange]}, {PERSON[Dalziel]} and {NORP[Pascoe]}, and {GPE[Holby City]}.
Between that time in {DATE[2004]}, she played a recurring role which was {PERSON[Martin Fowler's]} stalker {PERSON[Sarah Cairns]} in {ORG[EastEnders]}, who appeared in {CARDINAL[21]} episodes, She was a barmaid who worked in {GPE[Angie]}'s {ORG[Den club]}, and tried to split {PERSON[Martin Fowler]} up from his wife {GPE[Sonia]} following {TIME[a drunken night]} together. She exited the series following a fight where she accidentally stabbed {PERSON[Martin]} and got committed to a mental institution.
Sinces leaving {PRODUCT[EastEnders]} she moved back, and returned to doing guest appearances again, including {WORK_OF_ART[The Courtroom, Love Soup]}, {ORG[Channel 4]} comedy series {WORK_OF_ART[Green Wing]}, and returned for a {ORDINAL[second]} guest appearance in The Bill.
In {DATE[2008]}, {PERSON[Pargeter]} played another major the role called {PERSON[Mary Slessor]} in the Mary Slessor an 11-part television series.
Since then, she went back to doing guest appearances onces again, such as the Channel 4 comedy series {PERSON[Pete Versus Life]}, {ORG[Rock &amp; Chips]}, {ORG[The Crimson Petal]} and the White, {CARDINAL[24]}: Live Another Day inciding {CARDINAL[three]} guest roles in Doctors, {ORG[Crashing]}, {ORG[Outlander]}, {ORG[The Dumping Ground]}, {CARDINAL[four]} guest roles in {ORG[Casualty]}, {ORG[Vanity Fair]}, {GPE[Chernobyl]}, Catch-22 and most recently she appeared in Father {PERSON[Brown]}.
In {DATE[2004]} she appeared in the television advertisement for {PERSON[John Smith's]} bitter "Annie, I'm not your Daddy" which starred {PERSON[Peter Kay]}.  Also in {DATE[2012]} she appeared in a television advertisement for Miracle Whip: Village. Most recently she played a role as a house wife for TV commercial {PERSON[Volvic Juicy]} drink.
{PERSON[Pargeter]} has appeared in {CARDINAL[seven]} films such as {PERSON[Calendar Girls]} ({DATE[2003]}), {PERSON[Mad George]} ({DATE[2004]}), {PERSON[Angel]} ({DATE[2007]}), Reuniting the Rubins ({DATE[2010]}), {ORG[The National Union of Space People]} ({DATE[2016]}), {PRODUCT[The Little Stranger]} (2018) and Shafted (2018) which is currently still in pre-production.
{PERSON[Pargeter]} was a member of the Stephen Joseph Theatre Company in {GPE[Scarborough]}, {GPE[North Yorkshire]}, where she was directed by Sir {PERSON[Alan Ayckbourn]} in a trilogy of plays known collectively as {ORG[Damsels]} in {ORG[Distress]}, which subsequently transferred to {LOC[the West End]}. For this, she won {PERSON[Best Newcomer]} in the Critics' Circle Theatre Awards and was nominated for an {WORK_OF_ART[Evening]} Standard award, Manchester Evening News Award and {WORK_OF_ART[a Whatsonstage Award]}.Later parts include {PERSON[Sugar Daddies]}, again written and directed by {PERSON[Alan Ayckbourn]}; She {WORK_OF_ART[Stoops to Conquer]} at {ORG[the Royal Exchange]}, {GPE[Manchester]}, for which she was nominated for a {ORDINAL[second]} Manchester Evening News award; and the title role of {PERSON[Effie Gray]} in {WORK_OF_ART[The Countess]}, playing opposite {PERSON[Nick Moran]} at {FAC[the Criterion Theatre]}, {GPE[Piccadilly]} in {DATE[June 2005]}. She also spent {DATE[a year]} touring in the musical {PERSON[Grease]} playing the role of {PERSON[Jan]} who was one of the Pink Ladies in {DATE[1999]}.
In {DATE[2008]} she recorded the voice of 'Wendy Darling' in a musical adaptation of {PERSON[Peter Pan]} with the music lyrics by {ORG[Dallison/Wherry]} and was also narrated by {PERSON[Joe Parquale]} as '{ORG[Smee]}'.
{PERSON[Pargeter]} has starred in several Christmas Pantomimes for children over {DATE[the years]}, she appeared in {GPE[Alice]} in {GPE[Wonderland]}, {PERSON[Jack]} and the {GPE[Beanstalk]} and {PERSON[Cinderella]}.
In {DATE[July 2011]} Pargeter played the role of {PERSON[Gertrude Riall]} at {FAC[the Manchester International Festival]} in a {PERSON[Victoria Wood's]} play called That Day We Sang.
{DATE[Between February and June 2013]}, {PERSON[Pargeter]} went on {ORG[A National Tour]} and played the role of {PERSON[Eliante]} in {PERSON[the Roger McGough's]} play called {WORK_OF_ART[The Misanthrope]} and on {DATE[10 March 2013]} The Misanthrope also went live from {ORG[the Everyman Playhouse]} and {FAC[English Touring Theatre]} on {ORG[BBC Radio 3]}.
{DATE[Between 2013 and 2016]}, she appeared in {CARDINAL[two]} more stage plays including {ORG[Sex Cells]} and her more recent was {WORK_OF_ART[All My Sons]}.
Official website
[{CARDINAL[1]}]
Alison Pargeter at IMDb
 </spacy_body>
</doc>