<?xml version="1.0" encoding="utf-8"?>
<doc>
 <title>
  Alison Fanelli
 </title>
 <original_abstract>
  The Adventures of Pete &amp; Pete is an American comedy television series created by Will McRobb and Chris Viscardi for Nickelodeon. It centers around two brothers, both named Pete Wrigley, and their humorous and surreal adventures in suburbia among their equally eccentric friends, enemies, and neighbors.
The Adventures of Pete &amp; Pete began on Nickelodeon in 1989 as minute-long shorts that aired as interstitials. Owing to the popularity of the shorts, five half-hour specials were made, followed by a regular half-hour series that ran for three seasons from 1993 to 1996. As of October 5, 2015, reruns of the shorts and the shows run on TeenNick as part of the NickSplat block.
Jason Ankeny of AllMusic called the series "the greatest children's show ever", while IGN called it "one of the most well-written kids shows ever". The first two seasons were released on DVD in 2005; the third was planned for 2006 but was indefinitely postponed.
 </original_abstract>
 <spacy_abstract>
  {WORK_OF_ART[The Adventures of Pete &amp; Pete]} is an {NORP[American]} comedy television series created by {PERSON[Will McRobb]} and {PERSON[Chris Viscardi]} for {ORG[Nickelodeon]}. It centers around {CARDINAL[two]} brothers, both named {PERSON[Pete Wrigley]}, and their humorous and surreal adventures in suburbia among their equally eccentric friends, enemies, and neighbors.
{WORK_OF_ART[The Adventures of Pete &amp; Pete]} began on {ORG[Nickelodeon]} in {DATE[1989]} as minute-long shorts that aired as interstitials. Owing to the popularity of the shorts, {TIME[five half-hour]} specials were made, followed by a regular {TIME[half-hour]} series that ran for {DATE[three seasons]} from {DATE[1993 to 1996]}. As of {DATE[October 5, 2015]}, reruns of the shorts and the shows run on {PERSON[TeenNick]} as part of the {ORG[NickSplat]} block.
{PERSON[Jason Ankeny]} of {PERSON[AllMusic]} called the series "the greatest children's show ever", while {ORG[IGN]} called it "{CARDINAL[one]} of the most well-written kids shows ever". {DATE[The first two seasons]} were released on DVD in {DATE[2005]}; the {ORDINAL[third]} was planned for {DATE[2006]} but was indefinitely postponed.
 </spacy_abstract>
 <original_body>
  Fanelli was born in Northport, New York. She attended Northport High School where her talents were on display for the Powdered Wigs Drama Department, and as a percussionist for the Northport High School Drumline.In 1989, Fanelli joined the cast of Nickelodeon show The Adventures of Pete &amp; Pete, playing Ellen Josephine Hickle. The character was the best friend and love interest of Big Pete. Fanelli completed work on the series in 1996.
She is a 2001 graduate of Goucher College, where she earned a bachelor's degree in pre-med, and Dartmouth College, where she earned a master's degree in Health Care Improvement. While at Dartmouth, Fanelli was a project manager for a web-based project to develop a secure online database for the Institutional Review Board, IRBnet. She conducted additional training at Arcadia University.In 2011, she contributed as the voice of Splat for an episode of TOME: Terrain of Magical Expertise, a "video game based web cartoon", created by her brother, Chris Niosi.After Dartmouth, Fanelli worked as a physician's assistant at Children's Hospital of Philadelphia. As of 2018, she is a physician assistant working in urgent care.
Alison Fanelli at IMDb
 </original_body>
 <spacy_body>
  {ORG[Fanelli]} was born in {GPE[Northport]}, {GPE[New York]}. She attended {ORG[Northport High School]} where her talents were on display for {ORG[the Powdered Wigs Drama Department]}, and as a percussionist for {ORG[the Northport High School Drumline]}.In {DATE[1989]}, {ORG[Fanelli]} joined the cast of {ORG[Nickelodeon]} show {ORG[The Adventures of Pete &amp; Pete]}, playing {WORK_OF_ART[Ellen Josephine Hickle]}. The character was the best friend and love interest of {ORG[Big Pete]}. {ORG[Fanelli]} completed work on the series in {DATE[1996]}.
She is a {DATE[2001]} graduate of {ORG[Goucher College]}, where she earned a bachelor's degree in pre-med, and {ORG[Dartmouth College]}, where she earned a master's degree in {ORG[Health Care Improvement]}. While at {ORG[Dartmouth]}, {ORG[Fanelli]} was a project manager for a web-based project to develop a secure online database for {ORG[the Institutional Review Board]}, IRBnet. She conducted additional training at {ORG[Arcadia University]}.In {DATE[2011]}, she contributed as the voice of {GPE[Splat]} for an episode of TOME: {ORG[Terrain of Magical Expertise]}, a "video game based web cartoon", created by her brother, {PERSON[Chris Niosi]}.After {ORG[Dartmouth]}, {ORG[Fanelli]} worked as a physician's assistant at {ORG[Children's Hospital of Philadelphia]}. As of {DATE[2018]}, she is a physician assistant working in urgent care.
{PERSON[Alison Fanelli]} at IMDb
 </spacy_body>
</doc>