<?xml version="1.0" encoding="utf-8"?>
<doc>
 <title>
  Alison Carroll
 </title>
 <original_abstract>
  Alison Laura Carroll (born 21 May 1985) is an English gymnast, model and actress. She was the live-action model of the video game character Lara Croft from 2008 to 2010.
 </original_abstract>
 <spacy_abstract>
  {PERSON[Alison Laura Carroll]} (born {DATE[21 May 1985]}) is an {NORP[English]} gymnast, model and actress. She was the live-action model of the video game character {PERSON[Lara Croft]} from {DATE[2008]} to {DATE[2010]}.
 </spacy_abstract>
 <original_body>
  Carroll was born on 21 May 1985, in Croydon, London. She trained at the Urdang Academy in Musical Theatre and graduated in 2007 with a distinction. Carroll has represented the United Kingdom as a professional display gymnast. She is also a teenagers' gymnastics coach, choreographing the winning junior team at the British National Championships.Carroll began acting in 2007. In August 2008, Carroll was announced as the new Lara Croft model for the latest video game featuring the heroine, Tomb Raider: Underworld. Carroll replaced previous Lara model Karima McAdams, who retired from the role earlier in the year. Carroll held the position until 2010, and is the final official Lara Croft model, as the use of models has been discontinued for future Tomb Raider games.
Carroll was cast in the 2010 thriller Life is an Art. The movie screened at the Cannes Film Festival in 2010.In January 2011, it was announced that Carroll was cast in the action film Amsterdam Heavy by director Michael Wright.
Doghouse (2009) as The Teen
Life is an Art (2010) as Claire Jones
The Kid (2010) as Clare
Amsterdam Heavy (2011) as Monique 
Amina (2012) as Lucy
Devil's Tower (2014) as Fiona
Gridiron UK (2015) as Jenny
Swipe Right Horror (2016) as Michelle
Alison Carroll at IMDb
 </original_body>
 <spacy_body>
  {ORG[Carroll]} was born on {DATE[21 May 1985]}, in {GPE[Croydon]}, {GPE[London]}. She trained at {ORG[the Urdang Academy in Musical Theatre]} and graduated in {DATE[2007]} with a distinction. {ORG[Carroll]} has represented {GPE[the United Kingdom]} as a professional display gymnast. She is also a teenagers' gymnastics coach, choreographing the winning junior team at {FAC[the British National Championships]}.{ORG[Carroll]} began acting in {DATE[2007]}. In {DATE[August 2008]}, {ORG[Carroll]} was announced as the new {PRODUCT[Lara Croft]} model for the latest video game featuring the heroine, Tomb Raider: Underworld. {ORG[Carroll]} replaced previous {PRODUCT[Lara]} model {PERSON[Karima McAdams]}, who retired from the role earlier in {DATE[the year]}. {ORG[Carroll]} held the position until {DATE[2010]}, and is the final official {PERSON[Lara Croft]} model, as the use of models has been discontinued for future {ORG[Tomb Raider]} games.
{ORG[Carroll]} was cast in the {DATE[2010]} thriller Life is an Art. The movie screened at {EVENT[the Cannes Film Festival]} in 2010.In {DATE[January 2011]}, it was announced that {ORG[Carroll]} was cast in the action film {ORG[Amsterdam Heavy]} by director {PERSON[Michael Wright]}.
{ORG[Doghouse]} ({DATE[2009]}) as {ORG[The Teen
Life]} is {PERSON[an Art]} ({DATE[2010]}) as {PERSON[Claire Jones]}
{PERSON[The Kid]} ({DATE[2010]}) as {PERSON[Clare
]}Amsterdam Heavy ({DATE[2011]}) as {PERSON[Monique 
Amina]} ({DATE[2012]}) as {PERSON[Lucy
Devil's]} Tower ({DATE[2014]}) as {PERSON[Fiona]}
{ORG[Gridiron]} UK (2015) as {PERSON[Jenny
]}Swipe Right Horror ({DATE[2016]}) as {PERSON[Michelle
Alison Carroll]} at IMDb
 </spacy_body>
</doc>