<?xml version="1.0" encoding="utf-8"?>
<doc>
 <title>
  Alix Talton
 </title>
 <original_abstract>
  Alix Talton (June 7, 1920 – April 7, 1992) was an American actress. 
A former Miss Georgia, in 1955, Talton portrayed Myrna Shepard in the television version of My Favorite Husband.She appeared in the films Ranger of Cherokee Strip, In a Lonely Place, The Great Jewel Robber, Fourteen Hours, Sally and Saint Anne, Tangier Incident, Rock Around the Clock, The Man Who Knew Too Much, Cha-Cha-Cha Boom!, The Deadly Mantis, Romanoff and Juliet and The Devil's Brigade, among others.
Talton was married to George Cahan.She died of lung cancer on April 7, 1992, in Burbank, California, at age 71.
 </original_abstract>
 <spacy_abstract>
  {PERSON[Alix Talton]} ({DATE[June 7, 1920]} – {DATE[April 7, 1992]}) was an {NORP[American]} actress. 
A former Miss {PERSON[Georgia]}, in {DATE[1955]}, {PERSON[Talton]} portrayed {PERSON[Myrna Shepard]} in the television version of My Favorite Husband.She appeared in the films {WORK_OF_ART[Ranger of Cherokee Strip]}, In {LOC[a Lonely Place]}, The Great Jewel Robber, {TIME[Fourteen Hours]}, {PERSON[Sally]} and {GPE[Saint Anne]}, {ORG[Tangier Incident]}, Rock Around the {ORG[Clock]}, The Man Who Knew Too Much, Cha-Cha-Cha Boom!, {WORK_OF_ART[The Deadly Mantis, Romanoff]} and {PERSON[Juliet]} and {ORG[The Devil's Brigade]}, among others.
{PERSON[Talton]} was married to {PERSON[George Cahan]}.She died of lung cancer on {DATE[April 7, 1992]}, in {GPE[Burbank]}, {GPE[California]}, at {DATE[age 71]}.
 </spacy_abstract>
 <original_body>
  Alix Talton at IMDb
 </original_body>
 <spacy_body>
  {PERSON[Alix Talton]} at IMDb
 </spacy_body>
</doc>