<?xml version="1.0" encoding="utf-8"?>
<doc>
 <title>
  Aliza Gur
 </title>
 <original_abstract>
  Aliza Gur (Hebrew: עליזה גור, born Alizia Gross; 1 April 1940) is an Israeli actress who was Miss Israel of 1960 and a semifinalist in the Miss Universe pageant held in Miami Beach that same year. She played Vida in the James Bond film From Russia with Love in 1963.
 </original_abstract>
 <spacy_abstract>
  {PERSON[Aliza Gur]} ({NORP[Hebrew]}: {PERSON[עליזה]} גור, born Alizia Gross; {DATE[1 April 1940]}) is an {NORP[Israeli]} actress who was Miss Israel of {DATE[1960]} and a semifinalist in the Miss {PERSON[Universe]} pageant held in {GPE[Miami Beach]} that same year. She played {PRODUCT[Vida]} in the {PERSON[James Bond]} film From {GPE[Russia]} with Love in {DATE[1963]}.
 </spacy_abstract>
 <original_body>
  Gur was born on 1 April 1940 in Ramat Gan, British Mandate of Palestine (now Israel). Her parents had fled Germany during Hitler's dictatorship and settled where she and her brother were born.
A woman of many talents, she attended the University of Haifa, where she designed and made dresses to help pay for tuition. Her first pageant win was as Miss Haifa.She trained as a combat soldier in the Israeli Army and studied acting in Tel Aviv under Peter Fry, a well known director. After her success in national and international beauty pageants, she settled in California, where she began her film and television career.  Her parents emigrated to the United States, as well, and settled in Cleveland, Ohio, for a time; they died in the 1970s. In 1960, she toured America to help support the purchase of Israeli Bonds. Gur married twice, first in 1964 to Sy Shulman, the Director of Hollywood's Cedars of Lebanon Hospital, and next to Sheldon Schrager, and had one son from her first marriage. Both marriages ended in divorce.
In 1965, she made a guest appearance on Perry Mason as Dr. Nina Rivelli in "The Case of the Baffling Bug". Her other television credits include The Big Valley, Daniel Boone, Get Smart, The Wild Wild West and Adventures in Paradise. Her film credits include Exodus (1960), A Place to Go (1962), From Russia with Love (1963), Night Train to Paris (1964), Agent for H.A.R.M. (1966), Kill a Dragon (1967), The Hand of Night (1968), and her last movie Tarzan and the Jungle Boy (1968).Her most famous role was as one of two fighting gypsies in 1963's James Bond film From Russia with Love, where she fought Miss Jamaica's Martine Beswick. The female lead in the film, Daniela Bianchi, had been Gur's roommate at the 1960 Miss Universe pageant.
The Ten Commandments (1956) - Walk on role
Exodus (1960) - Film debut, small part
From Russia with Love (1963) - Vida
The Beauty Jungle (1964) - Miss Peru
Night Train to Paris (1964) - Catherine Carrel
Agent for H.A.R.M. (1966) - Mid-Eastern Contact
Kill a Dragon (1967) - Tisa
Tarzan and the Jungle Boy (1968) - Myrna
The Hand of Night (1968) - Marissa
Aliza Gur at IMDb
 </original_body>
 <spacy_body>
  Gur was born on {DATE[1 April 1940]} in {ORG[Ramat Gan]}, {NORP[British]} Mandate of Palestine (now {GPE[Israel]}). Her parents had fled {GPE[Germany]} during {PERSON[Hitler]}'s dictatorship and settled where she and her brother were born.
A woman of many talents, she attended {ORG[the University of Haifa]}, where she designed and made dresses to help pay for tuition. Her {ORDINAL[first]} pageant win was as Miss {PERSON[Haifa]}.She trained as a combat soldier in {ORG[the Israeli Army]} and studied acting in {GPE[Tel Aviv]} under {PERSON[Peter Fry]}, a well known director. After her success in national and international beauty pageants, she settled in {GPE[California]}, where she began her film and television career.  Her parents emigrated to {GPE[the United States]}, as well, and settled in {GPE[Cleveland]}, {GPE[Ohio]}, for a time; they died in {DATE[the 1970s]}. In {DATE[1960]}, she toured {GPE[America]} to help support the purchase of {NORP[Israeli]} Bonds. Gur married twice, {ORDINAL[first]} in {DATE[1964]} to {PERSON[Sy Shulman]}, the Director of {GPE[Hollywood]}'s {ORG[Cedars of Lebanon Hospital]}, and next to {PERSON[Sheldon Schrager]}, and had {CARDINAL[one]} son from her {ORDINAL[first]} marriage. Both marriages ended in divorce.
In {DATE[1965]}, she made a guest appearance on {PERSON[Perry Mason]} as Dr. {PERSON[Nina Rivelli]} in {WORK_OF_ART["The Case of the Baffling Bug"]}. Her other television credits include {ORG[The Big Valley]}, {PERSON[Daniel Boone]}, {PERSON[Get Smart]}, {LOC[The Wild Wild West]} and Adventures in {LOC[Paradise]}. Her film credits include {PERSON[Exodus]} ({DATE[1960]}), A Place to Go ({DATE[1962]}), From {GPE[Russia]} with {GPE[Love]} ({DATE[1963]}), Night Train to Paris ({DATE[1964]}), Agent for H.A.R.M. ({DATE[1966]}), {PERSON[Kill a Dragon]} ({DATE[1967]}), {WORK_OF_ART[The Hand of Night]} ({DATE[1968]}), and her last movie {PERSON[Tarzan]} and {PERSON[the Jungle Boy]} (1968).Her most famous role was as {CARDINAL[one]} of {CARDINAL[two]} fighting gypsies in {DATE[1963]}'s {PERSON[James Bond]} film From {GPE[Russia]} with {GPE[Love]}, where she fought Miss {GPE[Jamaica]}'s {PERSON[Martine Beswick]}. The female lead in the film, {WORK_OF_ART[Daniela Bianchi]}, had been {GPE[Gur]}'s roommate at the {DATE[1960]} Miss {PERSON[Universe]} pageant.
{ORG[The Ten Commandments]} ({DATE[1956]}) - Walk on role
Exodus ({DATE[1960]}) - Film debut, small part
From {GPE[Russia]} with {GPE[Love]} ({DATE[1963]}) - Vida
The Beauty Jungle ({DATE[1964]}) - Miss {PERSON[Peru]}
Night Train to {GPE[Paris]} ({DATE[1964]}) - Catherine Carrel
Agent for H.A.R.M. ({DATE[1966]}) - Mid-Eastern Contact
Kill a Dragon ({DATE[1967]}) - Tisa
{PERSON[Tarzan]} and {PERSON[the Jungle Boy]} ({DATE[1968]}) - Myrna
The Hand of Night ({DATE[1968]}) - Marissa
{PERSON[Aliza Gur]} at IMDb
 </spacy_body>
</doc>