<?xml version="1.0" encoding="utf-8"?>
<doc>
 <title>
  Allan Cuthbertson
 </title>
 <original_abstract>
  Allan Darling Cuthbertson (7 April 1920 – 8 February 1988) was an Australian-born British actor. He was best known for playing stern-faced military officers in British films of the 1950s and 1960s.
 </original_abstract>
 <spacy_abstract>
  {PERSON[Allan Darling Cuthbertson]} ({DATE[7 April 1920]} – {DATE[8 February 1988]}) was an {NORP[Australian]}-born {NORP[British]} actor. He was best known for playing stern-faced military officers in {NORP[British]} films of {DATE[the 1950s and]} 1960s.
 </spacy_abstract>
 <original_body>
  Born in Perth, Western Australia, son of Ernest and Isobel Ferguson (Darling) Cuthbertson, he performed on stage and radio from an early age.
During the Second World War, he served as a flight lieutenant with the RAAF from 6 December 1941 to 1 July 1947, including service with 111 Air Sea Rescue Flight.
Cuthbertson arrived in Britain in 1947, and appeared shortly thereafter as Romeo in Romeo and Juliet at the Boltons. In London's West End, he appeared as Laertes in Hamlet, Aimwell in The Beaux Stratagem, and Octavius Robinson in Man and Superman, among many other roles.He was often cast in military roles, which was quite common in actors of his generation, especially those with a military air about them. He was Captain Eric Simpson in Tunes of Glory (1960) as well as being cast as more stuffy regimental types in such films as The Guns of Navarone (1961) and Carrington V.C. (1954), which also starred David Niven. He also made a brief appearance as a harassed staff officer, who then gets blown up, at the beginning of Ice Cold in Alex (1958). In 1962 he played a school teacher in Term of Trial with Laurence Olivier. He appeared four times in the television series The Avengers.Cuthbertson also had a talent for playing comedy, which led to his best known role, although again playing a mustachioed military character, as Colonel Hall in the "Gourmet Night" episode of the hit sitcom Fawlty Towers in 1975. He appeared in many roles on British television, including with Tommy Cooper, Dick Emery and Frankie Howerd, and in All Gas and Gaiters, Gideons Way episode The V Men (1964) as Chief Supt Bill Parsons, The Champions (1969 episode The Experiment as Cranmore), Danger Man, UFO (1970 episode "The Square Triangle") and Terry and June, where he played annoying neighbour Tarquin Spry. He was a regular guest on The Morecambe &amp; Wise Show from 1973 to 1976. One of his last TV appearances was in Michael Palin's East of Ipswich in 1987.One of his last stage roles was in The Corn Is Green by Emlyn Williams at the Old Vic in 1985.
Cuthbertson was long married to Dr Gertrude Willner, a refugee from Nazi-occupied Czechoslovakia, who had been a lawyer originally, but became a teacher in Britain. They had an adopted son.
At the time of his death, Cuthbertson was living in Surbiton, Greater London.
Allan Cuthbertson at IMDb
Allan Cuthbertson Biography (1920–1988)
 </original_body>
 <spacy_body>
  Born in {GPE[Perth]}, {LOC[Western Australia]}, son of {PERSON[Ernest]} and {PERSON[Isobel Ferguson]} ({ORG[Darling) Cuthbertson]}, he performed on stage and radio from an early age.
During {EVENT[the Second World War]}, he served as a flight lieutenant with the {ORG[RAAF]} from {DATE[6 December 1941]} to {CARDINAL[1]} {DATE[July 1947]}, including service with {CARDINAL[111]} {LOC[Air Sea Rescue Flight]}.
{ORG[Cuthbertson]} arrived in {GPE[Britain]} in {DATE[1947]}, and appeared shortly thereafter as {PERSON[Romeo]} in {GPE[Romeo]} and {PERSON[Juliet]} at the {LOC[Boltons]}. In {GPE[London]}'s {GPE[West End]}, he appeared as Laertes in {GPE[Hamlet]}, {ORG[Aimwell]} in {WORK_OF_ART[The Beaux Stratagem]}, and {PERSON[Octavius Robinson]} in {DATE[Man]} and {ORG[Superman]}, among many other roles.He was often cast in military roles, which was quite common in actors of his generation, especially those with a military air about them. He was Captain {PERSON[Eric Simpson]} in {FAC[Tunes of Glory]} ({DATE[1960]}) as well as being cast as more stuffy regimental types in such films as {WORK_OF_ART[The Guns of Navarone]} ({DATE[1961]}) and {PERSON[Carrington V.C.]} ({DATE[1954]}), which also starred {PERSON[David Niven]}. He also made a brief appearance as a harassed staff officer, who then gets blown up, at {DATE[the beginning of Ice Cold]} in {GPE[Alex]} ({DATE[1958]}). In {DATE[1962]} he played a school teacher in Term of Trial with {PERSON[Laurence Olivier]}. He appeared {CARDINAL[four]} times in the television series The Avengers.{PERSON[Cuthbertson]} also had a talent for playing comedy, which led to his best known role, although again playing a mustachioed military character, as Colonel {PERSON[Hall]} in {LAW[the "Gourmet Night" episode]} of the hit sitcom Fawlty Towers in {DATE[1975]}. He appeared in many roles on {NORP[British]} television, including with {PERSON[Tommy Cooper]}, {PERSON[Dick Emery]} and {PERSON[Frankie Howerd]}, and in {WORK_OF_ART[All Gas and Gaiters]}, Gideons Way episode {WORK_OF_ART[The V Men (1964]}) as Chief {PERSON[Supt Bill Parsons]}, The Champions ({DATE[1969]} episode {WORK_OF_ART[The Experiment as Cranmore]}), {PERSON[Danger Man]}, UFO ({DATE[1970]} episode "{WORK_OF_ART[The Square Triangle]}") and {PERSON[Terry]} and {DATE[June]}, where he played annoying neighbour {PERSON[Tarquin Spry]}. He was a regular guest on {ORG[The Morecambe &amp; Wise Show]} from {DATE[1973 to 1976]}. {CARDINAL[One]} of his last TV appearances was in {PERSON[Michael Palin's]} {LOC[East of Ipswich]} in 1987.One of his last stage roles was in The Corn Is Green by {PERSON[Emlyn Williams]} at {WORK_OF_ART[the Old Vic]} in {DATE[1985]}.
{PERSON[Cuthbertson]} was long married to Dr {PERSON[Gertrude Willner]}, a refugee from {NORP[Nazi]}-occupied {GPE[Czechoslovakia]}, who had been a lawyer originally, but became a teacher in {GPE[Britain]}. They had an adopted son.
At the time of his death, {PERSON[Cuthbertson]} was living in {GPE[Surbiton]}, {GPE[Greater London]}.
{PERSON[Allan Cuthbertson]} at IMDb
{PERSON[Allan Cuthbertson Biography]} (1920–1988)
 </spacy_body>
</doc>