<?xml version="1.0" encoding="utf-8"?>
<doc>
 <title>
  Allan Forrest
 </title>
 <original_abstract>
  Allan Forrest Fisher (September 1, 1885 – July 25, 1941) was an American silent film actor.
 </original_abstract>
 <spacy_abstract>
  {PERSON[Allan Forrest Fisher]} ({DATE[September 1, 1885 – July 25, 1941]}) was an {NORP[American]} silent film actor.
 </spacy_abstract>
 <original_body>
  Allan Forrest Fisher starred in 119 films, mostly silent, between 1913 and 1932. He appeared in films such as The Torch Bearer, with actress Charlotte Burton.
in 1916, he married actress Ann Little; they were divorced in 1918. On January 8, 1922, Forrest married actress Lottie Pickford in Hollywood. They divorced in 1928.
Allan Forrest at IMDb
 </original_body>
 <spacy_body>
  {PERSON[Allan Forrest Fisher]} starred in {CARDINAL[119]} films, mostly silent, {DATE[between 1913 and 1932]}. He appeared in films such as {ORG[The Torch Bearer]}, with actress {PERSON[Charlotte Burton]}.
in {DATE[1916]}, he married actress {ORG[Ann Little]}; they were divorced in {DATE[1918]}. On {DATE[January 8, 1922]}, {PERSON[Forrest]} married actress {PERSON[Lottie Pickford]} in {GPE[Hollywood]}. They divorced in {DATE[1928]}.
{PERSON[Allan Forrest]} at IMDb
 </spacy_body>
</doc>