<?xml version="1.0" encoding="utf-8"?>
<doc>
 <title>
  Allan Lane
 </title>
 <original_abstract>
  Allan "Rocky" Lane (born Harry Leonard Albershardt; September 22, 1909 – October 27, 1973) was an American studio leading man and the star of many cowboy B-movies in the 1940s and 1950s. He appeared in more than 125 films and TV shows in a career lasting from 1929 to 1966. He is best known for his portrayal of Red Ryder and for being the voice of the talking horse on the television series Mister Ed, beginning in 1961.
 </original_abstract>
 <spacy_abstract>
  {PERSON[Allan "Rocky" Lane]} (born {PERSON[Harry Leonard Albershardt]}; {DATE[September 22, 1909 –]} {DATE[October 27, 1973]}) was an {NORP[American]} studio leading man and the star of many cowboy B-movies in {DATE[the 1940s and]} {DATE[1950s]}. He appeared in {CARDINAL[more than 125]} films and TV shows in a career lasting from {DATE[1929 to 1966]}. He is best known for his portrayal of {ORG[Red Ryder]} and for being the voice of the talking horse on the television series Mister {PERSON[Ed]}, beginning in {DATE[1961]}.
 </spacy_abstract>
 <original_body>
  Lane was born as Harry Leonard Albershardt or Albershart (sources differ) in Mishawaka, Indiana to Linnie Anne and William H. Albershardt. He grew up in Grand Rapids, Michigan. Lane had been a photographer, model and stage actor by age 20.
Lane played varsity sports (baseball, football, and basketball) at the University of Notre Dame but dropped out in order to pursue his interests in acting.
He was spotted by Fox Film Corporation (later 20th Century Fox) talent scouts and was signed to a contract. His first film role for Fox was as a romantic lead opposite June Collyer in the 1929 release, Not Quite Decent (now a lost film). He made several other films at Fox but jumped ship to Warner Bros. in the early 1930s.While at Warner his career foundered, and after a number of bit parts he left films in the early 1930s. By 1936, Lane returned to films and to 20th Century Fox, taking supporting roles in the drama Laughing at Trouble and the Shirley Temple film Stowaway. After several more supporting roles at Fox, Lane longed for a starring role; therefore, he took the lead in a Republic Pictures' short feature, The Duke Comes Back (1937).
From 1929 through 1936, he appeared in twenty-four films. He was in 1938's The Law West of Tombstone. In 1940, he portrayed "RCMP Sergeant Dave King", the role becoming one of his most notable successes. The first was King of the Royal Mounted, a 12-part 1940 serial adaptation of Zane Grey's King of the Royal Mounted. He starred in several Royal Canadian Mounted Police films, including the serials The Yukon Patrol and King of the Mounties. He is best remembered for these today.In 1946 and 1947, he portrayed Red Ryder in seven films, replacing Wild Bill Elliott in that role. The following year, he became "Rocky Lane" in Western films.
Between 1940 and 1966, Lane made eighty-two film and television series appearances, mostly in westerns. Between 1947 and 1953, he made over 30 B-movie westerns (as "Rocky" Lane) with his faithful horse 'Black Jack'. 
His last roles were in voice over acting, including providing the speech for Mister Ed (1961–1966). He was never credited on-screen for providing the voice for Mister Ed.In 2003, he won the TV Land Award posthumously for the category "Favorite Pet-Human Relationship" as Mr. Ed.
Lane died in California of cancer in 1973, at age 64.
Between 1965 and 1968 a celebrity comic was created around Rocky Lane's cowboy persona, written and drawn by Brazilian comics artist Primaggio Mantovi. Lane was one of the movie cowboys named in the lyrics of the song “Whatever Happened To Randolph Scott” by The Statler Brothers, which became a hit single in 1974.
SeriesMister Ed, 1961–1966 syndicated and later CBS TV series. Lane provided the voice for Mister Ed. This was an uncredited role.
Red Ryder, 1956–1957 TV series. Lane portrayed Red RyderGuest appearancesCheyenne, episode "Massacre at Gunsight Pass", originally aired May 1, 1961
Gunsmoke, episode "Long Hours, Short Pay", originally aired April 29, 1961
Bonanza, episode "The Blood Line", originally aired December 31, 1960
Gunsmoke, episode "The Badge", originally aired November 12, 1960
Lawman, episode "The Payment", originally aired May 8, 1960
Bronco, episode "Death of an Outlaw", originally aired March 8, 1960
Colt .45, episode "Arizona Anderson", originally aired February 14, 1960
Tales of Wells Fargo, episode "The Reward", originally aired April 21, 1958
Wagon Train, episode "The Daniel Barrister Story", originally aired April 16, 1958
Alfred Hitchcock Presents, episode "Lamb to the Slaughter", originally aired April 13, 1958
Gunsmoke, episode "Texas Cowboys", originally aired April 5, 1958
Mike Hammer, episode "Husbands Are Bad Luck", originally aired 1957

Allan Lane at IMDb
Allan Lane at AllMovie
Rocky Lane westerns
Recollections of Allan Lane
FanBase page - Notre Dame Football
 </original_body>
 <spacy_body>
  {ORG[Lane]} was born as {PERSON[Harry Leonard Albershardt]} or {PERSON[Albershart]} (sources differ) in {GPE[Mishawaka]}, {GPE[Indiana]} to {PERSON[Linnie Anne]} and {PERSON[William H. Albershardt]}. He grew up in {GPE[Grand Rapids]}, {GPE[Michigan]}. {ORG[Lane]} had been a photographer, model and stage actor by {DATE[age 20]}.
Lane played varsity sports (baseball, football, and basketball) at {ORG[the University of Notre Dame]} but dropped out in order to pursue his interests in acting.
He was spotted by {ORG[Fox Film Corporation]} ({DATE[later 20th Century]} Fox) talent scouts and was signed to a contract. His {ORDINAL[first]} film role for {PERSON[Fox]} was as a romantic lead opposite {PERSON[June Collyer]} in the {DATE[1929]} release, Not Quite Decent (now a lost film). He made several other films at {ORG[Fox]} but jumped ship to {ORG[Warner Bros.]} in {DATE[the early 1930s]}.While at {ORG[Warner]} his career foundered, and after a number of bit parts he left films in {DATE[the early 1930s]}. By {DATE[1936]}, {ORG[Lane]} returned to films and to 20th {PERSON[Century Fox]}, taking supporting roles in the drama {WORK_OF_ART[Laughing at Trouble]} and the {FAC[Shirley Temple]} film {GPE[Stowaway]}. After several more supporting roles at {ORG[Fox]}, {ORG[Lane]} longed for a starring role; therefore, he took the lead in a {ORG[Republic Pictures']} short feature, The Duke Comes Back ({DATE[1937]}).
From {DATE[1929]} through {DATE[1936]}, he appeared in {CARDINAL[twenty-four]} films. He was in {DATE[1938]}'s {WORK_OF_ART[The Law West of Tombstone]}. In {DATE[1940]}, he portrayed "{WORK_OF_ART[RCMP Sergeant Dave King]}", the role becoming one of his most notable successes. The {ORDINAL[first]} was King of the Royal Mounted, a 12-part {DATE[1940]} serial adaptation of {PERSON[Zane Grey's]} {WORK_OF_ART[King of the Royal Mounted]}. He starred in several {NORP[Royal]} {NORP[Canadian]} Mounted Police films, including the serials {ORG[The Yukon Patrol]} and {WORK_OF_ART[King of the Mounties]}. He is best remembered for these {DATE[today]}.In {DATE[1946]} and {DATE[1947]}, he portrayed {ORG[Red Ryder]} in {CARDINAL[seven]} films, replacing {PERSON[Wild Bill Elliott]} in that role. {DATE[The following year]}, he became {PRODUCT["Rocky Lane"]} in Western films.
{DATE[Between 1940 and 1966]}, {ORG[Lane]} made {DATE[eighty-two]} film and television series appearances, mostly in westerns. {DATE[Between 1947 and 1953]}, he made {CARDINAL[over 30]} B-movie westerns (as "Rocky" Lane) with his faithful horse '{PERSON[Black Jack']}. 
His last roles were in voice over acting, including providing the speech for Mister {PERSON[Ed]} ({CARDINAL[1961–1966]}). He was never credited on-screen for providing the voice for Mister {PERSON[Ed]}.In {DATE[2003]}, he won the TV Land Award posthumously for the category "{WORK_OF_ART[Favorite Pet-Human Relationship]}" as Mr. {PERSON[Ed]}.
Lane died in {GPE[California]} of cancer in {DATE[1973]}, at {DATE[age 64]}.
{DATE[Between 1965 and 1968]} a celebrity comic was created around {PRODUCT[Rocky Lane's]} cowboy persona, written and drawn by {NORP[Brazilian]} comics artist {PERSON[Primaggio Mantovi]}. {PERSON[Lane]} was {CARDINAL[one]} of the movie cowboys named in the lyrics of the song “{WORK_OF_ART[Whatever Happened To Randolph Scott]}” by {ORG[The Statler Brothers]}, which became a hit single in {DATE[1974]}.
SeriesMister {PERSON[Ed]}, {CARDINAL[1961–1966]} syndicated and later {ORG[CBS TV]} series. {ORG[Lane]} provided the voice for Mister {PERSON[Ed]}. This was an uncredited role.
{PERSON[Red Ryder]}, 1956–1957 TV series. Lane portrayed {FAC[Red RyderGuest]} appearancesCheyenne, episode "{WORK_OF_ART[Massacre at Gunsight Pass]}", originally aired {DATE[May 1, 1961]}
Gunsmoke, episode "{WORK_OF_ART[Long Hours]}, Short Pay", originally aired {DATE[April 29, 1961]}
{ORG[Bonanza]}, episode "{WORK_OF_ART[The Blood Line]}", originally aired {DATE[December 31, 1960]}
Gunsmoke, episode "{WORK_OF_ART[The Badge]}", originally aired {DATE[November 12, 1960]}
Lawman, episode "{WORK_OF_ART[The Payment]}", originally aired {DATE[May 8, 1960]}
{CARDINAL[Bronco]}, episode "{WORK_OF_ART[Death of an Outlaw]}", originally aired {DATE[March 8, 1960
]}{PERSON[Colt .45]}, episode "{PERSON[Arizona Anderson]}", originally aired {DATE[February 14, 1960]}
Tales of {ORG[Wells Fargo]}, episode "{WORK_OF_ART[The Reward]}", originally aired {DATE[April 21, 1958]}
{PRODUCT[Wagon Train]}, episode "{WORK_OF_ART[The Daniel Barrister Story]}", originally aired {DATE[April 16, 1958]}
{ORG[Alfred Hitchcock Presents]}, episode "{WORK_OF_ART[Lamb to the Slaughter]}", originally aired {DATE[April 13, 1958]}
Gunsmoke, episode "{GPE[Texas]} Cowboys", originally aired {DATE[April 5, 1958]}
{PERSON[Mike Hammer]}, episode "{WORK_OF_ART[Husbands Are Bad Luck]}", originally aired 1957

{PERSON[Allan Lane]} at IMDb
{PERSON[Allan Lane]} at {ORG[AllMovie
]}Rocky Lane westerns
Recollections of {PERSON[Allan Lane
]}FanBase page - {ORG[Notre Dame Football]}
 </spacy_body>
</doc>