<?xml version="1.0" encoding="utf-8"?>
<doc>
 <title>
  Allan Cavan
 </title>
 <original_abstract>
  Allan Cavan (March 25, 1880 – January 19, 1941) was an American film actor. He appeared in 145 films between 1917 and 1941.
Cavan was the son of Mrs. Averila Cavan, and he had a brother, Carl. He began working on films with Sam Goldwyn Studios in 1916 and later worked for Warner Bros.Cavan died at Cedars of Lebanon Hospital on January 19, 1941, aged 60.
 </original_abstract>
 <spacy_abstract>
  {PERSON[Allan Cavan]} ({DATE[March 25, 1880]} – {DATE[January 19, 1941]}) was an {NORP[American]} film actor. He appeared in {CARDINAL[145]} films {DATE[between 1917 and 1941]}.
{PERSON[Cavan]} was the son of Mrs. {PERSON[Averila Cavan]}, and he had a brother, {PERSON[Carl]}. He began working on films with {ORG[Sam Goldwyn Studios]} in {DATE[1916]} and later worked for {ORG[Warner Bros.Cavan]} died at {FAC[Cedars of]} Lebanon Hospital on {DATE[January 19, 1941]}, aged {DATE[60]}.
 </spacy_abstract>
 <original_body>
  Allan Cavan at IMDb
 </original_body>
 <spacy_body>
  {PERSON[Allan Cavan]} at IMDb
 </spacy_body>
</doc>